Issue Key,Summary,Description
KAN-565,E1-01 Karte anlegen – Happy Path,"Abgedeckte Story: KAN-10 – E1-01 Karte anlegen
Testart: Happy Path
Priorität der Story: Highest

Ziel
Mit gültigen Pflichtdaten arbeiten

Vorbedingungen
- Die Anwendung ist erreichbar und die erforderlichen Testdaten sind vorbereitet.
- Der Test wird in einer isolierten Umgebung mit nachvollziehbaren Benutzerrollen ausgeführt.

Schritte
1. Mit berechtigtem Nutzer anmelden.
2. Gültige Story-Daten erfassen.
3. Vorgang speichern oder ausführen.
4. Ergebnis erneut laden.

Erwartetes Ergebnis
Der Vorgang wird einmalig erfolgreich verarbeitet; alle relevanten Daten sind konsistent sichtbar.

Responsive Viewports
- Desktop: 1440 x 900 CSS-Pixel.
- Full HD: 1920 x 1080 CSS-Pixel.
- WQHD: 2560 x 1440 CSS-Pixel.
- Ultrawide: 3440 x 1440 CSS-Pixel.
- 4K: 3840 x 2160 CSS-Pixel.
- Tablet: 768 x 1024 CSS-Pixel.
- Smartphone: 390 x 844 CSS-Pixel.
- Bei UI-Tests jeden definierten Viewport pruefen und je Viewport einen eigenen Screenshot am Testlauf hinterlegen.

Beleg und Nachbereitung
- Fuer jeden einzelnen Testschritt unmittelbar nach der Ausfuehrung einen Screenshot als Anhang am Testlauf hinterlegen.
- Der Screenshot muss die relevante Ausgangslage bzw. Eingabe und das sichtbare Ergebnis des jeweiligen Schrittes nachvollziehbar zeigen.
- Alle Schritte des Tests muessen einen eigenen Nachweis besitzen; bei Eingabeschritten sind Eingabe und anschliessende Reaktion zu dokumentieren.
- PASS nur vergeben, wenn alle Schritte erfolgreich abgeschlossen und fuer alle Schritte Screenshots hinterlegt sind.
- FAIL oder BLOCKED ebenfalls mit Screenshot(s), tatsaechlichem Ergebnis, Datum, Tester und Umgebung dokumentieren; bei FAIL einen Bug mit Reproduktionsschritten und Verweis auf diesen Test anlegen.
- Passwoerter, Tokens, Zahlungsdaten und sonstige Geheimnisse niemals im Klartext speichern; vor dem Anhang maskieren oder schwaerzen."
KAN-566,E1-01 Karte anlegen – Negative und Grenzwerte,"Abgedeckte Story: KAN-10 – E1-01 Karte anlegen
Testart: Negative und Grenzwerte
Priorität der Story: Highest

Ziel
Ungültige Eingaben und Grenzwerte prüfen

Vorbedingungen
- Die Anwendung ist erreichbar und die erforderlichen Testdaten sind vorbereitet.
- Der Test wird in einer isolierten Umgebung mit nachvollziehbaren Benutzerrollen ausgeführt.

Schritte
1. Pflichtfelder leer lassen.
2. Ungültige Formate und Grenzwerte verwenden.
3. Dubletten- oder Konfliktfall simulieren.
4. Aktion erneut ausführen.

Erwartetes Ergebnis
Jeder Fehler wird am richtigen Feld erklärt; es entsteht kein halbfertiger oder doppelter Datensatz.

Responsive Viewports
- Desktop: 1440 x 900 CSS-Pixel.
- Full HD: 1920 x 1080 CSS-Pixel.
- WQHD: 2560 x 1440 CSS-Pixel.
- Ultrawide: 3440 x 1440 CSS-Pixel.
- 4K: 3840 x 2160 CSS-Pixel.
- Tablet: 768 x 1024 CSS-Pixel.
- Smartphone: 390 x 844 CSS-Pixel.
- Bei UI-Tests jeden definierten Viewport pruefen und je Viewport einen eigenen Screenshot am Testlauf hinterlegen.

Beleg und Nachbereitung
- Fuer jeden einzelnen Testschritt unmittelbar nach der Ausfuehrung einen Screenshot als Anhang am Testlauf hinterlegen.
- Der Screenshot muss die relevante Ausgangslage bzw. Eingabe und das sichtbare Ergebnis des jeweiligen Schrittes nachvollziehbar zeigen.
- Alle Schritte des Tests muessen einen eigenen Nachweis besitzen; bei Eingabeschritten sind Eingabe und anschliessende Reaktion zu dokumentieren.
- PASS nur vergeben, wenn alle Schritte erfolgreich abgeschlossen und fuer alle Schritte Screenshots hinterlegt sind.
- FAIL oder BLOCKED ebenfalls mit Screenshot(s), tatsaechlichem Ergebnis, Datum, Tester und Umgebung dokumentieren; bei FAIL einen Bug mit Reproduktionsschritten und Verweis auf diesen Test anlegen.
- Passwoerter, Tokens, Zahlungsdaten und sonstige Geheimnisse niemals im Klartext speichern; vor dem Anhang maskieren oder schwaerzen."
KAN-567,E1-01 Karte anlegen – Berechtigung und Betrieb,"Abgedeckte Story: KAN-10 – E1-01 Karte anlegen
Testart: Berechtigung und Betrieb
Priorität der Story: Highest

Ziel
Rollen, Reload und Fehlerwiederaufnahme prüfen

Vorbedingungen
- Die Anwendung ist erreichbar und die erforderlichen Testdaten sind vorbereitet.
- Der Test wird in einer isolierten Umgebung mit nachvollziehbaren Benutzerrollen ausgeführt.

Schritte
1. Mit nicht berechtigter Rolle aufrufen.
2. Direkten Endpunkt beziehungsweise Deep Link verwenden.
3. Technischen Fehler simulieren und erneut laden.
4. Änderungsverlauf oder Log prüfen.

Erwartetes Ergebnis
Nicht berechtigte Zugriffe werden abgewiesen; nach einem Fehler bleibt der Zustand nachvollziehbar und wiederholbar.

Responsive Viewports
- Desktop: 1440 x 900 CSS-Pixel.
- Full HD: 1920 x 1080 CSS-Pixel.
- WQHD: 2560 x 1440 CSS-Pixel.
- Ultrawide: 3440 x 1440 CSS-Pixel.
- 4K: 3840 x 2160 CSS-Pixel.
- Tablet: 768 x 1024 CSS-Pixel.
- Smartphone: 390 x 844 CSS-Pixel.
- Bei UI-Tests jeden definierten Viewport pruefen und je Viewport einen eigenen Screenshot am Testlauf hinterlegen.

Beleg und Nachbereitung
- Fuer jeden einzelnen Testschritt unmittelbar nach der Ausfuehrung einen Screenshot als Anhang am Testlauf hinterlegen.
- Der Screenshot muss die relevante Ausgangslage bzw. Eingabe und das sichtbare Ergebnis des jeweiligen Schrittes nachvollziehbar zeigen.
- Alle Schritte des Tests muessen einen eigenen Nachweis besitzen; bei Eingabeschritten sind Eingabe und anschliessende Reaktion zu dokumentieren.
- PASS nur vergeben, wenn alle Schritte erfolgreich abgeschlossen und fuer alle Schritte Screenshots hinterlegt sind.
- FAIL oder BLOCKED ebenfalls mit Screenshot(s), tatsaechlichem Ergebnis, Datum, Tester und Umgebung dokumentieren; bei FAIL einen Bug mit Reproduktionsschritten und Verweis auf diesen Test anlegen.
- Passwoerter, Tokens, Zahlungsdaten und sonstige Geheimnisse niemals im Klartext speichern; vor dem Anhang maskieren oder schwaerzen."
KAN-568,E1-02 Kartendaten bearbeiten – Happy Path,"Abgedeckte Story: KAN-11 – E1-02 Kartendaten bearbeiten
Testart: Happy Path
Priorität der Story: Highest

Ziel
Mit gültigen Pflichtdaten arbeiten

Vorbedingungen
- Die Anwendung ist erreichbar und die erforderlichen Testdaten sind vorbereitet.
- Der Test wird in einer isolierten Umgebung mit nachvollziehbaren Benutzerrollen ausgeführt.

Schritte
1. Mit berechtigtem Nutzer anmelden.
2. Gültige Story-Daten erfassen.
3. Vorgang speichern oder ausführen.
4. Ergebnis erneut laden.

Erwartetes Ergebnis
Der Vorgang wird einmalig erfolgreich verarbeitet; alle relevanten Daten sind konsistent sichtbar.

Responsive Viewports
- Desktop: 1440 x 900 CSS-Pixel.
- Full HD: 1920 x 1080 CSS-Pixel.
- WQHD: 2560 x 1440 CSS-Pixel.
- Ultrawide: 3440 x 1440 CSS-Pixel.
- 4K: 3840 x 2160 CSS-Pixel.
- Tablet: 768 x 1024 CSS-Pixel.
- Smartphone: 390 x 844 CSS-Pixel.
- Bei UI-Tests jeden definierten Viewport pruefen und je Viewport einen eigenen Screenshot am Testlauf hinterlegen.

Beleg und Nachbereitung
- Fuer jeden einzelnen Testschritt unmittelbar nach der Ausfuehrung einen Screenshot als Anhang am Testlauf hinterlegen.
- Der Screenshot muss die relevante Ausgangslage bzw. Eingabe und das sichtbare Ergebnis des jeweiligen Schrittes nachvollziehbar zeigen.
- Alle Schritte des Tests muessen einen eigenen Nachweis besitzen; bei Eingabeschritten sind Eingabe und anschliessende Reaktion zu dokumentieren.
- PASS nur vergeben, wenn alle Schritte erfolgreich abgeschlossen und fuer alle Schritte Screenshots hinterlegt sind.
- FAIL oder BLOCKED ebenfalls mit Screenshot(s), tatsaechlichem Ergebnis, Datum, Tester und Umgebung dokumentieren; bei FAIL einen Bug mit Reproduktionsschritten und Verweis auf diesen Test anlegen.
- Passwoerter, Tokens, Zahlungsdaten und sonstige Geheimnisse niemals im Klartext speichern; vor dem Anhang maskieren oder schwaerzen."
KAN-569,E1-02 Kartendaten bearbeiten – Negative und Grenzwerte,"Abgedeckte Story: KAN-11 – E1-02 Kartendaten bearbeiten
Testart: Negative und Grenzwerte
Priorität der Story: Highest

Ziel
Ungültige Eingaben und Grenzwerte prüfen

Vorbedingungen
- Die Anwendung ist erreichbar und die erforderlichen Testdaten sind vorbereitet.
- Der Test wird in einer isolierten Umgebung mit nachvollziehbaren Benutzerrollen ausgeführt.

Schritte
1. Pflichtfelder leer lassen.
2. Ungültige Formate und Grenzwerte verwenden.
3. Dubletten- oder Konfliktfall simulieren.
4. Aktion erneut ausführen.

Erwartetes Ergebnis
Jeder Fehler wird am richtigen Feld erklärt; es entsteht kein halbfertiger oder doppelter Datensatz.

Responsive Viewports
- Desktop: 1440 x 900 CSS-Pixel.
- Full HD: 1920 x 1080 CSS-Pixel.
- WQHD: 2560 x 1440 CSS-Pixel.
- Ultrawide: 3440 x 1440 CSS-Pixel.
- 4K: 3840 x 2160 CSS-Pixel.
- Tablet: 768 x 1024 CSS-Pixel.
- Smartphone: 390 x 844 CSS-Pixel.
- Bei UI-Tests jeden definierten Viewport pruefen und je Viewport einen eigenen Screenshot am Testlauf hinterlegen.

Beleg und Nachbereitung
- Fuer jeden einzelnen Testschritt unmittelbar nach der Ausfuehrung einen Screenshot als Anhang am Testlauf hinterlegen.
- Der Screenshot muss die relevante Ausgangslage bzw. Eingabe und das sichtbare Ergebnis des jeweiligen Schrittes nachvollziehbar zeigen.
- Alle Schritte des Tests muessen einen eigenen Nachweis besitzen; bei Eingabeschritten sind Eingabe und anschliessende Reaktion zu dokumentieren.
- PASS nur vergeben, wenn alle Schritte erfolgreich abgeschlossen und fuer alle Schritte Screenshots hinterlegt sind.
- FAIL oder BLOCKED ebenfalls mit Screenshot(s), tatsaechlichem Ergebnis, Datum, Tester und Umgebung dokumentieren; bei FAIL einen Bug mit Reproduktionsschritten und Verweis auf diesen Test anlegen.
- Passwoerter, Tokens, Zahlungsdaten und sonstige Geheimnisse niemals im Klartext speichern; vor dem Anhang maskieren oder schwaerzen."
KAN-570,E1-02 Kartendaten bearbeiten – Berechtigung und Betrieb,"Abgedeckte Story: KAN-11 – E1-02 Kartendaten bearbeiten
Testart: Berechtigung und Betrieb
Priorität der Story: Highest

Ziel
Rollen, Reload und Fehlerwiederaufnahme prüfen

Vorbedingungen
- Die Anwendung ist erreichbar und die erforderlichen Testdaten sind vorbereitet.
- Der Test wird in einer isolierten Umgebung mit nachvollziehbaren Benutzerrollen ausgeführt.

Schritte
1. Mit nicht berechtigter Rolle aufrufen.
2. Direkten Endpunkt beziehungsweise Deep Link verwenden.
3. Technischen Fehler simulieren und erneut laden.
4. Änderungsverlauf oder Log prüfen.

Erwartetes Ergebnis
Nicht berechtigte Zugriffe werden abgewiesen; nach einem Fehler bleibt der Zustand nachvollziehbar und wiederholbar.

Responsive Viewports
- Desktop: 1440 x 900 CSS-Pixel.
- Full HD: 1920 x 1080 CSS-Pixel.
- WQHD: 2560 x 1440 CSS-Pixel.
- Ultrawide: 3440 x 1440 CSS-Pixel.
- 4K: 3840 x 2160 CSS-Pixel.
- Tablet: 768 x 1024 CSS-Pixel.
- Smartphone: 390 x 844 CSS-Pixel.
- Bei UI-Tests jeden definierten Viewport pruefen und je Viewport einen eigenen Screenshot am Testlauf hinterlegen.

Beleg und Nachbereitung
- Fuer jeden einzelnen Testschritt unmittelbar nach der Ausfuehrung einen Screenshot als Anhang am Testlauf hinterlegen.
- Der Screenshot muss die relevante Ausgangslage bzw. Eingabe und das sichtbare Ergebnis des jeweiligen Schrittes nachvollziehbar zeigen.
- Alle Schritte des Tests muessen einen eigenen Nachweis besitzen; bei Eingabeschritten sind Eingabe und anschliessende Reaktion zu dokumentieren.
- PASS nur vergeben, wenn alle Schritte erfolgreich abgeschlossen und fuer alle Schritte Screenshots hinterlegt sind.
- FAIL oder BLOCKED ebenfalls mit Screenshot(s), tatsaechlichem Ergebnis, Datum, Tester und Umgebung dokumentieren; bei FAIL einen Bug mit Reproduktionsschritten und Verweis auf diesen Test anlegen.
- Passwoerter, Tokens, Zahlungsdaten und sonstige Geheimnisse niemals im Klartext speichern; vor dem Anhang maskieren oder schwaerzen."
KAN-571,E1-03 Karten klassifizieren – Happy Path,"Abgedeckte Story: KAN-12 – E1-03 Karten klassifizieren
Testart: Happy Path
Priorität der Story: Highest

Ziel
Mit gültigen Pflichtdaten arbeiten

Vorbedingungen
- Die Anwendung ist erreichbar und die erforderlichen Testdaten sind vorbereitet.
- Der Test wird in einer isolierten Umgebung mit nachvollziehbaren Benutzerrollen ausgeführt.

Schritte
1. Mit berechtigtem Nutzer anmelden.
2. Gültige Story-Daten erfassen.
3. Vorgang speichern oder ausführen.
4. Ergebnis erneut laden.

Erwartetes Ergebnis
Der Vorgang wird einmalig erfolgreich verarbeitet; alle relevanten Daten sind konsistent sichtbar.

Responsive Viewports
- Desktop: 1440 x 900 CSS-Pixel.
- Full HD: 1920 x 1080 CSS-Pixel.
- WQHD: 2560 x 1440 CSS-Pixel.
- Ultrawide: 3440 x 1440 CSS-Pixel.
- 4K: 3840 x 2160 CSS-Pixel.
- Tablet: 768 x 1024 CSS-Pixel.
- Smartphone: 390 x 844 CSS-Pixel.
- Bei UI-Tests jeden definierten Viewport pruefen und je Viewport einen eigenen Screenshot am Testlauf hinterlegen.

Beleg und Nachbereitung
- Fuer jeden einzelnen Testschritt unmittelbar nach der Ausfuehrung einen Screenshot als Anhang am Testlauf hinterlegen.
- Der Screenshot muss die relevante Ausgangslage bzw. Eingabe und das sichtbare Ergebnis des jeweiligen Schrittes nachvollziehbar zeigen.
- Alle Schritte des Tests muessen einen eigenen Nachweis besitzen; bei Eingabeschritten sind Eingabe und anschliessende Reaktion zu dokumentieren.
- PASS nur vergeben, wenn alle Schritte erfolgreich abgeschlossen und fuer alle Schritte Screenshots hinterlegt sind.
- FAIL oder BLOCKED ebenfalls mit Screenshot(s), tatsaechlichem Ergebnis, Datum, Tester und Umgebung dokumentieren; bei FAIL einen Bug mit Reproduktionsschritten und Verweis auf diesen Test anlegen.
- Passwoerter, Tokens, Zahlungsdaten und sonstige Geheimnisse niemals im Klartext speichern; vor dem Anhang maskieren oder schwaerzen."
KAN-572,E1-03 Karten klassifizieren – Negative und Grenzwerte,"Abgedeckte Story: KAN-12 – E1-03 Karten klassifizieren
Testart: Negative und Grenzwerte
Priorität der Story: Highest

Ziel
Ungültige Eingaben und Grenzwerte prüfen

Vorbedingungen
- Die Anwendung ist erreichbar und die erforderlichen Testdaten sind vorbereitet.
- Der Test wird in einer isolierten Umgebung mit nachvollziehbaren Benutzerrollen ausgeführt.

Schritte
1. Pflichtfelder leer lassen.
2. Ungültige Formate und Grenzwerte verwenden.
3. Dubletten- oder Konfliktfall simulieren.
4. Aktion erneut ausführen.

Erwartetes Ergebnis
Jeder Fehler wird am richtigen Feld erklärt; es entsteht kein halbfertiger oder doppelter Datensatz.

Responsive Viewports
- Desktop: 1440 x 900 CSS-Pixel.
- Full HD: 1920 x 1080 CSS-Pixel.
- WQHD: 2560 x 1440 CSS-Pixel.
- Ultrawide: 3440 x 1440 CSS-Pixel.
- 4K: 3840 x 2160 CSS-Pixel.
- Tablet: 768 x 1024 CSS-Pixel.
- Smartphone: 390 x 844 CSS-Pixel.
- Bei UI-Tests jeden definierten Viewport pruefen und je Viewport einen eigenen Screenshot am Testlauf hinterlegen.

Beleg und Nachbereitung
- Fuer jeden einzelnen Testschritt unmittelbar nach der Ausfuehrung einen Screenshot als Anhang am Testlauf hinterlegen.
- Der Screenshot muss die relevante Ausgangslage bzw. Eingabe und das sichtbare Ergebnis des jeweiligen Schrittes nachvollziehbar zeigen.
- Alle Schritte des Tests muessen einen eigenen Nachweis besitzen; bei Eingabeschritten sind Eingabe und anschliessende Reaktion zu dokumentieren.
- PASS nur vergeben, wenn alle Schritte erfolgreich abgeschlossen und fuer alle Schritte Screenshots hinterlegt sind.
- FAIL oder BLOCKED ebenfalls mit Screenshot(s), tatsaechlichem Ergebnis, Datum, Tester und Umgebung dokumentieren; bei FAIL einen Bug mit Reproduktionsschritten und Verweis auf diesen Test anlegen.
- Passwoerter, Tokens, Zahlungsdaten und sonstige Geheimnisse niemals im Klartext speichern; vor dem Anhang maskieren oder schwaerzen."
KAN-573,E1-03 Karten klassifizieren – Berechtigung und Betrieb,"Abgedeckte Story: KAN-12 – E1-03 Karten klassifizieren
Testart: Berechtigung und Betrieb
Priorität der Story: Highest

Ziel
Rollen, Reload und Fehlerwiederaufnahme prüfen

Vorbedingungen
- Die Anwendung ist erreichbar und die erforderlichen Testdaten sind vorbereitet.
- Der Test wird in einer isolierten Umgebung mit nachvollziehbaren Benutzerrollen ausgeführt.

Schritte
1. Mit nicht berechtigter Rolle aufrufen.
2. Direkten Endpunkt beziehungsweise Deep Link verwenden.
3. Technischen Fehler simulieren und erneut laden.
4. Änderungsverlauf oder Log prüfen.

Erwartetes Ergebnis
Nicht berechtigte Zugriffe werden abgewiesen; nach einem Fehler bleibt der Zustand nachvollziehbar und wiederholbar.

Responsive Viewports
- Desktop: 1440 x 900 CSS-Pixel.
- Full HD: 1920 x 1080 CSS-Pixel.
- WQHD: 2560 x 1440 CSS-Pixel.
- Ultrawide: 3440 x 1440 CSS-Pixel.
- 4K: 3840 x 2160 CSS-Pixel.
- Tablet: 768 x 1024 CSS-Pixel.
- Smartphone: 390 x 844 CSS-Pixel.
- Bei UI-Tests jeden definierten Viewport pruefen und je Viewport einen eigenen Screenshot am Testlauf hinterlegen.

Beleg und Nachbereitung
- Fuer jeden einzelnen Testschritt unmittelbar nach der Ausfuehrung einen Screenshot als Anhang am Testlauf hinterlegen.
- Der Screenshot muss die relevante Ausgangslage bzw. Eingabe und das sichtbare Ergebnis des jeweiligen Schrittes nachvollziehbar zeigen.
- Alle Schritte des Tests muessen einen eigenen Nachweis besitzen; bei Eingabeschritten sind Eingabe und anschliessende Reaktion zu dokumentieren.
- PASS nur vergeben, wenn alle Schritte erfolgreich abgeschlossen und fuer alle Schritte Screenshots hinterlegt sind.
- FAIL oder BLOCKED ebenfalls mit Screenshot(s), tatsaechlichem Ergebnis, Datum, Tester und Umgebung dokumentieren; bei FAIL einen Bug mit Reproduktionsschritten und Verweis auf diesen Test anlegen.
- Passwoerter, Tokens, Zahlungsdaten und sonstige Geheimnisse niemals im Klartext speichern; vor dem Anhang maskieren oder schwaerzen."
KAN-574,E1-04 Serien und Sets verwalten – Happy Path,"Abgedeckte Story: KAN-13 – E1-04 Serien und Sets verwalten
Testart: Happy Path
Priorität der Story: Highest

Ziel
Mit gültigen Pflichtdaten arbeiten

Vorbedingungen
- Die Anwendung ist erreichbar und die erforderlichen Testdaten sind vorbereitet.
- Der Test wird in einer isolierten Umgebung mit nachvollziehbaren Benutzerrollen ausgeführt.

Schritte
1. Mit berechtigtem Nutzer anmelden.
2. Gültige Story-Daten erfassen.
3. Vorgang speichern oder ausführen.
4. Ergebnis erneut laden.

Erwartetes Ergebnis
Der Vorgang wird einmalig erfolgreich verarbeitet; alle relevanten Daten sind konsistent sichtbar.

Responsive Viewports
- Desktop: 1440 x 900 CSS-Pixel.
- Full HD: 1920 x 1080 CSS-Pixel.
- WQHD: 2560 x 1440 CSS-Pixel.
- Ultrawide: 3440 x 1440 CSS-Pixel.
- 4K: 3840 x 2160 CSS-Pixel.
- Tablet: 768 x 1024 CSS-Pixel.
- Smartphone: 390 x 844 CSS-Pixel.
- Bei UI-Tests jeden definierten Viewport pruefen und je Viewport einen eigenen Screenshot am Testlauf hinterlegen.

Beleg und Nachbereitung
- Fuer jeden einzelnen Testschritt unmittelbar nach der Ausfuehrung einen Screenshot als Anhang am Testlauf hinterlegen.
- Der Screenshot muss die relevante Ausgangslage bzw. Eingabe und das sichtbare Ergebnis des jeweiligen Schrittes nachvollziehbar zeigen.
- Alle Schritte des Tests muessen einen eigenen Nachweis besitzen; bei Eingabeschritten sind Eingabe und anschliessende Reaktion zu dokumentieren.
- PASS nur vergeben, wenn alle Schritte erfolgreich abgeschlossen und fuer alle Schritte Screenshots hinterlegt sind.
- FAIL oder BLOCKED ebenfalls mit Screenshot(s), tatsaechlichem Ergebnis, Datum, Tester und Umgebung dokumentieren; bei FAIL einen Bug mit Reproduktionsschritten und Verweis auf diesen Test anlegen.
- Passwoerter, Tokens, Zahlungsdaten und sonstige Geheimnisse niemals im Klartext speichern; vor dem Anhang maskieren oder schwaerzen."
KAN-575,E1-04 Serien und Sets verwalten – Negative und Grenzwerte,"Abgedeckte Story: KAN-13 – E1-04 Serien und Sets verwalten
Testart: Negative und Grenzwerte
Priorität der Story: Highest

Ziel
Ungültige Eingaben und Grenzwerte prüfen

Vorbedingungen
- Die Anwendung ist erreichbar und die erforderlichen Testdaten sind vorbereitet.
- Der Test wird in einer isolierten Umgebung mit nachvollziehbaren Benutzerrollen ausgeführt.

Schritte
1. Pflichtfelder leer lassen.
2. Ungültige Formate und Grenzwerte verwenden.
3. Dubletten- oder Konfliktfall simulieren.
4. Aktion erneut ausführen.

Erwartetes Ergebnis
Jeder Fehler wird am richtigen Feld erklärt; es entsteht kein halbfertiger oder doppelter Datensatz.

Responsive Viewports
- Desktop: 1440 x 900 CSS-Pixel.
- Full HD: 1920 x 1080 CSS-Pixel.
- WQHD: 2560 x 1440 CSS-Pixel.
- Ultrawide: 3440 x 1440 CSS-Pixel.
- 4K: 3840 x 2160 CSS-Pixel.
- Tablet: 768 x 1024 CSS-Pixel.
- Smartphone: 390 x 844 CSS-Pixel.
- Bei UI-Tests jeden definierten Viewport pruefen und je Viewport einen eigenen Screenshot am Testlauf hinterlegen.

Beleg und Nachbereitung
- Fuer jeden einzelnen Testschritt unmittelbar nach der Ausfuehrung einen Screenshot als Anhang am Testlauf hinterlegen.
- Der Screenshot muss die relevante Ausgangslage bzw. Eingabe und das sichtbare Ergebnis des jeweiligen Schrittes nachvollziehbar zeigen.
- Alle Schritte des Tests muessen einen eigenen Nachweis besitzen; bei Eingabeschritten sind Eingabe und anschliessende Reaktion zu dokumentieren.
- PASS nur vergeben, wenn alle Schritte erfolgreich abgeschlossen und fuer alle Schritte Screenshots hinterlegt sind.
- FAIL oder BLOCKED ebenfalls mit Screenshot(s), tatsaechlichem Ergebnis, Datum, Tester und Umgebung dokumentieren; bei FAIL einen Bug mit Reproduktionsschritten und Verweis auf diesen Test anlegen.
- Passwoerter, Tokens, Zahlungsdaten und sonstige Geheimnisse niemals im Klartext speichern; vor dem Anhang maskieren oder schwaerzen."
KAN-576,E1-04 Serien und Sets verwalten – Berechtigung und Betrieb,"Abgedeckte Story: KAN-13 – E1-04 Serien und Sets verwalten
Testart: Berechtigung und Betrieb
Priorität der Story: Highest

Ziel
Rollen, Reload und Fehlerwiederaufnahme prüfen

Vorbedingungen
- Die Anwendung ist erreichbar und die erforderlichen Testdaten sind vorbereitet.
- Der Test wird in einer isolierten Umgebung mit nachvollziehbaren Benutzerrollen ausgeführt.

Schritte
1. Mit nicht berechtigter Rolle aufrufen.
2. Direkten Endpunkt beziehungsweise Deep Link verwenden.
3. Technischen Fehler simulieren und erneut laden.
4. Änderungsverlauf oder Log prüfen.

Erwartetes Ergebnis
Nicht berechtigte Zugriffe werden abgewiesen; nach einem Fehler bleibt der Zustand nachvollziehbar und wiederholbar.

Responsive Viewports
- Desktop: 1440 x 900 CSS-Pixel.
- Full HD: 1920 x 1080 CSS-Pixel.
- WQHD: 2560 x 1440 CSS-Pixel.
- Ultrawide: 3440 x 1440 CSS-Pixel.
- 4K: 3840 x 2160 CSS-Pixel.
- Tablet: 768 x 1024 CSS-Pixel.
- Smartphone: 390 x 844 CSS-Pixel.
- Bei UI-Tests jeden definierten Viewport pruefen und je Viewport einen eigenen Screenshot am Testlauf hinterlegen.

Beleg und Nachbereitung
- Fuer jeden einzelnen Testschritt unmittelbar nach der Ausfuehrung einen Screenshot als Anhang am Testlauf hinterlegen.
- Der Screenshot muss die relevante Ausgangslage bzw. Eingabe und das sichtbare Ergebnis des jeweiligen Schrittes nachvollziehbar zeigen.
- Alle Schritte des Tests muessen einen eigenen Nachweis besitzen; bei Eingabeschritten sind Eingabe und anschliessende Reaktion zu dokumentieren.
- PASS nur vergeben, wenn alle Schritte erfolgreich abgeschlossen und fuer alle Schritte Screenshots hinterlegt sind.
- FAIL oder BLOCKED ebenfalls mit Screenshot(s), tatsaechlichem Ergebnis, Datum, Tester und Umgebung dokumentieren; bei FAIL einen Bug mit Reproduktionsschritten und Verweis auf diesen Test anlegen.
- Passwoerter, Tokens, Zahlungsdaten und sonstige Geheimnisse niemals im Klartext speichern; vor dem Anhang maskieren oder schwaerzen."
KAN-577,E1-05 Zustand und Grading erfassen – Happy Path,"Abgedeckte Story: KAN-14 – E1-05 Zustand und Grading erfassen
Testart: Happy Path
Priorität der Story: Highest

Ziel
Mit gültigen Pflichtdaten arbeiten

Vorbedingungen
- Die Anwendung ist erreichbar und die erforderlichen Testdaten sind vorbereitet.
- Der Test wird in einer isolierten Umgebung mit nachvollziehbaren Benutzerrollen ausgeführt.

Schritte
1. Mit berechtigtem Nutzer anmelden.
2. Gültige Story-Daten erfassen.
3. Vorgang speichern oder ausführen.
4. Ergebnis erneut laden.

Erwartetes Ergebnis
Der Vorgang wird einmalig erfolgreich verarbeitet; alle relevanten Daten sind konsistent sichtbar.

Responsive Viewports
- Desktop: 1440 x 900 CSS-Pixel.
- Full HD: 1920 x 1080 CSS-Pixel.
- WQHD: 2560 x 1440 CSS-Pixel.
- Ultrawide: 3440 x 1440 CSS-Pixel.
- 4K: 3840 x 2160 CSS-Pixel.
- Tablet: 768 x 1024 CSS-Pixel.
- Smartphone: 390 x 844 CSS-Pixel.
- Bei UI-Tests jeden definierten Viewport pruefen und je Viewport einen eigenen Screenshot am Testlauf hinterlegen.

Beleg und Nachbereitung
- Fuer jeden einzelnen Testschritt unmittelbar nach der Ausfuehrung einen Screenshot als Anhang am Testlauf hinterlegen.
- Der Screenshot muss die relevante Ausgangslage bzw. Eingabe und das sichtbare Ergebnis des jeweiligen Schrittes nachvollziehbar zeigen.
- Alle Schritte des Tests muessen einen eigenen Nachweis besitzen; bei Eingabeschritten sind Eingabe und anschliessende Reaktion zu dokumentieren.
- PASS nur vergeben, wenn alle Schritte erfolgreich abgeschlossen und fuer alle Schritte Screenshots hinterlegt sind.
- FAIL oder BLOCKED ebenfalls mit Screenshot(s), tatsaechlichem Ergebnis, Datum, Tester und Umgebung dokumentieren; bei FAIL einen Bug mit Reproduktionsschritten und Verweis auf diesen Test anlegen.
- Passwoerter, Tokens, Zahlungsdaten und sonstige Geheimnisse niemals im Klartext speichern; vor dem Anhang maskieren oder schwaerzen."
KAN-578,E1-05 Zustand und Grading erfassen – Negative und Grenzwerte,"Abgedeckte Story: KAN-14 – E1-05 Zustand und Grading erfassen
Testart: Negative und Grenzwerte
Priorität der Story: Highest

Ziel
Ungültige Eingaben und Grenzwerte prüfen

Vorbedingungen
- Die Anwendung ist erreichbar und die erforderlichen Testdaten sind vorbereitet.
- Der Test wird in einer isolierten Umgebung mit nachvollziehbaren Benutzerrollen ausgeführt.

Schritte
1. Pflichtfelder leer lassen.
2. Ungültige Formate und Grenzwerte verwenden.
3. Dubletten- oder Konfliktfall simulieren.
4. Aktion erneut ausführen.

Erwartetes Ergebnis
Jeder Fehler wird am richtigen Feld erklärt; es entsteht kein halbfertiger oder doppelter Datensatz.

Responsive Viewports
- Desktop: 1440 x 900 CSS-Pixel.
- Full HD: 1920 x 1080 CSS-Pixel.
- WQHD: 2560 x 1440 CSS-Pixel.
- Ultrawide: 3440 x 1440 CSS-Pixel.
- 4K: 3840 x 2160 CSS-Pixel.
- Tablet: 768 x 1024 CSS-Pixel.
- Smartphone: 390 x 844 CSS-Pixel.
- Bei UI-Tests jeden definierten Viewport pruefen und je Viewport einen eigenen Screenshot am Testlauf hinterlegen.

Beleg und Nachbereitung
- Fuer jeden einzelnen Testschritt unmittelbar nach der Ausfuehrung einen Screenshot als Anhang am Testlauf hinterlegen.
- Der Screenshot muss die relevante Ausgangslage bzw. Eingabe und das sichtbare Ergebnis des jeweiligen Schrittes nachvollziehbar zeigen.
- Alle Schritte des Tests muessen einen eigenen Nachweis besitzen; bei Eingabeschritten sind Eingabe und anschliessende Reaktion zu dokumentieren.
- PASS nur vergeben, wenn alle Schritte erfolgreich abgeschlossen und fuer alle Schritte Screenshots hinterlegt sind.
- FAIL oder BLOCKED ebenfalls mit Screenshot(s), tatsaechlichem Ergebnis, Datum, Tester und Umgebung dokumentieren; bei FAIL einen Bug mit Reproduktionsschritten und Verweis auf diesen Test anlegen.
- Passwoerter, Tokens, Zahlungsdaten und sonstige Geheimnisse niemals im Klartext speichern; vor dem Anhang maskieren oder schwaerzen."
KAN-579,E1-05 Zustand und Grading erfassen – Berechtigung und Betrieb,"Abgedeckte Story: KAN-14 – E1-05 Zustand und Grading erfassen
Testart: Berechtigung und Betrieb
Priorität der Story: Highest

Ziel
Rollen, Reload und Fehlerwiederaufnahme prüfen

Vorbedingungen
- Die Anwendung ist erreichbar und die erforderlichen Testdaten sind vorbereitet.
- Der Test wird in einer isolierten Umgebung mit nachvollziehbaren Benutzerrollen ausgeführt.

Schritte
1. Mit nicht berechtigter Rolle aufrufen.
2. Direkten Endpunkt beziehungsweise Deep Link verwenden.
3. Technischen Fehler simulieren und erneut laden.
4. Änderungsverlauf oder Log prüfen.

Erwartetes Ergebnis
Nicht berechtigte Zugriffe werden abgewiesen; nach einem Fehler bleibt der Zustand nachvollziehbar und wiederholbar.

Responsive Viewports
- Desktop: 1440 x 900 CSS-Pixel.
- Full HD: 1920 x 1080 CSS-Pixel.
- WQHD: 2560 x 1440 CSS-Pixel.
- Ultrawide: 3440 x 1440 CSS-Pixel.
- 4K: 3840 x 2160 CSS-Pixel.
- Tablet: 768 x 1024 CSS-Pixel.
- Smartphone: 390 x 844 CSS-Pixel.
- Bei UI-Tests jeden definierten Viewport pruefen und je Viewport einen eigenen Screenshot am Testlauf hinterlegen.

Beleg und Nachbereitung
- Fuer jeden einzelnen Testschritt unmittelbar nach der Ausfuehrung einen Screenshot als Anhang am Testlauf hinterlegen.
- Der Screenshot muss die relevante Ausgangslage bzw. Eingabe und das sichtbare Ergebnis des jeweiligen Schrittes nachvollziehbar zeigen.
- Alle Schritte des Tests muessen einen eigenen Nachweis besitzen; bei Eingabeschritten sind Eingabe und anschliessende Reaktion zu dokumentieren.
- PASS nur vergeben, wenn alle Schritte erfolgreich abgeschlossen und fuer alle Schritte Screenshots hinterlegt sind.
- FAIL oder BLOCKED ebenfalls mit Screenshot(s), tatsaechlichem Ergebnis, Datum, Tester und Umgebung dokumentieren; bei FAIL einen Bug mit Reproduktionsschritten und Verweis auf diesen Test anlegen.
- Passwoerter, Tokens, Zahlungsdaten und sonstige Geheimnisse niemals im Klartext speichern; vor dem Anhang maskieren oder schwaerzen."
KAN-580,E1-06 Kartenbilder verwalten – Happy Path,"Abgedeckte Story: KAN-15 – E1-06 Kartenbilder verwalten
Testart: Happy Path
Priorität der Story: Highest

Ziel
Mit gültigen Pflichtdaten arbeiten

Vorbedingungen
- Die Anwendung ist erreichbar und die erforderlichen Testdaten sind vorbereitet.
- Der Test wird in einer isolierten Umgebung mit nachvollziehbaren Benutzerrollen ausgeführt.

Schritte
1. Mit berechtigtem Nutzer anmelden.
2. Gültige Story-Daten erfassen.
3. Vorgang speichern oder ausführen.
4. Ergebnis erneut laden.

Erwartetes Ergebnis
Der Vorgang wird einmalig erfolgreich verarbeitet; alle relevanten Daten sind konsistent sichtbar.

Responsive Viewports
- Desktop: 1440 x 900 CSS-Pixel.
- Full HD: 1920 x 1080 CSS-Pixel.
- WQHD: 2560 x 1440 CSS-Pixel.
- Ultrawide: 3440 x 1440 CSS-Pixel.
- 4K: 3840 x 2160 CSS-Pixel.
- Tablet: 768 x 1024 CSS-Pixel.
- Smartphone: 390 x 844 CSS-Pixel.
- Bei UI-Tests jeden definierten Viewport pruefen und je Viewport einen eigenen Screenshot am Testlauf hinterlegen.

Beleg und Nachbereitung
- Fuer jeden einzelnen Testschritt unmittelbar nach der Ausfuehrung einen Screenshot als Anhang am Testlauf hinterlegen.
- Der Screenshot muss die relevante Ausgangslage bzw. Eingabe und das sichtbare Ergebnis des jeweiligen Schrittes nachvollziehbar zeigen.
- Alle Schritte des Tests muessen einen eigenen Nachweis besitzen; bei Eingabeschritten sind Eingabe und anschliessende Reaktion zu dokumentieren.
- PASS nur vergeben, wenn alle Schritte erfolgreich abgeschlossen und fuer alle Schritte Screenshots hinterlegt sind.
- FAIL oder BLOCKED ebenfalls mit Screenshot(s), tatsaechlichem Ergebnis, Datum, Tester und Umgebung dokumentieren; bei FAIL einen Bug mit Reproduktionsschritten und Verweis auf diesen Test anlegen.
- Passwoerter, Tokens, Zahlungsdaten und sonstige Geheimnisse niemals im Klartext speichern; vor dem Anhang maskieren oder schwaerzen."
KAN-581,E1-06 Kartenbilder verwalten – Negative und Grenzwerte,"Abgedeckte Story: KAN-15 – E1-06 Kartenbilder verwalten
Testart: Negative und Grenzwerte
Priorität der Story: Highest

Ziel
Ungültige Eingaben und Grenzwerte prüfen

Vorbedingungen
- Die Anwendung ist erreichbar und die erforderlichen Testdaten sind vorbereitet.
- Der Test wird in einer isolierten Umgebung mit nachvollziehbaren Benutzerrollen ausgeführt.

Schritte
1. Pflichtfelder leer lassen.
2. Ungültige Formate und Grenzwerte verwenden.
3. Dubletten- oder Konfliktfall simulieren.
4. Aktion erneut ausführen.

Erwartetes Ergebnis
Jeder Fehler wird am richtigen Feld erklärt; es entsteht kein halbfertiger oder doppelter Datensatz.

Responsive Viewports
- Desktop: 1440 x 900 CSS-Pixel.
- Full HD: 1920 x 1080 CSS-Pixel.
- WQHD: 2560 x 1440 CSS-Pixel.
- Ultrawide: 3440 x 1440 CSS-Pixel.
- 4K: 3840 x 2160 CSS-Pixel.
- Tablet: 768 x 1024 CSS-Pixel.
- Smartphone: 390 x 844 CSS-Pixel.
- Bei UI-Tests jeden definierten Viewport pruefen und je Viewport einen eigenen Screenshot am Testlauf hinterlegen.

Beleg und Nachbereitung
- Fuer jeden einzelnen Testschritt unmittelbar nach der Ausfuehrung einen Screenshot als Anhang am Testlauf hinterlegen.
- Der Screenshot muss die relevante Ausgangslage bzw. Eingabe und das sichtbare Ergebnis des jeweiligen Schrittes nachvollziehbar zeigen.
- Alle Schritte des Tests muessen einen eigenen Nachweis besitzen; bei Eingabeschritten sind Eingabe und anschliessende Reaktion zu dokumentieren.
- PASS nur vergeben, wenn alle Schritte erfolgreich abgeschlossen und fuer alle Schritte Screenshots hinterlegt sind.
- FAIL oder BLOCKED ebenfalls mit Screenshot(s), tatsaechlichem Ergebnis, Datum, Tester und Umgebung dokumentieren; bei FAIL einen Bug mit Reproduktionsschritten und Verweis auf diesen Test anlegen.
- Passwoerter, Tokens, Zahlungsdaten und sonstige Geheimnisse niemals im Klartext speichern; vor dem Anhang maskieren oder schwaerzen."
KAN-582,E1-06 Kartenbilder verwalten – Berechtigung und Betrieb,"Abgedeckte Story: KAN-15 – E1-06 Kartenbilder verwalten
Testart: Berechtigung und Betrieb
Priorität der Story: Highest

Ziel
Rollen, Reload und Fehlerwiederaufnahme prüfen

Vorbedingungen
- Die Anwendung ist erreichbar und die erforderlichen Testdaten sind vorbereitet.
- Der Test wird in einer isolierten Umgebung mit nachvollziehbaren Benutzerrollen ausgeführt.

Schritte
1. Mit nicht berechtigter Rolle aufrufen.
2. Direkten Endpunkt beziehungsweise Deep Link verwenden.
3. Technischen Fehler simulieren und erneut laden.
4. Änderungsverlauf oder Log prüfen.

Erwartetes Ergebnis
Nicht berechtigte Zugriffe werden abgewiesen; nach einem Fehler bleibt der Zustand nachvollziehbar und wiederholbar.

Responsive Viewports
- Desktop: 1440 x 900 CSS-Pixel.
- Full HD: 1920 x 1080 CSS-Pixel.
- WQHD: 2560 x 1440 CSS-Pixel.
- Ultrawide: 3440 x 1440 CSS-Pixel.
- 4K: 3840 x 2160 CSS-Pixel.
- Tablet: 768 x 1024 CSS-Pixel.
- Smartphone: 390 x 844 CSS-Pixel.
- Bei UI-Tests jeden definierten Viewport pruefen und je Viewport einen eigenen Screenshot am Testlauf hinterlegen.

Beleg und Nachbereitung
- Fuer jeden einzelnen Testschritt unmittelbar nach der Ausfuehrung einen Screenshot als Anhang am Testlauf hinterlegen.
- Der Screenshot muss die relevante Ausgangslage bzw. Eingabe und das sichtbare Ergebnis des jeweiligen Schrittes nachvollziehbar zeigen.
- Alle Schritte des Tests muessen einen eigenen Nachweis besitzen; bei Eingabeschritten sind Eingabe und anschliessende Reaktion zu dokumentieren.
- PASS nur vergeben, wenn alle Schritte erfolgreich abgeschlossen und fuer alle Schritte Screenshots hinterlegt sind.
- FAIL oder BLOCKED ebenfalls mit Screenshot(s), tatsaechlichem Ergebnis, Datum, Tester und Umgebung dokumentieren; bei FAIL einen Bug mit Reproduktionsschritten und Verweis auf diesen Test anlegen.
- Passwoerter, Tokens, Zahlungsdaten und sonstige Geheimnisse niemals im Klartext speichern; vor dem Anhang maskieren oder schwaerzen."
KAN-583,E1-07 Kartenpreise verwalten – Happy Path,"Abgedeckte Story: KAN-16 – E1-07 Kartenpreise verwalten
Testart: Happy Path
Priorität der Story: Highest

Ziel
Mit gültigen Pflichtdaten arbeiten

Vorbedingungen
- Die Anwendung ist erreichbar und die erforderlichen Testdaten sind vorbereitet.
- Der Test wird in einer isolierten Umgebung mit nachvollziehbaren Benutzerrollen ausgeführt.

Schritte
1. Mit berechtigtem Nutzer anmelden.
2. Gültige Story-Daten erfassen.
3. Vorgang speichern oder ausführen.
4. Ergebnis erneut laden.

Erwartetes Ergebnis
Der Vorgang wird einmalig erfolgreich verarbeitet; alle relevanten Daten sind konsistent sichtbar.

Responsive Viewports
- Desktop: 1440 x 900 CSS-Pixel.
- Full HD: 1920 x 1080 CSS-Pixel.
- WQHD: 2560 x 1440 CSS-Pixel.
- Ultrawide: 3440 x 1440 CSS-Pixel.
- 4K: 3840 x 2160 CSS-Pixel.
- Tablet: 768 x 1024 CSS-Pixel.
- Smartphone: 390 x 844 CSS-Pixel.
- Bei UI-Tests jeden definierten Viewport pruefen und je Viewport einen eigenen Screenshot am Testlauf hinterlegen.

Beleg und Nachbereitung
- Fuer jeden einzelnen Testschritt unmittelbar nach der Ausfuehrung einen Screenshot als Anhang am Testlauf hinterlegen.
- Der Screenshot muss die relevante Ausgangslage bzw. Eingabe und das sichtbare Ergebnis des jeweiligen Schrittes nachvollziehbar zeigen.
- Alle Schritte des Tests muessen einen eigenen Nachweis besitzen; bei Eingabeschritten sind Eingabe und anschliessende Reaktion zu dokumentieren.
- PASS nur vergeben, wenn alle Schritte erfolgreich abgeschlossen und fuer alle Schritte Screenshots hinterlegt sind.
- FAIL oder BLOCKED ebenfalls mit Screenshot(s), tatsaechlichem Ergebnis, Datum, Tester und Umgebung dokumentieren; bei FAIL einen Bug mit Reproduktionsschritten und Verweis auf diesen Test anlegen.
- Passwoerter, Tokens, Zahlungsdaten und sonstige Geheimnisse niemals im Klartext speichern; vor dem Anhang maskieren oder schwaerzen."
KAN-584,E1-07 Kartenpreise verwalten – Negative und Grenzwerte,"Abgedeckte Story: KAN-16 – E1-07 Kartenpreise verwalten
Testart: Negative und Grenzwerte
Priorität der Story: Highest

Ziel
Ungültige Eingaben und Grenzwerte prüfen

Vorbedingungen
- Die Anwendung ist erreichbar und die erforderlichen Testdaten sind vorbereitet.
- Der Test wird in einer isolierten Umgebung mit nachvollziehbaren Benutzerrollen ausgeführt.

Schritte
1. Pflichtfelder leer lassen.
2. Ungültige Formate und Grenzwerte verwenden.
3. Dubletten- oder Konfliktfall simulieren.
4. Aktion erneut ausführen.

Erwartetes Ergebnis
Jeder Fehler wird am richtigen Feld erklärt; es entsteht kein halbfertiger oder doppelter Datensatz.

Responsive Viewports
- Desktop: 1440 x 900 CSS-Pixel.
- Full HD: 1920 x 1080 CSS-Pixel.
- WQHD: 2560 x 1440 CSS-Pixel.
- Ultrawide: 3440 x 1440 CSS-Pixel.
- 4K: 3840 x 2160 CSS-Pixel.
- Tablet: 768 x 1024 CSS-Pixel.
- Smartphone: 390 x 844 CSS-Pixel.
- Bei UI-Tests jeden definierten Viewport pruefen und je Viewport einen eigenen Screenshot am Testlauf hinterlegen.

Beleg und Nachbereitung
- Fuer jeden einzelnen Testschritt unmittelbar nach der Ausfuehrung einen Screenshot als Anhang am Testlauf hinterlegen.
- Der Screenshot muss die relevante Ausgangslage bzw. Eingabe und das sichtbare Ergebnis des jeweiligen Schrittes nachvollziehbar zeigen.
- Alle Schritte des Tests muessen einen eigenen Nachweis besitzen; bei Eingabeschritten sind Eingabe und anschliessende Reaktion zu dokumentieren.
- PASS nur vergeben, wenn alle Schritte erfolgreich abgeschlossen und fuer alle Schritte Screenshots hinterlegt sind.
- FAIL oder BLOCKED ebenfalls mit Screenshot(s), tatsaechlichem Ergebnis, Datum, Tester und Umgebung dokumentieren; bei FAIL einen Bug mit Reproduktionsschritten und Verweis auf diesen Test anlegen.
- Passwoerter, Tokens, Zahlungsdaten und sonstige Geheimnisse niemals im Klartext speichern; vor dem Anhang maskieren oder schwaerzen."
KAN-585,E1-07 Kartenpreise verwalten – Berechtigung und Betrieb,"Abgedeckte Story: KAN-16 – E1-07 Kartenpreise verwalten
Testart: Berechtigung und Betrieb
Priorität der Story: Highest

Ziel
Rollen, Reload und Fehlerwiederaufnahme prüfen

Vorbedingungen
- Die Anwendung ist erreichbar und die erforderlichen Testdaten sind vorbereitet.
- Der Test wird in einer isolierten Umgebung mit nachvollziehbaren Benutzerrollen ausgeführt.

Schritte
1. Mit nicht berechtigter Rolle aufrufen.
2. Direkten Endpunkt beziehungsweise Deep Link verwenden.
3. Technischen Fehler simulieren und erneut laden.
4. Änderungsverlauf oder Log prüfen.

Erwartetes Ergebnis
Nicht berechtigte Zugriffe werden abgewiesen; nach einem Fehler bleibt der Zustand nachvollziehbar und wiederholbar.

Responsive Viewports
- Desktop: 1440 x 900 CSS-Pixel.
- Full HD: 1920 x 1080 CSS-Pixel.
- WQHD: 2560 x 1440 CSS-Pixel.
- Ultrawide: 3440 x 1440 CSS-Pixel.
- 4K: 3840 x 2160 CSS-Pixel.
- Tablet: 768 x 1024 CSS-Pixel.
- Smartphone: 390 x 844 CSS-Pixel.
- Bei UI-Tests jeden definierten Viewport pruefen und je Viewport einen eigenen Screenshot am Testlauf hinterlegen.

Beleg und Nachbereitung
- Fuer jeden einzelnen Testschritt unmittelbar nach der Ausfuehrung einen Screenshot als Anhang am Testlauf hinterlegen.
- Der Screenshot muss die relevante Ausgangslage bzw. Eingabe und das sichtbare Ergebnis des jeweiligen Schrittes nachvollziehbar zeigen.
- Alle Schritte des Tests muessen einen eigenen Nachweis besitzen; bei Eingabeschritten sind Eingabe und anschliessende Reaktion zu dokumentieren.
- PASS nur vergeben, wenn alle Schritte erfolgreich abgeschlossen und fuer alle Schritte Screenshots hinterlegt sind.
- FAIL oder BLOCKED ebenfalls mit Screenshot(s), tatsaechlichem Ergebnis, Datum, Tester und Umgebung dokumentieren; bei FAIL einen Bug mit Reproduktionsschritten und Verweis auf diesen Test anlegen.
- Passwoerter, Tokens, Zahlungsdaten und sonstige Geheimnisse niemals im Klartext speichern; vor dem Anhang maskieren oder schwaerzen."
KAN-586,E1-08 Kartenbestand verwalten – Happy Path,"Abgedeckte Story: KAN-17 – E1-08 Kartenbestand verwalten
Testart: Happy Path
Priorität der Story: Highest

Ziel
Mit gültigen Pflichtdaten arbeiten

Vorbedingungen
- Die Anwendung ist erreichbar und die erforderlichen Testdaten sind vorbereitet.
- Der Test wird in einer isolierten Umgebung mit nachvollziehbaren Benutzerrollen ausgeführt.

Schritte
1. Mit berechtigtem Nutzer anmelden.
2. Gültige Story-Daten erfassen.
3. Vorgang speichern oder ausführen.
4. Ergebnis erneut laden.

Erwartetes Ergebnis
Der Vorgang wird einmalig erfolgreich verarbeitet; alle relevanten Daten sind konsistent sichtbar.

Responsive Viewports
- Desktop: 1440 x 900 CSS-Pixel.
- Full HD: 1920 x 1080 CSS-Pixel.
- WQHD: 2560 x 1440 CSS-Pixel.
- Ultrawide: 3440 x 1440 CSS-Pixel.
- 4K: 3840 x 2160 CSS-Pixel.
- Tablet: 768 x 1024 CSS-Pixel.
- Smartphone: 390 x 844 CSS-Pixel.
- Bei UI-Tests jeden definierten Viewport pruefen und je Viewport einen eigenen Screenshot am Testlauf hinterlegen.

Beleg und Nachbereitung
- Fuer jeden einzelnen Testschritt unmittelbar nach der Ausfuehrung einen Screenshot als Anhang am Testlauf hinterlegen.
- Der Screenshot muss die relevante Ausgangslage bzw. Eingabe und das sichtbare Ergebnis des jeweiligen Schrittes nachvollziehbar zeigen.
- Alle Schritte des Tests muessen einen eigenen Nachweis besitzen; bei Eingabeschritten sind Eingabe und anschliessende Reaktion zu dokumentieren.
- PASS nur vergeben, wenn alle Schritte erfolgreich abgeschlossen und fuer alle Schritte Screenshots hinterlegt sind.
- FAIL oder BLOCKED ebenfalls mit Screenshot(s), tatsaechlichem Ergebnis, Datum, Tester und Umgebung dokumentieren; bei FAIL einen Bug mit Reproduktionsschritten und Verweis auf diesen Test anlegen.
- Passwoerter, Tokens, Zahlungsdaten und sonstige Geheimnisse niemals im Klartext speichern; vor dem Anhang maskieren oder schwaerzen."
KAN-587,E1-08 Kartenbestand verwalten – Negative und Grenzwerte,"Abgedeckte Story: KAN-17 – E1-08 Kartenbestand verwalten
Testart: Negative und Grenzwerte
Priorität der Story: Highest

Ziel
Ungültige Eingaben und Grenzwerte prüfen

Vorbedingungen
- Die Anwendung ist erreichbar und die erforderlichen Testdaten sind vorbereitet.
- Der Test wird in einer isolierten Umgebung mit nachvollziehbaren Benutzerrollen ausgeführt.

Schritte
1. Pflichtfelder leer lassen.
2. Ungültige Formate und Grenzwerte verwenden.
3. Dubletten- oder Konfliktfall simulieren.
4. Aktion erneut ausführen.

Erwartetes Ergebnis
Jeder Fehler wird am richtigen Feld erklärt; es entsteht kein halbfertiger oder doppelter Datensatz.

Responsive Viewports
- Desktop: 1440 x 900 CSS-Pixel.
- Full HD: 1920 x 1080 CSS-Pixel.
- WQHD: 2560 x 1440 CSS-Pixel.
- Ultrawide: 3440 x 1440 CSS-Pixel.
- 4K: 3840 x 2160 CSS-Pixel.
- Tablet: 768 x 1024 CSS-Pixel.
- Smartphone: 390 x 844 CSS-Pixel.
- Bei UI-Tests jeden definierten Viewport pruefen und je Viewport einen eigenen Screenshot am Testlauf hinterlegen.

Beleg und Nachbereitung
- Fuer jeden einzelnen Testschritt unmittelbar nach der Ausfuehrung einen Screenshot als Anhang am Testlauf hinterlegen.
- Der Screenshot muss die relevante Ausgangslage bzw. Eingabe und das sichtbare Ergebnis des jeweiligen Schrittes nachvollziehbar zeigen.
- Alle Schritte des Tests muessen einen eigenen Nachweis besitzen; bei Eingabeschritten sind Eingabe und anschliessende Reaktion zu dokumentieren.
- PASS nur vergeben, wenn alle Schritte erfolgreich abgeschlossen und fuer alle Schritte Screenshots hinterlegt sind.
- FAIL oder BLOCKED ebenfalls mit Screenshot(s), tatsaechlichem Ergebnis, Datum, Tester und Umgebung dokumentieren; bei FAIL einen Bug mit Reproduktionsschritten und Verweis auf diesen Test anlegen.
- Passwoerter, Tokens, Zahlungsdaten und sonstige Geheimnisse niemals im Klartext speichern; vor dem Anhang maskieren oder schwaerzen."
KAN-588,E1-08 Kartenbestand verwalten – Berechtigung und Betrieb,"Abgedeckte Story: KAN-17 – E1-08 Kartenbestand verwalten
Testart: Berechtigung und Betrieb
Priorität der Story: Highest

Ziel
Rollen, Reload und Fehlerwiederaufnahme prüfen

Vorbedingungen
- Die Anwendung ist erreichbar und die erforderlichen Testdaten sind vorbereitet.
- Der Test wird in einer isolierten Umgebung mit nachvollziehbaren Benutzerrollen ausgeführt.

Schritte
1. Mit nicht berechtigter Rolle aufrufen.
2. Direkten Endpunkt beziehungsweise Deep Link verwenden.
3. Technischen Fehler simulieren und erneut laden.
4. Änderungsverlauf oder Log prüfen.

Erwartetes Ergebnis
Nicht berechtigte Zugriffe werden abgewiesen; nach einem Fehler bleibt der Zustand nachvollziehbar und wiederholbar.

Responsive Viewports
- Desktop: 1440 x 900 CSS-Pixel.
- Full HD: 1920 x 1080 CSS-Pixel.
- WQHD: 2560 x 1440 CSS-Pixel.
- Ultrawide: 3440 x 1440 CSS-Pixel.
- 4K: 3840 x 2160 CSS-Pixel.
- Tablet: 768 x 1024 CSS-Pixel.
- Smartphone: 390 x 844 CSS-Pixel.
- Bei UI-Tests jeden definierten Viewport pruefen und je Viewport einen eigenen Screenshot am Testlauf hinterlegen.

Beleg und Nachbereitung
- Fuer jeden einzelnen Testschritt unmittelbar nach der Ausfuehrung einen Screenshot als Anhang am Testlauf hinterlegen.
- Der Screenshot muss die relevante Ausgangslage bzw. Eingabe und das sichtbare Ergebnis des jeweiligen Schrittes nachvollziehbar zeigen.
- Alle Schritte des Tests muessen einen eigenen Nachweis besitzen; bei Eingabeschritten sind Eingabe und anschliessende Reaktion zu dokumentieren.
- PASS nur vergeben, wenn alle Schritte erfolgreich abgeschlossen und fuer alle Schritte Screenshots hinterlegt sind.
- FAIL oder BLOCKED ebenfalls mit Screenshot(s), tatsaechlichem Ergebnis, Datum, Tester und Umgebung dokumentieren; bei FAIL einen Bug mit Reproduktionsschritten und Verweis auf diesen Test anlegen.
- Passwoerter, Tokens, Zahlungsdaten und sonstige Geheimnisse niemals im Klartext speichern; vor dem Anhang maskieren oder schwaerzen."
KAN-589,E1-09 Bundles und Sammlungen verwalten – Happy Path,"Abgedeckte Story: KAN-18 – E1-09 Bundles und Sammlungen verwalten
Testart: Happy Path
Priorität der Story: High

Ziel
Mit gültigen Pflichtdaten arbeiten

Vorbedingungen
- Die Anwendung ist erreichbar und die erforderlichen Testdaten sind vorbereitet.
- Der Test wird in einer isolierten Umgebung mit nachvollziehbaren Benutzerrollen ausgeführt.

Schritte
1. Mit berechtigtem Nutzer anmelden.
2. Gültige Story-Daten erfassen.
3. Vorgang speichern oder ausführen.
4. Ergebnis erneut laden.

Erwartetes Ergebnis
Der Vorgang wird einmalig erfolgreich verarbeitet; alle relevanten Daten sind konsistent sichtbar.

Responsive Viewports
- Desktop: 1440 x 900 CSS-Pixel.
- Full HD: 1920 x 1080 CSS-Pixel.
- WQHD: 2560 x 1440 CSS-Pixel.
- Ultrawide: 3440 x 1440 CSS-Pixel.
- 4K: 3840 x 2160 CSS-Pixel.
- Tablet: 768 x 1024 CSS-Pixel.
- Smartphone: 390 x 844 CSS-Pixel.
- Bei UI-Tests jeden definierten Viewport pruefen und je Viewport einen eigenen Screenshot am Testlauf hinterlegen.

Beleg und Nachbereitung
- Fuer jeden einzelnen Testschritt unmittelbar nach der Ausfuehrung einen Screenshot als Anhang am Testlauf hinterlegen.
- Der Screenshot muss die relevante Ausgangslage bzw. Eingabe und das sichtbare Ergebnis des jeweiligen Schrittes nachvollziehbar zeigen.
- Alle Schritte des Tests muessen einen eigenen Nachweis besitzen; bei Eingabeschritten sind Eingabe und anschliessende Reaktion zu dokumentieren.
- PASS nur vergeben, wenn alle Schritte erfolgreich abgeschlossen und fuer alle Schritte Screenshots hinterlegt sind.
- FAIL oder BLOCKED ebenfalls mit Screenshot(s), tatsaechlichem Ergebnis, Datum, Tester und Umgebung dokumentieren; bei FAIL einen Bug mit Reproduktionsschritten und Verweis auf diesen Test anlegen.
- Passwoerter, Tokens, Zahlungsdaten und sonstige Geheimnisse niemals im Klartext speichern; vor dem Anhang maskieren oder schwaerzen."
KAN-590,E1-09 Bundles und Sammlungen verwalten – Negative und Grenzwerte,"Abgedeckte Story: KAN-18 – E1-09 Bundles und Sammlungen verwalten
Testart: Negative und Grenzwerte
Priorität der Story: High

Ziel
Ungültige Eingaben und Grenzwerte prüfen

Vorbedingungen
- Die Anwendung ist erreichbar und die erforderlichen Testdaten sind vorbereitet.
- Der Test wird in einer isolierten Umgebung mit nachvollziehbaren Benutzerrollen ausgeführt.

Schritte
1. Pflichtfelder leer lassen.
2. Ungültige Formate und Grenzwerte verwenden.
3. Dubletten- oder Konfliktfall simulieren.
4. Aktion erneut ausführen.

Erwartetes Ergebnis
Jeder Fehler wird am richtigen Feld erklärt; es entsteht kein halbfertiger oder doppelter Datensatz.

Responsive Viewports
- Desktop: 1440 x 900 CSS-Pixel.
- Full HD: 1920 x 1080 CSS-Pixel.
- WQHD: 2560 x 1440 CSS-Pixel.
- Ultrawide: 3440 x 1440 CSS-Pixel.
- 4K: 3840 x 2160 CSS-Pixel.
- Tablet: 768 x 1024 CSS-Pixel.
- Smartphone: 390 x 844 CSS-Pixel.
- Bei UI-Tests jeden definierten Viewport pruefen und je Viewport einen eigenen Screenshot am Testlauf hinterlegen.

Beleg und Nachbereitung
- Fuer jeden einzelnen Testschritt unmittelbar nach der Ausfuehrung einen Screenshot als Anhang am Testlauf hinterlegen.
- Der Screenshot muss die relevante Ausgangslage bzw. Eingabe und das sichtbare Ergebnis des jeweiligen Schrittes nachvollziehbar zeigen.
- Alle Schritte des Tests muessen einen eigenen Nachweis besitzen; bei Eingabeschritten sind Eingabe und anschliessende Reaktion zu dokumentieren.
- PASS nur vergeben, wenn alle Schritte erfolgreich abgeschlossen und fuer alle Schritte Screenshots hinterlegt sind.
- FAIL oder BLOCKED ebenfalls mit Screenshot(s), tatsaechlichem Ergebnis, Datum, Tester und Umgebung dokumentieren; bei FAIL einen Bug mit Reproduktionsschritten und Verweis auf diesen Test anlegen.
- Passwoerter, Tokens, Zahlungsdaten und sonstige Geheimnisse niemals im Klartext speichern; vor dem Anhang maskieren oder schwaerzen."
KAN-591,E1-09 Bundles und Sammlungen verwalten – Berechtigung und Betrieb,"Abgedeckte Story: KAN-18 – E1-09 Bundles und Sammlungen verwalten
Testart: Berechtigung und Betrieb
Priorität der Story: High

Ziel
Rollen, Reload und Fehlerwiederaufnahme prüfen

Vorbedingungen
- Die Anwendung ist erreichbar und die erforderlichen Testdaten sind vorbereitet.
- Der Test wird in einer isolierten Umgebung mit nachvollziehbaren Benutzerrollen ausgeführt.

Schritte
1. Mit nicht berechtigter Rolle aufrufen.
2. Direkten Endpunkt beziehungsweise Deep Link verwenden.
3. Technischen Fehler simulieren und erneut laden.
4. Änderungsverlauf oder Log prüfen.

Erwartetes Ergebnis
Nicht berechtigte Zugriffe werden abgewiesen; nach einem Fehler bleibt der Zustand nachvollziehbar und wiederholbar.

Responsive Viewports
- Desktop: 1440 x 900 CSS-Pixel.
- Full HD: 1920 x 1080 CSS-Pixel.
- WQHD: 2560 x 1440 CSS-Pixel.
- Ultrawide: 3440 x 1440 CSS-Pixel.
- 4K: 3840 x 2160 CSS-Pixel.
- Tablet: 768 x 1024 CSS-Pixel.
- Smartphone: 390 x 844 CSS-Pixel.
- Bei UI-Tests jeden definierten Viewport pruefen und je Viewport einen eigenen Screenshot am Testlauf hinterlegen.

Beleg und Nachbereitung
- Fuer jeden einzelnen Testschritt unmittelbar nach der Ausfuehrung einen Screenshot als Anhang am Testlauf hinterlegen.
- Der Screenshot muss die relevante Ausgangslage bzw. Eingabe und das sichtbare Ergebnis des jeweiligen Schrittes nachvollziehbar zeigen.
- Alle Schritte des Tests muessen einen eigenen Nachweis besitzen; bei Eingabeschritten sind Eingabe und anschliessende Reaktion zu dokumentieren.
- PASS nur vergeben, wenn alle Schritte erfolgreich abgeschlossen und fuer alle Schritte Screenshots hinterlegt sind.
- FAIL oder BLOCKED ebenfalls mit Screenshot(s), tatsaechlichem Ergebnis, Datum, Tester und Umgebung dokumentieren; bei FAIL einen Bug mit Reproduktionsschritten und Verweis auf diesen Test anlegen.
- Passwoerter, Tokens, Zahlungsdaten und sonstige Geheimnisse niemals im Klartext speichern; vor dem Anhang maskieren oder schwaerzen."
KAN-592,E1-10 Kartenstatus verwalten – Happy Path,"Abgedeckte Story: KAN-19 – E1-10 Kartenstatus verwalten
Testart: Happy Path
Priorität der Story: Highest

Ziel
Mit gültigen Pflichtdaten arbeiten

Vorbedingungen
- Die Anwendung ist erreichbar und die erforderlichen Testdaten sind vorbereitet.
- Der Test wird in einer isolierten Umgebung mit nachvollziehbaren Benutzerrollen ausgeführt.

Schritte
1. Mit berechtigtem Nutzer anmelden.
2. Gültige Story-Daten erfassen.
3. Vorgang speichern oder ausführen.
4. Ergebnis erneut laden.

Erwartetes Ergebnis
Der Vorgang wird einmalig erfolgreich verarbeitet; alle relevanten Daten sind konsistent sichtbar.

Responsive Viewports
- Desktop: 1440 x 900 CSS-Pixel.
- Full HD: 1920 x 1080 CSS-Pixel.
- WQHD: 2560 x 1440 CSS-Pixel.
- Ultrawide: 3440 x 1440 CSS-Pixel.
- 4K: 3840 x 2160 CSS-Pixel.
- Tablet: 768 x 1024 CSS-Pixel.
- Smartphone: 390 x 844 CSS-Pixel.
- Bei UI-Tests jeden definierten Viewport pruefen und je Viewport einen eigenen Screenshot am Testlauf hinterlegen.

Beleg und Nachbereitung
- Fuer jeden einzelnen Testschritt unmittelbar nach der Ausfuehrung einen Screenshot als Anhang am Testlauf hinterlegen.
- Der Screenshot muss die relevante Ausgangslage bzw. Eingabe und das sichtbare Ergebnis des jeweiligen Schrittes nachvollziehbar zeigen.
- Alle Schritte des Tests muessen einen eigenen Nachweis besitzen; bei Eingabeschritten sind Eingabe und anschliessende Reaktion zu dokumentieren.
- PASS nur vergeben, wenn alle Schritte erfolgreich abgeschlossen und fuer alle Schritte Screenshots hinterlegt sind.
- FAIL oder BLOCKED ebenfalls mit Screenshot(s), tatsaechlichem Ergebnis, Datum, Tester und Umgebung dokumentieren; bei FAIL einen Bug mit Reproduktionsschritten und Verweis auf diesen Test anlegen.
- Passwoerter, Tokens, Zahlungsdaten und sonstige Geheimnisse niemals im Klartext speichern; vor dem Anhang maskieren oder schwaerzen."
KAN-593,E1-10 Kartenstatus verwalten – Negative und Grenzwerte,"Abgedeckte Story: KAN-19 – E1-10 Kartenstatus verwalten
Testart: Negative und Grenzwerte
Priorität der Story: Highest

Ziel
Ungültige Eingaben und Grenzwerte prüfen

Vorbedingungen
- Die Anwendung ist erreichbar und die erforderlichen Testdaten sind vorbereitet.
- Der Test wird in einer isolierten Umgebung mit nachvollziehbaren Benutzerrollen ausgeführt.

Schritte
1. Pflichtfelder leer lassen.
2. Ungültige Formate und Grenzwerte verwenden.
3. Dubletten- oder Konfliktfall simulieren.
4. Aktion erneut ausführen.

Erwartetes Ergebnis
Jeder Fehler wird am richtigen Feld erklärt; es entsteht kein halbfertiger oder doppelter Datensatz.

Responsive Viewports
- Desktop: 1440 x 900 CSS-Pixel.
- Full HD: 1920 x 1080 CSS-Pixel.
- WQHD: 2560 x 1440 CSS-Pixel.
- Ultrawide: 3440 x 1440 CSS-Pixel.
- 4K: 3840 x 2160 CSS-Pixel.
- Tablet: 768 x 1024 CSS-Pixel.
- Smartphone: 390 x 844 CSS-Pixel.
- Bei UI-Tests jeden definierten Viewport pruefen und je Viewport einen eigenen Screenshot am Testlauf hinterlegen.

Beleg und Nachbereitung
- Fuer jeden einzelnen Testschritt unmittelbar nach der Ausfuehrung einen Screenshot als Anhang am Testlauf hinterlegen.
- Der Screenshot muss die relevante Ausgangslage bzw. Eingabe und das sichtbare Ergebnis des jeweiligen Schrittes nachvollziehbar zeigen.
- Alle Schritte des Tests muessen einen eigenen Nachweis besitzen; bei Eingabeschritten sind Eingabe und anschliessende Reaktion zu dokumentieren.
- PASS nur vergeben, wenn alle Schritte erfolgreich abgeschlossen und fuer alle Schritte Screenshots hinterlegt sind.
- FAIL oder BLOCKED ebenfalls mit Screenshot(s), tatsaechlichem Ergebnis, Datum, Tester und Umgebung dokumentieren; bei FAIL einen Bug mit Reproduktionsschritten und Verweis auf diesen Test anlegen.
- Passwoerter, Tokens, Zahlungsdaten und sonstige Geheimnisse niemals im Klartext speichern; vor dem Anhang maskieren oder schwaerzen."
KAN-594,E1-10 Kartenstatus verwalten – Berechtigung und Betrieb,"Abgedeckte Story: KAN-19 – E1-10 Kartenstatus verwalten
Testart: Berechtigung und Betrieb
Priorität der Story: Highest

Ziel
Rollen, Reload und Fehlerwiederaufnahme prüfen

Vorbedingungen
- Die Anwendung ist erreichbar und die erforderlichen Testdaten sind vorbereitet.
- Der Test wird in einer isolierten Umgebung mit nachvollziehbaren Benutzerrollen ausgeführt.

Schritte
1. Mit nicht berechtigter Rolle aufrufen.
2. Direkten Endpunkt beziehungsweise Deep Link verwenden.
3. Technischen Fehler simulieren und erneut laden.
4. Änderungsverlauf oder Log prüfen.

Erwartetes Ergebnis
Nicht berechtigte Zugriffe werden abgewiesen; nach einem Fehler bleibt der Zustand nachvollziehbar und wiederholbar.

Responsive Viewports
- Desktop: 1440 x 900 CSS-Pixel.
- Full HD: 1920 x 1080 CSS-Pixel.
- WQHD: 2560 x 1440 CSS-Pixel.
- Ultrawide: 3440 x 1440 CSS-Pixel.
- 4K: 3840 x 2160 CSS-Pixel.
- Tablet: 768 x 1024 CSS-Pixel.
- Smartphone: 390 x 844 CSS-Pixel.
- Bei UI-Tests jeden definierten Viewport pruefen und je Viewport einen eigenen Screenshot am Testlauf hinterlegen.

Beleg und Nachbereitung
- Fuer jeden einzelnen Testschritt unmittelbar nach der Ausfuehrung einen Screenshot als Anhang am Testlauf hinterlegen.
- Der Screenshot muss die relevante Ausgangslage bzw. Eingabe und das sichtbare Ergebnis des jeweiligen Schrittes nachvollziehbar zeigen.
- Alle Schritte des Tests muessen einen eigenen Nachweis besitzen; bei Eingabeschritten sind Eingabe und anschliessende Reaktion zu dokumentieren.
- PASS nur vergeben, wenn alle Schritte erfolgreich abgeschlossen und fuer alle Schritte Screenshots hinterlegt sind.
- FAIL oder BLOCKED ebenfalls mit Screenshot(s), tatsaechlichem Ergebnis, Datum, Tester und Umgebung dokumentieren; bei FAIL einen Bug mit Reproduktionsschritten und Verweis auf diesen Test anlegen.
- Passwoerter, Tokens, Zahlungsdaten und sonstige Geheimnisse niemals im Klartext speichern; vor dem Anhang maskieren oder schwaerzen."
KAN-595,E1-11 Karten importieren und synchronisieren – Happy Path,"Abgedeckte Story: KAN-20 – E1-11 Karten importieren und synchronisieren
Testart: Happy Path
Priorität der Story: Highest

Ziel
Mit gültigen Pflichtdaten arbeiten

Vorbedingungen
- Die Anwendung ist erreichbar und die erforderlichen Testdaten sind vorbereitet.
- Der Test wird in einer isolierten Umgebung mit nachvollziehbaren Benutzerrollen ausgeführt.

Schritte
1. Mit berechtigtem Nutzer anmelden.
2. Gültige Story-Daten erfassen.
3. Vorgang speichern oder ausführen.
4. Ergebnis erneut laden.

Erwartetes Ergebnis
Der Vorgang wird einmalig erfolgreich verarbeitet; alle relevanten Daten sind konsistent sichtbar.

Responsive Viewports
- Desktop: 1440 x 900 CSS-Pixel.
- Full HD: 1920 x 1080 CSS-Pixel.
- WQHD: 2560 x 1440 CSS-Pixel.
- Ultrawide: 3440 x 1440 CSS-Pixel.
- 4K: 3840 x 2160 CSS-Pixel.
- Tablet: 768 x 1024 CSS-Pixel.
- Smartphone: 390 x 844 CSS-Pixel.
- Bei UI-Tests jeden definierten Viewport pruefen und je Viewport einen eigenen Screenshot am Testlauf hinterlegen.

Beleg und Nachbereitung
- Fuer jeden einzelnen Testschritt unmittelbar nach der Ausfuehrung einen Screenshot als Anhang am Testlauf hinterlegen.
- Der Screenshot muss die relevante Ausgangslage bzw. Eingabe und das sichtbare Ergebnis des jeweiligen Schrittes nachvollziehbar zeigen.
- Alle Schritte des Tests muessen einen eigenen Nachweis besitzen; bei Eingabeschritten sind Eingabe und anschliessende Reaktion zu dokumentieren.
- PASS nur vergeben, wenn alle Schritte erfolgreich abgeschlossen und fuer alle Schritte Screenshots hinterlegt sind.
- FAIL oder BLOCKED ebenfalls mit Screenshot(s), tatsaechlichem Ergebnis, Datum, Tester und Umgebung dokumentieren; bei FAIL einen Bug mit Reproduktionsschritten und Verweis auf diesen Test anlegen.
- Passwoerter, Tokens, Zahlungsdaten und sonstige Geheimnisse niemals im Klartext speichern; vor dem Anhang maskieren oder schwaerzen."
KAN-596,E1-11 Karten importieren und synchronisieren – Negative und Grenzwerte,"Abgedeckte Story: KAN-20 – E1-11 Karten importieren und synchronisieren
Testart: Negative und Grenzwerte
Priorität der Story: Highest

Ziel
Ungültige Eingaben und Grenzwerte prüfen

Vorbedingungen
- Die Anwendung ist erreichbar und die erforderlichen Testdaten sind vorbereitet.
- Der Test wird in einer isolierten Umgebung mit nachvollziehbaren Benutzerrollen ausgeführt.

Schritte
1. Pflichtfelder leer lassen.
2. Ungültige Formate und Grenzwerte verwenden.
3. Dubletten- oder Konfliktfall simulieren.
4. Aktion erneut ausführen.

Erwartetes Ergebnis
Jeder Fehler wird am richtigen Feld erklärt; es entsteht kein halbfertiger oder doppelter Datensatz.

Responsive Viewports
- Desktop: 1440 x 900 CSS-Pixel.
- Full HD: 1920 x 1080 CSS-Pixel.
- WQHD: 2560 x 1440 CSS-Pixel.
- Ultrawide: 3440 x 1440 CSS-Pixel.
- 4K: 3840 x 2160 CSS-Pixel.
- Tablet: 768 x 1024 CSS-Pixel.
- Smartphone: 390 x 844 CSS-Pixel.
- Bei UI-Tests jeden definierten Viewport pruefen und je Viewport einen eigenen Screenshot am Testlauf hinterlegen.

Beleg und Nachbereitung
- Fuer jeden einzelnen Testschritt unmittelbar nach der Ausfuehrung einen Screenshot als Anhang am Testlauf hinterlegen.
- Der Screenshot muss die relevante Ausgangslage bzw. Eingabe und das sichtbare Ergebnis des jeweiligen Schrittes nachvollziehbar zeigen.
- Alle Schritte des Tests muessen einen eigenen Nachweis besitzen; bei Eingabeschritten sind Eingabe und anschliessende Reaktion zu dokumentieren.
- PASS nur vergeben, wenn alle Schritte erfolgreich abgeschlossen und fuer alle Schritte Screenshots hinterlegt sind.
- FAIL oder BLOCKED ebenfalls mit Screenshot(s), tatsaechlichem Ergebnis, Datum, Tester und Umgebung dokumentieren; bei FAIL einen Bug mit Reproduktionsschritten und Verweis auf diesen Test anlegen.
- Passwoerter, Tokens, Zahlungsdaten und sonstige Geheimnisse niemals im Klartext speichern; vor dem Anhang maskieren oder schwaerzen."
KAN-597,E1-11 Karten importieren und synchronisieren – Berechtigung und Betrieb,"Abgedeckte Story: KAN-20 – E1-11 Karten importieren und synchronisieren
Testart: Berechtigung und Betrieb
Priorität der Story: Highest

Ziel
Rollen, Reload und Fehlerwiederaufnahme prüfen

Vorbedingungen
- Die Anwendung ist erreichbar und die erforderlichen Testdaten sind vorbereitet.
- Der Test wird in einer isolierten Umgebung mit nachvollziehbaren Benutzerrollen ausgeführt.

Schritte
1. Mit nicht berechtigter Rolle aufrufen.
2. Direkten Endpunkt beziehungsweise Deep Link verwenden.
3. Technischen Fehler simulieren und erneut laden.
4. Änderungsverlauf oder Log prüfen.

Erwartetes Ergebnis
Nicht berechtigte Zugriffe werden abgewiesen; nach einem Fehler bleibt der Zustand nachvollziehbar und wiederholbar.

Responsive Viewports
- Desktop: 1440 x 900 CSS-Pixel.
- Full HD: 1920 x 1080 CSS-Pixel.
- WQHD: 2560 x 1440 CSS-Pixel.
- Ultrawide: 3440 x 1440 CSS-Pixel.
- 4K: 3840 x 2160 CSS-Pixel.
- Tablet: 768 x 1024 CSS-Pixel.
- Smartphone: 390 x 844 CSS-Pixel.
- Bei UI-Tests jeden definierten Viewport pruefen und je Viewport einen eigenen Screenshot am Testlauf hinterlegen.

Beleg und Nachbereitung
- Fuer jeden einzelnen Testschritt unmittelbar nach der Ausfuehrung einen Screenshot als Anhang am Testlauf hinterlegen.
- Der Screenshot muss die relevante Ausgangslage bzw. Eingabe und das sichtbare Ergebnis des jeweiligen Schrittes nachvollziehbar zeigen.
- Alle Schritte des Tests muessen einen eigenen Nachweis besitzen; bei Eingabeschritten sind Eingabe und anschliessende Reaktion zu dokumentieren.
- PASS nur vergeben, wenn alle Schritte erfolgreich abgeschlossen und fuer alle Schritte Screenshots hinterlegt sind.
- FAIL oder BLOCKED ebenfalls mit Screenshot(s), tatsaechlichem Ergebnis, Datum, Tester und Umgebung dokumentieren; bei FAIL einen Bug mit Reproduktionsschritten und Verweis auf diesen Test anlegen.
- Passwoerter, Tokens, Zahlungsdaten und sonstige Geheimnisse niemals im Klartext speichern; vor dem Anhang maskieren oder schwaerzen."
KAN-598,E2-01 Karten suchen – Treffer und Navigation,"Abgedeckte Story: KAN-21 – E2-01 Karten suchen
Testart: Treffer und Navigation
Priorität der Story: Highest

Ziel
Relevante Produkte finden und öffnen

Vorbedingungen
- Die Anwendung ist erreichbar und die erforderlichen Testdaten sind vorbereitet.
- Der Test wird in einer isolierten Umgebung mit nachvollziehbaren Benutzerrollen ausgeführt.

Schritte
1. Repräsentative Produktdaten vorbereiten.
2. Such- oder Filterkriterien eingeben.
3. Sortierung und Pagination verwenden.
4. Detailansicht öffnen und zurück navigieren.

Erwartetes Ergebnis
Die richtigen Treffer erscheinen in stabiler Reihenfolge; der Zustand und die Produktdetails stimmen.

Responsive Viewports
- Desktop: 1440 x 900 CSS-Pixel.
- Full HD: 1920 x 1080 CSS-Pixel.
- WQHD: 2560 x 1440 CSS-Pixel.
- Ultrawide: 3440 x 1440 CSS-Pixel.
- 4K: 3840 x 2160 CSS-Pixel.
- Tablet: 768 x 1024 CSS-Pixel.
- Smartphone: 390 x 844 CSS-Pixel.
- Bei UI-Tests jeden definierten Viewport pruefen und je Viewport einen eigenen Screenshot am Testlauf hinterlegen.

Beleg und Nachbereitung
- Fuer jeden einzelnen Testschritt unmittelbar nach der Ausfuehrung einen Screenshot als Anhang am Testlauf hinterlegen.
- Der Screenshot muss die relevante Ausgangslage bzw. Eingabe und das sichtbare Ergebnis des jeweiligen Schrittes nachvollziehbar zeigen.
- Alle Schritte des Tests muessen einen eigenen Nachweis besitzen; bei Eingabeschritten sind Eingabe und anschliessende Reaktion zu dokumentieren.
- PASS nur vergeben, wenn alle Schritte erfolgreich abgeschlossen und fuer alle Schritte Screenshots hinterlegt sind.
- FAIL oder BLOCKED ebenfalls mit Screenshot(s), tatsaechlichem Ergebnis, Datum, Tester und Umgebung dokumentieren; bei FAIL einen Bug mit Reproduktionsschritten und Verweis auf diesen Test anlegen.
- Passwoerter, Tokens, Zahlungsdaten und sonstige Geheimnisse niemals im Klartext speichern; vor dem Anhang maskieren oder schwaerzen."
KAN-599,E2-01 Karten suchen – Keine Treffer und Fehler,"Abgedeckte Story: KAN-21 – E2-01 Karten suchen
Testart: Keine Treffer und Fehler
Priorität der Story: Highest

Ziel
Leere und technische Ergebnisse unterscheiden

Vorbedingungen
- Die Anwendung ist erreichbar und die erforderlichen Testdaten sind vorbereitet.
- Der Test wird in einer isolierten Umgebung mit nachvollziehbaren Benutzerrollen ausgeführt.

Schritte
1. Kriterium ohne Treffer verwenden.
2. Ungültige Eingabe senden.
3. Langsame oder fehlerhafte Antwort simulieren.
4. Wiederholen oder Filter zurücksetzen.

Erwartetes Ergebnis
Leere und technische Zustände sind verständlich getrennt; die angebotenen Folgeaktionen funktionieren.

Responsive Viewports
- Desktop: 1440 x 900 CSS-Pixel.
- Full HD: 1920 x 1080 CSS-Pixel.
- WQHD: 2560 x 1440 CSS-Pixel.
- Ultrawide: 3440 x 1440 CSS-Pixel.
- 4K: 3840 x 2160 CSS-Pixel.
- Tablet: 768 x 1024 CSS-Pixel.
- Smartphone: 390 x 844 CSS-Pixel.
- Bei UI-Tests jeden definierten Viewport pruefen und je Viewport einen eigenen Screenshot am Testlauf hinterlegen.

Beleg und Nachbereitung
- Fuer jeden einzelnen Testschritt unmittelbar nach der Ausfuehrung einen Screenshot als Anhang am Testlauf hinterlegen.
- Der Screenshot muss die relevante Ausgangslage bzw. Eingabe und das sichtbare Ergebnis des jeweiligen Schrittes nachvollziehbar zeigen.
- Alle Schritte des Tests muessen einen eigenen Nachweis besitzen; bei Eingabeschritten sind Eingabe und anschliessende Reaktion zu dokumentieren.
- PASS nur vergeben, wenn alle Schritte erfolgreich abgeschlossen und fuer alle Schritte Screenshots hinterlegt sind.
- FAIL oder BLOCKED ebenfalls mit Screenshot(s), tatsaechlichem Ergebnis, Datum, Tester und Umgebung dokumentieren; bei FAIL einen Bug mit Reproduktionsschritten und Verweis auf diesen Test anlegen.
- Passwoerter, Tokens, Zahlungsdaten und sonstige Geheimnisse niemals im Klartext speichern; vor dem Anhang maskieren oder schwaerzen."
KAN-600,E2-01 Karten suchen – Responsive und Accessibility,"Abgedeckte Story: KAN-21 – E2-01 Karten suchen
Testart: Responsive und Accessibility
Priorität der Story: Highest

Ziel
Suche und Detailansicht ohne Maus nutzen

Vorbedingungen
- Die Anwendung ist erreichbar und die erforderlichen Testdaten sind vorbereitet.
- Der Test wird in einer isolierten Umgebung mit nachvollziehbaren Benutzerrollen ausgeführt.

Schritte
1. Desktop-, Tablet- und Smartphone-Breite testen.
2. Nur Tastatur verwenden.
3. Fokus und Screenreader-Namen prüfen.
4. Bilder und Text bei anderer Auflösung prüfen.

Erwartetes Ergebnis
Kein Überlauf oder Fokusverlust tritt auf; Inhalte und Aktionen bleiben wahrnehmbar und bedienbar.

Responsive Viewports
- Desktop: 1440 x 900 CSS-Pixel.
- Full HD: 1920 x 1080 CSS-Pixel.
- WQHD: 2560 x 1440 CSS-Pixel.
- Ultrawide: 3440 x 1440 CSS-Pixel.
- 4K: 3840 x 2160 CSS-Pixel.
- Tablet: 768 x 1024 CSS-Pixel.
- Smartphone: 390 x 844 CSS-Pixel.
- Bei UI-Tests jeden definierten Viewport pruefen und je Viewport einen eigenen Screenshot am Testlauf hinterlegen.

Beleg und Nachbereitung
- Fuer jeden einzelnen Testschritt unmittelbar nach der Ausfuehrung einen Screenshot als Anhang am Testlauf hinterlegen.
- Der Screenshot muss die relevante Ausgangslage bzw. Eingabe und das sichtbare Ergebnis des jeweiligen Schrittes nachvollziehbar zeigen.
- Alle Schritte des Tests muessen einen eigenen Nachweis besitzen; bei Eingabeschritten sind Eingabe und anschliessende Reaktion zu dokumentieren.
- PASS nur vergeben, wenn alle Schritte erfolgreich abgeschlossen und fuer alle Schritte Screenshots hinterlegt sind.
- FAIL oder BLOCKED ebenfalls mit Screenshot(s), tatsaechlichem Ergebnis, Datum, Tester und Umgebung dokumentieren; bei FAIL einen Bug mit Reproduktionsschritten und Verweis auf diesen Test anlegen.
- Passwoerter, Tokens, Zahlungsdaten und sonstige Geheimnisse niemals im Klartext speichern; vor dem Anhang maskieren oder schwaerzen."
KAN-601,E2-02 Suchvorschläge erhalten – Treffer und Navigation,"Abgedeckte Story: KAN-22 – E2-02 Suchvorschläge erhalten
Testart: Treffer und Navigation
Priorität der Story: High

Ziel
Relevante Produkte finden und öffnen

Vorbedingungen
- Die Anwendung ist erreichbar und die erforderlichen Testdaten sind vorbereitet.
- Der Test wird in einer isolierten Umgebung mit nachvollziehbaren Benutzerrollen ausgeführt.

Schritte
1. Repräsentative Produktdaten vorbereiten.
2. Such- oder Filterkriterien eingeben.
3. Sortierung und Pagination verwenden.
4. Detailansicht öffnen und zurück navigieren.

Erwartetes Ergebnis
Die richtigen Treffer erscheinen in stabiler Reihenfolge; der Zustand und die Produktdetails stimmen.

Responsive Viewports
- Desktop: 1440 x 900 CSS-Pixel.
- Full HD: 1920 x 1080 CSS-Pixel.
- WQHD: 2560 x 1440 CSS-Pixel.
- Ultrawide: 3440 x 1440 CSS-Pixel.
- 4K: 3840 x 2160 CSS-Pixel.
- Tablet: 768 x 1024 CSS-Pixel.
- Smartphone: 390 x 844 CSS-Pixel.
- Bei UI-Tests jeden definierten Viewport pruefen und je Viewport einen eigenen Screenshot am Testlauf hinterlegen.

Beleg und Nachbereitung
- Fuer jeden einzelnen Testschritt unmittelbar nach der Ausfuehrung einen Screenshot als Anhang am Testlauf hinterlegen.
- Der Screenshot muss die relevante Ausgangslage bzw. Eingabe und das sichtbare Ergebnis des jeweiligen Schrittes nachvollziehbar zeigen.
- Alle Schritte des Tests muessen einen eigenen Nachweis besitzen; bei Eingabeschritten sind Eingabe und anschliessende Reaktion zu dokumentieren.
- PASS nur vergeben, wenn alle Schritte erfolgreich abgeschlossen und fuer alle Schritte Screenshots hinterlegt sind.
- FAIL oder BLOCKED ebenfalls mit Screenshot(s), tatsaechlichem Ergebnis, Datum, Tester und Umgebung dokumentieren; bei FAIL einen Bug mit Reproduktionsschritten und Verweis auf diesen Test anlegen.
- Passwoerter, Tokens, Zahlungsdaten und sonstige Geheimnisse niemals im Klartext speichern; vor dem Anhang maskieren oder schwaerzen."
KAN-602,E2-02 Suchvorschläge erhalten – Keine Treffer und Fehler,"Abgedeckte Story: KAN-22 – E2-02 Suchvorschläge erhalten
Testart: Keine Treffer und Fehler
Priorität der Story: High

Ziel
Leere und technische Ergebnisse unterscheiden

Vorbedingungen
- Die Anwendung ist erreichbar und die erforderlichen Testdaten sind vorbereitet.
- Der Test wird in einer isolierten Umgebung mit nachvollziehbaren Benutzerrollen ausgeführt.

Schritte
1. Kriterium ohne Treffer verwenden.
2. Ungültige Eingabe senden.
3. Langsame oder fehlerhafte Antwort simulieren.
4. Wiederholen oder Filter zurücksetzen.

Erwartetes Ergebnis
Leere und technische Zustände sind verständlich getrennt; die angebotenen Folgeaktionen funktionieren.

Responsive Viewports
- Desktop: 1440 x 900 CSS-Pixel.
- Full HD: 1920 x 1080 CSS-Pixel.
- WQHD: 2560 x 1440 CSS-Pixel.
- Ultrawide: 3440 x 1440 CSS-Pixel.
- 4K: 3840 x 2160 CSS-Pixel.
- Tablet: 768 x 1024 CSS-Pixel.
- Smartphone: 390 x 844 CSS-Pixel.
- Bei UI-Tests jeden definierten Viewport pruefen und je Viewport einen eigenen Screenshot am Testlauf hinterlegen.

Beleg und Nachbereitung
- Fuer jeden einzelnen Testschritt unmittelbar nach der Ausfuehrung einen Screenshot als Anhang am Testlauf hinterlegen.
- Der Screenshot muss die relevante Ausgangslage bzw. Eingabe und das sichtbare Ergebnis des jeweiligen Schrittes nachvollziehbar zeigen.
- Alle Schritte des Tests muessen einen eigenen Nachweis besitzen; bei Eingabeschritten sind Eingabe und anschliessende Reaktion zu dokumentieren.
- PASS nur vergeben, wenn alle Schritte erfolgreich abgeschlossen und fuer alle Schritte Screenshots hinterlegt sind.
- FAIL oder BLOCKED ebenfalls mit Screenshot(s), tatsaechlichem Ergebnis, Datum, Tester und Umgebung dokumentieren; bei FAIL einen Bug mit Reproduktionsschritten und Verweis auf diesen Test anlegen.
- Passwoerter, Tokens, Zahlungsdaten und sonstige Geheimnisse niemals im Klartext speichern; vor dem Anhang maskieren oder schwaerzen."
KAN-603,E2-02 Suchvorschläge erhalten – Responsive und Accessibility,"Abgedeckte Story: KAN-22 – E2-02 Suchvorschläge erhalten
Testart: Responsive und Accessibility
Priorität der Story: High

Ziel
Suche und Detailansicht ohne Maus nutzen

Vorbedingungen
- Die Anwendung ist erreichbar und die erforderlichen Testdaten sind vorbereitet.
- Der Test wird in einer isolierten Umgebung mit nachvollziehbaren Benutzerrollen ausgeführt.

Schritte
1. Desktop-, Tablet- und Smartphone-Breite testen.
2. Nur Tastatur verwenden.
3. Fokus und Screenreader-Namen prüfen.
4. Bilder und Text bei anderer Auflösung prüfen.

Erwartetes Ergebnis
Kein Überlauf oder Fokusverlust tritt auf; Inhalte und Aktionen bleiben wahrnehmbar und bedienbar.

Responsive Viewports
- Desktop: 1440 x 900 CSS-Pixel.
- Full HD: 1920 x 1080 CSS-Pixel.
- WQHD: 2560 x 1440 CSS-Pixel.
- Ultrawide: 3440 x 1440 CSS-Pixel.
- 4K: 3840 x 2160 CSS-Pixel.
- Tablet: 768 x 1024 CSS-Pixel.
- Smartphone: 390 x 844 CSS-Pixel.
- Bei UI-Tests jeden definierten Viewport pruefen und je Viewport einen eigenen Screenshot am Testlauf hinterlegen.

Beleg und Nachbereitung
- Fuer jeden einzelnen Testschritt unmittelbar nach der Ausfuehrung einen Screenshot als Anhang am Testlauf hinterlegen.
- Der Screenshot muss die relevante Ausgangslage bzw. Eingabe und das sichtbare Ergebnis des jeweiligen Schrittes nachvollziehbar zeigen.
- Alle Schritte des Tests muessen einen eigenen Nachweis besitzen; bei Eingabeschritten sind Eingabe und anschliessende Reaktion zu dokumentieren.
- PASS nur vergeben, wenn alle Schritte erfolgreich abgeschlossen und fuer alle Schritte Screenshots hinterlegt sind.
- FAIL oder BLOCKED ebenfalls mit Screenshot(s), tatsaechlichem Ergebnis, Datum, Tester und Umgebung dokumentieren; bei FAIL einen Bug mit Reproduktionsschritten und Verweis auf diesen Test anlegen.
- Passwoerter, Tokens, Zahlungsdaten und sonstige Geheimnisse niemals im Klartext speichern; vor dem Anhang maskieren oder schwaerzen."
KAN-604,E2-03 Nach Sportart und Saison filtern – Treffer und Navigation,"Abgedeckte Story: KAN-23 – E2-03 Nach Sportart und Saison filtern
Testart: Treffer und Navigation
Priorität der Story: Highest

Ziel
Relevante Produkte finden und öffnen

Vorbedingungen
- Die Anwendung ist erreichbar und die erforderlichen Testdaten sind vorbereitet.
- Der Test wird in einer isolierten Umgebung mit nachvollziehbaren Benutzerrollen ausgeführt.

Schritte
1. Repräsentative Produktdaten vorbereiten.
2. Such- oder Filterkriterien eingeben.
3. Sortierung und Pagination verwenden.
4. Detailansicht öffnen und zurück navigieren.

Erwartetes Ergebnis
Die richtigen Treffer erscheinen in stabiler Reihenfolge; der Zustand und die Produktdetails stimmen.

Responsive Viewports
- Desktop: 1440 x 900 CSS-Pixel.
- Full HD: 1920 x 1080 CSS-Pixel.
- WQHD: 2560 x 1440 CSS-Pixel.
- Ultrawide: 3440 x 1440 CSS-Pixel.
- 4K: 3840 x 2160 CSS-Pixel.
- Tablet: 768 x 1024 CSS-Pixel.
- Smartphone: 390 x 844 CSS-Pixel.
- Bei UI-Tests jeden definierten Viewport pruefen und je Viewport einen eigenen Screenshot am Testlauf hinterlegen.

Beleg und Nachbereitung
- Fuer jeden einzelnen Testschritt unmittelbar nach der Ausfuehrung einen Screenshot als Anhang am Testlauf hinterlegen.
- Der Screenshot muss die relevante Ausgangslage bzw. Eingabe und das sichtbare Ergebnis des jeweiligen Schrittes nachvollziehbar zeigen.
- Alle Schritte des Tests muessen einen eigenen Nachweis besitzen; bei Eingabeschritten sind Eingabe und anschliessende Reaktion zu dokumentieren.
- PASS nur vergeben, wenn alle Schritte erfolgreich abgeschlossen und fuer alle Schritte Screenshots hinterlegt sind.
- FAIL oder BLOCKED ebenfalls mit Screenshot(s), tatsaechlichem Ergebnis, Datum, Tester und Umgebung dokumentieren; bei FAIL einen Bug mit Reproduktionsschritten und Verweis auf diesen Test anlegen.
- Passwoerter, Tokens, Zahlungsdaten und sonstige Geheimnisse niemals im Klartext speichern; vor dem Anhang maskieren oder schwaerzen."
KAN-605,E2-03 Nach Sportart und Saison filtern – Keine Treffer und Fehler,"Abgedeckte Story: KAN-23 – E2-03 Nach Sportart und Saison filtern
Testart: Keine Treffer und Fehler
Priorität der Story: Highest

Ziel
Leere und technische Ergebnisse unterscheiden

Vorbedingungen
- Die Anwendung ist erreichbar und die erforderlichen Testdaten sind vorbereitet.
- Der Test wird in einer isolierten Umgebung mit nachvollziehbaren Benutzerrollen ausgeführt.

Schritte
1. Kriterium ohne Treffer verwenden.
2. Ungültige Eingabe senden.
3. Langsame oder fehlerhafte Antwort simulieren.
4. Wiederholen oder Filter zurücksetzen.

Erwartetes Ergebnis
Leere und technische Zustände sind verständlich getrennt; die angebotenen Folgeaktionen funktionieren.

Responsive Viewports
- Desktop: 1440 x 900 CSS-Pixel.
- Full HD: 1920 x 1080 CSS-Pixel.
- WQHD: 2560 x 1440 CSS-Pixel.
- Ultrawide: 3440 x 1440 CSS-Pixel.
- 4K: 3840 x 2160 CSS-Pixel.
- Tablet: 768 x 1024 CSS-Pixel.
- Smartphone: 390 x 844 CSS-Pixel.
- Bei UI-Tests jeden definierten Viewport pruefen und je Viewport einen eigenen Screenshot am Testlauf hinterlegen.

Beleg und Nachbereitung
- Fuer jeden einzelnen Testschritt unmittelbar nach der Ausfuehrung einen Screenshot als Anhang am Testlauf hinterlegen.
- Der Screenshot muss die relevante Ausgangslage bzw. Eingabe und das sichtbare Ergebnis des jeweiligen Schrittes nachvollziehbar zeigen.
- Alle Schritte des Tests muessen einen eigenen Nachweis besitzen; bei Eingabeschritten sind Eingabe und anschliessende Reaktion zu dokumentieren.
- PASS nur vergeben, wenn alle Schritte erfolgreich abgeschlossen und fuer alle Schritte Screenshots hinterlegt sind.
- FAIL oder BLOCKED ebenfalls mit Screenshot(s), tatsaechlichem Ergebnis, Datum, Tester und Umgebung dokumentieren; bei FAIL einen Bug mit Reproduktionsschritten und Verweis auf diesen Test anlegen.
- Passwoerter, Tokens, Zahlungsdaten und sonstige Geheimnisse niemals im Klartext speichern; vor dem Anhang maskieren oder schwaerzen."
KAN-606,E2-03 Nach Sportart und Saison filtern – Responsive und Accessibility,"Abgedeckte Story: KAN-23 – E2-03 Nach Sportart und Saison filtern
Testart: Responsive und Accessibility
Priorität der Story: Highest

Ziel
Suche und Detailansicht ohne Maus nutzen

Vorbedingungen
- Die Anwendung ist erreichbar und die erforderlichen Testdaten sind vorbereitet.
- Der Test wird in einer isolierten Umgebung mit nachvollziehbaren Benutzerrollen ausgeführt.

Schritte
1. Desktop-, Tablet- und Smartphone-Breite testen.
2. Nur Tastatur verwenden.
3. Fokus und Screenreader-Namen prüfen.
4. Bilder und Text bei anderer Auflösung prüfen.

Erwartetes Ergebnis
Kein Überlauf oder Fokusverlust tritt auf; Inhalte und Aktionen bleiben wahrnehmbar und bedienbar.

Responsive Viewports
- Desktop: 1440 x 900 CSS-Pixel.
- Full HD: 1920 x 1080 CSS-Pixel.
- WQHD: 2560 x 1440 CSS-Pixel.
- Ultrawide: 3440 x 1440 CSS-Pixel.
- 4K: 3840 x 2160 CSS-Pixel.
- Tablet: 768 x 1024 CSS-Pixel.
- Smartphone: 390 x 844 CSS-Pixel.
- Bei UI-Tests jeden definierten Viewport pruefen und je Viewport einen eigenen Screenshot am Testlauf hinterlegen.

Beleg und Nachbereitung
- Fuer jeden einzelnen Testschritt unmittelbar nach der Ausfuehrung einen Screenshot als Anhang am Testlauf hinterlegen.
- Der Screenshot muss die relevante Ausgangslage bzw. Eingabe und das sichtbare Ergebnis des jeweiligen Schrittes nachvollziehbar zeigen.
- Alle Schritte des Tests muessen einen eigenen Nachweis besitzen; bei Eingabeschritten sind Eingabe und anschliessende Reaktion zu dokumentieren.
- PASS nur vergeben, wenn alle Schritte erfolgreich abgeschlossen und fuer alle Schritte Screenshots hinterlegt sind.
- FAIL oder BLOCKED ebenfalls mit Screenshot(s), tatsaechlichem Ergebnis, Datum, Tester und Umgebung dokumentieren; bei FAIL einen Bug mit Reproduktionsschritten und Verweis auf diesen Test anlegen.
- Passwoerter, Tokens, Zahlungsdaten und sonstige Geheimnisse niemals im Klartext speichern; vor dem Anhang maskieren oder schwaerzen."
KAN-607,E2-04 Nach Kartentyp und Set filtern – Treffer und Navigation,"Abgedeckte Story: KAN-24 – E2-04 Nach Kartentyp und Set filtern
Testart: Treffer und Navigation
Priorität der Story: Highest

Ziel
Relevante Produkte finden und öffnen

Vorbedingungen
- Die Anwendung ist erreichbar und die erforderlichen Testdaten sind vorbereitet.
- Der Test wird in einer isolierten Umgebung mit nachvollziehbaren Benutzerrollen ausgeführt.

Schritte
1. Repräsentative Produktdaten vorbereiten.
2. Such- oder Filterkriterien eingeben.
3. Sortierung und Pagination verwenden.
4. Detailansicht öffnen und zurück navigieren.

Erwartetes Ergebnis
Die richtigen Treffer erscheinen in stabiler Reihenfolge; der Zustand und die Produktdetails stimmen.

Responsive Viewports
- Desktop: 1440 x 900 CSS-Pixel.
- Full HD: 1920 x 1080 CSS-Pixel.
- WQHD: 2560 x 1440 CSS-Pixel.
- Ultrawide: 3440 x 1440 CSS-Pixel.
- 4K: 3840 x 2160 CSS-Pixel.
- Tablet: 768 x 1024 CSS-Pixel.
- Smartphone: 390 x 844 CSS-Pixel.
- Bei UI-Tests jeden definierten Viewport pruefen und je Viewport einen eigenen Screenshot am Testlauf hinterlegen.

Beleg und Nachbereitung
- Fuer jeden einzelnen Testschritt unmittelbar nach der Ausfuehrung einen Screenshot als Anhang am Testlauf hinterlegen.
- Der Screenshot muss die relevante Ausgangslage bzw. Eingabe und das sichtbare Ergebnis des jeweiligen Schrittes nachvollziehbar zeigen.
- Alle Schritte des Tests muessen einen eigenen Nachweis besitzen; bei Eingabeschritten sind Eingabe und anschliessende Reaktion zu dokumentieren.
- PASS nur vergeben, wenn alle Schritte erfolgreich abgeschlossen und fuer alle Schritte Screenshots hinterlegt sind.
- FAIL oder BLOCKED ebenfalls mit Screenshot(s), tatsaechlichem Ergebnis, Datum, Tester und Umgebung dokumentieren; bei FAIL einen Bug mit Reproduktionsschritten und Verweis auf diesen Test anlegen.
- Passwoerter, Tokens, Zahlungsdaten und sonstige Geheimnisse niemals im Klartext speichern; vor dem Anhang maskieren oder schwaerzen."
KAN-608,E2-04 Nach Kartentyp und Set filtern – Keine Treffer und Fehler,"Abgedeckte Story: KAN-24 – E2-04 Nach Kartentyp und Set filtern
Testart: Keine Treffer und Fehler
Priorität der Story: Highest

Ziel
Leere und technische Ergebnisse unterscheiden

Vorbedingungen
- Die Anwendung ist erreichbar und die erforderlichen Testdaten sind vorbereitet.
- Der Test wird in einer isolierten Umgebung mit nachvollziehbaren Benutzerrollen ausgeführt.

Schritte
1. Kriterium ohne Treffer verwenden.
2. Ungültige Eingabe senden.
3. Langsame oder fehlerhafte Antwort simulieren.
4. Wiederholen oder Filter zurücksetzen.

Erwartetes Ergebnis
Leere und technische Zustände sind verständlich getrennt; die angebotenen Folgeaktionen funktionieren.

Responsive Viewports
- Desktop: 1440 x 900 CSS-Pixel.
- Full HD: 1920 x 1080 CSS-Pixel.
- WQHD: 2560 x 1440 CSS-Pixel.
- Ultrawide: 3440 x 1440 CSS-Pixel.
- 4K: 3840 x 2160 CSS-Pixel.
- Tablet: 768 x 1024 CSS-Pixel.
- Smartphone: 390 x 844 CSS-Pixel.
- Bei UI-Tests jeden definierten Viewport pruefen und je Viewport einen eigenen Screenshot am Testlauf hinterlegen.

Beleg und Nachbereitung
- Fuer jeden einzelnen Testschritt unmittelbar nach der Ausfuehrung einen Screenshot als Anhang am Testlauf hinterlegen.
- Der Screenshot muss die relevante Ausgangslage bzw. Eingabe und das sichtbare Ergebnis des jeweiligen Schrittes nachvollziehbar zeigen.
- Alle Schritte des Tests muessen einen eigenen Nachweis besitzen; bei Eingabeschritten sind Eingabe und anschliessende Reaktion zu dokumentieren.
- PASS nur vergeben, wenn alle Schritte erfolgreich abgeschlossen und fuer alle Schritte Screenshots hinterlegt sind.
- FAIL oder BLOCKED ebenfalls mit Screenshot(s), tatsaechlichem Ergebnis, Datum, Tester und Umgebung dokumentieren; bei FAIL einen Bug mit Reproduktionsschritten und Verweis auf diesen Test anlegen.
- Passwoerter, Tokens, Zahlungsdaten und sonstige Geheimnisse niemals im Klartext speichern; vor dem Anhang maskieren oder schwaerzen."
KAN-609,E2-04 Nach Kartentyp und Set filtern – Responsive und Accessibility,"Abgedeckte Story: KAN-24 – E2-04 Nach Kartentyp und Set filtern
Testart: Responsive und Accessibility
Priorität der Story: Highest

Ziel
Suche und Detailansicht ohne Maus nutzen

Vorbedingungen
- Die Anwendung ist erreichbar und die erforderlichen Testdaten sind vorbereitet.
- Der Test wird in einer isolierten Umgebung mit nachvollziehbaren Benutzerrollen ausgeführt.

Schritte
1. Desktop-, Tablet- und Smartphone-Breite testen.
2. Nur Tastatur verwenden.
3. Fokus und Screenreader-Namen prüfen.
4. Bilder und Text bei anderer Auflösung prüfen.

Erwartetes Ergebnis
Kein Überlauf oder Fokusverlust tritt auf; Inhalte und Aktionen bleiben wahrnehmbar und bedienbar.

Responsive Viewports
- Desktop: 1440 x 900 CSS-Pixel.
- Full HD: 1920 x 1080 CSS-Pixel.
- WQHD: 2560 x 1440 CSS-Pixel.
- Ultrawide: 3440 x 1440 CSS-Pixel.
- 4K: 3840 x 2160 CSS-Pixel.
- Tablet: 768 x 1024 CSS-Pixel.
- Smartphone: 390 x 844 CSS-Pixel.
- Bei UI-Tests jeden definierten Viewport pruefen und je Viewport einen eigenen Screenshot am Testlauf hinterlegen.

Beleg und Nachbereitung
- Fuer jeden einzelnen Testschritt unmittelbar nach der Ausfuehrung einen Screenshot als Anhang am Testlauf hinterlegen.
- Der Screenshot muss die relevante Ausgangslage bzw. Eingabe und das sichtbare Ergebnis des jeweiligen Schrittes nachvollziehbar zeigen.
- Alle Schritte des Tests muessen einen eigenen Nachweis besitzen; bei Eingabeschritten sind Eingabe und anschliessende Reaktion zu dokumentieren.
- PASS nur vergeben, wenn alle Schritte erfolgreich abgeschlossen und fuer alle Schritte Screenshots hinterlegt sind.
- FAIL oder BLOCKED ebenfalls mit Screenshot(s), tatsaechlichem Ergebnis, Datum, Tester und Umgebung dokumentieren; bei FAIL einen Bug mit Reproduktionsschritten und Verweis auf diesen Test anlegen.
- Passwoerter, Tokens, Zahlungsdaten und sonstige Geheimnisse niemals im Klartext speichern; vor dem Anhang maskieren oder schwaerzen."
KAN-610,E2-05 Nach Zustand filtern – Treffer und Navigation,"Abgedeckte Story: KAN-25 – E2-05 Nach Zustand filtern
Testart: Treffer und Navigation
Priorität der Story: Highest

Ziel
Relevante Produkte finden und öffnen

Vorbedingungen
- Die Anwendung ist erreichbar und die erforderlichen Testdaten sind vorbereitet.
- Der Test wird in einer isolierten Umgebung mit nachvollziehbaren Benutzerrollen ausgeführt.

Schritte
1. Repräsentative Produktdaten vorbereiten.
2. Such- oder Filterkriterien eingeben.
3. Sortierung und Pagination verwenden.
4. Detailansicht öffnen und zurück navigieren.

Erwartetes Ergebnis
Die richtigen Treffer erscheinen in stabiler Reihenfolge; der Zustand und die Produktdetails stimmen.

Responsive Viewports
- Desktop: 1440 x 900 CSS-Pixel.
- Full HD: 1920 x 1080 CSS-Pixel.
- WQHD: 2560 x 1440 CSS-Pixel.
- Ultrawide: 3440 x 1440 CSS-Pixel.
- 4K: 3840 x 2160 CSS-Pixel.
- Tablet: 768 x 1024 CSS-Pixel.
- Smartphone: 390 x 844 CSS-Pixel.
- Bei UI-Tests jeden definierten Viewport pruefen und je Viewport einen eigenen Screenshot am Testlauf hinterlegen.

Beleg und Nachbereitung
- Fuer jeden einzelnen Testschritt unmittelbar nach der Ausfuehrung einen Screenshot als Anhang am Testlauf hinterlegen.
- Der Screenshot muss die relevante Ausgangslage bzw. Eingabe und das sichtbare Ergebnis des jeweiligen Schrittes nachvollziehbar zeigen.
- Alle Schritte des Tests muessen einen eigenen Nachweis besitzen; bei Eingabeschritten sind Eingabe und anschliessende Reaktion zu dokumentieren.
- PASS nur vergeben, wenn alle Schritte erfolgreich abgeschlossen und fuer alle Schritte Screenshots hinterlegt sind.
- FAIL oder BLOCKED ebenfalls mit Screenshot(s), tatsaechlichem Ergebnis, Datum, Tester und Umgebung dokumentieren; bei FAIL einen Bug mit Reproduktionsschritten und Verweis auf diesen Test anlegen.
- Passwoerter, Tokens, Zahlungsdaten und sonstige Geheimnisse niemals im Klartext speichern; vor dem Anhang maskieren oder schwaerzen."
KAN-611,E2-05 Nach Zustand filtern – Keine Treffer und Fehler,"Abgedeckte Story: KAN-25 – E2-05 Nach Zustand filtern
Testart: Keine Treffer und Fehler
Priorität der Story: Highest

Ziel
Leere und technische Ergebnisse unterscheiden

Vorbedingungen
- Die Anwendung ist erreichbar und die erforderlichen Testdaten sind vorbereitet.
- Der Test wird in einer isolierten Umgebung mit nachvollziehbaren Benutzerrollen ausgeführt.

Schritte
1. Kriterium ohne Treffer verwenden.
2. Ungültige Eingabe senden.
3. Langsame oder fehlerhafte Antwort simulieren.
4. Wiederholen oder Filter zurücksetzen.

Erwartetes Ergebnis
Leere und technische Zustände sind verständlich getrennt; die angebotenen Folgeaktionen funktionieren.

Responsive Viewports
- Desktop: 1440 x 900 CSS-Pixel.
- Full HD: 1920 x 1080 CSS-Pixel.
- WQHD: 2560 x 1440 CSS-Pixel.
- Ultrawide: 3440 x 1440 CSS-Pixel.
- 4K: 3840 x 2160 CSS-Pixel.
- Tablet: 768 x 1024 CSS-Pixel.
- Smartphone: 390 x 844 CSS-Pixel.
- Bei UI-Tests jeden definierten Viewport pruefen und je Viewport einen eigenen Screenshot am Testlauf hinterlegen.

Beleg und Nachbereitung
- Fuer jeden einzelnen Testschritt unmittelbar nach der Ausfuehrung einen Screenshot als Anhang am Testlauf hinterlegen.
- Der Screenshot muss die relevante Ausgangslage bzw. Eingabe und das sichtbare Ergebnis des jeweiligen Schrittes nachvollziehbar zeigen.
- Alle Schritte des Tests muessen einen eigenen Nachweis besitzen; bei Eingabeschritten sind Eingabe und anschliessende Reaktion zu dokumentieren.
- PASS nur vergeben, wenn alle Schritte erfolgreich abgeschlossen und fuer alle Schritte Screenshots hinterlegt sind.
- FAIL oder BLOCKED ebenfalls mit Screenshot(s), tatsaechlichem Ergebnis, Datum, Tester und Umgebung dokumentieren; bei FAIL einen Bug mit Reproduktionsschritten und Verweis auf diesen Test anlegen.
- Passwoerter, Tokens, Zahlungsdaten und sonstige Geheimnisse niemals im Klartext speichern; vor dem Anhang maskieren oder schwaerzen."
KAN-612,E2-05 Nach Zustand filtern – Responsive und Accessibility,"Abgedeckte Story: KAN-25 – E2-05 Nach Zustand filtern
Testart: Responsive und Accessibility
Priorität der Story: Highest

Ziel
Suche und Detailansicht ohne Maus nutzen

Vorbedingungen
- Die Anwendung ist erreichbar und die erforderlichen Testdaten sind vorbereitet.
- Der Test wird in einer isolierten Umgebung mit nachvollziehbaren Benutzerrollen ausgeführt.

Schritte
1. Desktop-, Tablet- und Smartphone-Breite testen.
2. Nur Tastatur verwenden.
3. Fokus und Screenreader-Namen prüfen.
4. Bilder und Text bei anderer Auflösung prüfen.

Erwartetes Ergebnis
Kein Überlauf oder Fokusverlust tritt auf; Inhalte und Aktionen bleiben wahrnehmbar und bedienbar.

Responsive Viewports
- Desktop: 1440 x 900 CSS-Pixel.
- Full HD: 1920 x 1080 CSS-Pixel.
- WQHD: 2560 x 1440 CSS-Pixel.
- Ultrawide: 3440 x 1440 CSS-Pixel.
- 4K: 3840 x 2160 CSS-Pixel.
- Tablet: 768 x 1024 CSS-Pixel.
- Smartphone: 390 x 844 CSS-Pixel.
- Bei UI-Tests jeden definierten Viewport pruefen und je Viewport einen eigenen Screenshot am Testlauf hinterlegen.

Beleg und Nachbereitung
- Fuer jeden einzelnen Testschritt unmittelbar nach der Ausfuehrung einen Screenshot als Anhang am Testlauf hinterlegen.
- Der Screenshot muss die relevante Ausgangslage bzw. Eingabe und das sichtbare Ergebnis des jeweiligen Schrittes nachvollziehbar zeigen.
- Alle Schritte des Tests muessen einen eigenen Nachweis besitzen; bei Eingabeschritten sind Eingabe und anschliessende Reaktion zu dokumentieren.
- PASS nur vergeben, wenn alle Schritte erfolgreich abgeschlossen und fuer alle Schritte Screenshots hinterlegt sind.
- FAIL oder BLOCKED ebenfalls mit Screenshot(s), tatsaechlichem Ergebnis, Datum, Tester und Umgebung dokumentieren; bei FAIL einen Bug mit Reproduktionsschritten und Verweis auf diesen Test anlegen.
- Passwoerter, Tokens, Zahlungsdaten und sonstige Geheimnisse niemals im Klartext speichern; vor dem Anhang maskieren oder schwaerzen."
KAN-613,E2-06 Nach Preis und Verfügbarkeit filtern – Treffer und Navigation,"Abgedeckte Story: KAN-26 – E2-06 Nach Preis und Verfügbarkeit filtern
Testart: Treffer und Navigation
Priorität der Story: Highest

Ziel
Relevante Produkte finden und öffnen

Vorbedingungen
- Die Anwendung ist erreichbar und die erforderlichen Testdaten sind vorbereitet.
- Der Test wird in einer isolierten Umgebung mit nachvollziehbaren Benutzerrollen ausgeführt.

Schritte
1. Repräsentative Produktdaten vorbereiten.
2. Such- oder Filterkriterien eingeben.
3. Sortierung und Pagination verwenden.
4. Detailansicht öffnen und zurück navigieren.

Erwartetes Ergebnis
Die richtigen Treffer erscheinen in stabiler Reihenfolge; der Zustand und die Produktdetails stimmen.

Responsive Viewports
- Desktop: 1440 x 900 CSS-Pixel.
- Full HD: 1920 x 1080 CSS-Pixel.
- WQHD: 2560 x 1440 CSS-Pixel.
- Ultrawide: 3440 x 1440 CSS-Pixel.
- 4K: 3840 x 2160 CSS-Pixel.
- Tablet: 768 x 1024 CSS-Pixel.
- Smartphone: 390 x 844 CSS-Pixel.
- Bei UI-Tests jeden definierten Viewport pruefen und je Viewport einen eigenen Screenshot am Testlauf hinterlegen.

Beleg und Nachbereitung
- Fuer jeden einzelnen Testschritt unmittelbar nach der Ausfuehrung einen Screenshot als Anhang am Testlauf hinterlegen.
- Der Screenshot muss die relevante Ausgangslage bzw. Eingabe und das sichtbare Ergebnis des jeweiligen Schrittes nachvollziehbar zeigen.
- Alle Schritte des Tests muessen einen eigenen Nachweis besitzen; bei Eingabeschritten sind Eingabe und anschliessende Reaktion zu dokumentieren.
- PASS nur vergeben, wenn alle Schritte erfolgreich abgeschlossen und fuer alle Schritte Screenshots hinterlegt sind.
- FAIL oder BLOCKED ebenfalls mit Screenshot(s), tatsaechlichem Ergebnis, Datum, Tester und Umgebung dokumentieren; bei FAIL einen Bug mit Reproduktionsschritten und Verweis auf diesen Test anlegen.
- Passwoerter, Tokens, Zahlungsdaten und sonstige Geheimnisse niemals im Klartext speichern; vor dem Anhang maskieren oder schwaerzen."
KAN-614,E2-06 Nach Preis und Verfügbarkeit filtern – Keine Treffer und Fehler,"Abgedeckte Story: KAN-26 – E2-06 Nach Preis und Verfügbarkeit filtern
Testart: Keine Treffer und Fehler
Priorität der Story: Highest

Ziel
Leere und technische Ergebnisse unterscheiden

Vorbedingungen
- Die Anwendung ist erreichbar und die erforderlichen Testdaten sind vorbereitet.
- Der Test wird in einer isolierten Umgebung mit nachvollziehbaren Benutzerrollen ausgeführt.

Schritte
1. Kriterium ohne Treffer verwenden.
2. Ungültige Eingabe senden.
3. Langsame oder fehlerhafte Antwort simulieren.
4. Wiederholen oder Filter zurücksetzen.

Erwartetes Ergebnis
Leere und technische Zustände sind verständlich getrennt; die angebotenen Folgeaktionen funktionieren.

Responsive Viewports
- Desktop: 1440 x 900 CSS-Pixel.
- Full HD: 1920 x 1080 CSS-Pixel.
- WQHD: 2560 x 1440 CSS-Pixel.
- Ultrawide: 3440 x 1440 CSS-Pixel.
- 4K: 3840 x 2160 CSS-Pixel.
- Tablet: 768 x 1024 CSS-Pixel.
- Smartphone: 390 x 844 CSS-Pixel.
- Bei UI-Tests jeden definierten Viewport pruefen und je Viewport einen eigenen Screenshot am Testlauf hinterlegen.

Beleg und Nachbereitung
- Fuer jeden einzelnen Testschritt unmittelbar nach der Ausfuehrung einen Screenshot als Anhang am Testlauf hinterlegen.
- Der Screenshot muss die relevante Ausgangslage bzw. Eingabe und das sichtbare Ergebnis des jeweiligen Schrittes nachvollziehbar zeigen.
- Alle Schritte des Tests muessen einen eigenen Nachweis besitzen; bei Eingabeschritten sind Eingabe und anschliessende Reaktion zu dokumentieren.
- PASS nur vergeben, wenn alle Schritte erfolgreich abgeschlossen und fuer alle Schritte Screenshots hinterlegt sind.
- FAIL oder BLOCKED ebenfalls mit Screenshot(s), tatsaechlichem Ergebnis, Datum, Tester und Umgebung dokumentieren; bei FAIL einen Bug mit Reproduktionsschritten und Verweis auf diesen Test anlegen.
- Passwoerter, Tokens, Zahlungsdaten und sonstige Geheimnisse niemals im Klartext speichern; vor dem Anhang maskieren oder schwaerzen."
KAN-615,E2-06 Nach Preis und Verfügbarkeit filtern – Responsive und Accessibility,"Abgedeckte Story: KAN-26 – E2-06 Nach Preis und Verfügbarkeit filtern
Testart: Responsive und Accessibility
Priorität der Story: Highest

Ziel
Suche und Detailansicht ohne Maus nutzen

Vorbedingungen
- Die Anwendung ist erreichbar und die erforderlichen Testdaten sind vorbereitet.
- Der Test wird in einer isolierten Umgebung mit nachvollziehbaren Benutzerrollen ausgeführt.

Schritte
1. Desktop-, Tablet- und Smartphone-Breite testen.
2. Nur Tastatur verwenden.
3. Fokus und Screenreader-Namen prüfen.
4. Bilder und Text bei anderer Auflösung prüfen.

Erwartetes Ergebnis
Kein Überlauf oder Fokusverlust tritt auf; Inhalte und Aktionen bleiben wahrnehmbar und bedienbar.

Responsive Viewports
- Desktop: 1440 x 900 CSS-Pixel.
- Full HD: 1920 x 1080 CSS-Pixel.
- WQHD: 2560 x 1440 CSS-Pixel.
- Ultrawide: 3440 x 1440 CSS-Pixel.
- 4K: 3840 x 2160 CSS-Pixel.
- Tablet: 768 x 1024 CSS-Pixel.
- Smartphone: 390 x 844 CSS-Pixel.
- Bei UI-Tests jeden definierten Viewport pruefen und je Viewport einen eigenen Screenshot am Testlauf hinterlegen.

Beleg und Nachbereitung
- Fuer jeden einzelnen Testschritt unmittelbar nach der Ausfuehrung einen Screenshot als Anhang am Testlauf hinterlegen.
- Der Screenshot muss die relevante Ausgangslage bzw. Eingabe und das sichtbare Ergebnis des jeweiligen Schrittes nachvollziehbar zeigen.
- Alle Schritte des Tests muessen einen eigenen Nachweis besitzen; bei Eingabeschritten sind Eingabe und anschliessende Reaktion zu dokumentieren.
- PASS nur vergeben, wenn alle Schritte erfolgreich abgeschlossen und fuer alle Schritte Screenshots hinterlegt sind.
- FAIL oder BLOCKED ebenfalls mit Screenshot(s), tatsaechlichem Ergebnis, Datum, Tester und Umgebung dokumentieren; bei FAIL einen Bug mit Reproduktionsschritten und Verweis auf diesen Test anlegen.
- Passwoerter, Tokens, Zahlungsdaten und sonstige Geheimnisse niemals im Klartext speichern; vor dem Anhang maskieren oder schwaerzen."
KAN-616,E2-07 Filter kombinieren – Treffer und Navigation,"Abgedeckte Story: KAN-27 – E2-07 Filter kombinieren
Testart: Treffer und Navigation
Priorität der Story: Highest

Ziel
Relevante Produkte finden und öffnen

Vorbedingungen
- Die Anwendung ist erreichbar und die erforderlichen Testdaten sind vorbereitet.
- Der Test wird in einer isolierten Umgebung mit nachvollziehbaren Benutzerrollen ausgeführt.

Schritte
1. Repräsentative Produktdaten vorbereiten.
2. Such- oder Filterkriterien eingeben.
3. Sortierung und Pagination verwenden.
4. Detailansicht öffnen und zurück navigieren.

Erwartetes Ergebnis
Die richtigen Treffer erscheinen in stabiler Reihenfolge; der Zustand und die Produktdetails stimmen.

Responsive Viewports
- Desktop: 1440 x 900 CSS-Pixel.
- Full HD: 1920 x 1080 CSS-Pixel.
- WQHD: 2560 x 1440 CSS-Pixel.
- Ultrawide: 3440 x 1440 CSS-Pixel.
- 4K: 3840 x 2160 CSS-Pixel.
- Tablet: 768 x 1024 CSS-Pixel.
- Smartphone: 390 x 844 CSS-Pixel.
- Bei UI-Tests jeden definierten Viewport pruefen und je Viewport einen eigenen Screenshot am Testlauf hinterlegen.

Beleg und Nachbereitung
- Fuer jeden einzelnen Testschritt unmittelbar nach der Ausfuehrung einen Screenshot als Anhang am Testlauf hinterlegen.
- Der Screenshot muss die relevante Ausgangslage bzw. Eingabe und das sichtbare Ergebnis des jeweiligen Schrittes nachvollziehbar zeigen.
- Alle Schritte des Tests muessen einen eigenen Nachweis besitzen; bei Eingabeschritten sind Eingabe und anschliessende Reaktion zu dokumentieren.
- PASS nur vergeben, wenn alle Schritte erfolgreich abgeschlossen und fuer alle Schritte Screenshots hinterlegt sind.
- FAIL oder BLOCKED ebenfalls mit Screenshot(s), tatsaechlichem Ergebnis, Datum, Tester und Umgebung dokumentieren; bei FAIL einen Bug mit Reproduktionsschritten und Verweis auf diesen Test anlegen.
- Passwoerter, Tokens, Zahlungsdaten und sonstige Geheimnisse niemals im Klartext speichern; vor dem Anhang maskieren oder schwaerzen."
KAN-617,E2-07 Filter kombinieren – Keine Treffer und Fehler,"Abgedeckte Story: KAN-27 – E2-07 Filter kombinieren
Testart: Keine Treffer und Fehler
Priorität der Story: Highest

Ziel
Leere und technische Ergebnisse unterscheiden

Vorbedingungen
- Die Anwendung ist erreichbar und die erforderlichen Testdaten sind vorbereitet.
- Der Test wird in einer isolierten Umgebung mit nachvollziehbaren Benutzerrollen ausgeführt.

Schritte
1. Kriterium ohne Treffer verwenden.
2. Ungültige Eingabe senden.
3. Langsame oder fehlerhafte Antwort simulieren.
4. Wiederholen oder Filter zurücksetzen.

Erwartetes Ergebnis
Leere und technische Zustände sind verständlich getrennt; die angebotenen Folgeaktionen funktionieren.

Responsive Viewports
- Desktop: 1440 x 900 CSS-Pixel.
- Full HD: 1920 x 1080 CSS-Pixel.
- WQHD: 2560 x 1440 CSS-Pixel.
- Ultrawide: 3440 x 1440 CSS-Pixel.
- 4K: 3840 x 2160 CSS-Pixel.
- Tablet: 768 x 1024 CSS-Pixel.
- Smartphone: 390 x 844 CSS-Pixel.
- Bei UI-Tests jeden definierten Viewport pruefen und je Viewport einen eigenen Screenshot am Testlauf hinterlegen.

Beleg und Nachbereitung
- Fuer jeden einzelnen Testschritt unmittelbar nach der Ausfuehrung einen Screenshot als Anhang am Testlauf hinterlegen.
- Der Screenshot muss die relevante Ausgangslage bzw. Eingabe und das sichtbare Ergebnis des jeweiligen Schrittes nachvollziehbar zeigen.
- Alle Schritte des Tests muessen einen eigenen Nachweis besitzen; bei Eingabeschritten sind Eingabe und anschliessende Reaktion zu dokumentieren.
- PASS nur vergeben, wenn alle Schritte erfolgreich abgeschlossen und fuer alle Schritte Screenshots hinterlegt sind.
- FAIL oder BLOCKED ebenfalls mit Screenshot(s), tatsaechlichem Ergebnis, Datum, Tester und Umgebung dokumentieren; bei FAIL einen Bug mit Reproduktionsschritten und Verweis auf diesen Test anlegen.
- Passwoerter, Tokens, Zahlungsdaten und sonstige Geheimnisse niemals im Klartext speichern; vor dem Anhang maskieren oder schwaerzen."
KAN-618,E2-07 Filter kombinieren – Responsive und Accessibility,"Abgedeckte Story: KAN-27 – E2-07 Filter kombinieren
Testart: Responsive und Accessibility
Priorität der Story: Highest

Ziel
Suche und Detailansicht ohne Maus nutzen

Vorbedingungen
- Die Anwendung ist erreichbar und die erforderlichen Testdaten sind vorbereitet.
- Der Test wird in einer isolierten Umgebung mit nachvollziehbaren Benutzerrollen ausgeführt.

Schritte
1. Desktop-, Tablet- und Smartphone-Breite testen.
2. Nur Tastatur verwenden.
3. Fokus und Screenreader-Namen prüfen.
4. Bilder und Text bei anderer Auflösung prüfen.

Erwartetes Ergebnis
Kein Überlauf oder Fokusverlust tritt auf; Inhalte und Aktionen bleiben wahrnehmbar und bedienbar.

Responsive Viewports
- Desktop: 1440 x 900 CSS-Pixel.
- Full HD: 1920 x 1080 CSS-Pixel.
- WQHD: 2560 x 1440 CSS-Pixel.
- Ultrawide: 3440 x 1440 CSS-Pixel.
- 4K: 3840 x 2160 CSS-Pixel.
- Tablet: 768 x 1024 CSS-Pixel.
- Smartphone: 390 x 844 CSS-Pixel.
- Bei UI-Tests jeden definierten Viewport pruefen und je Viewport einen eigenen Screenshot am Testlauf hinterlegen.

Beleg und Nachbereitung
- Fuer jeden einzelnen Testschritt unmittelbar nach der Ausfuehrung einen Screenshot als Anhang am Testlauf hinterlegen.
- Der Screenshot muss die relevante Ausgangslage bzw. Eingabe und das sichtbare Ergebnis des jeweiligen Schrittes nachvollziehbar zeigen.
- Alle Schritte des Tests muessen einen eigenen Nachweis besitzen; bei Eingabeschritten sind Eingabe und anschliessende Reaktion zu dokumentieren.
- PASS nur vergeben, wenn alle Schritte erfolgreich abgeschlossen und fuer alle Schritte Screenshots hinterlegt sind.
- FAIL oder BLOCKED ebenfalls mit Screenshot(s), tatsaechlichem Ergebnis, Datum, Tester und Umgebung dokumentieren; bei FAIL einen Bug mit Reproduktionsschritten und Verweis auf diesen Test anlegen.
- Passwoerter, Tokens, Zahlungsdaten und sonstige Geheimnisse niemals im Klartext speichern; vor dem Anhang maskieren oder schwaerzen."
KAN-619,E2-08 Ergebnisse sortieren – Treffer und Navigation,"Abgedeckte Story: KAN-28 – E2-08 Ergebnisse sortieren
Testart: Treffer und Navigation
Priorität der Story: Highest

Ziel
Relevante Produkte finden und öffnen

Vorbedingungen
- Die Anwendung ist erreichbar und die erforderlichen Testdaten sind vorbereitet.
- Der Test wird in einer isolierten Umgebung mit nachvollziehbaren Benutzerrollen ausgeführt.

Schritte
1. Repräsentative Produktdaten vorbereiten.
2. Such- oder Filterkriterien eingeben.
3. Sortierung und Pagination verwenden.
4. Detailansicht öffnen und zurück navigieren.

Erwartetes Ergebnis
Die richtigen Treffer erscheinen in stabiler Reihenfolge; der Zustand und die Produktdetails stimmen.

Responsive Viewports
- Desktop: 1440 x 900 CSS-Pixel.
- Full HD: 1920 x 1080 CSS-Pixel.
- WQHD: 2560 x 1440 CSS-Pixel.
- Ultrawide: 3440 x 1440 CSS-Pixel.
- 4K: 3840 x 2160 CSS-Pixel.
- Tablet: 768 x 1024 CSS-Pixel.
- Smartphone: 390 x 844 CSS-Pixel.
- Bei UI-Tests jeden definierten Viewport pruefen und je Viewport einen eigenen Screenshot am Testlauf hinterlegen.

Beleg und Nachbereitung
- Fuer jeden einzelnen Testschritt unmittelbar nach der Ausfuehrung einen Screenshot als Anhang am Testlauf hinterlegen.
- Der Screenshot muss die relevante Ausgangslage bzw. Eingabe und das sichtbare Ergebnis des jeweiligen Schrittes nachvollziehbar zeigen.
- Alle Schritte des Tests muessen einen eigenen Nachweis besitzen; bei Eingabeschritten sind Eingabe und anschliessende Reaktion zu dokumentieren.
- PASS nur vergeben, wenn alle Schritte erfolgreich abgeschlossen und fuer alle Schritte Screenshots hinterlegt sind.
- FAIL oder BLOCKED ebenfalls mit Screenshot(s), tatsaechlichem Ergebnis, Datum, Tester und Umgebung dokumentieren; bei FAIL einen Bug mit Reproduktionsschritten und Verweis auf diesen Test anlegen.
- Passwoerter, Tokens, Zahlungsdaten und sonstige Geheimnisse niemals im Klartext speichern; vor dem Anhang maskieren oder schwaerzen."
KAN-620,E2-08 Ergebnisse sortieren – Keine Treffer und Fehler,"Abgedeckte Story: KAN-28 – E2-08 Ergebnisse sortieren
Testart: Keine Treffer und Fehler
Priorität der Story: Highest

Ziel
Leere und technische Ergebnisse unterscheiden

Vorbedingungen
- Die Anwendung ist erreichbar und die erforderlichen Testdaten sind vorbereitet.
- Der Test wird in einer isolierten Umgebung mit nachvollziehbaren Benutzerrollen ausgeführt.

Schritte
1. Kriterium ohne Treffer verwenden.
2. Ungültige Eingabe senden.
3. Langsame oder fehlerhafte Antwort simulieren.
4. Wiederholen oder Filter zurücksetzen.

Erwartetes Ergebnis
Leere und technische Zustände sind verständlich getrennt; die angebotenen Folgeaktionen funktionieren.

Responsive Viewports
- Desktop: 1440 x 900 CSS-Pixel.
- Full HD: 1920 x 1080 CSS-Pixel.
- WQHD: 2560 x 1440 CSS-Pixel.
- Ultrawide: 3440 x 1440 CSS-Pixel.
- 4K: 3840 x 2160 CSS-Pixel.
- Tablet: 768 x 1024 CSS-Pixel.
- Smartphone: 390 x 844 CSS-Pixel.
- Bei UI-Tests jeden definierten Viewport pruefen und je Viewport einen eigenen Screenshot am Testlauf hinterlegen.

Beleg und Nachbereitung
- Fuer jeden einzelnen Testschritt unmittelbar nach der Ausfuehrung einen Screenshot als Anhang am Testlauf hinterlegen.
- Der Screenshot muss die relevante Ausgangslage bzw. Eingabe und das sichtbare Ergebnis des jeweiligen Schrittes nachvollziehbar zeigen.
- Alle Schritte des Tests muessen einen eigenen Nachweis besitzen; bei Eingabeschritten sind Eingabe und anschliessende Reaktion zu dokumentieren.
- PASS nur vergeben, wenn alle Schritte erfolgreich abgeschlossen und fuer alle Schritte Screenshots hinterlegt sind.
- FAIL oder BLOCKED ebenfalls mit Screenshot(s), tatsaechlichem Ergebnis, Datum, Tester und Umgebung dokumentieren; bei FAIL einen Bug mit Reproduktionsschritten und Verweis auf diesen Test anlegen.
- Passwoerter, Tokens, Zahlungsdaten und sonstige Geheimnisse niemals im Klartext speichern; vor dem Anhang maskieren oder schwaerzen."
KAN-621,E2-08 Ergebnisse sortieren – Responsive und Accessibility,"Abgedeckte Story: KAN-28 – E2-08 Ergebnisse sortieren
Testart: Responsive und Accessibility
Priorität der Story: Highest

Ziel
Suche und Detailansicht ohne Maus nutzen

Vorbedingungen
- Die Anwendung ist erreichbar und die erforderlichen Testdaten sind vorbereitet.
- Der Test wird in einer isolierten Umgebung mit nachvollziehbaren Benutzerrollen ausgeführt.

Schritte
1. Desktop-, Tablet- und Smartphone-Breite testen.
2. Nur Tastatur verwenden.
3. Fokus und Screenreader-Namen prüfen.
4. Bilder und Text bei anderer Auflösung prüfen.

Erwartetes Ergebnis
Kein Überlauf oder Fokusverlust tritt auf; Inhalte und Aktionen bleiben wahrnehmbar und bedienbar.

Responsive Viewports
- Desktop: 1440 x 900 CSS-Pixel.
- Full HD: 1920 x 1080 CSS-Pixel.
- WQHD: 2560 x 1440 CSS-Pixel.
- Ultrawide: 3440 x 1440 CSS-Pixel.
- 4K: 3840 x 2160 CSS-Pixel.
- Tablet: 768 x 1024 CSS-Pixel.
- Smartphone: 390 x 844 CSS-Pixel.
- Bei UI-Tests jeden definierten Viewport pruefen und je Viewport einen eigenen Screenshot am Testlauf hinterlegen.

Beleg und Nachbereitung
- Fuer jeden einzelnen Testschritt unmittelbar nach der Ausfuehrung einen Screenshot als Anhang am Testlauf hinterlegen.
- Der Screenshot muss die relevante Ausgangslage bzw. Eingabe und das sichtbare Ergebnis des jeweiligen Schrittes nachvollziehbar zeigen.
- Alle Schritte des Tests muessen einen eigenen Nachweis besitzen; bei Eingabeschritten sind Eingabe und anschliessende Reaktion zu dokumentieren.
- PASS nur vergeben, wenn alle Schritte erfolgreich abgeschlossen und fuer alle Schritte Screenshots hinterlegt sind.
- FAIL oder BLOCKED ebenfalls mit Screenshot(s), tatsaechlichem Ergebnis, Datum, Tester und Umgebung dokumentieren; bei FAIL einen Bug mit Reproduktionsschritten und Verweis auf diesen Test anlegen.
- Passwoerter, Tokens, Zahlungsdaten und sonstige Geheimnisse niemals im Klartext speichern; vor dem Anhang maskieren oder schwaerzen."
KAN-622,E2-09 Ergebnisse paginieren – Treffer und Navigation,"Abgedeckte Story: KAN-29 – E2-09 Ergebnisse paginieren
Testart: Treffer und Navigation
Priorität der Story: Highest

Ziel
Relevante Produkte finden und öffnen

Vorbedingungen
- Die Anwendung ist erreichbar und die erforderlichen Testdaten sind vorbereitet.
- Der Test wird in einer isolierten Umgebung mit nachvollziehbaren Benutzerrollen ausgeführt.

Schritte
1. Repräsentative Produktdaten vorbereiten.
2. Such- oder Filterkriterien eingeben.
3. Sortierung und Pagination verwenden.
4. Detailansicht öffnen und zurück navigieren.

Erwartetes Ergebnis
Die richtigen Treffer erscheinen in stabiler Reihenfolge; der Zustand und die Produktdetails stimmen.

Responsive Viewports
- Desktop: 1440 x 900 CSS-Pixel.
- Full HD: 1920 x 1080 CSS-Pixel.
- WQHD: 2560 x 1440 CSS-Pixel.
- Ultrawide: 3440 x 1440 CSS-Pixel.
- 4K: 3840 x 2160 CSS-Pixel.
- Tablet: 768 x 1024 CSS-Pixel.
- Smartphone: 390 x 844 CSS-Pixel.
- Bei UI-Tests jeden definierten Viewport pruefen und je Viewport einen eigenen Screenshot am Testlauf hinterlegen.

Beleg und Nachbereitung
- Fuer jeden einzelnen Testschritt unmittelbar nach der Ausfuehrung einen Screenshot als Anhang am Testlauf hinterlegen.
- Der Screenshot muss die relevante Ausgangslage bzw. Eingabe und das sichtbare Ergebnis des jeweiligen Schrittes nachvollziehbar zeigen.
- Alle Schritte des Tests muessen einen eigenen Nachweis besitzen; bei Eingabeschritten sind Eingabe und anschliessende Reaktion zu dokumentieren.
- PASS nur vergeben, wenn alle Schritte erfolgreich abgeschlossen und fuer alle Schritte Screenshots hinterlegt sind.
- FAIL oder BLOCKED ebenfalls mit Screenshot(s), tatsaechlichem Ergebnis, Datum, Tester und Umgebung dokumentieren; bei FAIL einen Bug mit Reproduktionsschritten und Verweis auf diesen Test anlegen.
- Passwoerter, Tokens, Zahlungsdaten und sonstige Geheimnisse niemals im Klartext speichern; vor dem Anhang maskieren oder schwaerzen."
KAN-623,E2-09 Ergebnisse paginieren – Keine Treffer und Fehler,"Abgedeckte Story: KAN-29 – E2-09 Ergebnisse paginieren
Testart: Keine Treffer und Fehler
Priorität der Story: Highest

Ziel
Leere und technische Ergebnisse unterscheiden

Vorbedingungen
- Die Anwendung ist erreichbar und die erforderlichen Testdaten sind vorbereitet.
- Der Test wird in einer isolierten Umgebung mit nachvollziehbaren Benutzerrollen ausgeführt.

Schritte
1. Kriterium ohne Treffer verwenden.
2. Ungültige Eingabe senden.
3. Langsame oder fehlerhafte Antwort simulieren.
4. Wiederholen oder Filter zurücksetzen.

Erwartetes Ergebnis
Leere und technische Zustände sind verständlich getrennt; die angebotenen Folgeaktionen funktionieren.

Responsive Viewports
- Desktop: 1440 x 900 CSS-Pixel.
- Full HD: 1920 x 1080 CSS-Pixel.
- WQHD: 2560 x 1440 CSS-Pixel.
- Ultrawide: 3440 x 1440 CSS-Pixel.
- 4K: 3840 x 2160 CSS-Pixel.
- Tablet: 768 x 1024 CSS-Pixel.
- Smartphone: 390 x 844 CSS-Pixel.
- Bei UI-Tests jeden definierten Viewport pruefen und je Viewport einen eigenen Screenshot am Testlauf hinterlegen.

Beleg und Nachbereitung
- Fuer jeden einzelnen Testschritt unmittelbar nach der Ausfuehrung einen Screenshot als Anhang am Testlauf hinterlegen.
- Der Screenshot muss die relevante Ausgangslage bzw. Eingabe und das sichtbare Ergebnis des jeweiligen Schrittes nachvollziehbar zeigen.
- Alle Schritte des Tests muessen einen eigenen Nachweis besitzen; bei Eingabeschritten sind Eingabe und anschliessende Reaktion zu dokumentieren.
- PASS nur vergeben, wenn alle Schritte erfolgreich abgeschlossen und fuer alle Schritte Screenshots hinterlegt sind.
- FAIL oder BLOCKED ebenfalls mit Screenshot(s), tatsaechlichem Ergebnis, Datum, Tester und Umgebung dokumentieren; bei FAIL einen Bug mit Reproduktionsschritten und Verweis auf diesen Test anlegen.
- Passwoerter, Tokens, Zahlungsdaten und sonstige Geheimnisse niemals im Klartext speichern; vor dem Anhang maskieren oder schwaerzen."
KAN-624,E2-09 Ergebnisse paginieren – Responsive und Accessibility,"Abgedeckte Story: KAN-29 – E2-09 Ergebnisse paginieren
Testart: Responsive und Accessibility
Priorität der Story: Highest

Ziel
Suche und Detailansicht ohne Maus nutzen

Vorbedingungen
- Die Anwendung ist erreichbar und die erforderlichen Testdaten sind vorbereitet.
- Der Test wird in einer isolierten Umgebung mit nachvollziehbaren Benutzerrollen ausgeführt.

Schritte
1. Desktop-, Tablet- und Smartphone-Breite testen.
2. Nur Tastatur verwenden.
3. Fokus und Screenreader-Namen prüfen.
4. Bilder und Text bei anderer Auflösung prüfen.

Erwartetes Ergebnis
Kein Überlauf oder Fokusverlust tritt auf; Inhalte und Aktionen bleiben wahrnehmbar und bedienbar.

Responsive Viewports
- Desktop: 1440 x 900 CSS-Pixel.
- Full HD: 1920 x 1080 CSS-Pixel.
- WQHD: 2560 x 1440 CSS-Pixel.
- Ultrawide: 3440 x 1440 CSS-Pixel.
- 4K: 3840 x 2160 CSS-Pixel.
- Tablet: 768 x 1024 CSS-Pixel.
- Smartphone: 390 x 844 CSS-Pixel.
- Bei UI-Tests jeden definierten Viewport pruefen und je Viewport einen eigenen Screenshot am Testlauf hinterlegen.

Beleg und Nachbereitung
- Fuer jeden einzelnen Testschritt unmittelbar nach der Ausfuehrung einen Screenshot als Anhang am Testlauf hinterlegen.
- Der Screenshot muss die relevante Ausgangslage bzw. Eingabe und das sichtbare Ergebnis des jeweiligen Schrittes nachvollziehbar zeigen.
- Alle Schritte des Tests muessen einen eigenen Nachweis besitzen; bei Eingabeschritten sind Eingabe und anschliessende Reaktion zu dokumentieren.
- PASS nur vergeben, wenn alle Schritte erfolgreich abgeschlossen und fuer alle Schritte Screenshots hinterlegt sind.
- FAIL oder BLOCKED ebenfalls mit Screenshot(s), tatsaechlichem Ergebnis, Datum, Tester und Umgebung dokumentieren; bei FAIL einen Bug mit Reproduktionsschritten und Verweis auf diesen Test anlegen.
- Passwoerter, Tokens, Zahlungsdaten und sonstige Geheimnisse niemals im Klartext speichern; vor dem Anhang maskieren oder schwaerzen."
KAN-625,E2-10 Produktdetailseite anzeigen – Treffer und Navigation,"Abgedeckte Story: KAN-30 – E2-10 Produktdetailseite anzeigen
Testart: Treffer und Navigation
Priorität der Story: Highest

Ziel
Relevante Produkte finden und öffnen

Vorbedingungen
- Die Anwendung ist erreichbar und die erforderlichen Testdaten sind vorbereitet.
- Der Test wird in einer isolierten Umgebung mit nachvollziehbaren Benutzerrollen ausgeführt.

Schritte
1. Repräsentative Produktdaten vorbereiten.
2. Such- oder Filterkriterien eingeben.
3. Sortierung und Pagination verwenden.
4. Detailansicht öffnen und zurück navigieren.

Erwartetes Ergebnis
Die richtigen Treffer erscheinen in stabiler Reihenfolge; der Zustand und die Produktdetails stimmen.

Responsive Viewports
- Desktop: 1440 x 900 CSS-Pixel.
- Full HD: 1920 x 1080 CSS-Pixel.
- WQHD: 2560 x 1440 CSS-Pixel.
- Ultrawide: 3440 x 1440 CSS-Pixel.
- 4K: 3840 x 2160 CSS-Pixel.
- Tablet: 768 x 1024 CSS-Pixel.
- Smartphone: 390 x 844 CSS-Pixel.
- Bei UI-Tests jeden definierten Viewport pruefen und je Viewport einen eigenen Screenshot am Testlauf hinterlegen.

Beleg und Nachbereitung
- Fuer jeden einzelnen Testschritt unmittelbar nach der Ausfuehrung einen Screenshot als Anhang am Testlauf hinterlegen.
- Der Screenshot muss die relevante Ausgangslage bzw. Eingabe und das sichtbare Ergebnis des jeweiligen Schrittes nachvollziehbar zeigen.
- Alle Schritte des Tests muessen einen eigenen Nachweis besitzen; bei Eingabeschritten sind Eingabe und anschliessende Reaktion zu dokumentieren.
- PASS nur vergeben, wenn alle Schritte erfolgreich abgeschlossen und fuer alle Schritte Screenshots hinterlegt sind.
- FAIL oder BLOCKED ebenfalls mit Screenshot(s), tatsaechlichem Ergebnis, Datum, Tester und Umgebung dokumentieren; bei FAIL einen Bug mit Reproduktionsschritten und Verweis auf diesen Test anlegen.
- Passwoerter, Tokens, Zahlungsdaten und sonstige Geheimnisse niemals im Klartext speichern; vor dem Anhang maskieren oder schwaerzen."
KAN-626,E2-10 Produktdetailseite anzeigen – Keine Treffer und Fehler,"Abgedeckte Story: KAN-30 – E2-10 Produktdetailseite anzeigen
Testart: Keine Treffer und Fehler
Priorität der Story: Highest

Ziel
Leere und technische Ergebnisse unterscheiden

Vorbedingungen
- Die Anwendung ist erreichbar und die erforderlichen Testdaten sind vorbereitet.
- Der Test wird in einer isolierten Umgebung mit nachvollziehbaren Benutzerrollen ausgeführt.

Schritte
1. Kriterium ohne Treffer verwenden.
2. Ungültige Eingabe senden.
3. Langsame oder fehlerhafte Antwort simulieren.
4. Wiederholen oder Filter zurücksetzen.

Erwartetes Ergebnis
Leere und technische Zustände sind verständlich getrennt; die angebotenen Folgeaktionen funktionieren.

Responsive Viewports
- Desktop: 1440 x 900 CSS-Pixel.
- Full HD: 1920 x 1080 CSS-Pixel.
- WQHD: 2560 x 1440 CSS-Pixel.
- Ultrawide: 3440 x 1440 CSS-Pixel.
- 4K: 3840 x 2160 CSS-Pixel.
- Tablet: 768 x 1024 CSS-Pixel.
- Smartphone: 390 x 844 CSS-Pixel.
- Bei UI-Tests jeden definierten Viewport pruefen und je Viewport einen eigenen Screenshot am Testlauf hinterlegen.

Beleg und Nachbereitung
- Fuer jeden einzelnen Testschritt unmittelbar nach der Ausfuehrung einen Screenshot als Anhang am Testlauf hinterlegen.
- Der Screenshot muss die relevante Ausgangslage bzw. Eingabe und das sichtbare Ergebnis des jeweiligen Schrittes nachvollziehbar zeigen.
- Alle Schritte des Tests muessen einen eigenen Nachweis besitzen; bei Eingabeschritten sind Eingabe und anschliessende Reaktion zu dokumentieren.
- PASS nur vergeben, wenn alle Schritte erfolgreich abgeschlossen und fuer alle Schritte Screenshots hinterlegt sind.
- FAIL oder BLOCKED ebenfalls mit Screenshot(s), tatsaechlichem Ergebnis, Datum, Tester und Umgebung dokumentieren; bei FAIL einen Bug mit Reproduktionsschritten und Verweis auf diesen Test anlegen.
- Passwoerter, Tokens, Zahlungsdaten und sonstige Geheimnisse niemals im Klartext speichern; vor dem Anhang maskieren oder schwaerzen."
KAN-627,E2-10 Produktdetailseite anzeigen – Responsive und Accessibility,"Abgedeckte Story: KAN-30 – E2-10 Produktdetailseite anzeigen
Testart: Responsive und Accessibility
Priorität der Story: Highest

Ziel
Suche und Detailansicht ohne Maus nutzen

Vorbedingungen
- Die Anwendung ist erreichbar und die erforderlichen Testdaten sind vorbereitet.
- Der Test wird in einer isolierten Umgebung mit nachvollziehbaren Benutzerrollen ausgeführt.

Schritte
1. Desktop-, Tablet- und Smartphone-Breite testen.
2. Nur Tastatur verwenden.
3. Fokus und Screenreader-Namen prüfen.
4. Bilder und Text bei anderer Auflösung prüfen.

Erwartetes Ergebnis
Kein Überlauf oder Fokusverlust tritt auf; Inhalte und Aktionen bleiben wahrnehmbar und bedienbar.

Responsive Viewports
- Desktop: 1440 x 900 CSS-Pixel.
- Full HD: 1920 x 1080 CSS-Pixel.
- WQHD: 2560 x 1440 CSS-Pixel.
- Ultrawide: 3440 x 1440 CSS-Pixel.
- 4K: 3840 x 2160 CSS-Pixel.
- Tablet: 768 x 1024 CSS-Pixel.
- Smartphone: 390 x 844 CSS-Pixel.
- Bei UI-Tests jeden definierten Viewport pruefen und je Viewport einen eigenen Screenshot am Testlauf hinterlegen.

Beleg und Nachbereitung
- Fuer jeden einzelnen Testschritt unmittelbar nach der Ausfuehrung einen Screenshot als Anhang am Testlauf hinterlegen.
- Der Screenshot muss die relevante Ausgangslage bzw. Eingabe und das sichtbare Ergebnis des jeweiligen Schrittes nachvollziehbar zeigen.
- Alle Schritte des Tests muessen einen eigenen Nachweis besitzen; bei Eingabeschritten sind Eingabe und anschliessende Reaktion zu dokumentieren.
- PASS nur vergeben, wenn alle Schritte erfolgreich abgeschlossen und fuer alle Schritte Screenshots hinterlegt sind.
- FAIL oder BLOCKED ebenfalls mit Screenshot(s), tatsaechlichem Ergebnis, Datum, Tester und Umgebung dokumentieren; bei FAIL einen Bug mit Reproduktionsschritten und Verweis auf diesen Test anlegen.
- Passwoerter, Tokens, Zahlungsdaten und sonstige Geheimnisse niemals im Klartext speichern; vor dem Anhang maskieren oder schwaerzen."
KAN-628,E2-11 Produktbilder vergrößern – Treffer und Navigation,"Abgedeckte Story: KAN-31 – E2-11 Produktbilder vergrößern
Testart: Treffer und Navigation
Priorität der Story: Highest

Ziel
Relevante Produkte finden und öffnen

Vorbedingungen
- Die Anwendung ist erreichbar und die erforderlichen Testdaten sind vorbereitet.
- Der Test wird in einer isolierten Umgebung mit nachvollziehbaren Benutzerrollen ausgeführt.

Schritte
1. Repräsentative Produktdaten vorbereiten.
2. Such- oder Filterkriterien eingeben.
3. Sortierung und Pagination verwenden.
4. Detailansicht öffnen und zurück navigieren.

Erwartetes Ergebnis
Die richtigen Treffer erscheinen in stabiler Reihenfolge; der Zustand und die Produktdetails stimmen.

Responsive Viewports
- Desktop: 1440 x 900 CSS-Pixel.
- Full HD: 1920 x 1080 CSS-Pixel.
- WQHD: 2560 x 1440 CSS-Pixel.
- Ultrawide: 3440 x 1440 CSS-Pixel.
- 4K: 3840 x 2160 CSS-Pixel.
- Tablet: 768 x 1024 CSS-Pixel.
- Smartphone: 390 x 844 CSS-Pixel.
- Bei UI-Tests jeden definierten Viewport pruefen und je Viewport einen eigenen Screenshot am Testlauf hinterlegen.

Beleg und Nachbereitung
- Fuer jeden einzelnen Testschritt unmittelbar nach der Ausfuehrung einen Screenshot als Anhang am Testlauf hinterlegen.
- Der Screenshot muss die relevante Ausgangslage bzw. Eingabe und das sichtbare Ergebnis des jeweiligen Schrittes nachvollziehbar zeigen.
- Alle Schritte des Tests muessen einen eigenen Nachweis besitzen; bei Eingabeschritten sind Eingabe und anschliessende Reaktion zu dokumentieren.
- PASS nur vergeben, wenn alle Schritte erfolgreich abgeschlossen und fuer alle Schritte Screenshots hinterlegt sind.
- FAIL oder BLOCKED ebenfalls mit Screenshot(s), tatsaechlichem Ergebnis, Datum, Tester und Umgebung dokumentieren; bei FAIL einen Bug mit Reproduktionsschritten und Verweis auf diesen Test anlegen.
- Passwoerter, Tokens, Zahlungsdaten und sonstige Geheimnisse niemals im Klartext speichern; vor dem Anhang maskieren oder schwaerzen."
KAN-629,E2-11 Produktbilder vergrößern – Keine Treffer und Fehler,"Abgedeckte Story: KAN-31 – E2-11 Produktbilder vergrößern
Testart: Keine Treffer und Fehler
Priorität der Story: Highest

Ziel
Leere und technische Ergebnisse unterscheiden

Vorbedingungen
- Die Anwendung ist erreichbar und die erforderlichen Testdaten sind vorbereitet.
- Der Test wird in einer isolierten Umgebung mit nachvollziehbaren Benutzerrollen ausgeführt.

Schritte
1. Kriterium ohne Treffer verwenden.
2. Ungültige Eingabe senden.
3. Langsame oder fehlerhafte Antwort simulieren.
4. Wiederholen oder Filter zurücksetzen.

Erwartetes Ergebnis
Leere und technische Zustände sind verständlich getrennt; die angebotenen Folgeaktionen funktionieren.

Responsive Viewports
- Desktop: 1440 x 900 CSS-Pixel.
- Full HD: 1920 x 1080 CSS-Pixel.
- WQHD: 2560 x 1440 CSS-Pixel.
- Ultrawide: 3440 x 1440 CSS-Pixel.
- 4K: 3840 x 2160 CSS-Pixel.
- Tablet: 768 x 1024 CSS-Pixel.
- Smartphone: 390 x 844 CSS-Pixel.
- Bei UI-Tests jeden definierten Viewport pruefen und je Viewport einen eigenen Screenshot am Testlauf hinterlegen.

Beleg und Nachbereitung
- Fuer jeden einzelnen Testschritt unmittelbar nach der Ausfuehrung einen Screenshot als Anhang am Testlauf hinterlegen.
- Der Screenshot muss die relevante Ausgangslage bzw. Eingabe und das sichtbare Ergebnis des jeweiligen Schrittes nachvollziehbar zeigen.
- Alle Schritte des Tests muessen einen eigenen Nachweis besitzen; bei Eingabeschritten sind Eingabe und anschliessende Reaktion zu dokumentieren.
- PASS nur vergeben, wenn alle Schritte erfolgreich abgeschlossen und fuer alle Schritte Screenshots hinterlegt sind.
- FAIL oder BLOCKED ebenfalls mit Screenshot(s), tatsaechlichem Ergebnis, Datum, Tester und Umgebung dokumentieren; bei FAIL einen Bug mit Reproduktionsschritten und Verweis auf diesen Test anlegen.
- Passwoerter, Tokens, Zahlungsdaten und sonstige Geheimnisse niemals im Klartext speichern; vor dem Anhang maskieren oder schwaerzen."
KAN-630,E2-11 Produktbilder vergrößern – Responsive und Accessibility,"Abgedeckte Story: KAN-31 – E2-11 Produktbilder vergrößern
Testart: Responsive und Accessibility
Priorität der Story: Highest

Ziel
Suche und Detailansicht ohne Maus nutzen

Vorbedingungen
- Die Anwendung ist erreichbar und die erforderlichen Testdaten sind vorbereitet.
- Der Test wird in einer isolierten Umgebung mit nachvollziehbaren Benutzerrollen ausgeführt.

Schritte
1. Desktop-, Tablet- und Smartphone-Breite testen.
2. Nur Tastatur verwenden.
3. Fokus und Screenreader-Namen prüfen.
4. Bilder und Text bei anderer Auflösung prüfen.

Erwartetes Ergebnis
Kein Überlauf oder Fokusverlust tritt auf; Inhalte und Aktionen bleiben wahrnehmbar und bedienbar.

Responsive Viewports
- Desktop: 1440 x 900 CSS-Pixel.
- Full HD: 1920 x 1080 CSS-Pixel.
- WQHD: 2560 x 1440 CSS-Pixel.
- Ultrawide: 3440 x 1440 CSS-Pixel.
- 4K: 3840 x 2160 CSS-Pixel.
- Tablet: 768 x 1024 CSS-Pixel.
- Smartphone: 390 x 844 CSS-Pixel.
- Bei UI-Tests jeden definierten Viewport pruefen und je Viewport einen eigenen Screenshot am Testlauf hinterlegen.

Beleg und Nachbereitung
- Fuer jeden einzelnen Testschritt unmittelbar nach der Ausfuehrung einen Screenshot als Anhang am Testlauf hinterlegen.
- Der Screenshot muss die relevante Ausgangslage bzw. Eingabe und das sichtbare Ergebnis des jeweiligen Schrittes nachvollziehbar zeigen.
- Alle Schritte des Tests muessen einen eigenen Nachweis besitzen; bei Eingabeschritten sind Eingabe und anschliessende Reaktion zu dokumentieren.
- PASS nur vergeben, wenn alle Schritte erfolgreich abgeschlossen und fuer alle Schritte Screenshots hinterlegt sind.
- FAIL oder BLOCKED ebenfalls mit Screenshot(s), tatsaechlichem Ergebnis, Datum, Tester und Umgebung dokumentieren; bei FAIL einen Bug mit Reproduktionsschritten und Verweis auf diesen Test anlegen.
- Passwoerter, Tokens, Zahlungsdaten und sonstige Geheimnisse niemals im Klartext speichern; vor dem Anhang maskieren oder schwaerzen."
KAN-631,E2-12 Ähnliche Karten anzeigen – Treffer und Navigation,"Abgedeckte Story: KAN-32 – E2-12 Ähnliche Karten anzeigen
Testart: Treffer und Navigation
Priorität der Story: High

Ziel
Relevante Produkte finden und öffnen

Vorbedingungen
- Die Anwendung ist erreichbar und die erforderlichen Testdaten sind vorbereitet.
- Der Test wird in einer isolierten Umgebung mit nachvollziehbaren Benutzerrollen ausgeführt.

Schritte
1. Repräsentative Produktdaten vorbereiten.
2. Such- oder Filterkriterien eingeben.
3. Sortierung und Pagination verwenden.
4. Detailansicht öffnen und zurück navigieren.

Erwartetes Ergebnis
Die richtigen Treffer erscheinen in stabiler Reihenfolge; der Zustand und die Produktdetails stimmen.

Responsive Viewports
- Desktop: 1440 x 900 CSS-Pixel.
- Full HD: 1920 x 1080 CSS-Pixel.
- WQHD: 2560 x 1440 CSS-Pixel.
- Ultrawide: 3440 x 1440 CSS-Pixel.
- 4K: 3840 x 2160 CSS-Pixel.
- Tablet: 768 x 1024 CSS-Pixel.
- Smartphone: 390 x 844 CSS-Pixel.
- Bei UI-Tests jeden definierten Viewport pruefen und je Viewport einen eigenen Screenshot am Testlauf hinterlegen.

Beleg und Nachbereitung
- Fuer jeden einzelnen Testschritt unmittelbar nach der Ausfuehrung einen Screenshot als Anhang am Testlauf hinterlegen.
- Der Screenshot muss die relevante Ausgangslage bzw. Eingabe und das sichtbare Ergebnis des jeweiligen Schrittes nachvollziehbar zeigen.
- Alle Schritte des Tests muessen einen eigenen Nachweis besitzen; bei Eingabeschritten sind Eingabe und anschliessende Reaktion zu dokumentieren.
- PASS nur vergeben, wenn alle Schritte erfolgreich abgeschlossen und fuer alle Schritte Screenshots hinterlegt sind.
- FAIL oder BLOCKED ebenfalls mit Screenshot(s), tatsaechlichem Ergebnis, Datum, Tester und Umgebung dokumentieren; bei FAIL einen Bug mit Reproduktionsschritten und Verweis auf diesen Test anlegen.
- Passwoerter, Tokens, Zahlungsdaten und sonstige Geheimnisse niemals im Klartext speichern; vor dem Anhang maskieren oder schwaerzen."
KAN-632,E2-12 Ähnliche Karten anzeigen – Keine Treffer und Fehler,"Abgedeckte Story: KAN-32 – E2-12 Ähnliche Karten anzeigen
Testart: Keine Treffer und Fehler
Priorität der Story: High

Ziel
Leere und technische Ergebnisse unterscheiden

Vorbedingungen
- Die Anwendung ist erreichbar und die erforderlichen Testdaten sind vorbereitet.
- Der Test wird in einer isolierten Umgebung mit nachvollziehbaren Benutzerrollen ausgeführt.

Schritte
1. Kriterium ohne Treffer verwenden.
2. Ungültige Eingabe senden.
3. Langsame oder fehlerhafte Antwort simulieren.
4. Wiederholen oder Filter zurücksetzen.

Erwartetes Ergebnis
Leere und technische Zustände sind verständlich getrennt; die angebotenen Folgeaktionen funktionieren.

Responsive Viewports
- Desktop: 1440 x 900 CSS-Pixel.
- Full HD: 1920 x 1080 CSS-Pixel.
- WQHD: 2560 x 1440 CSS-Pixel.
- Ultrawide: 3440 x 1440 CSS-Pixel.
- 4K: 3840 x 2160 CSS-Pixel.
- Tablet: 768 x 1024 CSS-Pixel.
- Smartphone: 390 x 844 CSS-Pixel.
- Bei UI-Tests jeden definierten Viewport pruefen und je Viewport einen eigenen Screenshot am Testlauf hinterlegen.

Beleg und Nachbereitung
- Fuer jeden einzelnen Testschritt unmittelbar nach der Ausfuehrung einen Screenshot als Anhang am Testlauf hinterlegen.
- Der Screenshot muss die relevante Ausgangslage bzw. Eingabe und das sichtbare Ergebnis des jeweiligen Schrittes nachvollziehbar zeigen.
- Alle Schritte des Tests muessen einen eigenen Nachweis besitzen; bei Eingabeschritten sind Eingabe und anschliessende Reaktion zu dokumentieren.
- PASS nur vergeben, wenn alle Schritte erfolgreich abgeschlossen und fuer alle Schritte Screenshots hinterlegt sind.
- FAIL oder BLOCKED ebenfalls mit Screenshot(s), tatsaechlichem Ergebnis, Datum, Tester und Umgebung dokumentieren; bei FAIL einen Bug mit Reproduktionsschritten und Verweis auf diesen Test anlegen.
- Passwoerter, Tokens, Zahlungsdaten und sonstige Geheimnisse niemals im Klartext speichern; vor dem Anhang maskieren oder schwaerzen."
KAN-633,E2-12 Ähnliche Karten anzeigen – Responsive und Accessibility,"Abgedeckte Story: KAN-32 – E2-12 Ähnliche Karten anzeigen
Testart: Responsive und Accessibility
Priorität der Story: High

Ziel
Suche und Detailansicht ohne Maus nutzen

Vorbedingungen
- Die Anwendung ist erreichbar und die erforderlichen Testdaten sind vorbereitet.
- Der Test wird in einer isolierten Umgebung mit nachvollziehbaren Benutzerrollen ausgeführt.

Schritte
1. Desktop-, Tablet- und Smartphone-Breite testen.
2. Nur Tastatur verwenden.
3. Fokus und Screenreader-Namen prüfen.
4. Bilder und Text bei anderer Auflösung prüfen.

Erwartetes Ergebnis
Kein Überlauf oder Fokusverlust tritt auf; Inhalte und Aktionen bleiben wahrnehmbar und bedienbar.

Responsive Viewports
- Desktop: 1440 x 900 CSS-Pixel.
- Full HD: 1920 x 1080 CSS-Pixel.
- WQHD: 2560 x 1440 CSS-Pixel.
- Ultrawide: 3440 x 1440 CSS-Pixel.
- 4K: 3840 x 2160 CSS-Pixel.
- Tablet: 768 x 1024 CSS-Pixel.
- Smartphone: 390 x 844 CSS-Pixel.
- Bei UI-Tests jeden definierten Viewport pruefen und je Viewport einen eigenen Screenshot am Testlauf hinterlegen.

Beleg und Nachbereitung
- Fuer jeden einzelnen Testschritt unmittelbar nach der Ausfuehrung einen Screenshot als Anhang am Testlauf hinterlegen.
- Der Screenshot muss die relevante Ausgangslage bzw. Eingabe und das sichtbare Ergebnis des jeweiligen Schrittes nachvollziehbar zeigen.
- Alle Schritte des Tests muessen einen eigenen Nachweis besitzen; bei Eingabeschritten sind Eingabe und anschliessende Reaktion zu dokumentieren.
- PASS nur vergeben, wenn alle Schritte erfolgreich abgeschlossen und fuer alle Schritte Screenshots hinterlegt sind.
- FAIL oder BLOCKED ebenfalls mit Screenshot(s), tatsaechlichem Ergebnis, Datum, Tester und Umgebung dokumentieren; bei FAIL einen Bug mit Reproduktionsschritten und Verweis auf diesen Test anlegen.
- Passwoerter, Tokens, Zahlungsdaten und sonstige Geheimnisse niemals im Klartext speichern; vor dem Anhang maskieren oder schwaerzen."
KAN-634,E2-13 Leere und fehlerhafte Ergebnisse verstehen – Treffer und Navigation,"Abgedeckte Story: KAN-33 – E2-13 Leere und fehlerhafte Ergebnisse verstehen
Testart: Treffer und Navigation
Priorität der Story: Highest

Ziel
Relevante Produkte finden und öffnen

Vorbedingungen
- Die Anwendung ist erreichbar und die erforderlichen Testdaten sind vorbereitet.
- Der Test wird in einer isolierten Umgebung mit nachvollziehbaren Benutzerrollen ausgeführt.

Schritte
1. Repräsentative Produktdaten vorbereiten.
2. Such- oder Filterkriterien eingeben.
3. Sortierung und Pagination verwenden.
4. Detailansicht öffnen und zurück navigieren.

Erwartetes Ergebnis
Die richtigen Treffer erscheinen in stabiler Reihenfolge; der Zustand und die Produktdetails stimmen.

Responsive Viewports
- Desktop: 1440 x 900 CSS-Pixel.
- Full HD: 1920 x 1080 CSS-Pixel.
- WQHD: 2560 x 1440 CSS-Pixel.
- Ultrawide: 3440 x 1440 CSS-Pixel.
- 4K: 3840 x 2160 CSS-Pixel.
- Tablet: 768 x 1024 CSS-Pixel.
- Smartphone: 390 x 844 CSS-Pixel.
- Bei UI-Tests jeden definierten Viewport pruefen und je Viewport einen eigenen Screenshot am Testlauf hinterlegen.

Beleg und Nachbereitung
- Fuer jeden einzelnen Testschritt unmittelbar nach der Ausfuehrung einen Screenshot als Anhang am Testlauf hinterlegen.
- Der Screenshot muss die relevante Ausgangslage bzw. Eingabe und das sichtbare Ergebnis des jeweiligen Schrittes nachvollziehbar zeigen.
- Alle Schritte des Tests muessen einen eigenen Nachweis besitzen; bei Eingabeschritten sind Eingabe und anschliessende Reaktion zu dokumentieren.
- PASS nur vergeben, wenn alle Schritte erfolgreich abgeschlossen und fuer alle Schritte Screenshots hinterlegt sind.
- FAIL oder BLOCKED ebenfalls mit Screenshot(s), tatsaechlichem Ergebnis, Datum, Tester und Umgebung dokumentieren; bei FAIL einen Bug mit Reproduktionsschritten und Verweis auf diesen Test anlegen.
- Passwoerter, Tokens, Zahlungsdaten und sonstige Geheimnisse niemals im Klartext speichern; vor dem Anhang maskieren oder schwaerzen."
KAN-635,E2-13 Leere und fehlerhafte Ergebnisse verstehen – Keine Treffer und Fehler,"Abgedeckte Story: KAN-33 – E2-13 Leere und fehlerhafte Ergebnisse verstehen
Testart: Keine Treffer und Fehler
Priorität der Story: Highest

Ziel
Leere und technische Ergebnisse unterscheiden

Vorbedingungen
- Die Anwendung ist erreichbar und die erforderlichen Testdaten sind vorbereitet.
- Der Test wird in einer isolierten Umgebung mit nachvollziehbaren Benutzerrollen ausgeführt.

Schritte
1. Kriterium ohne Treffer verwenden.
2. Ungültige Eingabe senden.
3. Langsame oder fehlerhafte Antwort simulieren.
4. Wiederholen oder Filter zurücksetzen.

Erwartetes Ergebnis
Leere und technische Zustände sind verständlich getrennt; die angebotenen Folgeaktionen funktionieren.

Responsive Viewports
- Desktop: 1440 x 900 CSS-Pixel.
- Full HD: 1920 x 1080 CSS-Pixel.
- WQHD: 2560 x 1440 CSS-Pixel.
- Ultrawide: 3440 x 1440 CSS-Pixel.
- 4K: 3840 x 2160 CSS-Pixel.
- Tablet: 768 x 1024 CSS-Pixel.
- Smartphone: 390 x 844 CSS-Pixel.
- Bei UI-Tests jeden definierten Viewport pruefen und je Viewport einen eigenen Screenshot am Testlauf hinterlegen.

Beleg und Nachbereitung
- Fuer jeden einzelnen Testschritt unmittelbar nach der Ausfuehrung einen Screenshot als Anhang am Testlauf hinterlegen.
- Der Screenshot muss die relevante Ausgangslage bzw. Eingabe und das sichtbare Ergebnis des jeweiligen Schrittes nachvollziehbar zeigen.
- Alle Schritte des Tests muessen einen eigenen Nachweis besitzen; bei Eingabeschritten sind Eingabe und anschliessende Reaktion zu dokumentieren.
- PASS nur vergeben, wenn alle Schritte erfolgreich abgeschlossen und fuer alle Schritte Screenshots hinterlegt sind.
- FAIL oder BLOCKED ebenfalls mit Screenshot(s), tatsaechlichem Ergebnis, Datum, Tester und Umgebung dokumentieren; bei FAIL einen Bug mit Reproduktionsschritten und Verweis auf diesen Test anlegen.
- Passwoerter, Tokens, Zahlungsdaten und sonstige Geheimnisse niemals im Klartext speichern; vor dem Anhang maskieren oder schwaerzen."
KAN-636,E2-13 Leere und fehlerhafte Ergebnisse verstehen – Responsive und Accessibility,"Abgedeckte Story: KAN-33 – E2-13 Leere und fehlerhafte Ergebnisse verstehen
Testart: Responsive und Accessibility
Priorität der Story: Highest

Ziel
Suche und Detailansicht ohne Maus nutzen

Vorbedingungen
- Die Anwendung ist erreichbar und die erforderlichen Testdaten sind vorbereitet.
- Der Test wird in einer isolierten Umgebung mit nachvollziehbaren Benutzerrollen ausgeführt.

Schritte
1. Desktop-, Tablet- und Smartphone-Breite testen.
2. Nur Tastatur verwenden.
3. Fokus und Screenreader-Namen prüfen.
4. Bilder und Text bei anderer Auflösung prüfen.

Erwartetes Ergebnis
Kein Überlauf oder Fokusverlust tritt auf; Inhalte und Aktionen bleiben wahrnehmbar und bedienbar.

Responsive Viewports
- Desktop: 1440 x 900 CSS-Pixel.
- Full HD: 1920 x 1080 CSS-Pixel.
- WQHD: 2560 x 1440 CSS-Pixel.
- Ultrawide: 3440 x 1440 CSS-Pixel.
- 4K: 3840 x 2160 CSS-Pixel.
- Tablet: 768 x 1024 CSS-Pixel.
- Smartphone: 390 x 844 CSS-Pixel.
- Bei UI-Tests jeden definierten Viewport pruefen und je Viewport einen eigenen Screenshot am Testlauf hinterlegen.

Beleg und Nachbereitung
- Fuer jeden einzelnen Testschritt unmittelbar nach der Ausfuehrung einen Screenshot als Anhang am Testlauf hinterlegen.
- Der Screenshot muss die relevante Ausgangslage bzw. Eingabe und das sichtbare Ergebnis des jeweiligen Schrittes nachvollziehbar zeigen.
- Alle Schritte des Tests muessen einen eigenen Nachweis besitzen; bei Eingabeschritten sind Eingabe und anschliessende Reaktion zu dokumentieren.
- PASS nur vergeben, wenn alle Schritte erfolgreich abgeschlossen und fuer alle Schritte Screenshots hinterlegt sind.
- FAIL oder BLOCKED ebenfalls mit Screenshot(s), tatsaechlichem Ergebnis, Datum, Tester und Umgebung dokumentieren; bei FAIL einen Bug mit Reproduktionsschritten und Verweis auf diesen Test anlegen.
- Passwoerter, Tokens, Zahlungsdaten und sonstige Geheimnisse niemals im Klartext speichern; vor dem Anhang maskieren oder schwaerzen."
KAN-637,E3-01 Karte in den Warenkorb legen – Kauf erfolgreich,"Abgedeckte Story: KAN-34 – E3-01 Karte in den Warenkorb legen
Testart: Kauf erfolgreich
Priorität der Story: Highest

Ziel
Ein Produkt als Gast durch den Checkout führen

Vorbedingungen
- Die Anwendung ist erreichbar und die erforderlichen Testdaten sind vorbereitet.
- Der Test wird in einer isolierten Umgebung mit nachvollziehbaren Benutzerrollen ausgeführt.

Schritte
1. Verfügbares Produkt auswählen.
2. In den Warenkorb legen und Menge prüfen.
3. Gastdaten, Adresse und Versandart eingeben.
4. Zusammenfassung prüfen und Bestellung absenden.

Erwartetes Ergebnis
Warenkorb, Versand, Gesamtbetrag und Bestellung stimmen; der Artikel ist reserviert beziehungsweise verarbeitet.

Responsive Viewports
- Desktop: 1440 x 900 CSS-Pixel.
- Full HD: 1920 x 1080 CSS-Pixel.
- WQHD: 2560 x 1440 CSS-Pixel.
- Ultrawide: 3440 x 1440 CSS-Pixel.
- 4K: 3840 x 2160 CSS-Pixel.
- Tablet: 768 x 1024 CSS-Pixel.
- Smartphone: 390 x 844 CSS-Pixel.
- Bei UI-Tests jeden definierten Viewport pruefen und je Viewport einen eigenen Screenshot am Testlauf hinterlegen.

Beleg und Nachbereitung
- Fuer jeden einzelnen Testschritt unmittelbar nach der Ausfuehrung einen Screenshot als Anhang am Testlauf hinterlegen.
- Der Screenshot muss die relevante Ausgangslage bzw. Eingabe und das sichtbare Ergebnis des jeweiligen Schrittes nachvollziehbar zeigen.
- Alle Schritte des Tests muessen einen eigenen Nachweis besitzen; bei Eingabeschritten sind Eingabe und anschliessende Reaktion zu dokumentieren.
- PASS nur vergeben, wenn alle Schritte erfolgreich abgeschlossen und fuer alle Schritte Screenshots hinterlegt sind.
- FAIL oder BLOCKED ebenfalls mit Screenshot(s), tatsaechlichem Ergebnis, Datum, Tester und Umgebung dokumentieren; bei FAIL einen Bug mit Reproduktionsschritten und Verweis auf diesen Test anlegen.
- Passwoerter, Tokens, Zahlungsdaten und sonstige Geheimnisse niemals im Klartext speichern; vor dem Anhang maskieren oder schwaerzen."
KAN-638,E3-01 Karte in den Warenkorb legen – Abbruch und Nichtverfügbarkeit,"Abgedeckte Story: KAN-34 – E3-01 Karte in den Warenkorb legen
Testart: Abbruch und Nichtverfügbarkeit
Priorität der Story: Highest

Ziel
Checkout bei Fehlern sicher abbrechen

Vorbedingungen
- Die Anwendung ist erreichbar und die erforderlichen Testdaten sind vorbereitet.
- Der Test wird in einer isolierten Umgebung mit nachvollziehbaren Benutzerrollen ausgeführt.

Schritte
1. Artikel zwischen zwei Schritten unverfügbar machen.
2. Pflichtfeld und ungültige Adresse verwenden.
3. Zurück navigieren und Daten ändern.
4. Checkout erneut laden.

Erwartetes Ergebnis
Die Ursache wird verständlich angezeigt; es entsteht keine falsche Bestellung und gültige Eingaben bleiben erhalten.

Responsive Viewports
- Desktop: 1440 x 900 CSS-Pixel.
- Full HD: 1920 x 1080 CSS-Pixel.
- WQHD: 2560 x 1440 CSS-Pixel.
- Ultrawide: 3440 x 1440 CSS-Pixel.
- 4K: 3840 x 2160 CSS-Pixel.
- Tablet: 768 x 1024 CSS-Pixel.
- Smartphone: 390 x 844 CSS-Pixel.
- Bei UI-Tests jeden definierten Viewport pruefen und je Viewport einen eigenen Screenshot am Testlauf hinterlegen.

Beleg und Nachbereitung
- Fuer jeden einzelnen Testschritt unmittelbar nach der Ausfuehrung einen Screenshot als Anhang am Testlauf hinterlegen.
- Der Screenshot muss die relevante Ausgangslage bzw. Eingabe und das sichtbare Ergebnis des jeweiligen Schrittes nachvollziehbar zeigen.
- Alle Schritte des Tests muessen einen eigenen Nachweis besitzen; bei Eingabeschritten sind Eingabe und anschliessende Reaktion zu dokumentieren.
- PASS nur vergeben, wenn alle Schritte erfolgreich abgeschlossen und fuer alle Schritte Screenshots hinterlegt sind.
- FAIL oder BLOCKED ebenfalls mit Screenshot(s), tatsaechlichem Ergebnis, Datum, Tester und Umgebung dokumentieren; bei FAIL einen Bug mit Reproduktionsschritten und Verweis auf diesen Test anlegen.
- Passwoerter, Tokens, Zahlungsdaten und sonstige Geheimnisse niemals im Klartext speichern; vor dem Anhang maskieren oder schwaerzen."
KAN-639,E3-01 Karte in den Warenkorb legen – Doppelte Aktion und Kontoflow,"Abgedeckte Story: KAN-34 – E3-01 Karte in den Warenkorb legen
Testart: Doppelte Aktion und Kontoflow
Priorität der Story: Highest

Ziel
Wiederholung und Kundenkonto prüfen

Vorbedingungen
- Die Anwendung ist erreichbar und die erforderlichen Testdaten sind vorbereitet.
- Der Test wird in einer isolierten Umgebung mit nachvollziehbaren Benutzerrollen ausgeführt.

Schritte
1. Submit beziehungsweise Reload mehrfach auslösen.
2. Mit Kundenkonto denselben Kauf starten.
3. Bestellstatus und Warenkorb danach prüfen.
4. Serverseitige Datensätze abgleichen.

Erwartetes Ergebnis
Es gibt genau eine fachliche Bestellung; Gast- und Kontoflow verwenden identische Preis- und Bestandsregeln.

Responsive Viewports
- Desktop: 1440 x 900 CSS-Pixel.
- Full HD: 1920 x 1080 CSS-Pixel.
- WQHD: 2560 x 1440 CSS-Pixel.
- Ultrawide: 3440 x 1440 CSS-Pixel.
- 4K: 3840 x 2160 CSS-Pixel.
- Tablet: 768 x 1024 CSS-Pixel.
- Smartphone: 390 x 844 CSS-Pixel.
- Bei UI-Tests jeden definierten Viewport pruefen und je Viewport einen eigenen Screenshot am Testlauf hinterlegen.

Beleg und Nachbereitung
- Fuer jeden einzelnen Testschritt unmittelbar nach der Ausfuehrung einen Screenshot als Anhang am Testlauf hinterlegen.
- Der Screenshot muss die relevante Ausgangslage bzw. Eingabe und das sichtbare Ergebnis des jeweiligen Schrittes nachvollziehbar zeigen.
- Alle Schritte des Tests muessen einen eigenen Nachweis besitzen; bei Eingabeschritten sind Eingabe und anschliessende Reaktion zu dokumentieren.
- PASS nur vergeben, wenn alle Schritte erfolgreich abgeschlossen und fuer alle Schritte Screenshots hinterlegt sind.
- FAIL oder BLOCKED ebenfalls mit Screenshot(s), tatsaechlichem Ergebnis, Datum, Tester und Umgebung dokumentieren; bei FAIL einen Bug mit Reproduktionsschritten und Verweis auf diesen Test anlegen.
- Passwoerter, Tokens, Zahlungsdaten und sonstige Geheimnisse niemals im Klartext speichern; vor dem Anhang maskieren oder schwaerzen."
KAN-640,E3-02 Warenkorbmenge ändern – Kauf erfolgreich,"Abgedeckte Story: KAN-35 – E3-02 Warenkorbmenge ändern
Testart: Kauf erfolgreich
Priorität der Story: Highest

Ziel
Ein Produkt als Gast durch den Checkout führen

Vorbedingungen
- Die Anwendung ist erreichbar und die erforderlichen Testdaten sind vorbereitet.
- Der Test wird in einer isolierten Umgebung mit nachvollziehbaren Benutzerrollen ausgeführt.

Schritte
1. Verfügbares Produkt auswählen.
2. In den Warenkorb legen und Menge prüfen.
3. Gastdaten, Adresse und Versandart eingeben.
4. Zusammenfassung prüfen und Bestellung absenden.

Erwartetes Ergebnis
Warenkorb, Versand, Gesamtbetrag und Bestellung stimmen; der Artikel ist reserviert beziehungsweise verarbeitet.

Responsive Viewports
- Desktop: 1440 x 900 CSS-Pixel.
- Full HD: 1920 x 1080 CSS-Pixel.
- WQHD: 2560 x 1440 CSS-Pixel.
- Ultrawide: 3440 x 1440 CSS-Pixel.
- 4K: 3840 x 2160 CSS-Pixel.
- Tablet: 768 x 1024 CSS-Pixel.
- Smartphone: 390 x 844 CSS-Pixel.
- Bei UI-Tests jeden definierten Viewport pruefen und je Viewport einen eigenen Screenshot am Testlauf hinterlegen.

Beleg und Nachbereitung
- Fuer jeden einzelnen Testschritt unmittelbar nach der Ausfuehrung einen Screenshot als Anhang am Testlauf hinterlegen.
- Der Screenshot muss die relevante Ausgangslage bzw. Eingabe und das sichtbare Ergebnis des jeweiligen Schrittes nachvollziehbar zeigen.
- Alle Schritte des Tests muessen einen eigenen Nachweis besitzen; bei Eingabeschritten sind Eingabe und anschliessende Reaktion zu dokumentieren.
- PASS nur vergeben, wenn alle Schritte erfolgreich abgeschlossen und fuer alle Schritte Screenshots hinterlegt sind.
- FAIL oder BLOCKED ebenfalls mit Screenshot(s), tatsaechlichem Ergebnis, Datum, Tester und Umgebung dokumentieren; bei FAIL einen Bug mit Reproduktionsschritten und Verweis auf diesen Test anlegen.
- Passwoerter, Tokens, Zahlungsdaten und sonstige Geheimnisse niemals im Klartext speichern; vor dem Anhang maskieren oder schwaerzen."
KAN-641,E3-02 Warenkorbmenge ändern – Abbruch und Nichtverfügbarkeit,"Abgedeckte Story: KAN-35 – E3-02 Warenkorbmenge ändern
Testart: Abbruch und Nichtverfügbarkeit
Priorität der Story: Highest

Ziel
Checkout bei Fehlern sicher abbrechen

Vorbedingungen
- Die Anwendung ist erreichbar und die erforderlichen Testdaten sind vorbereitet.
- Der Test wird in einer isolierten Umgebung mit nachvollziehbaren Benutzerrollen ausgeführt.

Schritte
1. Artikel zwischen zwei Schritten unverfügbar machen.
2. Pflichtfeld und ungültige Adresse verwenden.
3. Zurück navigieren und Daten ändern.
4. Checkout erneut laden.

Erwartetes Ergebnis
Die Ursache wird verständlich angezeigt; es entsteht keine falsche Bestellung und gültige Eingaben bleiben erhalten.

Responsive Viewports
- Desktop: 1440 x 900 CSS-Pixel.
- Full HD: 1920 x 1080 CSS-Pixel.
- WQHD: 2560 x 1440 CSS-Pixel.
- Ultrawide: 3440 x 1440 CSS-Pixel.
- 4K: 3840 x 2160 CSS-Pixel.
- Tablet: 768 x 1024 CSS-Pixel.
- Smartphone: 390 x 844 CSS-Pixel.
- Bei UI-Tests jeden definierten Viewport pruefen und je Viewport einen eigenen Screenshot am Testlauf hinterlegen.

Beleg und Nachbereitung
- Fuer jeden einzelnen Testschritt unmittelbar nach der Ausfuehrung einen Screenshot als Anhang am Testlauf hinterlegen.
- Der Screenshot muss die relevante Ausgangslage bzw. Eingabe und das sichtbare Ergebnis des jeweiligen Schrittes nachvollziehbar zeigen.
- Alle Schritte des Tests muessen einen eigenen Nachweis besitzen; bei Eingabeschritten sind Eingabe und anschliessende Reaktion zu dokumentieren.
- PASS nur vergeben, wenn alle Schritte erfolgreich abgeschlossen und fuer alle Schritte Screenshots hinterlegt sind.
- FAIL oder BLOCKED ebenfalls mit Screenshot(s), tatsaechlichem Ergebnis, Datum, Tester und Umgebung dokumentieren; bei FAIL einen Bug mit Reproduktionsschritten und Verweis auf diesen Test anlegen.
- Passwoerter, Tokens, Zahlungsdaten und sonstige Geheimnisse niemals im Klartext speichern; vor dem Anhang maskieren oder schwaerzen."
KAN-642,E3-02 Warenkorbmenge ändern – Doppelte Aktion und Kontoflow,"Abgedeckte Story: KAN-35 – E3-02 Warenkorbmenge ändern
Testart: Doppelte Aktion und Kontoflow
Priorität der Story: Highest

Ziel
Wiederholung und Kundenkonto prüfen

Vorbedingungen
- Die Anwendung ist erreichbar und die erforderlichen Testdaten sind vorbereitet.
- Der Test wird in einer isolierten Umgebung mit nachvollziehbaren Benutzerrollen ausgeführt.

Schritte
1. Submit beziehungsweise Reload mehrfach auslösen.
2. Mit Kundenkonto denselben Kauf starten.
3. Bestellstatus und Warenkorb danach prüfen.
4. Serverseitige Datensätze abgleichen.

Erwartetes Ergebnis
Es gibt genau eine fachliche Bestellung; Gast- und Kontoflow verwenden identische Preis- und Bestandsregeln.

Responsive Viewports
- Desktop: 1440 x 900 CSS-Pixel.
- Full HD: 1920 x 1080 CSS-Pixel.
- WQHD: 2560 x 1440 CSS-Pixel.
- Ultrawide: 3440 x 1440 CSS-Pixel.
- 4K: 3840 x 2160 CSS-Pixel.
- Tablet: 768 x 1024 CSS-Pixel.
- Smartphone: 390 x 844 CSS-Pixel.
- Bei UI-Tests jeden definierten Viewport pruefen und je Viewport einen eigenen Screenshot am Testlauf hinterlegen.

Beleg und Nachbereitung
- Fuer jeden einzelnen Testschritt unmittelbar nach der Ausfuehrung einen Screenshot als Anhang am Testlauf hinterlegen.
- Der Screenshot muss die relevante Ausgangslage bzw. Eingabe und das sichtbare Ergebnis des jeweiligen Schrittes nachvollziehbar zeigen.
- Alle Schritte des Tests muessen einen eigenen Nachweis besitzen; bei Eingabeschritten sind Eingabe und anschliessende Reaktion zu dokumentieren.
- PASS nur vergeben, wenn alle Schritte erfolgreich abgeschlossen und fuer alle Schritte Screenshots hinterlegt sind.
- FAIL oder BLOCKED ebenfalls mit Screenshot(s), tatsaechlichem Ergebnis, Datum, Tester und Umgebung dokumentieren; bei FAIL einen Bug mit Reproduktionsschritten und Verweis auf diesen Test anlegen.
- Passwoerter, Tokens, Zahlungsdaten und sonstige Geheimnisse niemals im Klartext speichern; vor dem Anhang maskieren oder schwaerzen."
KAN-643,E3-03 Warenkorbartikel entfernen – Kauf erfolgreich,"Abgedeckte Story: KAN-36 – E3-03 Warenkorbartikel entfernen
Testart: Kauf erfolgreich
Priorität der Story: Highest

Ziel
Ein Produkt als Gast durch den Checkout führen

Vorbedingungen
- Die Anwendung ist erreichbar und die erforderlichen Testdaten sind vorbereitet.
- Der Test wird in einer isolierten Umgebung mit nachvollziehbaren Benutzerrollen ausgeführt.

Schritte
1. Verfügbares Produkt auswählen.
2. In den Warenkorb legen und Menge prüfen.
3. Gastdaten, Adresse und Versandart eingeben.
4. Zusammenfassung prüfen und Bestellung absenden.

Erwartetes Ergebnis
Warenkorb, Versand, Gesamtbetrag und Bestellung stimmen; der Artikel ist reserviert beziehungsweise verarbeitet.

Responsive Viewports
- Desktop: 1440 x 900 CSS-Pixel.
- Full HD: 1920 x 1080 CSS-Pixel.
- WQHD: 2560 x 1440 CSS-Pixel.
- Ultrawide: 3440 x 1440 CSS-Pixel.
- 4K: 3840 x 2160 CSS-Pixel.
- Tablet: 768 x 1024 CSS-Pixel.
- Smartphone: 390 x 844 CSS-Pixel.
- Bei UI-Tests jeden definierten Viewport pruefen und je Viewport einen eigenen Screenshot am Testlauf hinterlegen.

Beleg und Nachbereitung
- Fuer jeden einzelnen Testschritt unmittelbar nach der Ausfuehrung einen Screenshot als Anhang am Testlauf hinterlegen.
- Der Screenshot muss die relevante Ausgangslage bzw. Eingabe und das sichtbare Ergebnis des jeweiligen Schrittes nachvollziehbar zeigen.
- Alle Schritte des Tests muessen einen eigenen Nachweis besitzen; bei Eingabeschritten sind Eingabe und anschliessende Reaktion zu dokumentieren.
- PASS nur vergeben, wenn alle Schritte erfolgreich abgeschlossen und fuer alle Schritte Screenshots hinterlegt sind.
- FAIL oder BLOCKED ebenfalls mit Screenshot(s), tatsaechlichem Ergebnis, Datum, Tester und Umgebung dokumentieren; bei FAIL einen Bug mit Reproduktionsschritten und Verweis auf diesen Test anlegen.
- Passwoerter, Tokens, Zahlungsdaten und sonstige Geheimnisse niemals im Klartext speichern; vor dem Anhang maskieren oder schwaerzen."
KAN-644,E3-03 Warenkorbartikel entfernen – Abbruch und Nichtverfügbarkeit,"Abgedeckte Story: KAN-36 – E3-03 Warenkorbartikel entfernen
Testart: Abbruch und Nichtverfügbarkeit
Priorität der Story: Highest

Ziel
Checkout bei Fehlern sicher abbrechen

Vorbedingungen
- Die Anwendung ist erreichbar und die erforderlichen Testdaten sind vorbereitet.
- Der Test wird in einer isolierten Umgebung mit nachvollziehbaren Benutzerrollen ausgeführt.

Schritte
1. Artikel zwischen zwei Schritten unverfügbar machen.
2. Pflichtfeld und ungültige Adresse verwenden.
3. Zurück navigieren und Daten ändern.
4. Checkout erneut laden.

Erwartetes Ergebnis
Die Ursache wird verständlich angezeigt; es entsteht keine falsche Bestellung und gültige Eingaben bleiben erhalten.

Responsive Viewports
- Desktop: 1440 x 900 CSS-Pixel.
- Full HD: 1920 x 1080 CSS-Pixel.
- WQHD: 2560 x 1440 CSS-Pixel.
- Ultrawide: 3440 x 1440 CSS-Pixel.
- 4K: 3840 x 2160 CSS-Pixel.
- Tablet: 768 x 1024 CSS-Pixel.
- Smartphone: 390 x 844 CSS-Pixel.
- Bei UI-Tests jeden definierten Viewport pruefen und je Viewport einen eigenen Screenshot am Testlauf hinterlegen.

Beleg und Nachbereitung
- Fuer jeden einzelnen Testschritt unmittelbar nach der Ausfuehrung einen Screenshot als Anhang am Testlauf hinterlegen.
- Der Screenshot muss die relevante Ausgangslage bzw. Eingabe und das sichtbare Ergebnis des jeweiligen Schrittes nachvollziehbar zeigen.
- Alle Schritte des Tests muessen einen eigenen Nachweis besitzen; bei Eingabeschritten sind Eingabe und anschliessende Reaktion zu dokumentieren.
- PASS nur vergeben, wenn alle Schritte erfolgreich abgeschlossen und fuer alle Schritte Screenshots hinterlegt sind.
- FAIL oder BLOCKED ebenfalls mit Screenshot(s), tatsaechlichem Ergebnis, Datum, Tester und Umgebung dokumentieren; bei FAIL einen Bug mit Reproduktionsschritten und Verweis auf diesen Test anlegen.
- Passwoerter, Tokens, Zahlungsdaten und sonstige Geheimnisse niemals im Klartext speichern; vor dem Anhang maskieren oder schwaerzen."
KAN-645,E3-03 Warenkorbartikel entfernen – Doppelte Aktion und Kontoflow,"Abgedeckte Story: KAN-36 – E3-03 Warenkorbartikel entfernen
Testart: Doppelte Aktion und Kontoflow
Priorität der Story: Highest

Ziel
Wiederholung und Kundenkonto prüfen

Vorbedingungen
- Die Anwendung ist erreichbar und die erforderlichen Testdaten sind vorbereitet.
- Der Test wird in einer isolierten Umgebung mit nachvollziehbaren Benutzerrollen ausgeführt.

Schritte
1. Submit beziehungsweise Reload mehrfach auslösen.
2. Mit Kundenkonto denselben Kauf starten.
3. Bestellstatus und Warenkorb danach prüfen.
4. Serverseitige Datensätze abgleichen.

Erwartetes Ergebnis
Es gibt genau eine fachliche Bestellung; Gast- und Kontoflow verwenden identische Preis- und Bestandsregeln.

Responsive Viewports
- Desktop: 1440 x 900 CSS-Pixel.
- Full HD: 1920 x 1080 CSS-Pixel.
- WQHD: 2560 x 1440 CSS-Pixel.
- Ultrawide: 3440 x 1440 CSS-Pixel.
- 4K: 3840 x 2160 CSS-Pixel.
- Tablet: 768 x 1024 CSS-Pixel.
- Smartphone: 390 x 844 CSS-Pixel.
- Bei UI-Tests jeden definierten Viewport pruefen und je Viewport einen eigenen Screenshot am Testlauf hinterlegen.

Beleg und Nachbereitung
- Fuer jeden einzelnen Testschritt unmittelbar nach der Ausfuehrung einen Screenshot als Anhang am Testlauf hinterlegen.
- Der Screenshot muss die relevante Ausgangslage bzw. Eingabe und das sichtbare Ergebnis des jeweiligen Schrittes nachvollziehbar zeigen.
- Alle Schritte des Tests muessen einen eigenen Nachweis besitzen; bei Eingabeschritten sind Eingabe und anschliessende Reaktion zu dokumentieren.
- PASS nur vergeben, wenn alle Schritte erfolgreich abgeschlossen und fuer alle Schritte Screenshots hinterlegt sind.
- FAIL oder BLOCKED ebenfalls mit Screenshot(s), tatsaechlichem Ergebnis, Datum, Tester und Umgebung dokumentieren; bei FAIL einen Bug mit Reproduktionsschritten und Verweis auf diesen Test anlegen.
- Passwoerter, Tokens, Zahlungsdaten und sonstige Geheimnisse niemals im Klartext speichern; vor dem Anhang maskieren oder schwaerzen."
KAN-646,E3-04 Gesamtpreis anzeigen – Kauf erfolgreich,"Abgedeckte Story: KAN-37 – E3-04 Gesamtpreis anzeigen
Testart: Kauf erfolgreich
Priorität der Story: Highest

Ziel
Ein Produkt als Gast durch den Checkout führen

Vorbedingungen
- Die Anwendung ist erreichbar und die erforderlichen Testdaten sind vorbereitet.
- Der Test wird in einer isolierten Umgebung mit nachvollziehbaren Benutzerrollen ausgeführt.

Schritte
1. Verfügbares Produkt auswählen.
2. In den Warenkorb legen und Menge prüfen.
3. Gastdaten, Adresse und Versandart eingeben.
4. Zusammenfassung prüfen und Bestellung absenden.

Erwartetes Ergebnis
Warenkorb, Versand, Gesamtbetrag und Bestellung stimmen; der Artikel ist reserviert beziehungsweise verarbeitet.

Responsive Viewports
- Desktop: 1440 x 900 CSS-Pixel.
- Full HD: 1920 x 1080 CSS-Pixel.
- WQHD: 2560 x 1440 CSS-Pixel.
- Ultrawide: 3440 x 1440 CSS-Pixel.
- 4K: 3840 x 2160 CSS-Pixel.
- Tablet: 768 x 1024 CSS-Pixel.
- Smartphone: 390 x 844 CSS-Pixel.
- Bei UI-Tests jeden definierten Viewport pruefen und je Viewport einen eigenen Screenshot am Testlauf hinterlegen.

Beleg und Nachbereitung
- Fuer jeden einzelnen Testschritt unmittelbar nach der Ausfuehrung einen Screenshot als Anhang am Testlauf hinterlegen.
- Der Screenshot muss die relevante Ausgangslage bzw. Eingabe und das sichtbare Ergebnis des jeweiligen Schrittes nachvollziehbar zeigen.
- Alle Schritte des Tests muessen einen eigenen Nachweis besitzen; bei Eingabeschritten sind Eingabe und anschliessende Reaktion zu dokumentieren.
- PASS nur vergeben, wenn alle Schritte erfolgreich abgeschlossen und fuer alle Schritte Screenshots hinterlegt sind.
- FAIL oder BLOCKED ebenfalls mit Screenshot(s), tatsaechlichem Ergebnis, Datum, Tester und Umgebung dokumentieren; bei FAIL einen Bug mit Reproduktionsschritten und Verweis auf diesen Test anlegen.
- Passwoerter, Tokens, Zahlungsdaten und sonstige Geheimnisse niemals im Klartext speichern; vor dem Anhang maskieren oder schwaerzen."
KAN-647,E3-04 Gesamtpreis anzeigen – Abbruch und Nichtverfügbarkeit,"Abgedeckte Story: KAN-37 – E3-04 Gesamtpreis anzeigen
Testart: Abbruch und Nichtverfügbarkeit
Priorität der Story: Highest

Ziel
Checkout bei Fehlern sicher abbrechen

Vorbedingungen
- Die Anwendung ist erreichbar und die erforderlichen Testdaten sind vorbereitet.
- Der Test wird in einer isolierten Umgebung mit nachvollziehbaren Benutzerrollen ausgeführt.

Schritte
1. Artikel zwischen zwei Schritten unverfügbar machen.
2. Pflichtfeld und ungültige Adresse verwenden.
3. Zurück navigieren und Daten ändern.
4. Checkout erneut laden.

Erwartetes Ergebnis
Die Ursache wird verständlich angezeigt; es entsteht keine falsche Bestellung und gültige Eingaben bleiben erhalten.

Responsive Viewports
- Desktop: 1440 x 900 CSS-Pixel.
- Full HD: 1920 x 1080 CSS-Pixel.
- WQHD: 2560 x 1440 CSS-Pixel.
- Ultrawide: 3440 x 1440 CSS-Pixel.
- 4K: 3840 x 2160 CSS-Pixel.
- Tablet: 768 x 1024 CSS-Pixel.
- Smartphone: 390 x 844 CSS-Pixel.
- Bei UI-Tests jeden definierten Viewport pruefen und je Viewport einen eigenen Screenshot am Testlauf hinterlegen.

Beleg und Nachbereitung
- Fuer jeden einzelnen Testschritt unmittelbar nach der Ausfuehrung einen Screenshot als Anhang am Testlauf hinterlegen.
- Der Screenshot muss die relevante Ausgangslage bzw. Eingabe und das sichtbare Ergebnis des jeweiligen Schrittes nachvollziehbar zeigen.
- Alle Schritte des Tests muessen einen eigenen Nachweis besitzen; bei Eingabeschritten sind Eingabe und anschliessende Reaktion zu dokumentieren.
- PASS nur vergeben, wenn alle Schritte erfolgreich abgeschlossen und fuer alle Schritte Screenshots hinterlegt sind.
- FAIL oder BLOCKED ebenfalls mit Screenshot(s), tatsaechlichem Ergebnis, Datum, Tester und Umgebung dokumentieren; bei FAIL einen Bug mit Reproduktionsschritten und Verweis auf diesen Test anlegen.
- Passwoerter, Tokens, Zahlungsdaten und sonstige Geheimnisse niemals im Klartext speichern; vor dem Anhang maskieren oder schwaerzen."
KAN-648,E3-04 Gesamtpreis anzeigen – Doppelte Aktion und Kontoflow,"Abgedeckte Story: KAN-37 – E3-04 Gesamtpreis anzeigen
Testart: Doppelte Aktion und Kontoflow
Priorität der Story: Highest

Ziel
Wiederholung und Kundenkonto prüfen

Vorbedingungen
- Die Anwendung ist erreichbar und die erforderlichen Testdaten sind vorbereitet.
- Der Test wird in einer isolierten Umgebung mit nachvollziehbaren Benutzerrollen ausgeführt.

Schritte
1. Submit beziehungsweise Reload mehrfach auslösen.
2. Mit Kundenkonto denselben Kauf starten.
3. Bestellstatus und Warenkorb danach prüfen.
4. Serverseitige Datensätze abgleichen.

Erwartetes Ergebnis
Es gibt genau eine fachliche Bestellung; Gast- und Kontoflow verwenden identische Preis- und Bestandsregeln.

Responsive Viewports
- Desktop: 1440 x 900 CSS-Pixel.
- Full HD: 1920 x 1080 CSS-Pixel.
- WQHD: 2560 x 1440 CSS-Pixel.
- Ultrawide: 3440 x 1440 CSS-Pixel.
- 4K: 3840 x 2160 CSS-Pixel.
- Tablet: 768 x 1024 CSS-Pixel.
- Smartphone: 390 x 844 CSS-Pixel.
- Bei UI-Tests jeden definierten Viewport pruefen und je Viewport einen eigenen Screenshot am Testlauf hinterlegen.

Beleg und Nachbereitung
- Fuer jeden einzelnen Testschritt unmittelbar nach der Ausfuehrung einen Screenshot als Anhang am Testlauf hinterlegen.
- Der Screenshot muss die relevante Ausgangslage bzw. Eingabe und das sichtbare Ergebnis des jeweiligen Schrittes nachvollziehbar zeigen.
- Alle Schritte des Tests muessen einen eigenen Nachweis besitzen; bei Eingabeschritten sind Eingabe und anschliessende Reaktion zu dokumentieren.
- PASS nur vergeben, wenn alle Schritte erfolgreich abgeschlossen und fuer alle Schritte Screenshots hinterlegt sind.
- FAIL oder BLOCKED ebenfalls mit Screenshot(s), tatsaechlichem Ergebnis, Datum, Tester und Umgebung dokumentieren; bei FAIL einen Bug mit Reproduktionsschritten und Verweis auf diesen Test anlegen.
- Passwoerter, Tokens, Zahlungsdaten und sonstige Geheimnisse niemals im Klartext speichern; vor dem Anhang maskieren oder schwaerzen."
KAN-649,E3-05 Nichtverfügbarkeit erkennen – Kauf erfolgreich,"Abgedeckte Story: KAN-38 – E3-05 Nichtverfügbarkeit erkennen
Testart: Kauf erfolgreich
Priorität der Story: Highest

Ziel
Ein Produkt als Gast durch den Checkout führen

Vorbedingungen
- Die Anwendung ist erreichbar und die erforderlichen Testdaten sind vorbereitet.
- Der Test wird in einer isolierten Umgebung mit nachvollziehbaren Benutzerrollen ausgeführt.

Schritte
1. Verfügbares Produkt auswählen.
2. In den Warenkorb legen und Menge prüfen.
3. Gastdaten, Adresse und Versandart eingeben.
4. Zusammenfassung prüfen und Bestellung absenden.

Erwartetes Ergebnis
Warenkorb, Versand, Gesamtbetrag und Bestellung stimmen; der Artikel ist reserviert beziehungsweise verarbeitet.

Responsive Viewports
- Desktop: 1440 x 900 CSS-Pixel.
- Full HD: 1920 x 1080 CSS-Pixel.
- WQHD: 2560 x 1440 CSS-Pixel.
- Ultrawide: 3440 x 1440 CSS-Pixel.
- 4K: 3840 x 2160 CSS-Pixel.
- Tablet: 768 x 1024 CSS-Pixel.
- Smartphone: 390 x 844 CSS-Pixel.
- Bei UI-Tests jeden definierten Viewport pruefen und je Viewport einen eigenen Screenshot am Testlauf hinterlegen.

Beleg und Nachbereitung
- Fuer jeden einzelnen Testschritt unmittelbar nach der Ausfuehrung einen Screenshot als Anhang am Testlauf hinterlegen.
- Der Screenshot muss die relevante Ausgangslage bzw. Eingabe und das sichtbare Ergebnis des jeweiligen Schrittes nachvollziehbar zeigen.
- Alle Schritte des Tests muessen einen eigenen Nachweis besitzen; bei Eingabeschritten sind Eingabe und anschliessende Reaktion zu dokumentieren.
- PASS nur vergeben, wenn alle Schritte erfolgreich abgeschlossen und fuer alle Schritte Screenshots hinterlegt sind.
- FAIL oder BLOCKED ebenfalls mit Screenshot(s), tatsaechlichem Ergebnis, Datum, Tester und Umgebung dokumentieren; bei FAIL einen Bug mit Reproduktionsschritten und Verweis auf diesen Test anlegen.
- Passwoerter, Tokens, Zahlungsdaten und sonstige Geheimnisse niemals im Klartext speichern; vor dem Anhang maskieren oder schwaerzen."
KAN-650,E3-05 Nichtverfügbarkeit erkennen – Abbruch und Nichtverfügbarkeit,"Abgedeckte Story: KAN-38 – E3-05 Nichtverfügbarkeit erkennen
Testart: Abbruch und Nichtverfügbarkeit
Priorität der Story: Highest

Ziel
Checkout bei Fehlern sicher abbrechen

Vorbedingungen
- Die Anwendung ist erreichbar und die erforderlichen Testdaten sind vorbereitet.
- Der Test wird in einer isolierten Umgebung mit nachvollziehbaren Benutzerrollen ausgeführt.

Schritte
1. Artikel zwischen zwei Schritten unverfügbar machen.
2. Pflichtfeld und ungültige Adresse verwenden.
3. Zurück navigieren und Daten ändern.
4. Checkout erneut laden.

Erwartetes Ergebnis
Die Ursache wird verständlich angezeigt; es entsteht keine falsche Bestellung und gültige Eingaben bleiben erhalten.

Responsive Viewports
- Desktop: 1440 x 900 CSS-Pixel.
- Full HD: 1920 x 1080 CSS-Pixel.
- WQHD: 2560 x 1440 CSS-Pixel.
- Ultrawide: 3440 x 1440 CSS-Pixel.
- 4K: 3840 x 2160 CSS-Pixel.
- Tablet: 768 x 1024 CSS-Pixel.
- Smartphone: 390 x 844 CSS-Pixel.
- Bei UI-Tests jeden definierten Viewport pruefen und je Viewport einen eigenen Screenshot am Testlauf hinterlegen.

Beleg und Nachbereitung
- Fuer jeden einzelnen Testschritt unmittelbar nach der Ausfuehrung einen Screenshot als Anhang am Testlauf hinterlegen.
- Der Screenshot muss die relevante Ausgangslage bzw. Eingabe und das sichtbare Ergebnis des jeweiligen Schrittes nachvollziehbar zeigen.
- Alle Schritte des Tests muessen einen eigenen Nachweis besitzen; bei Eingabeschritten sind Eingabe und anschliessende Reaktion zu dokumentieren.
- PASS nur vergeben, wenn alle Schritte erfolgreich abgeschlossen und fuer alle Schritte Screenshots hinterlegt sind.
- FAIL oder BLOCKED ebenfalls mit Screenshot(s), tatsaechlichem Ergebnis, Datum, Tester und Umgebung dokumentieren; bei FAIL einen Bug mit Reproduktionsschritten und Verweis auf diesen Test anlegen.
- Passwoerter, Tokens, Zahlungsdaten und sonstige Geheimnisse niemals im Klartext speichern; vor dem Anhang maskieren oder schwaerzen."
KAN-651,E3-05 Nichtverfügbarkeit erkennen – Doppelte Aktion und Kontoflow,"Abgedeckte Story: KAN-38 – E3-05 Nichtverfügbarkeit erkennen
Testart: Doppelte Aktion und Kontoflow
Priorität der Story: Highest

Ziel
Wiederholung und Kundenkonto prüfen

Vorbedingungen
- Die Anwendung ist erreichbar und die erforderlichen Testdaten sind vorbereitet.
- Der Test wird in einer isolierten Umgebung mit nachvollziehbaren Benutzerrollen ausgeführt.

Schritte
1. Submit beziehungsweise Reload mehrfach auslösen.
2. Mit Kundenkonto denselben Kauf starten.
3. Bestellstatus und Warenkorb danach prüfen.
4. Serverseitige Datensätze abgleichen.

Erwartetes Ergebnis
Es gibt genau eine fachliche Bestellung; Gast- und Kontoflow verwenden identische Preis- und Bestandsregeln.

Responsive Viewports
- Desktop: 1440 x 900 CSS-Pixel.
- Full HD: 1920 x 1080 CSS-Pixel.
- WQHD: 2560 x 1440 CSS-Pixel.
- Ultrawide: 3440 x 1440 CSS-Pixel.
- 4K: 3840 x 2160 CSS-Pixel.
- Tablet: 768 x 1024 CSS-Pixel.
- Smartphone: 390 x 844 CSS-Pixel.
- Bei UI-Tests jeden definierten Viewport pruefen und je Viewport einen eigenen Screenshot am Testlauf hinterlegen.

Beleg und Nachbereitung
- Fuer jeden einzelnen Testschritt unmittelbar nach der Ausfuehrung einen Screenshot als Anhang am Testlauf hinterlegen.
- Der Screenshot muss die relevante Ausgangslage bzw. Eingabe und das sichtbare Ergebnis des jeweiligen Schrittes nachvollziehbar zeigen.
- Alle Schritte des Tests muessen einen eigenen Nachweis besitzen; bei Eingabeschritten sind Eingabe und anschliessende Reaktion zu dokumentieren.
- PASS nur vergeben, wenn alle Schritte erfolgreich abgeschlossen und fuer alle Schritte Screenshots hinterlegt sind.
- FAIL oder BLOCKED ebenfalls mit Screenshot(s), tatsaechlichem Ergebnis, Datum, Tester und Umgebung dokumentieren; bei FAIL einen Bug mit Reproduktionsschritten und Verweis auf diesen Test anlegen.
- Passwoerter, Tokens, Zahlungsdaten und sonstige Geheimnisse niemals im Klartext speichern; vor dem Anhang maskieren oder schwaerzen."
KAN-652,E3-06 Warenkorb persistent halten – Kauf erfolgreich,"Abgedeckte Story: KAN-39 – E3-06 Warenkorb persistent halten
Testart: Kauf erfolgreich
Priorität der Story: High

Ziel
Ein Produkt als Gast durch den Checkout führen

Vorbedingungen
- Die Anwendung ist erreichbar und die erforderlichen Testdaten sind vorbereitet.
- Der Test wird in einer isolierten Umgebung mit nachvollziehbaren Benutzerrollen ausgeführt.

Schritte
1. Verfügbares Produkt auswählen.
2. In den Warenkorb legen und Menge prüfen.
3. Gastdaten, Adresse und Versandart eingeben.
4. Zusammenfassung prüfen und Bestellung absenden.

Erwartetes Ergebnis
Warenkorb, Versand, Gesamtbetrag und Bestellung stimmen; der Artikel ist reserviert beziehungsweise verarbeitet.

Responsive Viewports
- Desktop: 1440 x 900 CSS-Pixel.
- Full HD: 1920 x 1080 CSS-Pixel.
- WQHD: 2560 x 1440 CSS-Pixel.
- Ultrawide: 3440 x 1440 CSS-Pixel.
- 4K: 3840 x 2160 CSS-Pixel.
- Tablet: 768 x 1024 CSS-Pixel.
- Smartphone: 390 x 844 CSS-Pixel.
- Bei UI-Tests jeden definierten Viewport pruefen und je Viewport einen eigenen Screenshot am Testlauf hinterlegen.

Beleg und Nachbereitung
- Fuer jeden einzelnen Testschritt unmittelbar nach der Ausfuehrung einen Screenshot als Anhang am Testlauf hinterlegen.
- Der Screenshot muss die relevante Ausgangslage bzw. Eingabe und das sichtbare Ergebnis des jeweiligen Schrittes nachvollziehbar zeigen.
- Alle Schritte des Tests muessen einen eigenen Nachweis besitzen; bei Eingabeschritten sind Eingabe und anschliessende Reaktion zu dokumentieren.
- PASS nur vergeben, wenn alle Schritte erfolgreich abgeschlossen und fuer alle Schritte Screenshots hinterlegt sind.
- FAIL oder BLOCKED ebenfalls mit Screenshot(s), tatsaechlichem Ergebnis, Datum, Tester und Umgebung dokumentieren; bei FAIL einen Bug mit Reproduktionsschritten und Verweis auf diesen Test anlegen.
- Passwoerter, Tokens, Zahlungsdaten und sonstige Geheimnisse niemals im Klartext speichern; vor dem Anhang maskieren oder schwaerzen."
KAN-653,E3-06 Warenkorb persistent halten – Abbruch und Nichtverfügbarkeit,"Abgedeckte Story: KAN-39 – E3-06 Warenkorb persistent halten
Testart: Abbruch und Nichtverfügbarkeit
Priorität der Story: High

Ziel
Checkout bei Fehlern sicher abbrechen

Vorbedingungen
- Die Anwendung ist erreichbar und die erforderlichen Testdaten sind vorbereitet.
- Der Test wird in einer isolierten Umgebung mit nachvollziehbaren Benutzerrollen ausgeführt.

Schritte
1. Artikel zwischen zwei Schritten unverfügbar machen.
2. Pflichtfeld und ungültige Adresse verwenden.
3. Zurück navigieren und Daten ändern.
4. Checkout erneut laden.

Erwartetes Ergebnis
Die Ursache wird verständlich angezeigt; es entsteht keine falsche Bestellung und gültige Eingaben bleiben erhalten.

Responsive Viewports
- Desktop: 1440 x 900 CSS-Pixel.
- Full HD: 1920 x 1080 CSS-Pixel.
- WQHD: 2560 x 1440 CSS-Pixel.
- Ultrawide: 3440 x 1440 CSS-Pixel.
- 4K: 3840 x 2160 CSS-Pixel.
- Tablet: 768 x 1024 CSS-Pixel.
- Smartphone: 390 x 844 CSS-Pixel.
- Bei UI-Tests jeden definierten Viewport pruefen und je Viewport einen eigenen Screenshot am Testlauf hinterlegen.

Beleg und Nachbereitung
- Fuer jeden einzelnen Testschritt unmittelbar nach der Ausfuehrung einen Screenshot als Anhang am Testlauf hinterlegen.
- Der Screenshot muss die relevante Ausgangslage bzw. Eingabe und das sichtbare Ergebnis des jeweiligen Schrittes nachvollziehbar zeigen.
- Alle Schritte des Tests muessen einen eigenen Nachweis besitzen; bei Eingabeschritten sind Eingabe und anschliessende Reaktion zu dokumentieren.
- PASS nur vergeben, wenn alle Schritte erfolgreich abgeschlossen und fuer alle Schritte Screenshots hinterlegt sind.
- FAIL oder BLOCKED ebenfalls mit Screenshot(s), tatsaechlichem Ergebnis, Datum, Tester und Umgebung dokumentieren; bei FAIL einen Bug mit Reproduktionsschritten und Verweis auf diesen Test anlegen.
- Passwoerter, Tokens, Zahlungsdaten und sonstige Geheimnisse niemals im Klartext speichern; vor dem Anhang maskieren oder schwaerzen."
KAN-654,E3-06 Warenkorb persistent halten – Doppelte Aktion und Kontoflow,"Abgedeckte Story: KAN-39 – E3-06 Warenkorb persistent halten
Testart: Doppelte Aktion und Kontoflow
Priorität der Story: High

Ziel
Wiederholung und Kundenkonto prüfen

Vorbedingungen
- Die Anwendung ist erreichbar und die erforderlichen Testdaten sind vorbereitet.
- Der Test wird in einer isolierten Umgebung mit nachvollziehbaren Benutzerrollen ausgeführt.

Schritte
1. Submit beziehungsweise Reload mehrfach auslösen.
2. Mit Kundenkonto denselben Kauf starten.
3. Bestellstatus und Warenkorb danach prüfen.
4. Serverseitige Datensätze abgleichen.

Erwartetes Ergebnis
Es gibt genau eine fachliche Bestellung; Gast- und Kontoflow verwenden identische Preis- und Bestandsregeln.

Responsive Viewports
- Desktop: 1440 x 900 CSS-Pixel.
- Full HD: 1920 x 1080 CSS-Pixel.
- WQHD: 2560 x 1440 CSS-Pixel.
- Ultrawide: 3440 x 1440 CSS-Pixel.
- 4K: 3840 x 2160 CSS-Pixel.
- Tablet: 768 x 1024 CSS-Pixel.
- Smartphone: 390 x 844 CSS-Pixel.
- Bei UI-Tests jeden definierten Viewport pruefen und je Viewport einen eigenen Screenshot am Testlauf hinterlegen.

Beleg und Nachbereitung
- Fuer jeden einzelnen Testschritt unmittelbar nach der Ausfuehrung einen Screenshot als Anhang am Testlauf hinterlegen.
- Der Screenshot muss die relevante Ausgangslage bzw. Eingabe und das sichtbare Ergebnis des jeweiligen Schrittes nachvollziehbar zeigen.
- Alle Schritte des Tests muessen einen eigenen Nachweis besitzen; bei Eingabeschritten sind Eingabe und anschliessende Reaktion zu dokumentieren.
- PASS nur vergeben, wenn alle Schritte erfolgreich abgeschlossen und fuer alle Schritte Screenshots hinterlegt sind.
- FAIL oder BLOCKED ebenfalls mit Screenshot(s), tatsaechlichem Ergebnis, Datum, Tester und Umgebung dokumentieren; bei FAIL einen Bug mit Reproduktionsschritten und Verweis auf diesen Test anlegen.
- Passwoerter, Tokens, Zahlungsdaten und sonstige Geheimnisse niemals im Klartext speichern; vor dem Anhang maskieren oder schwaerzen."
KAN-655,E3-07 Als Gast bestellen – Kauf erfolgreich,"Abgedeckte Story: KAN-40 – E3-07 Als Gast bestellen
Testart: Kauf erfolgreich
Priorität der Story: Highest

Ziel
Ein Produkt als Gast durch den Checkout führen

Vorbedingungen
- Die Anwendung ist erreichbar und die erforderlichen Testdaten sind vorbereitet.
- Der Test wird in einer isolierten Umgebung mit nachvollziehbaren Benutzerrollen ausgeführt.

Schritte
1. Verfügbares Produkt auswählen.
2. In den Warenkorb legen und Menge prüfen.
3. Gastdaten, Adresse und Versandart eingeben.
4. Zusammenfassung prüfen und Bestellung absenden.

Erwartetes Ergebnis
Warenkorb, Versand, Gesamtbetrag und Bestellung stimmen; der Artikel ist reserviert beziehungsweise verarbeitet.

Responsive Viewports
- Desktop: 1440 x 900 CSS-Pixel.
- Full HD: 1920 x 1080 CSS-Pixel.
- WQHD: 2560 x 1440 CSS-Pixel.
- Ultrawide: 3440 x 1440 CSS-Pixel.
- 4K: 3840 x 2160 CSS-Pixel.
- Tablet: 768 x 1024 CSS-Pixel.
- Smartphone: 390 x 844 CSS-Pixel.
- Bei UI-Tests jeden definierten Viewport pruefen und je Viewport einen eigenen Screenshot am Testlauf hinterlegen.

Beleg und Nachbereitung
- Fuer jeden einzelnen Testschritt unmittelbar nach der Ausfuehrung einen Screenshot als Anhang am Testlauf hinterlegen.
- Der Screenshot muss die relevante Ausgangslage bzw. Eingabe und das sichtbare Ergebnis des jeweiligen Schrittes nachvollziehbar zeigen.
- Alle Schritte des Tests muessen einen eigenen Nachweis besitzen; bei Eingabeschritten sind Eingabe und anschliessende Reaktion zu dokumentieren.
- PASS nur vergeben, wenn alle Schritte erfolgreich abgeschlossen und fuer alle Schritte Screenshots hinterlegt sind.
- FAIL oder BLOCKED ebenfalls mit Screenshot(s), tatsaechlichem Ergebnis, Datum, Tester und Umgebung dokumentieren; bei FAIL einen Bug mit Reproduktionsschritten und Verweis auf diesen Test anlegen.
- Passwoerter, Tokens, Zahlungsdaten und sonstige Geheimnisse niemals im Klartext speichern; vor dem Anhang maskieren oder schwaerzen."
KAN-656,E3-07 Als Gast bestellen – Abbruch und Nichtverfügbarkeit,"Abgedeckte Story: KAN-40 – E3-07 Als Gast bestellen
Testart: Abbruch und Nichtverfügbarkeit
Priorität der Story: Highest

Ziel
Checkout bei Fehlern sicher abbrechen

Vorbedingungen
- Die Anwendung ist erreichbar und die erforderlichen Testdaten sind vorbereitet.
- Der Test wird in einer isolierten Umgebung mit nachvollziehbaren Benutzerrollen ausgeführt.

Schritte
1. Artikel zwischen zwei Schritten unverfügbar machen.
2. Pflichtfeld und ungültige Adresse verwenden.
3. Zurück navigieren und Daten ändern.
4. Checkout erneut laden.

Erwartetes Ergebnis
Die Ursache wird verständlich angezeigt; es entsteht keine falsche Bestellung und gültige Eingaben bleiben erhalten.

Responsive Viewports
- Desktop: 1440 x 900 CSS-Pixel.
- Full HD: 1920 x 1080 CSS-Pixel.
- WQHD: 2560 x 1440 CSS-Pixel.
- Ultrawide: 3440 x 1440 CSS-Pixel.
- 4K: 3840 x 2160 CSS-Pixel.
- Tablet: 768 x 1024 CSS-Pixel.
- Smartphone: 390 x 844 CSS-Pixel.
- Bei UI-Tests jeden definierten Viewport pruefen und je Viewport einen eigenen Screenshot am Testlauf hinterlegen.

Beleg und Nachbereitung
- Fuer jeden einzelnen Testschritt unmittelbar nach der Ausfuehrung einen Screenshot als Anhang am Testlauf hinterlegen.
- Der Screenshot muss die relevante Ausgangslage bzw. Eingabe und das sichtbare Ergebnis des jeweiligen Schrittes nachvollziehbar zeigen.
- Alle Schritte des Tests muessen einen eigenen Nachweis besitzen; bei Eingabeschritten sind Eingabe und anschliessende Reaktion zu dokumentieren.
- PASS nur vergeben, wenn alle Schritte erfolgreich abgeschlossen und fuer alle Schritte Screenshots hinterlegt sind.
- FAIL oder BLOCKED ebenfalls mit Screenshot(s), tatsaechlichem Ergebnis, Datum, Tester und Umgebung dokumentieren; bei FAIL einen Bug mit Reproduktionsschritten und Verweis auf diesen Test anlegen.
- Passwoerter, Tokens, Zahlungsdaten und sonstige Geheimnisse niemals im Klartext speichern; vor dem Anhang maskieren oder schwaerzen."
KAN-657,E3-07 Als Gast bestellen – Doppelte Aktion und Kontoflow,"Abgedeckte Story: KAN-40 – E3-07 Als Gast bestellen
Testart: Doppelte Aktion und Kontoflow
Priorität der Story: Highest

Ziel
Wiederholung und Kundenkonto prüfen

Vorbedingungen
- Die Anwendung ist erreichbar und die erforderlichen Testdaten sind vorbereitet.
- Der Test wird in einer isolierten Umgebung mit nachvollziehbaren Benutzerrollen ausgeführt.

Schritte
1. Submit beziehungsweise Reload mehrfach auslösen.
2. Mit Kundenkonto denselben Kauf starten.
3. Bestellstatus und Warenkorb danach prüfen.
4. Serverseitige Datensätze abgleichen.

Erwartetes Ergebnis
Es gibt genau eine fachliche Bestellung; Gast- und Kontoflow verwenden identische Preis- und Bestandsregeln.

Responsive Viewports
- Desktop: 1440 x 900 CSS-Pixel.
- Full HD: 1920 x 1080 CSS-Pixel.
- WQHD: 2560 x 1440 CSS-Pixel.
- Ultrawide: 3440 x 1440 CSS-Pixel.
- 4K: 3840 x 2160 CSS-Pixel.
- Tablet: 768 x 1024 CSS-Pixel.
- Smartphone: 390 x 844 CSS-Pixel.
- Bei UI-Tests jeden definierten Viewport pruefen und je Viewport einen eigenen Screenshot am Testlauf hinterlegen.

Beleg und Nachbereitung
- Fuer jeden einzelnen Testschritt unmittelbar nach der Ausfuehrung einen Screenshot als Anhang am Testlauf hinterlegen.
- Der Screenshot muss die relevante Ausgangslage bzw. Eingabe und das sichtbare Ergebnis des jeweiligen Schrittes nachvollziehbar zeigen.
- Alle Schritte des Tests muessen einen eigenen Nachweis besitzen; bei Eingabeschritten sind Eingabe und anschliessende Reaktion zu dokumentieren.
- PASS nur vergeben, wenn alle Schritte erfolgreich abgeschlossen und fuer alle Schritte Screenshots hinterlegt sind.
- FAIL oder BLOCKED ebenfalls mit Screenshot(s), tatsaechlichem Ergebnis, Datum, Tester und Umgebung dokumentieren; bei FAIL einen Bug mit Reproduktionsschritten und Verweis auf diesen Test anlegen.
- Passwoerter, Tokens, Zahlungsdaten und sonstige Geheimnisse niemals im Klartext speichern; vor dem Anhang maskieren oder schwaerzen."
KAN-658,E3-08 Mit Kundenkonto bestellen – Kauf erfolgreich,"Abgedeckte Story: KAN-41 – E3-08 Mit Kundenkonto bestellen
Testart: Kauf erfolgreich
Priorität der Story: High

Ziel
Ein Produkt als Gast durch den Checkout führen

Vorbedingungen
- Die Anwendung ist erreichbar und die erforderlichen Testdaten sind vorbereitet.
- Der Test wird in einer isolierten Umgebung mit nachvollziehbaren Benutzerrollen ausgeführt.

Schritte
1. Verfügbares Produkt auswählen.
2. In den Warenkorb legen und Menge prüfen.
3. Gastdaten, Adresse und Versandart eingeben.
4. Zusammenfassung prüfen und Bestellung absenden.

Erwartetes Ergebnis
Warenkorb, Versand, Gesamtbetrag und Bestellung stimmen; der Artikel ist reserviert beziehungsweise verarbeitet.

Responsive Viewports
- Desktop: 1440 x 900 CSS-Pixel.
- Full HD: 1920 x 1080 CSS-Pixel.
- WQHD: 2560 x 1440 CSS-Pixel.
- Ultrawide: 3440 x 1440 CSS-Pixel.
- 4K: 3840 x 2160 CSS-Pixel.
- Tablet: 768 x 1024 CSS-Pixel.
- Smartphone: 390 x 844 CSS-Pixel.
- Bei UI-Tests jeden definierten Viewport pruefen und je Viewport einen eigenen Screenshot am Testlauf hinterlegen.

Beleg und Nachbereitung
- Fuer jeden einzelnen Testschritt unmittelbar nach der Ausfuehrung einen Screenshot als Anhang am Testlauf hinterlegen.
- Der Screenshot muss die relevante Ausgangslage bzw. Eingabe und das sichtbare Ergebnis des jeweiligen Schrittes nachvollziehbar zeigen.
- Alle Schritte des Tests muessen einen eigenen Nachweis besitzen; bei Eingabeschritten sind Eingabe und anschliessende Reaktion zu dokumentieren.
- PASS nur vergeben, wenn alle Schritte erfolgreich abgeschlossen und fuer alle Schritte Screenshots hinterlegt sind.
- FAIL oder BLOCKED ebenfalls mit Screenshot(s), tatsaechlichem Ergebnis, Datum, Tester und Umgebung dokumentieren; bei FAIL einen Bug mit Reproduktionsschritten und Verweis auf diesen Test anlegen.
- Passwoerter, Tokens, Zahlungsdaten und sonstige Geheimnisse niemals im Klartext speichern; vor dem Anhang maskieren oder schwaerzen."
KAN-659,E3-08 Mit Kundenkonto bestellen – Abbruch und Nichtverfügbarkeit,"Abgedeckte Story: KAN-41 – E3-08 Mit Kundenkonto bestellen
Testart: Abbruch und Nichtverfügbarkeit
Priorität der Story: High

Ziel
Checkout bei Fehlern sicher abbrechen

Vorbedingungen
- Die Anwendung ist erreichbar und die erforderlichen Testdaten sind vorbereitet.
- Der Test wird in einer isolierten Umgebung mit nachvollziehbaren Benutzerrollen ausgeführt.

Schritte
1. Artikel zwischen zwei Schritten unverfügbar machen.
2. Pflichtfeld und ungültige Adresse verwenden.
3. Zurück navigieren und Daten ändern.
4. Checkout erneut laden.

Erwartetes Ergebnis
Die Ursache wird verständlich angezeigt; es entsteht keine falsche Bestellung und gültige Eingaben bleiben erhalten.

Responsive Viewports
- Desktop: 1440 x 900 CSS-Pixel.
- Full HD: 1920 x 1080 CSS-Pixel.
- WQHD: 2560 x 1440 CSS-Pixel.
- Ultrawide: 3440 x 1440 CSS-Pixel.
- 4K: 3840 x 2160 CSS-Pixel.
- Tablet: 768 x 1024 CSS-Pixel.
- Smartphone: 390 x 844 CSS-Pixel.
- Bei UI-Tests jeden definierten Viewport pruefen und je Viewport einen eigenen Screenshot am Testlauf hinterlegen.

Beleg und Nachbereitung
- Fuer jeden einzelnen Testschritt unmittelbar nach der Ausfuehrung einen Screenshot als Anhang am Testlauf hinterlegen.
- Der Screenshot muss die relevante Ausgangslage bzw. Eingabe und das sichtbare Ergebnis des jeweiligen Schrittes nachvollziehbar zeigen.
- Alle Schritte des Tests muessen einen eigenen Nachweis besitzen; bei Eingabeschritten sind Eingabe und anschliessende Reaktion zu dokumentieren.
- PASS nur vergeben, wenn alle Schritte erfolgreich abgeschlossen und fuer alle Schritte Screenshots hinterlegt sind.
- FAIL oder BLOCKED ebenfalls mit Screenshot(s), tatsaechlichem Ergebnis, Datum, Tester und Umgebung dokumentieren; bei FAIL einen Bug mit Reproduktionsschritten und Verweis auf diesen Test anlegen.
- Passwoerter, Tokens, Zahlungsdaten und sonstige Geheimnisse niemals im Klartext speichern; vor dem Anhang maskieren oder schwaerzen."
KAN-660,E3-08 Mit Kundenkonto bestellen – Doppelte Aktion und Kontoflow,"Abgedeckte Story: KAN-41 – E3-08 Mit Kundenkonto bestellen
Testart: Doppelte Aktion und Kontoflow
Priorität der Story: High

Ziel
Wiederholung und Kundenkonto prüfen

Vorbedingungen
- Die Anwendung ist erreichbar und die erforderlichen Testdaten sind vorbereitet.
- Der Test wird in einer isolierten Umgebung mit nachvollziehbaren Benutzerrollen ausgeführt.

Schritte
1. Submit beziehungsweise Reload mehrfach auslösen.
2. Mit Kundenkonto denselben Kauf starten.
3. Bestellstatus und Warenkorb danach prüfen.
4. Serverseitige Datensätze abgleichen.

Erwartetes Ergebnis
Es gibt genau eine fachliche Bestellung; Gast- und Kontoflow verwenden identische Preis- und Bestandsregeln.

Responsive Viewports
- Desktop: 1440 x 900 CSS-Pixel.
- Full HD: 1920 x 1080 CSS-Pixel.
- WQHD: 2560 x 1440 CSS-Pixel.
- Ultrawide: 3440 x 1440 CSS-Pixel.
- 4K: 3840 x 2160 CSS-Pixel.
- Tablet: 768 x 1024 CSS-Pixel.
- Smartphone: 390 x 844 CSS-Pixel.
- Bei UI-Tests jeden definierten Viewport pruefen und je Viewport einen eigenen Screenshot am Testlauf hinterlegen.

Beleg und Nachbereitung
- Fuer jeden einzelnen Testschritt unmittelbar nach der Ausfuehrung einen Screenshot als Anhang am Testlauf hinterlegen.
- Der Screenshot muss die relevante Ausgangslage bzw. Eingabe und das sichtbare Ergebnis des jeweiligen Schrittes nachvollziehbar zeigen.
- Alle Schritte des Tests muessen einen eigenen Nachweis besitzen; bei Eingabeschritten sind Eingabe und anschliessende Reaktion zu dokumentieren.
- PASS nur vergeben, wenn alle Schritte erfolgreich abgeschlossen und fuer alle Schritte Screenshots hinterlegt sind.
- FAIL oder BLOCKED ebenfalls mit Screenshot(s), tatsaechlichem Ergebnis, Datum, Tester und Umgebung dokumentieren; bei FAIL einen Bug mit Reproduktionsschritten und Verweis auf diesen Test anlegen.
- Passwoerter, Tokens, Zahlungsdaten und sonstige Geheimnisse niemals im Klartext speichern; vor dem Anhang maskieren oder schwaerzen."
KAN-661,E3-09 Lieferadresse verwalten – Kauf erfolgreich,"Abgedeckte Story: KAN-42 – E3-09 Lieferadresse verwalten
Testart: Kauf erfolgreich
Priorität der Story: Highest

Ziel
Ein Produkt als Gast durch den Checkout führen

Vorbedingungen
- Die Anwendung ist erreichbar und die erforderlichen Testdaten sind vorbereitet.
- Der Test wird in einer isolierten Umgebung mit nachvollziehbaren Benutzerrollen ausgeführt.

Schritte
1. Verfügbares Produkt auswählen.
2. In den Warenkorb legen und Menge prüfen.
3. Gastdaten, Adresse und Versandart eingeben.
4. Zusammenfassung prüfen und Bestellung absenden.

Erwartetes Ergebnis
Warenkorb, Versand, Gesamtbetrag und Bestellung stimmen; der Artikel ist reserviert beziehungsweise verarbeitet.

Responsive Viewports
- Desktop: 1440 x 900 CSS-Pixel.
- Full HD: 1920 x 1080 CSS-Pixel.
- WQHD: 2560 x 1440 CSS-Pixel.
- Ultrawide: 3440 x 1440 CSS-Pixel.
- 4K: 3840 x 2160 CSS-Pixel.
- Tablet: 768 x 1024 CSS-Pixel.
- Smartphone: 390 x 844 CSS-Pixel.
- Bei UI-Tests jeden definierten Viewport pruefen und je Viewport einen eigenen Screenshot am Testlauf hinterlegen.

Beleg und Nachbereitung
- Fuer jeden einzelnen Testschritt unmittelbar nach der Ausfuehrung einen Screenshot als Anhang am Testlauf hinterlegen.
- Der Screenshot muss die relevante Ausgangslage bzw. Eingabe und das sichtbare Ergebnis des jeweiligen Schrittes nachvollziehbar zeigen.
- Alle Schritte des Tests muessen einen eigenen Nachweis besitzen; bei Eingabeschritten sind Eingabe und anschliessende Reaktion zu dokumentieren.
- PASS nur vergeben, wenn alle Schritte erfolgreich abgeschlossen und fuer alle Schritte Screenshots hinterlegt sind.
- FAIL oder BLOCKED ebenfalls mit Screenshot(s), tatsaechlichem Ergebnis, Datum, Tester und Umgebung dokumentieren; bei FAIL einen Bug mit Reproduktionsschritten und Verweis auf diesen Test anlegen.
- Passwoerter, Tokens, Zahlungsdaten und sonstige Geheimnisse niemals im Klartext speichern; vor dem Anhang maskieren oder schwaerzen."
KAN-662,E3-09 Lieferadresse verwalten – Abbruch und Nichtverfügbarkeit,"Abgedeckte Story: KAN-42 – E3-09 Lieferadresse verwalten
Testart: Abbruch und Nichtverfügbarkeit
Priorität der Story: Highest

Ziel
Checkout bei Fehlern sicher abbrechen

Vorbedingungen
- Die Anwendung ist erreichbar und die erforderlichen Testdaten sind vorbereitet.
- Der Test wird in einer isolierten Umgebung mit nachvollziehbaren Benutzerrollen ausgeführt.

Schritte
1. Artikel zwischen zwei Schritten unverfügbar machen.
2. Pflichtfeld und ungültige Adresse verwenden.
3. Zurück navigieren und Daten ändern.
4. Checkout erneut laden.

Erwartetes Ergebnis
Die Ursache wird verständlich angezeigt; es entsteht keine falsche Bestellung und gültige Eingaben bleiben erhalten.

Responsive Viewports
- Desktop: 1440 x 900 CSS-Pixel.
- Full HD: 1920 x 1080 CSS-Pixel.
- WQHD: 2560 x 1440 CSS-Pixel.
- Ultrawide: 3440 x 1440 CSS-Pixel.
- 4K: 3840 x 2160 CSS-Pixel.
- Tablet: 768 x 1024 CSS-Pixel.
- Smartphone: 390 x 844 CSS-Pixel.
- Bei UI-Tests jeden definierten Viewport pruefen und je Viewport einen eigenen Screenshot am Testlauf hinterlegen.

Beleg und Nachbereitung
- Fuer jeden einzelnen Testschritt unmittelbar nach der Ausfuehrung einen Screenshot als Anhang am Testlauf hinterlegen.
- Der Screenshot muss die relevante Ausgangslage bzw. Eingabe und das sichtbare Ergebnis des jeweiligen Schrittes nachvollziehbar zeigen.
- Alle Schritte des Tests muessen einen eigenen Nachweis besitzen; bei Eingabeschritten sind Eingabe und anschliessende Reaktion zu dokumentieren.
- PASS nur vergeben, wenn alle Schritte erfolgreich abgeschlossen und fuer alle Schritte Screenshots hinterlegt sind.
- FAIL oder BLOCKED ebenfalls mit Screenshot(s), tatsaechlichem Ergebnis, Datum, Tester und Umgebung dokumentieren; bei FAIL einen Bug mit Reproduktionsschritten und Verweis auf diesen Test anlegen.
- Passwoerter, Tokens, Zahlungsdaten und sonstige Geheimnisse niemals im Klartext speichern; vor dem Anhang maskieren oder schwaerzen."
KAN-663,E3-09 Lieferadresse verwalten – Doppelte Aktion und Kontoflow,"Abgedeckte Story: KAN-42 – E3-09 Lieferadresse verwalten
Testart: Doppelte Aktion und Kontoflow
Priorität der Story: Highest

Ziel
Wiederholung und Kundenkonto prüfen

Vorbedingungen
- Die Anwendung ist erreichbar und die erforderlichen Testdaten sind vorbereitet.
- Der Test wird in einer isolierten Umgebung mit nachvollziehbaren Benutzerrollen ausgeführt.

Schritte
1. Submit beziehungsweise Reload mehrfach auslösen.
2. Mit Kundenkonto denselben Kauf starten.
3. Bestellstatus und Warenkorb danach prüfen.
4. Serverseitige Datensätze abgleichen.

Erwartetes Ergebnis
Es gibt genau eine fachliche Bestellung; Gast- und Kontoflow verwenden identische Preis- und Bestandsregeln.

Responsive Viewports
- Desktop: 1440 x 900 CSS-Pixel.
- Full HD: 1920 x 1080 CSS-Pixel.
- WQHD: 2560 x 1440 CSS-Pixel.
- Ultrawide: 3440 x 1440 CSS-Pixel.
- 4K: 3840 x 2160 CSS-Pixel.
- Tablet: 768 x 1024 CSS-Pixel.
- Smartphone: 390 x 844 CSS-Pixel.
- Bei UI-Tests jeden definierten Viewport pruefen und je Viewport einen eigenen Screenshot am Testlauf hinterlegen.

Beleg und Nachbereitung
- Fuer jeden einzelnen Testschritt unmittelbar nach der Ausfuehrung einen Screenshot als Anhang am Testlauf hinterlegen.
- Der Screenshot muss die relevante Ausgangslage bzw. Eingabe und das sichtbare Ergebnis des jeweiligen Schrittes nachvollziehbar zeigen.
- Alle Schritte des Tests muessen einen eigenen Nachweis besitzen; bei Eingabeschritten sind Eingabe und anschliessende Reaktion zu dokumentieren.
- PASS nur vergeben, wenn alle Schritte erfolgreich abgeschlossen und fuer alle Schritte Screenshots hinterlegt sind.
- FAIL oder BLOCKED ebenfalls mit Screenshot(s), tatsaechlichem Ergebnis, Datum, Tester und Umgebung dokumentieren; bei FAIL einen Bug mit Reproduktionsschritten und Verweis auf diesen Test anlegen.
- Passwoerter, Tokens, Zahlungsdaten und sonstige Geheimnisse niemals im Klartext speichern; vor dem Anhang maskieren oder schwaerzen."
KAN-664,E3-10 Versandart auswählen – Kauf erfolgreich,"Abgedeckte Story: KAN-43 – E3-10 Versandart auswählen
Testart: Kauf erfolgreich
Priorität der Story: Highest

Ziel
Ein Produkt als Gast durch den Checkout führen

Vorbedingungen
- Die Anwendung ist erreichbar und die erforderlichen Testdaten sind vorbereitet.
- Der Test wird in einer isolierten Umgebung mit nachvollziehbaren Benutzerrollen ausgeführt.

Schritte
1. Verfügbares Produkt auswählen.
2. In den Warenkorb legen und Menge prüfen.
3. Gastdaten, Adresse und Versandart eingeben.
4. Zusammenfassung prüfen und Bestellung absenden.

Erwartetes Ergebnis
Warenkorb, Versand, Gesamtbetrag und Bestellung stimmen; der Artikel ist reserviert beziehungsweise verarbeitet.

Responsive Viewports
- Desktop: 1440 x 900 CSS-Pixel.
- Full HD: 1920 x 1080 CSS-Pixel.
- WQHD: 2560 x 1440 CSS-Pixel.
- Ultrawide: 3440 x 1440 CSS-Pixel.
- 4K: 3840 x 2160 CSS-Pixel.
- Tablet: 768 x 1024 CSS-Pixel.
- Smartphone: 390 x 844 CSS-Pixel.
- Bei UI-Tests jeden definierten Viewport pruefen und je Viewport einen eigenen Screenshot am Testlauf hinterlegen.

Beleg und Nachbereitung
- Fuer jeden einzelnen Testschritt unmittelbar nach der Ausfuehrung einen Screenshot als Anhang am Testlauf hinterlegen.
- Der Screenshot muss die relevante Ausgangslage bzw. Eingabe und das sichtbare Ergebnis des jeweiligen Schrittes nachvollziehbar zeigen.
- Alle Schritte des Tests muessen einen eigenen Nachweis besitzen; bei Eingabeschritten sind Eingabe und anschliessende Reaktion zu dokumentieren.
- PASS nur vergeben, wenn alle Schritte erfolgreich abgeschlossen und fuer alle Schritte Screenshots hinterlegt sind.
- FAIL oder BLOCKED ebenfalls mit Screenshot(s), tatsaechlichem Ergebnis, Datum, Tester und Umgebung dokumentieren; bei FAIL einen Bug mit Reproduktionsschritten und Verweis auf diesen Test anlegen.
- Passwoerter, Tokens, Zahlungsdaten und sonstige Geheimnisse niemals im Klartext speichern; vor dem Anhang maskieren oder schwaerzen."
KAN-665,E3-10 Versandart auswählen – Abbruch und Nichtverfügbarkeit,"Abgedeckte Story: KAN-43 – E3-10 Versandart auswählen
Testart: Abbruch und Nichtverfügbarkeit
Priorität der Story: Highest

Ziel
Checkout bei Fehlern sicher abbrechen

Vorbedingungen
- Die Anwendung ist erreichbar und die erforderlichen Testdaten sind vorbereitet.
- Der Test wird in einer isolierten Umgebung mit nachvollziehbaren Benutzerrollen ausgeführt.

Schritte
1. Artikel zwischen zwei Schritten unverfügbar machen.
2. Pflichtfeld und ungültige Adresse verwenden.
3. Zurück navigieren und Daten ändern.
4. Checkout erneut laden.

Erwartetes Ergebnis
Die Ursache wird verständlich angezeigt; es entsteht keine falsche Bestellung und gültige Eingaben bleiben erhalten.

Responsive Viewports
- Desktop: 1440 x 900 CSS-Pixel.
- Full HD: 1920 x 1080 CSS-Pixel.
- WQHD: 2560 x 1440 CSS-Pixel.
- Ultrawide: 3440 x 1440 CSS-Pixel.
- 4K: 3840 x 2160 CSS-Pixel.
- Tablet: 768 x 1024 CSS-Pixel.
- Smartphone: 390 x 844 CSS-Pixel.
- Bei UI-Tests jeden definierten Viewport pruefen und je Viewport einen eigenen Screenshot am Testlauf hinterlegen.

Beleg und Nachbereitung
- Fuer jeden einzelnen Testschritt unmittelbar nach der Ausfuehrung einen Screenshot als Anhang am Testlauf hinterlegen.
- Der Screenshot muss die relevante Ausgangslage bzw. Eingabe und das sichtbare Ergebnis des jeweiligen Schrittes nachvollziehbar zeigen.
- Alle Schritte des Tests muessen einen eigenen Nachweis besitzen; bei Eingabeschritten sind Eingabe und anschliessende Reaktion zu dokumentieren.
- PASS nur vergeben, wenn alle Schritte erfolgreich abgeschlossen und fuer alle Schritte Screenshots hinterlegt sind.
- FAIL oder BLOCKED ebenfalls mit Screenshot(s), tatsaechlichem Ergebnis, Datum, Tester und Umgebung dokumentieren; bei FAIL einen Bug mit Reproduktionsschritten und Verweis auf diesen Test anlegen.
- Passwoerter, Tokens, Zahlungsdaten und sonstige Geheimnisse niemals im Klartext speichern; vor dem Anhang maskieren oder schwaerzen."
KAN-666,E3-10 Versandart auswählen – Doppelte Aktion und Kontoflow,"Abgedeckte Story: KAN-43 – E3-10 Versandart auswählen
Testart: Doppelte Aktion und Kontoflow
Priorität der Story: Highest

Ziel
Wiederholung und Kundenkonto prüfen

Vorbedingungen
- Die Anwendung ist erreichbar und die erforderlichen Testdaten sind vorbereitet.
- Der Test wird in einer isolierten Umgebung mit nachvollziehbaren Benutzerrollen ausgeführt.

Schritte
1. Submit beziehungsweise Reload mehrfach auslösen.
2. Mit Kundenkonto denselben Kauf starten.
3. Bestellstatus und Warenkorb danach prüfen.
4. Serverseitige Datensätze abgleichen.

Erwartetes Ergebnis
Es gibt genau eine fachliche Bestellung; Gast- und Kontoflow verwenden identische Preis- und Bestandsregeln.

Responsive Viewports
- Desktop: 1440 x 900 CSS-Pixel.
- Full HD: 1920 x 1080 CSS-Pixel.
- WQHD: 2560 x 1440 CSS-Pixel.
- Ultrawide: 3440 x 1440 CSS-Pixel.
- 4K: 3840 x 2160 CSS-Pixel.
- Tablet: 768 x 1024 CSS-Pixel.
- Smartphone: 390 x 844 CSS-Pixel.
- Bei UI-Tests jeden definierten Viewport pruefen und je Viewport einen eigenen Screenshot am Testlauf hinterlegen.

Beleg und Nachbereitung
- Fuer jeden einzelnen Testschritt unmittelbar nach der Ausfuehrung einen Screenshot als Anhang am Testlauf hinterlegen.
- Der Screenshot muss die relevante Ausgangslage bzw. Eingabe und das sichtbare Ergebnis des jeweiligen Schrittes nachvollziehbar zeigen.
- Alle Schritte des Tests muessen einen eigenen Nachweis besitzen; bei Eingabeschritten sind Eingabe und anschliessende Reaktion zu dokumentieren.
- PASS nur vergeben, wenn alle Schritte erfolgreich abgeschlossen und fuer alle Schritte Screenshots hinterlegt sind.
- FAIL oder BLOCKED ebenfalls mit Screenshot(s), tatsaechlichem Ergebnis, Datum, Tester und Umgebung dokumentieren; bei FAIL einen Bug mit Reproduktionsschritten und Verweis auf diesen Test anlegen.
- Passwoerter, Tokens, Zahlungsdaten und sonstige Geheimnisse niemals im Klartext speichern; vor dem Anhang maskieren oder schwaerzen."
KAN-667,E3-11 Bestellung vor dem Kauf prüfen – Kauf erfolgreich,"Abgedeckte Story: KAN-44 – E3-11 Bestellung vor dem Kauf prüfen
Testart: Kauf erfolgreich
Priorität der Story: Highest

Ziel
Ein Produkt als Gast durch den Checkout führen

Vorbedingungen
- Die Anwendung ist erreichbar und die erforderlichen Testdaten sind vorbereitet.
- Der Test wird in einer isolierten Umgebung mit nachvollziehbaren Benutzerrollen ausgeführt.

Schritte
1. Verfügbares Produkt auswählen.
2. In den Warenkorb legen und Menge prüfen.
3. Gastdaten, Adresse und Versandart eingeben.
4. Zusammenfassung prüfen und Bestellung absenden.

Erwartetes Ergebnis
Warenkorb, Versand, Gesamtbetrag und Bestellung stimmen; der Artikel ist reserviert beziehungsweise verarbeitet.

Responsive Viewports
- Desktop: 1440 x 900 CSS-Pixel.
- Full HD: 1920 x 1080 CSS-Pixel.
- WQHD: 2560 x 1440 CSS-Pixel.
- Ultrawide: 3440 x 1440 CSS-Pixel.
- 4K: 3840 x 2160 CSS-Pixel.
- Tablet: 768 x 1024 CSS-Pixel.
- Smartphone: 390 x 844 CSS-Pixel.
- Bei UI-Tests jeden definierten Viewport pruefen und je Viewport einen eigenen Screenshot am Testlauf hinterlegen.

Beleg und Nachbereitung
- Fuer jeden einzelnen Testschritt unmittelbar nach der Ausfuehrung einen Screenshot als Anhang am Testlauf hinterlegen.
- Der Screenshot muss die relevante Ausgangslage bzw. Eingabe und das sichtbare Ergebnis des jeweiligen Schrittes nachvollziehbar zeigen.
- Alle Schritte des Tests muessen einen eigenen Nachweis besitzen; bei Eingabeschritten sind Eingabe und anschliessende Reaktion zu dokumentieren.
- PASS nur vergeben, wenn alle Schritte erfolgreich abgeschlossen und fuer alle Schritte Screenshots hinterlegt sind.
- FAIL oder BLOCKED ebenfalls mit Screenshot(s), tatsaechlichem Ergebnis, Datum, Tester und Umgebung dokumentieren; bei FAIL einen Bug mit Reproduktionsschritten und Verweis auf diesen Test anlegen.
- Passwoerter, Tokens, Zahlungsdaten und sonstige Geheimnisse niemals im Klartext speichern; vor dem Anhang maskieren oder schwaerzen."
KAN-668,E3-11 Bestellung vor dem Kauf prüfen – Abbruch und Nichtverfügbarkeit,"Abgedeckte Story: KAN-44 – E3-11 Bestellung vor dem Kauf prüfen
Testart: Abbruch und Nichtverfügbarkeit
Priorität der Story: Highest

Ziel
Checkout bei Fehlern sicher abbrechen

Vorbedingungen
- Die Anwendung ist erreichbar und die erforderlichen Testdaten sind vorbereitet.
- Der Test wird in einer isolierten Umgebung mit nachvollziehbaren Benutzerrollen ausgeführt.

Schritte
1. Artikel zwischen zwei Schritten unverfügbar machen.
2. Pflichtfeld und ungültige Adresse verwenden.
3. Zurück navigieren und Daten ändern.
4. Checkout erneut laden.

Erwartetes Ergebnis
Die Ursache wird verständlich angezeigt; es entsteht keine falsche Bestellung und gültige Eingaben bleiben erhalten.

Responsive Viewports
- Desktop: 1440 x 900 CSS-Pixel.
- Full HD: 1920 x 1080 CSS-Pixel.
- WQHD: 2560 x 1440 CSS-Pixel.
- Ultrawide: 3440 x 1440 CSS-Pixel.
- 4K: 3840 x 2160 CSS-Pixel.
- Tablet: 768 x 1024 CSS-Pixel.
- Smartphone: 390 x 844 CSS-Pixel.
- Bei UI-Tests jeden definierten Viewport pruefen und je Viewport einen eigenen Screenshot am Testlauf hinterlegen.

Beleg und Nachbereitung
- Fuer jeden einzelnen Testschritt unmittelbar nach der Ausfuehrung einen Screenshot als Anhang am Testlauf hinterlegen.
- Der Screenshot muss die relevante Ausgangslage bzw. Eingabe und das sichtbare Ergebnis des jeweiligen Schrittes nachvollziehbar zeigen.
- Alle Schritte des Tests muessen einen eigenen Nachweis besitzen; bei Eingabeschritten sind Eingabe und anschliessende Reaktion zu dokumentieren.
- PASS nur vergeben, wenn alle Schritte erfolgreich abgeschlossen und fuer alle Schritte Screenshots hinterlegt sind.
- FAIL oder BLOCKED ebenfalls mit Screenshot(s), tatsaechlichem Ergebnis, Datum, Tester und Umgebung dokumentieren; bei FAIL einen Bug mit Reproduktionsschritten und Verweis auf diesen Test anlegen.
- Passwoerter, Tokens, Zahlungsdaten und sonstige Geheimnisse niemals im Klartext speichern; vor dem Anhang maskieren oder schwaerzen."
KAN-669,E3-11 Bestellung vor dem Kauf prüfen – Doppelte Aktion und Kontoflow,"Abgedeckte Story: KAN-44 – E3-11 Bestellung vor dem Kauf prüfen
Testart: Doppelte Aktion und Kontoflow
Priorität der Story: Highest

Ziel
Wiederholung und Kundenkonto prüfen

Vorbedingungen
- Die Anwendung ist erreichbar und die erforderlichen Testdaten sind vorbereitet.
- Der Test wird in einer isolierten Umgebung mit nachvollziehbaren Benutzerrollen ausgeführt.

Schritte
1. Submit beziehungsweise Reload mehrfach auslösen.
2. Mit Kundenkonto denselben Kauf starten.
3. Bestellstatus und Warenkorb danach prüfen.
4. Serverseitige Datensätze abgleichen.

Erwartetes Ergebnis
Es gibt genau eine fachliche Bestellung; Gast- und Kontoflow verwenden identische Preis- und Bestandsregeln.

Responsive Viewports
- Desktop: 1440 x 900 CSS-Pixel.
- Full HD: 1920 x 1080 CSS-Pixel.
- WQHD: 2560 x 1440 CSS-Pixel.
- Ultrawide: 3440 x 1440 CSS-Pixel.
- 4K: 3840 x 2160 CSS-Pixel.
- Tablet: 768 x 1024 CSS-Pixel.
- Smartphone: 390 x 844 CSS-Pixel.
- Bei UI-Tests jeden definierten Viewport pruefen und je Viewport einen eigenen Screenshot am Testlauf hinterlegen.

Beleg und Nachbereitung
- Fuer jeden einzelnen Testschritt unmittelbar nach der Ausfuehrung einen Screenshot als Anhang am Testlauf hinterlegen.
- Der Screenshot muss die relevante Ausgangslage bzw. Eingabe und das sichtbare Ergebnis des jeweiligen Schrittes nachvollziehbar zeigen.
- Alle Schritte des Tests muessen einen eigenen Nachweis besitzen; bei Eingabeschritten sind Eingabe und anschliessende Reaktion zu dokumentieren.
- PASS nur vergeben, wenn alle Schritte erfolgreich abgeschlossen und fuer alle Schritte Screenshots hinterlegt sind.
- FAIL oder BLOCKED ebenfalls mit Screenshot(s), tatsaechlichem Ergebnis, Datum, Tester und Umgebung dokumentieren; bei FAIL einen Bug mit Reproduktionsschritten und Verweis auf diesen Test anlegen.
- Passwoerter, Tokens, Zahlungsdaten und sonstige Geheimnisse niemals im Klartext speichern; vor dem Anhang maskieren oder schwaerzen."
KAN-670,E3-12 Formularfehler verstehen – Kauf erfolgreich,"Abgedeckte Story: KAN-45 – E3-12 Formularfehler verstehen
Testart: Kauf erfolgreich
Priorität der Story: Highest

Ziel
Ein Produkt als Gast durch den Checkout führen

Vorbedingungen
- Die Anwendung ist erreichbar und die erforderlichen Testdaten sind vorbereitet.
- Der Test wird in einer isolierten Umgebung mit nachvollziehbaren Benutzerrollen ausgeführt.

Schritte
1. Verfügbares Produkt auswählen.
2. In den Warenkorb legen und Menge prüfen.
3. Gastdaten, Adresse und Versandart eingeben.
4. Zusammenfassung prüfen und Bestellung absenden.

Erwartetes Ergebnis
Warenkorb, Versand, Gesamtbetrag und Bestellung stimmen; der Artikel ist reserviert beziehungsweise verarbeitet.

Responsive Viewports
- Desktop: 1440 x 900 CSS-Pixel.
- Full HD: 1920 x 1080 CSS-Pixel.
- WQHD: 2560 x 1440 CSS-Pixel.
- Ultrawide: 3440 x 1440 CSS-Pixel.
- 4K: 3840 x 2160 CSS-Pixel.
- Tablet: 768 x 1024 CSS-Pixel.
- Smartphone: 390 x 844 CSS-Pixel.
- Bei UI-Tests jeden definierten Viewport pruefen und je Viewport einen eigenen Screenshot am Testlauf hinterlegen.

Beleg und Nachbereitung
- Fuer jeden einzelnen Testschritt unmittelbar nach der Ausfuehrung einen Screenshot als Anhang am Testlauf hinterlegen.
- Der Screenshot muss die relevante Ausgangslage bzw. Eingabe und das sichtbare Ergebnis des jeweiligen Schrittes nachvollziehbar zeigen.
- Alle Schritte des Tests muessen einen eigenen Nachweis besitzen; bei Eingabeschritten sind Eingabe und anschliessende Reaktion zu dokumentieren.
- PASS nur vergeben, wenn alle Schritte erfolgreich abgeschlossen und fuer alle Schritte Screenshots hinterlegt sind.
- FAIL oder BLOCKED ebenfalls mit Screenshot(s), tatsaechlichem Ergebnis, Datum, Tester und Umgebung dokumentieren; bei FAIL einen Bug mit Reproduktionsschritten und Verweis auf diesen Test anlegen.
- Passwoerter, Tokens, Zahlungsdaten und sonstige Geheimnisse niemals im Klartext speichern; vor dem Anhang maskieren oder schwaerzen."
KAN-671,E3-12 Formularfehler verstehen – Abbruch und Nichtverfügbarkeit,"Abgedeckte Story: KAN-45 – E3-12 Formularfehler verstehen
Testart: Abbruch und Nichtverfügbarkeit
Priorität der Story: Highest

Ziel
Checkout bei Fehlern sicher abbrechen

Vorbedingungen
- Die Anwendung ist erreichbar und die erforderlichen Testdaten sind vorbereitet.
- Der Test wird in einer isolierten Umgebung mit nachvollziehbaren Benutzerrollen ausgeführt.

Schritte
1. Artikel zwischen zwei Schritten unverfügbar machen.
2. Pflichtfeld und ungültige Adresse verwenden.
3. Zurück navigieren und Daten ändern.
4. Checkout erneut laden.

Erwartetes Ergebnis
Die Ursache wird verständlich angezeigt; es entsteht keine falsche Bestellung und gültige Eingaben bleiben erhalten.

Responsive Viewports
- Desktop: 1440 x 900 CSS-Pixel.
- Full HD: 1920 x 1080 CSS-Pixel.
- WQHD: 2560 x 1440 CSS-Pixel.
- Ultrawide: 3440 x 1440 CSS-Pixel.
- 4K: 3840 x 2160 CSS-Pixel.
- Tablet: 768 x 1024 CSS-Pixel.
- Smartphone: 390 x 844 CSS-Pixel.
- Bei UI-Tests jeden definierten Viewport pruefen und je Viewport einen eigenen Screenshot am Testlauf hinterlegen.

Beleg und Nachbereitung
- Fuer jeden einzelnen Testschritt unmittelbar nach der Ausfuehrung einen Screenshot als Anhang am Testlauf hinterlegen.
- Der Screenshot muss die relevante Ausgangslage bzw. Eingabe und das sichtbare Ergebnis des jeweiligen Schrittes nachvollziehbar zeigen.
- Alle Schritte des Tests muessen einen eigenen Nachweis besitzen; bei Eingabeschritten sind Eingabe und anschliessende Reaktion zu dokumentieren.
- PASS nur vergeben, wenn alle Schritte erfolgreich abgeschlossen und fuer alle Schritte Screenshots hinterlegt sind.
- FAIL oder BLOCKED ebenfalls mit Screenshot(s), tatsaechlichem Ergebnis, Datum, Tester und Umgebung dokumentieren; bei FAIL einen Bug mit Reproduktionsschritten und Verweis auf diesen Test anlegen.
- Passwoerter, Tokens, Zahlungsdaten und sonstige Geheimnisse niemals im Klartext speichern; vor dem Anhang maskieren oder schwaerzen."
KAN-672,E3-12 Formularfehler verstehen – Doppelte Aktion und Kontoflow,"Abgedeckte Story: KAN-45 – E3-12 Formularfehler verstehen
Testart: Doppelte Aktion und Kontoflow
Priorität der Story: Highest

Ziel
Wiederholung und Kundenkonto prüfen

Vorbedingungen
- Die Anwendung ist erreichbar und die erforderlichen Testdaten sind vorbereitet.
- Der Test wird in einer isolierten Umgebung mit nachvollziehbaren Benutzerrollen ausgeführt.

Schritte
1. Submit beziehungsweise Reload mehrfach auslösen.
2. Mit Kundenkonto denselben Kauf starten.
3. Bestellstatus und Warenkorb danach prüfen.
4. Serverseitige Datensätze abgleichen.

Erwartetes Ergebnis
Es gibt genau eine fachliche Bestellung; Gast- und Kontoflow verwenden identische Preis- und Bestandsregeln.

Responsive Viewports
- Desktop: 1440 x 900 CSS-Pixel.
- Full HD: 1920 x 1080 CSS-Pixel.
- WQHD: 2560 x 1440 CSS-Pixel.
- Ultrawide: 3440 x 1440 CSS-Pixel.
- 4K: 3840 x 2160 CSS-Pixel.
- Tablet: 768 x 1024 CSS-Pixel.
- Smartphone: 390 x 844 CSS-Pixel.
- Bei UI-Tests jeden definierten Viewport pruefen und je Viewport einen eigenen Screenshot am Testlauf hinterlegen.

Beleg und Nachbereitung
- Fuer jeden einzelnen Testschritt unmittelbar nach der Ausfuehrung einen Screenshot als Anhang am Testlauf hinterlegen.
- Der Screenshot muss die relevante Ausgangslage bzw. Eingabe und das sichtbare Ergebnis des jeweiligen Schrittes nachvollziehbar zeigen.
- Alle Schritte des Tests muessen einen eigenen Nachweis besitzen; bei Eingabeschritten sind Eingabe und anschliessende Reaktion zu dokumentieren.
- PASS nur vergeben, wenn alle Schritte erfolgreich abgeschlossen und fuer alle Schritte Screenshots hinterlegt sind.
- FAIL oder BLOCKED ebenfalls mit Screenshot(s), tatsaechlichem Ergebnis, Datum, Tester und Umgebung dokumentieren; bei FAIL einen Bug mit Reproduktionsschritten und Verweis auf diesen Test anlegen.
- Passwoerter, Tokens, Zahlungsdaten und sonstige Geheimnisse niemals im Klartext speichern; vor dem Anhang maskieren oder schwaerzen."
KAN-673,E4-01 Mit PayPal bezahlen – Zahlung erfolgreich,"Abgedeckte Story: KAN-46 – E4-01 Mit PayPal bezahlen
Testart: Zahlung erfolgreich
Priorität der Story: Highest

Ziel
Eine Zahlung bis zum bestätigten Auftrag durchführen

Vorbedingungen
- Die Anwendung ist erreichbar und die erforderlichen Testdaten sind vorbereitet.
- Der Test wird in einer isolierten Umgebung mit nachvollziehbaren Benutzerrollen ausgeführt.

Schritte
1. Bestellung mit bekanntem Betrag vorbereiten.
2. Zahlung beim Provider autorisieren.
3. Capture/Callback abwarten.
4. Bestellung, Bestand und Kommunikation prüfen.

Erwartetes Ergebnis
Zahlbetrag, Zahlungsstatus, Bestellung und Bestand sind konsistent und genau einmal aktualisiert.

Responsive Viewports
- Desktop: 1440 x 900 CSS-Pixel.
- Full HD: 1920 x 1080 CSS-Pixel.
- WQHD: 2560 x 1440 CSS-Pixel.
- Ultrawide: 3440 x 1440 CSS-Pixel.
- 4K: 3840 x 2160 CSS-Pixel.
- Tablet: 768 x 1024 CSS-Pixel.
- Smartphone: 390 x 844 CSS-Pixel.
- Bei UI-Tests jeden definierten Viewport pruefen und je Viewport einen eigenen Screenshot am Testlauf hinterlegen.

Beleg und Nachbereitung
- Fuer jeden einzelnen Testschritt unmittelbar nach der Ausfuehrung einen Screenshot als Anhang am Testlauf hinterlegen.
- Der Screenshot muss die relevante Ausgangslage bzw. Eingabe und das sichtbare Ergebnis des jeweiligen Schrittes nachvollziehbar zeigen.
- Alle Schritte des Tests muessen einen eigenen Nachweis besitzen; bei Eingabeschritten sind Eingabe und anschliessende Reaktion zu dokumentieren.
- PASS nur vergeben, wenn alle Schritte erfolgreich abgeschlossen und fuer alle Schritte Screenshots hinterlegt sind.
- FAIL oder BLOCKED ebenfalls mit Screenshot(s), tatsaechlichem Ergebnis, Datum, Tester und Umgebung dokumentieren; bei FAIL einen Bug mit Reproduktionsschritten und Verweis auf diesen Test anlegen.
- Passwoerter, Tokens, Zahlungsdaten und sonstige Geheimnisse niemals im Klartext speichern; vor dem Anhang maskieren oder schwaerzen."
KAN-674,E4-01 Mit PayPal bezahlen – Fehlzahlung und Abbruch,"Abgedeckte Story: KAN-46 – E4-01 Mit PayPal bezahlen
Testart: Fehlzahlung und Abbruch
Priorität der Story: Highest

Ziel
Fehlgeschlagene Zahlung sicher behandeln

Vorbedingungen
- Die Anwendung ist erreichbar und die erforderlichen Testdaten sind vorbereitet.
- Der Test wird in einer isolierten Umgebung mit nachvollziehbaren Benutzerrollen ausgeführt.

Schritte
1. Provider-Fehler oder Abbruch simulieren.
2. Zurück zum Checkout navigieren.
3. Reservierung und Bestellstatus prüfen.
4. Erneuten Zahlungsversuch durchführen.

Erwartetes Ergebnis
Keine falsche Zahlung oder doppelte Reservierung entsteht; der Nutzer erhält eine verständliche nächste Aktion.

Responsive Viewports
- Desktop: 1440 x 900 CSS-Pixel.
- Full HD: 1920 x 1080 CSS-Pixel.
- WQHD: 2560 x 1440 CSS-Pixel.
- Ultrawide: 3440 x 1440 CSS-Pixel.
- 4K: 3840 x 2160 CSS-Pixel.
- Tablet: 768 x 1024 CSS-Pixel.
- Smartphone: 390 x 844 CSS-Pixel.
- Bei UI-Tests jeden definierten Viewport pruefen und je Viewport einen eigenen Screenshot am Testlauf hinterlegen.

Beleg und Nachbereitung
- Fuer jeden einzelnen Testschritt unmittelbar nach der Ausfuehrung einen Screenshot als Anhang am Testlauf hinterlegen.
- Der Screenshot muss die relevante Ausgangslage bzw. Eingabe und das sichtbare Ergebnis des jeweiligen Schrittes nachvollziehbar zeigen.
- Alle Schritte des Tests muessen einen eigenen Nachweis besitzen; bei Eingabeschritten sind Eingabe und anschliessende Reaktion zu dokumentieren.
- PASS nur vergeben, wenn alle Schritte erfolgreich abgeschlossen und fuer alle Schritte Screenshots hinterlegt sind.
- FAIL oder BLOCKED ebenfalls mit Screenshot(s), tatsaechlichem Ergebnis, Datum, Tester und Umgebung dokumentieren; bei FAIL einen Bug mit Reproduktionsschritten und Verweis auf diesen Test anlegen.
- Passwoerter, Tokens, Zahlungsdaten und sonstige Geheimnisse niemals im Klartext speichern; vor dem Anhang maskieren oder schwaerzen."
KAN-675,E4-01 Mit PayPal bezahlen – Idempotenz und Adminbetrieb,"Abgedeckte Story: KAN-46 – E4-01 Mit PayPal bezahlen
Testart: Idempotenz und Adminbetrieb
Priorität der Story: Highest

Ziel
Doppelte Ereignisse und Folgeaktionen prüfen

Vorbedingungen
- Die Anwendung ist erreichbar und die erforderlichen Testdaten sind vorbereitet.
- Der Test wird in einer isolierten Umgebung mit nachvollziehbaren Benutzerrollen ausgeführt.

Schritte
1. Dasselbe Zahlungsereignis zweimal zustellen.
2. Bestellung administrativ öffnen.
3. Versand, Storno oder Erstattung nach erlaubtem Status ausführen.
4. Audit und Logs prüfen.

Erwartetes Ergebnis
Doppelte Ereignisse haben keine Nebenwirkung; nur erlaubte Folgeaktionen werden ausgeführt und protokolliert.

Responsive Viewports
- Desktop: 1440 x 900 CSS-Pixel.
- Full HD: 1920 x 1080 CSS-Pixel.
- WQHD: 2560 x 1440 CSS-Pixel.
- Ultrawide: 3440 x 1440 CSS-Pixel.
- 4K: 3840 x 2160 CSS-Pixel.
- Tablet: 768 x 1024 CSS-Pixel.
- Smartphone: 390 x 844 CSS-Pixel.
- Bei UI-Tests jeden definierten Viewport pruefen und je Viewport einen eigenen Screenshot am Testlauf hinterlegen.

Beleg und Nachbereitung
- Fuer jeden einzelnen Testschritt unmittelbar nach der Ausfuehrung einen Screenshot als Anhang am Testlauf hinterlegen.
- Der Screenshot muss die relevante Ausgangslage bzw. Eingabe und das sichtbare Ergebnis des jeweiligen Schrittes nachvollziehbar zeigen.
- Alle Schritte des Tests muessen einen eigenen Nachweis besitzen; bei Eingabeschritten sind Eingabe und anschliessende Reaktion zu dokumentieren.
- PASS nur vergeben, wenn alle Schritte erfolgreich abgeschlossen und fuer alle Schritte Screenshots hinterlegt sind.
- FAIL oder BLOCKED ebenfalls mit Screenshot(s), tatsaechlichem Ergebnis, Datum, Tester und Umgebung dokumentieren; bei FAIL einen Bug mit Reproduktionsschritten und Verweis auf diesen Test anlegen.
- Passwoerter, Tokens, Zahlungsdaten und sonstige Geheimnisse niemals im Klartext speichern; vor dem Anhang maskieren oder schwaerzen."
KAN-676,E4-02 Zahlbetrag vor Zahlung prüfen – Zahlung erfolgreich,"Abgedeckte Story: KAN-47 – E4-02 Zahlbetrag vor Zahlung prüfen
Testart: Zahlung erfolgreich
Priorität der Story: Highest

Ziel
Eine Zahlung bis zum bestätigten Auftrag durchführen

Vorbedingungen
- Die Anwendung ist erreichbar und die erforderlichen Testdaten sind vorbereitet.
- Der Test wird in einer isolierten Umgebung mit nachvollziehbaren Benutzerrollen ausgeführt.

Schritte
1. Bestellung mit bekanntem Betrag vorbereiten.
2. Zahlung beim Provider autorisieren.
3. Capture/Callback abwarten.
4. Bestellung, Bestand und Kommunikation prüfen.

Erwartetes Ergebnis
Zahlbetrag, Zahlungsstatus, Bestellung und Bestand sind konsistent und genau einmal aktualisiert.

Responsive Viewports
- Desktop: 1440 x 900 CSS-Pixel.
- Full HD: 1920 x 1080 CSS-Pixel.
- WQHD: 2560 x 1440 CSS-Pixel.
- Ultrawide: 3440 x 1440 CSS-Pixel.
- 4K: 3840 x 2160 CSS-Pixel.
- Tablet: 768 x 1024 CSS-Pixel.
- Smartphone: 390 x 844 CSS-Pixel.
- Bei UI-Tests jeden definierten Viewport pruefen und je Viewport einen eigenen Screenshot am Testlauf hinterlegen.

Beleg und Nachbereitung
- Fuer jeden einzelnen Testschritt unmittelbar nach der Ausfuehrung einen Screenshot als Anhang am Testlauf hinterlegen.
- Der Screenshot muss die relevante Ausgangslage bzw. Eingabe und das sichtbare Ergebnis des jeweiligen Schrittes nachvollziehbar zeigen.
- Alle Schritte des Tests muessen einen eigenen Nachweis besitzen; bei Eingabeschritten sind Eingabe und anschliessende Reaktion zu dokumentieren.
- PASS nur vergeben, wenn alle Schritte erfolgreich abgeschlossen und fuer alle Schritte Screenshots hinterlegt sind.
- FAIL oder BLOCKED ebenfalls mit Screenshot(s), tatsaechlichem Ergebnis, Datum, Tester und Umgebung dokumentieren; bei FAIL einen Bug mit Reproduktionsschritten und Verweis auf diesen Test anlegen.
- Passwoerter, Tokens, Zahlungsdaten und sonstige Geheimnisse niemals im Klartext speichern; vor dem Anhang maskieren oder schwaerzen."
KAN-677,E4-02 Zahlbetrag vor Zahlung prüfen – Fehlzahlung und Abbruch,"Abgedeckte Story: KAN-47 – E4-02 Zahlbetrag vor Zahlung prüfen
Testart: Fehlzahlung und Abbruch
Priorität der Story: Highest

Ziel
Fehlgeschlagene Zahlung sicher behandeln

Vorbedingungen
- Die Anwendung ist erreichbar und die erforderlichen Testdaten sind vorbereitet.
- Der Test wird in einer isolierten Umgebung mit nachvollziehbaren Benutzerrollen ausgeführt.

Schritte
1. Provider-Fehler oder Abbruch simulieren.
2. Zurück zum Checkout navigieren.
3. Reservierung und Bestellstatus prüfen.
4. Erneuten Zahlungsversuch durchführen.

Erwartetes Ergebnis
Keine falsche Zahlung oder doppelte Reservierung entsteht; der Nutzer erhält eine verständliche nächste Aktion.

Responsive Viewports
- Desktop: 1440 x 900 CSS-Pixel.
- Full HD: 1920 x 1080 CSS-Pixel.
- WQHD: 2560 x 1440 CSS-Pixel.
- Ultrawide: 3440 x 1440 CSS-Pixel.
- 4K: 3840 x 2160 CSS-Pixel.
- Tablet: 768 x 1024 CSS-Pixel.
- Smartphone: 390 x 844 CSS-Pixel.
- Bei UI-Tests jeden definierten Viewport pruefen und je Viewport einen eigenen Screenshot am Testlauf hinterlegen.

Beleg und Nachbereitung
- Fuer jeden einzelnen Testschritt unmittelbar nach der Ausfuehrung einen Screenshot als Anhang am Testlauf hinterlegen.
- Der Screenshot muss die relevante Ausgangslage bzw. Eingabe und das sichtbare Ergebnis des jeweiligen Schrittes nachvollziehbar zeigen.
- Alle Schritte des Tests muessen einen eigenen Nachweis besitzen; bei Eingabeschritten sind Eingabe und anschliessende Reaktion zu dokumentieren.
- PASS nur vergeben, wenn alle Schritte erfolgreich abgeschlossen und fuer alle Schritte Screenshots hinterlegt sind.
- FAIL oder BLOCKED ebenfalls mit Screenshot(s), tatsaechlichem Ergebnis, Datum, Tester und Umgebung dokumentieren; bei FAIL einen Bug mit Reproduktionsschritten und Verweis auf diesen Test anlegen.
- Passwoerter, Tokens, Zahlungsdaten und sonstige Geheimnisse niemals im Klartext speichern; vor dem Anhang maskieren oder schwaerzen."
KAN-678,E4-02 Zahlbetrag vor Zahlung prüfen – Idempotenz und Adminbetrieb,"Abgedeckte Story: KAN-47 – E4-02 Zahlbetrag vor Zahlung prüfen
Testart: Idempotenz und Adminbetrieb
Priorität der Story: Highest

Ziel
Doppelte Ereignisse und Folgeaktionen prüfen

Vorbedingungen
- Die Anwendung ist erreichbar und die erforderlichen Testdaten sind vorbereitet.
- Der Test wird in einer isolierten Umgebung mit nachvollziehbaren Benutzerrollen ausgeführt.

Schritte
1. Dasselbe Zahlungsereignis zweimal zustellen.
2. Bestellung administrativ öffnen.
3. Versand, Storno oder Erstattung nach erlaubtem Status ausführen.
4. Audit und Logs prüfen.

Erwartetes Ergebnis
Doppelte Ereignisse haben keine Nebenwirkung; nur erlaubte Folgeaktionen werden ausgeführt und protokolliert.

Responsive Viewports
- Desktop: 1440 x 900 CSS-Pixel.
- Full HD: 1920 x 1080 CSS-Pixel.
- WQHD: 2560 x 1440 CSS-Pixel.
- Ultrawide: 3440 x 1440 CSS-Pixel.
- 4K: 3840 x 2160 CSS-Pixel.
- Tablet: 768 x 1024 CSS-Pixel.
- Smartphone: 390 x 844 CSS-Pixel.
- Bei UI-Tests jeden definierten Viewport pruefen und je Viewport einen eigenen Screenshot am Testlauf hinterlegen.

Beleg und Nachbereitung
- Fuer jeden einzelnen Testschritt unmittelbar nach der Ausfuehrung einen Screenshot als Anhang am Testlauf hinterlegen.
- Der Screenshot muss die relevante Ausgangslage bzw. Eingabe und das sichtbare Ergebnis des jeweiligen Schrittes nachvollziehbar zeigen.
- Alle Schritte des Tests muessen einen eigenen Nachweis besitzen; bei Eingabeschritten sind Eingabe und anschliessende Reaktion zu dokumentieren.
- PASS nur vergeben, wenn alle Schritte erfolgreich abgeschlossen und fuer alle Schritte Screenshots hinterlegt sind.
- FAIL oder BLOCKED ebenfalls mit Screenshot(s), tatsaechlichem Ergebnis, Datum, Tester und Umgebung dokumentieren; bei FAIL einen Bug mit Reproduktionsschritten und Verweis auf diesen Test anlegen.
- Passwoerter, Tokens, Zahlungsdaten und sonstige Geheimnisse niemals im Klartext speichern; vor dem Anhang maskieren oder schwaerzen."
KAN-679,E4-03 Fehlgeschlagene Zahlung verstehen – Zahlung erfolgreich,"Abgedeckte Story: KAN-48 – E4-03 Fehlgeschlagene Zahlung verstehen
Testart: Zahlung erfolgreich
Priorität der Story: Highest

Ziel
Eine Zahlung bis zum bestätigten Auftrag durchführen

Vorbedingungen
- Die Anwendung ist erreichbar und die erforderlichen Testdaten sind vorbereitet.
- Der Test wird in einer isolierten Umgebung mit nachvollziehbaren Benutzerrollen ausgeführt.

Schritte
1. Bestellung mit bekanntem Betrag vorbereiten.
2. Zahlung beim Provider autorisieren.
3. Capture/Callback abwarten.
4. Bestellung, Bestand und Kommunikation prüfen.

Erwartetes Ergebnis
Zahlbetrag, Zahlungsstatus, Bestellung und Bestand sind konsistent und genau einmal aktualisiert.

Responsive Viewports
- Desktop: 1440 x 900 CSS-Pixel.
- Full HD: 1920 x 1080 CSS-Pixel.
- WQHD: 2560 x 1440 CSS-Pixel.
- Ultrawide: 3440 x 1440 CSS-Pixel.
- 4K: 3840 x 2160 CSS-Pixel.
- Tablet: 768 x 1024 CSS-Pixel.
- Smartphone: 390 x 844 CSS-Pixel.
- Bei UI-Tests jeden definierten Viewport pruefen und je Viewport einen eigenen Screenshot am Testlauf hinterlegen.

Beleg und Nachbereitung
- Fuer jeden einzelnen Testschritt unmittelbar nach der Ausfuehrung einen Screenshot als Anhang am Testlauf hinterlegen.
- Der Screenshot muss die relevante Ausgangslage bzw. Eingabe und das sichtbare Ergebnis des jeweiligen Schrittes nachvollziehbar zeigen.
- Alle Schritte des Tests muessen einen eigenen Nachweis besitzen; bei Eingabeschritten sind Eingabe und anschliessende Reaktion zu dokumentieren.
- PASS nur vergeben, wenn alle Schritte erfolgreich abgeschlossen und fuer alle Schritte Screenshots hinterlegt sind.
- FAIL oder BLOCKED ebenfalls mit Screenshot(s), tatsaechlichem Ergebnis, Datum, Tester und Umgebung dokumentieren; bei FAIL einen Bug mit Reproduktionsschritten und Verweis auf diesen Test anlegen.
- Passwoerter, Tokens, Zahlungsdaten und sonstige Geheimnisse niemals im Klartext speichern; vor dem Anhang maskieren oder schwaerzen."
KAN-680,E4-03 Fehlgeschlagene Zahlung verstehen – Fehlzahlung und Abbruch,"Abgedeckte Story: KAN-48 – E4-03 Fehlgeschlagene Zahlung verstehen
Testart: Fehlzahlung und Abbruch
Priorität der Story: Highest

Ziel
Fehlgeschlagene Zahlung sicher behandeln

Vorbedingungen
- Die Anwendung ist erreichbar und die erforderlichen Testdaten sind vorbereitet.
- Der Test wird in einer isolierten Umgebung mit nachvollziehbaren Benutzerrollen ausgeführt.

Schritte
1. Provider-Fehler oder Abbruch simulieren.
2. Zurück zum Checkout navigieren.
3. Reservierung und Bestellstatus prüfen.
4. Erneuten Zahlungsversuch durchführen.

Erwartetes Ergebnis
Keine falsche Zahlung oder doppelte Reservierung entsteht; der Nutzer erhält eine verständliche nächste Aktion.

Responsive Viewports
- Desktop: 1440 x 900 CSS-Pixel.
- Full HD: 1920 x 1080 CSS-Pixel.
- WQHD: 2560 x 1440 CSS-Pixel.
- Ultrawide: 3440 x 1440 CSS-Pixel.
- 4K: 3840 x 2160 CSS-Pixel.
- Tablet: 768 x 1024 CSS-Pixel.
- Smartphone: 390 x 844 CSS-Pixel.
- Bei UI-Tests jeden definierten Viewport pruefen und je Viewport einen eigenen Screenshot am Testlauf hinterlegen.

Beleg und Nachbereitung
- Fuer jeden einzelnen Testschritt unmittelbar nach der Ausfuehrung einen Screenshot als Anhang am Testlauf hinterlegen.
- Der Screenshot muss die relevante Ausgangslage bzw. Eingabe und das sichtbare Ergebnis des jeweiligen Schrittes nachvollziehbar zeigen.
- Alle Schritte des Tests muessen einen eigenen Nachweis besitzen; bei Eingabeschritten sind Eingabe und anschliessende Reaktion zu dokumentieren.
- PASS nur vergeben, wenn alle Schritte erfolgreich abgeschlossen und fuer alle Schritte Screenshots hinterlegt sind.
- FAIL oder BLOCKED ebenfalls mit Screenshot(s), tatsaechlichem Ergebnis, Datum, Tester und Umgebung dokumentieren; bei FAIL einen Bug mit Reproduktionsschritten und Verweis auf diesen Test anlegen.
- Passwoerter, Tokens, Zahlungsdaten und sonstige Geheimnisse niemals im Klartext speichern; vor dem Anhang maskieren oder schwaerzen."
KAN-681,E4-03 Fehlgeschlagene Zahlung verstehen – Idempotenz und Adminbetrieb,"Abgedeckte Story: KAN-48 – E4-03 Fehlgeschlagene Zahlung verstehen
Testart: Idempotenz und Adminbetrieb
Priorität der Story: Highest

Ziel
Doppelte Ereignisse und Folgeaktionen prüfen

Vorbedingungen
- Die Anwendung ist erreichbar und die erforderlichen Testdaten sind vorbereitet.
- Der Test wird in einer isolierten Umgebung mit nachvollziehbaren Benutzerrollen ausgeführt.

Schritte
1. Dasselbe Zahlungsereignis zweimal zustellen.
2. Bestellung administrativ öffnen.
3. Versand, Storno oder Erstattung nach erlaubtem Status ausführen.
4. Audit und Logs prüfen.

Erwartetes Ergebnis
Doppelte Ereignisse haben keine Nebenwirkung; nur erlaubte Folgeaktionen werden ausgeführt und protokolliert.

Responsive Viewports
- Desktop: 1440 x 900 CSS-Pixel.
- Full HD: 1920 x 1080 CSS-Pixel.
- WQHD: 2560 x 1440 CSS-Pixel.
- Ultrawide: 3440 x 1440 CSS-Pixel.
- 4K: 3840 x 2160 CSS-Pixel.
- Tablet: 768 x 1024 CSS-Pixel.
- Smartphone: 390 x 844 CSS-Pixel.
- Bei UI-Tests jeden definierten Viewport pruefen und je Viewport einen eigenen Screenshot am Testlauf hinterlegen.

Beleg und Nachbereitung
- Fuer jeden einzelnen Testschritt unmittelbar nach der Ausfuehrung einen Screenshot als Anhang am Testlauf hinterlegen.
- Der Screenshot muss die relevante Ausgangslage bzw. Eingabe und das sichtbare Ergebnis des jeweiligen Schrittes nachvollziehbar zeigen.
- Alle Schritte des Tests muessen einen eigenen Nachweis besitzen; bei Eingabeschritten sind Eingabe und anschliessende Reaktion zu dokumentieren.
- PASS nur vergeben, wenn alle Schritte erfolgreich abgeschlossen und fuer alle Schritte Screenshots hinterlegt sind.
- FAIL oder BLOCKED ebenfalls mit Screenshot(s), tatsaechlichem Ergebnis, Datum, Tester und Umgebung dokumentieren; bei FAIL einen Bug mit Reproduktionsschritten und Verweis auf diesen Test anlegen.
- Passwoerter, Tokens, Zahlungsdaten und sonstige Geheimnisse niemals im Klartext speichern; vor dem Anhang maskieren oder schwaerzen."
KAN-682,E4-04 Bestand reservieren – Zahlung erfolgreich,"Abgedeckte Story: KAN-49 – E4-04 Bestand reservieren
Testart: Zahlung erfolgreich
Priorität der Story: Highest

Ziel
Eine Zahlung bis zum bestätigten Auftrag durchführen

Vorbedingungen
- Die Anwendung ist erreichbar und die erforderlichen Testdaten sind vorbereitet.
- Der Test wird in einer isolierten Umgebung mit nachvollziehbaren Benutzerrollen ausgeführt.

Schritte
1. Bestellung mit bekanntem Betrag vorbereiten.
2. Zahlung beim Provider autorisieren.
3. Capture/Callback abwarten.
4. Bestellung, Bestand und Kommunikation prüfen.

Erwartetes Ergebnis
Zahlbetrag, Zahlungsstatus, Bestellung und Bestand sind konsistent und genau einmal aktualisiert.

Responsive Viewports
- Desktop: 1440 x 900 CSS-Pixel.
- Full HD: 1920 x 1080 CSS-Pixel.
- WQHD: 2560 x 1440 CSS-Pixel.
- Ultrawide: 3440 x 1440 CSS-Pixel.
- 4K: 3840 x 2160 CSS-Pixel.
- Tablet: 768 x 1024 CSS-Pixel.
- Smartphone: 390 x 844 CSS-Pixel.
- Bei UI-Tests jeden definierten Viewport pruefen und je Viewport einen eigenen Screenshot am Testlauf hinterlegen.

Beleg und Nachbereitung
- Fuer jeden einzelnen Testschritt unmittelbar nach der Ausfuehrung einen Screenshot als Anhang am Testlauf hinterlegen.
- Der Screenshot muss die relevante Ausgangslage bzw. Eingabe und das sichtbare Ergebnis des jeweiligen Schrittes nachvollziehbar zeigen.
- Alle Schritte des Tests muessen einen eigenen Nachweis besitzen; bei Eingabeschritten sind Eingabe und anschliessende Reaktion zu dokumentieren.
- PASS nur vergeben, wenn alle Schritte erfolgreich abgeschlossen und fuer alle Schritte Screenshots hinterlegt sind.
- FAIL oder BLOCKED ebenfalls mit Screenshot(s), tatsaechlichem Ergebnis, Datum, Tester und Umgebung dokumentieren; bei FAIL einen Bug mit Reproduktionsschritten und Verweis auf diesen Test anlegen.
- Passwoerter, Tokens, Zahlungsdaten und sonstige Geheimnisse niemals im Klartext speichern; vor dem Anhang maskieren oder schwaerzen."
KAN-683,E4-04 Bestand reservieren – Fehlzahlung und Abbruch,"Abgedeckte Story: KAN-49 – E4-04 Bestand reservieren
Testart: Fehlzahlung und Abbruch
Priorität der Story: Highest

Ziel
Fehlgeschlagene Zahlung sicher behandeln

Vorbedingungen
- Die Anwendung ist erreichbar und die erforderlichen Testdaten sind vorbereitet.
- Der Test wird in einer isolierten Umgebung mit nachvollziehbaren Benutzerrollen ausgeführt.

Schritte
1. Provider-Fehler oder Abbruch simulieren.
2. Zurück zum Checkout navigieren.
3. Reservierung und Bestellstatus prüfen.
4. Erneuten Zahlungsversuch durchführen.

Erwartetes Ergebnis
Keine falsche Zahlung oder doppelte Reservierung entsteht; der Nutzer erhält eine verständliche nächste Aktion.

Responsive Viewports
- Desktop: 1440 x 900 CSS-Pixel.
- Full HD: 1920 x 1080 CSS-Pixel.
- WQHD: 2560 x 1440 CSS-Pixel.
- Ultrawide: 3440 x 1440 CSS-Pixel.
- 4K: 3840 x 2160 CSS-Pixel.
- Tablet: 768 x 1024 CSS-Pixel.
- Smartphone: 390 x 844 CSS-Pixel.
- Bei UI-Tests jeden definierten Viewport pruefen und je Viewport einen eigenen Screenshot am Testlauf hinterlegen.

Beleg und Nachbereitung
- Fuer jeden einzelnen Testschritt unmittelbar nach der Ausfuehrung einen Screenshot als Anhang am Testlauf hinterlegen.
- Der Screenshot muss die relevante Ausgangslage bzw. Eingabe und das sichtbare Ergebnis des jeweiligen Schrittes nachvollziehbar zeigen.
- Alle Schritte des Tests muessen einen eigenen Nachweis besitzen; bei Eingabeschritten sind Eingabe und anschliessende Reaktion zu dokumentieren.
- PASS nur vergeben, wenn alle Schritte erfolgreich abgeschlossen und fuer alle Schritte Screenshots hinterlegt sind.
- FAIL oder BLOCKED ebenfalls mit Screenshot(s), tatsaechlichem Ergebnis, Datum, Tester und Umgebung dokumentieren; bei FAIL einen Bug mit Reproduktionsschritten und Verweis auf diesen Test anlegen.
- Passwoerter, Tokens, Zahlungsdaten und sonstige Geheimnisse niemals im Klartext speichern; vor dem Anhang maskieren oder schwaerzen."
KAN-684,E4-04 Bestand reservieren – Idempotenz und Adminbetrieb,"Abgedeckte Story: KAN-49 – E4-04 Bestand reservieren
Testart: Idempotenz und Adminbetrieb
Priorität der Story: Highest

Ziel
Doppelte Ereignisse und Folgeaktionen prüfen

Vorbedingungen
- Die Anwendung ist erreichbar und die erforderlichen Testdaten sind vorbereitet.
- Der Test wird in einer isolierten Umgebung mit nachvollziehbaren Benutzerrollen ausgeführt.

Schritte
1. Dasselbe Zahlungsereignis zweimal zustellen.
2. Bestellung administrativ öffnen.
3. Versand, Storno oder Erstattung nach erlaubtem Status ausführen.
4. Audit und Logs prüfen.

Erwartetes Ergebnis
Doppelte Ereignisse haben keine Nebenwirkung; nur erlaubte Folgeaktionen werden ausgeführt und protokolliert.

Responsive Viewports
- Desktop: 1440 x 900 CSS-Pixel.
- Full HD: 1920 x 1080 CSS-Pixel.
- WQHD: 2560 x 1440 CSS-Pixel.
- Ultrawide: 3440 x 1440 CSS-Pixel.
- 4K: 3840 x 2160 CSS-Pixel.
- Tablet: 768 x 1024 CSS-Pixel.
- Smartphone: 390 x 844 CSS-Pixel.
- Bei UI-Tests jeden definierten Viewport pruefen und je Viewport einen eigenen Screenshot am Testlauf hinterlegen.

Beleg und Nachbereitung
- Fuer jeden einzelnen Testschritt unmittelbar nach der Ausfuehrung einen Screenshot als Anhang am Testlauf hinterlegen.
- Der Screenshot muss die relevante Ausgangslage bzw. Eingabe und das sichtbare Ergebnis des jeweiligen Schrittes nachvollziehbar zeigen.
- Alle Schritte des Tests muessen einen eigenen Nachweis besitzen; bei Eingabeschritten sind Eingabe und anschliessende Reaktion zu dokumentieren.
- PASS nur vergeben, wenn alle Schritte erfolgreich abgeschlossen und fuer alle Schritte Screenshots hinterlegt sind.
- FAIL oder BLOCKED ebenfalls mit Screenshot(s), tatsaechlichem Ergebnis, Datum, Tester und Umgebung dokumentieren; bei FAIL einen Bug mit Reproduktionsschritten und Verweis auf diesen Test anlegen.
- Passwoerter, Tokens, Zahlungsdaten und sonstige Geheimnisse niemals im Klartext speichern; vor dem Anhang maskieren oder schwaerzen."
KAN-685,E4-05 Reservierungen freigeben – Zahlung erfolgreich,"Abgedeckte Story: KAN-50 – E4-05 Reservierungen freigeben
Testart: Zahlung erfolgreich
Priorität der Story: Highest

Ziel
Eine Zahlung bis zum bestätigten Auftrag durchführen

Vorbedingungen
- Die Anwendung ist erreichbar und die erforderlichen Testdaten sind vorbereitet.
- Der Test wird in einer isolierten Umgebung mit nachvollziehbaren Benutzerrollen ausgeführt.

Schritte
1. Bestellung mit bekanntem Betrag vorbereiten.
2. Zahlung beim Provider autorisieren.
3. Capture/Callback abwarten.
4. Bestellung, Bestand und Kommunikation prüfen.

Erwartetes Ergebnis
Zahlbetrag, Zahlungsstatus, Bestellung und Bestand sind konsistent und genau einmal aktualisiert.

Responsive Viewports
- Desktop: 1440 x 900 CSS-Pixel.
- Full HD: 1920 x 1080 CSS-Pixel.
- WQHD: 2560 x 1440 CSS-Pixel.
- Ultrawide: 3440 x 1440 CSS-Pixel.
- 4K: 3840 x 2160 CSS-Pixel.
- Tablet: 768 x 1024 CSS-Pixel.
- Smartphone: 390 x 844 CSS-Pixel.
- Bei UI-Tests jeden definierten Viewport pruefen und je Viewport einen eigenen Screenshot am Testlauf hinterlegen.

Beleg und Nachbereitung
- Fuer jeden einzelnen Testschritt unmittelbar nach der Ausfuehrung einen Screenshot als Anhang am Testlauf hinterlegen.
- Der Screenshot muss die relevante Ausgangslage bzw. Eingabe und das sichtbare Ergebnis des jeweiligen Schrittes nachvollziehbar zeigen.
- Alle Schritte des Tests muessen einen eigenen Nachweis besitzen; bei Eingabeschritten sind Eingabe und anschliessende Reaktion zu dokumentieren.
- PASS nur vergeben, wenn alle Schritte erfolgreich abgeschlossen und fuer alle Schritte Screenshots hinterlegt sind.
- FAIL oder BLOCKED ebenfalls mit Screenshot(s), tatsaechlichem Ergebnis, Datum, Tester und Umgebung dokumentieren; bei FAIL einen Bug mit Reproduktionsschritten und Verweis auf diesen Test anlegen.
- Passwoerter, Tokens, Zahlungsdaten und sonstige Geheimnisse niemals im Klartext speichern; vor dem Anhang maskieren oder schwaerzen."
KAN-686,E4-05 Reservierungen freigeben – Fehlzahlung und Abbruch,"Abgedeckte Story: KAN-50 – E4-05 Reservierungen freigeben
Testart: Fehlzahlung und Abbruch
Priorität der Story: Highest

Ziel
Fehlgeschlagene Zahlung sicher behandeln

Vorbedingungen
- Die Anwendung ist erreichbar und die erforderlichen Testdaten sind vorbereitet.
- Der Test wird in einer isolierten Umgebung mit nachvollziehbaren Benutzerrollen ausgeführt.

Schritte
1. Provider-Fehler oder Abbruch simulieren.
2. Zurück zum Checkout navigieren.
3. Reservierung und Bestellstatus prüfen.
4. Erneuten Zahlungsversuch durchführen.

Erwartetes Ergebnis
Keine falsche Zahlung oder doppelte Reservierung entsteht; der Nutzer erhält eine verständliche nächste Aktion.

Responsive Viewports
- Desktop: 1440 x 900 CSS-Pixel.
- Full HD: 1920 x 1080 CSS-Pixel.
- WQHD: 2560 x 1440 CSS-Pixel.
- Ultrawide: 3440 x 1440 CSS-Pixel.
- 4K: 3840 x 2160 CSS-Pixel.
- Tablet: 768 x 1024 CSS-Pixel.
- Smartphone: 390 x 844 CSS-Pixel.
- Bei UI-Tests jeden definierten Viewport pruefen und je Viewport einen eigenen Screenshot am Testlauf hinterlegen.

Beleg und Nachbereitung
- Fuer jeden einzelnen Testschritt unmittelbar nach der Ausfuehrung einen Screenshot als Anhang am Testlauf hinterlegen.
- Der Screenshot muss die relevante Ausgangslage bzw. Eingabe und das sichtbare Ergebnis des jeweiligen Schrittes nachvollziehbar zeigen.
- Alle Schritte des Tests muessen einen eigenen Nachweis besitzen; bei Eingabeschritten sind Eingabe und anschliessende Reaktion zu dokumentieren.
- PASS nur vergeben, wenn alle Schritte erfolgreich abgeschlossen und fuer alle Schritte Screenshots hinterlegt sind.
- FAIL oder BLOCKED ebenfalls mit Screenshot(s), tatsaechlichem Ergebnis, Datum, Tester und Umgebung dokumentieren; bei FAIL einen Bug mit Reproduktionsschritten und Verweis auf diesen Test anlegen.
- Passwoerter, Tokens, Zahlungsdaten und sonstige Geheimnisse niemals im Klartext speichern; vor dem Anhang maskieren oder schwaerzen."
KAN-687,E4-05 Reservierungen freigeben – Idempotenz und Adminbetrieb,"Abgedeckte Story: KAN-50 – E4-05 Reservierungen freigeben
Testart: Idempotenz und Adminbetrieb
Priorität der Story: Highest

Ziel
Doppelte Ereignisse und Folgeaktionen prüfen

Vorbedingungen
- Die Anwendung ist erreichbar und die erforderlichen Testdaten sind vorbereitet.
- Der Test wird in einer isolierten Umgebung mit nachvollziehbaren Benutzerrollen ausgeführt.

Schritte
1. Dasselbe Zahlungsereignis zweimal zustellen.
2. Bestellung administrativ öffnen.
3. Versand, Storno oder Erstattung nach erlaubtem Status ausführen.
4. Audit und Logs prüfen.

Erwartetes Ergebnis
Doppelte Ereignisse haben keine Nebenwirkung; nur erlaubte Folgeaktionen werden ausgeführt und protokolliert.

Responsive Viewports
- Desktop: 1440 x 900 CSS-Pixel.
- Full HD: 1920 x 1080 CSS-Pixel.
- WQHD: 2560 x 1440 CSS-Pixel.
- Ultrawide: 3440 x 1440 CSS-Pixel.
- 4K: 3840 x 2160 CSS-Pixel.
- Tablet: 768 x 1024 CSS-Pixel.
- Smartphone: 390 x 844 CSS-Pixel.
- Bei UI-Tests jeden definierten Viewport pruefen und je Viewport einen eigenen Screenshot am Testlauf hinterlegen.

Beleg und Nachbereitung
- Fuer jeden einzelnen Testschritt unmittelbar nach der Ausfuehrung einen Screenshot als Anhang am Testlauf hinterlegen.
- Der Screenshot muss die relevante Ausgangslage bzw. Eingabe und das sichtbare Ergebnis des jeweiligen Schrittes nachvollziehbar zeigen.
- Alle Schritte des Tests muessen einen eigenen Nachweis besitzen; bei Eingabeschritten sind Eingabe und anschliessende Reaktion zu dokumentieren.
- PASS nur vergeben, wenn alle Schritte erfolgreich abgeschlossen und fuer alle Schritte Screenshots hinterlegt sind.
- FAIL oder BLOCKED ebenfalls mit Screenshot(s), tatsaechlichem Ergebnis, Datum, Tester und Umgebung dokumentieren; bei FAIL einen Bug mit Reproduktionsschritten und Verweis auf diesen Test anlegen.
- Passwoerter, Tokens, Zahlungsdaten und sonstige Geheimnisse niemals im Klartext speichern; vor dem Anhang maskieren oder schwaerzen."
KAN-688,E4-06 Zahlung verifizieren – Zahlung erfolgreich,"Abgedeckte Story: KAN-51 – E4-06 Zahlung verifizieren
Testart: Zahlung erfolgreich
Priorität der Story: Highest

Ziel
Eine Zahlung bis zum bestätigten Auftrag durchführen

Vorbedingungen
- Die Anwendung ist erreichbar und die erforderlichen Testdaten sind vorbereitet.
- Der Test wird in einer isolierten Umgebung mit nachvollziehbaren Benutzerrollen ausgeführt.

Schritte
1. Bestellung mit bekanntem Betrag vorbereiten.
2. Zahlung beim Provider autorisieren.
3. Capture/Callback abwarten.
4. Bestellung, Bestand und Kommunikation prüfen.

Erwartetes Ergebnis
Zahlbetrag, Zahlungsstatus, Bestellung und Bestand sind konsistent und genau einmal aktualisiert.

Responsive Viewports
- Desktop: 1440 x 900 CSS-Pixel.
- Full HD: 1920 x 1080 CSS-Pixel.
- WQHD: 2560 x 1440 CSS-Pixel.
- Ultrawide: 3440 x 1440 CSS-Pixel.
- 4K: 3840 x 2160 CSS-Pixel.
- Tablet: 768 x 1024 CSS-Pixel.
- Smartphone: 390 x 844 CSS-Pixel.
- Bei UI-Tests jeden definierten Viewport pruefen und je Viewport einen eigenen Screenshot am Testlauf hinterlegen.

Beleg und Nachbereitung
- Fuer jeden einzelnen Testschritt unmittelbar nach der Ausfuehrung einen Screenshot als Anhang am Testlauf hinterlegen.
- Der Screenshot muss die relevante Ausgangslage bzw. Eingabe und das sichtbare Ergebnis des jeweiligen Schrittes nachvollziehbar zeigen.
- Alle Schritte des Tests muessen einen eigenen Nachweis besitzen; bei Eingabeschritten sind Eingabe und anschliessende Reaktion zu dokumentieren.
- PASS nur vergeben, wenn alle Schritte erfolgreich abgeschlossen und fuer alle Schritte Screenshots hinterlegt sind.
- FAIL oder BLOCKED ebenfalls mit Screenshot(s), tatsaechlichem Ergebnis, Datum, Tester und Umgebung dokumentieren; bei FAIL einen Bug mit Reproduktionsschritten und Verweis auf diesen Test anlegen.
- Passwoerter, Tokens, Zahlungsdaten und sonstige Geheimnisse niemals im Klartext speichern; vor dem Anhang maskieren oder schwaerzen."
KAN-689,E4-06 Zahlung verifizieren – Fehlzahlung und Abbruch,"Abgedeckte Story: KAN-51 – E4-06 Zahlung verifizieren
Testart: Fehlzahlung und Abbruch
Priorität der Story: Highest

Ziel
Fehlgeschlagene Zahlung sicher behandeln

Vorbedingungen
- Die Anwendung ist erreichbar und die erforderlichen Testdaten sind vorbereitet.
- Der Test wird in einer isolierten Umgebung mit nachvollziehbaren Benutzerrollen ausgeführt.

Schritte
1. Provider-Fehler oder Abbruch simulieren.
2. Zurück zum Checkout navigieren.
3. Reservierung und Bestellstatus prüfen.
4. Erneuten Zahlungsversuch durchführen.

Erwartetes Ergebnis
Keine falsche Zahlung oder doppelte Reservierung entsteht; der Nutzer erhält eine verständliche nächste Aktion.

Responsive Viewports
- Desktop: 1440 x 900 CSS-Pixel.
- Full HD: 1920 x 1080 CSS-Pixel.
- WQHD: 2560 x 1440 CSS-Pixel.
- Ultrawide: 3440 x 1440 CSS-Pixel.
- 4K: 3840 x 2160 CSS-Pixel.
- Tablet: 768 x 1024 CSS-Pixel.
- Smartphone: 390 x 844 CSS-Pixel.
- Bei UI-Tests jeden definierten Viewport pruefen und je Viewport einen eigenen Screenshot am Testlauf hinterlegen.

Beleg und Nachbereitung
- Fuer jeden einzelnen Testschritt unmittelbar nach der Ausfuehrung einen Screenshot als Anhang am Testlauf hinterlegen.
- Der Screenshot muss die relevante Ausgangslage bzw. Eingabe und das sichtbare Ergebnis des jeweiligen Schrittes nachvollziehbar zeigen.
- Alle Schritte des Tests muessen einen eigenen Nachweis besitzen; bei Eingabeschritten sind Eingabe und anschliessende Reaktion zu dokumentieren.
- PASS nur vergeben, wenn alle Schritte erfolgreich abgeschlossen und fuer alle Schritte Screenshots hinterlegt sind.
- FAIL oder BLOCKED ebenfalls mit Screenshot(s), tatsaechlichem Ergebnis, Datum, Tester und Umgebung dokumentieren; bei FAIL einen Bug mit Reproduktionsschritten und Verweis auf diesen Test anlegen.
- Passwoerter, Tokens, Zahlungsdaten und sonstige Geheimnisse niemals im Klartext speichern; vor dem Anhang maskieren oder schwaerzen."
KAN-690,E4-06 Zahlung verifizieren – Idempotenz und Adminbetrieb,"Abgedeckte Story: KAN-51 – E4-06 Zahlung verifizieren
Testart: Idempotenz und Adminbetrieb
Priorität der Story: Highest

Ziel
Doppelte Ereignisse und Folgeaktionen prüfen

Vorbedingungen
- Die Anwendung ist erreichbar und die erforderlichen Testdaten sind vorbereitet.
- Der Test wird in einer isolierten Umgebung mit nachvollziehbaren Benutzerrollen ausgeführt.

Schritte
1. Dasselbe Zahlungsereignis zweimal zustellen.
2. Bestellung administrativ öffnen.
3. Versand, Storno oder Erstattung nach erlaubtem Status ausführen.
4. Audit und Logs prüfen.

Erwartetes Ergebnis
Doppelte Ereignisse haben keine Nebenwirkung; nur erlaubte Folgeaktionen werden ausgeführt und protokolliert.

Responsive Viewports
- Desktop: 1440 x 900 CSS-Pixel.
- Full HD: 1920 x 1080 CSS-Pixel.
- WQHD: 2560 x 1440 CSS-Pixel.
- Ultrawide: 3440 x 1440 CSS-Pixel.
- 4K: 3840 x 2160 CSS-Pixel.
- Tablet: 768 x 1024 CSS-Pixel.
- Smartphone: 390 x 844 CSS-Pixel.
- Bei UI-Tests jeden definierten Viewport pruefen und je Viewport einen eigenen Screenshot am Testlauf hinterlegen.

Beleg und Nachbereitung
- Fuer jeden einzelnen Testschritt unmittelbar nach der Ausfuehrung einen Screenshot als Anhang am Testlauf hinterlegen.
- Der Screenshot muss die relevante Ausgangslage bzw. Eingabe und das sichtbare Ergebnis des jeweiligen Schrittes nachvollziehbar zeigen.
- Alle Schritte des Tests muessen einen eigenen Nachweis besitzen; bei Eingabeschritten sind Eingabe und anschliessende Reaktion zu dokumentieren.
- PASS nur vergeben, wenn alle Schritte erfolgreich abgeschlossen und fuer alle Schritte Screenshots hinterlegt sind.
- FAIL oder BLOCKED ebenfalls mit Screenshot(s), tatsaechlichem Ergebnis, Datum, Tester und Umgebung dokumentieren; bei FAIL einen Bug mit Reproduktionsschritten und Verweis auf diesen Test anlegen.
- Passwoerter, Tokens, Zahlungsdaten und sonstige Geheimnisse niemals im Klartext speichern; vor dem Anhang maskieren oder schwaerzen."
KAN-691,E4-07 Bestellstatus aktualisieren – Zahlung erfolgreich,"Abgedeckte Story: KAN-52 – E4-07 Bestellstatus aktualisieren
Testart: Zahlung erfolgreich
Priorität der Story: Highest

Ziel
Eine Zahlung bis zum bestätigten Auftrag durchführen

Vorbedingungen
- Die Anwendung ist erreichbar und die erforderlichen Testdaten sind vorbereitet.
- Der Test wird in einer isolierten Umgebung mit nachvollziehbaren Benutzerrollen ausgeführt.

Schritte
1. Bestellung mit bekanntem Betrag vorbereiten.
2. Zahlung beim Provider autorisieren.
3. Capture/Callback abwarten.
4. Bestellung, Bestand und Kommunikation prüfen.

Erwartetes Ergebnis
Zahlbetrag, Zahlungsstatus, Bestellung und Bestand sind konsistent und genau einmal aktualisiert.

Responsive Viewports
- Desktop: 1440 x 900 CSS-Pixel.
- Full HD: 1920 x 1080 CSS-Pixel.
- WQHD: 2560 x 1440 CSS-Pixel.
- Ultrawide: 3440 x 1440 CSS-Pixel.
- 4K: 3840 x 2160 CSS-Pixel.
- Tablet: 768 x 1024 CSS-Pixel.
- Smartphone: 390 x 844 CSS-Pixel.
- Bei UI-Tests jeden definierten Viewport pruefen und je Viewport einen eigenen Screenshot am Testlauf hinterlegen.

Beleg und Nachbereitung
- Fuer jeden einzelnen Testschritt unmittelbar nach der Ausfuehrung einen Screenshot als Anhang am Testlauf hinterlegen.
- Der Screenshot muss die relevante Ausgangslage bzw. Eingabe und das sichtbare Ergebnis des jeweiligen Schrittes nachvollziehbar zeigen.
- Alle Schritte des Tests muessen einen eigenen Nachweis besitzen; bei Eingabeschritten sind Eingabe und anschliessende Reaktion zu dokumentieren.
- PASS nur vergeben, wenn alle Schritte erfolgreich abgeschlossen und fuer alle Schritte Screenshots hinterlegt sind.
- FAIL oder BLOCKED ebenfalls mit Screenshot(s), tatsaechlichem Ergebnis, Datum, Tester und Umgebung dokumentieren; bei FAIL einen Bug mit Reproduktionsschritten und Verweis auf diesen Test anlegen.
- Passwoerter, Tokens, Zahlungsdaten und sonstige Geheimnisse niemals im Klartext speichern; vor dem Anhang maskieren oder schwaerzen."
KAN-692,E4-07 Bestellstatus aktualisieren – Fehlzahlung und Abbruch,"Abgedeckte Story: KAN-52 – E4-07 Bestellstatus aktualisieren
Testart: Fehlzahlung und Abbruch
Priorität der Story: Highest

Ziel
Fehlgeschlagene Zahlung sicher behandeln

Vorbedingungen
- Die Anwendung ist erreichbar und die erforderlichen Testdaten sind vorbereitet.
- Der Test wird in einer isolierten Umgebung mit nachvollziehbaren Benutzerrollen ausgeführt.

Schritte
1. Provider-Fehler oder Abbruch simulieren.
2. Zurück zum Checkout navigieren.
3. Reservierung und Bestellstatus prüfen.
4. Erneuten Zahlungsversuch durchführen.

Erwartetes Ergebnis
Keine falsche Zahlung oder doppelte Reservierung entsteht; der Nutzer erhält eine verständliche nächste Aktion.

Responsive Viewports
- Desktop: 1440 x 900 CSS-Pixel.
- Full HD: 1920 x 1080 CSS-Pixel.
- WQHD: 2560 x 1440 CSS-Pixel.
- Ultrawide: 3440 x 1440 CSS-Pixel.
- 4K: 3840 x 2160 CSS-Pixel.
- Tablet: 768 x 1024 CSS-Pixel.
- Smartphone: 390 x 844 CSS-Pixel.
- Bei UI-Tests jeden definierten Viewport pruefen und je Viewport einen eigenen Screenshot am Testlauf hinterlegen.

Beleg und Nachbereitung
- Fuer jeden einzelnen Testschritt unmittelbar nach der Ausfuehrung einen Screenshot als Anhang am Testlauf hinterlegen.
- Der Screenshot muss die relevante Ausgangslage bzw. Eingabe und das sichtbare Ergebnis des jeweiligen Schrittes nachvollziehbar zeigen.
- Alle Schritte des Tests muessen einen eigenen Nachweis besitzen; bei Eingabeschritten sind Eingabe und anschliessende Reaktion zu dokumentieren.
- PASS nur vergeben, wenn alle Schritte erfolgreich abgeschlossen und fuer alle Schritte Screenshots hinterlegt sind.
- FAIL oder BLOCKED ebenfalls mit Screenshot(s), tatsaechlichem Ergebnis, Datum, Tester und Umgebung dokumentieren; bei FAIL einen Bug mit Reproduktionsschritten und Verweis auf diesen Test anlegen.
- Passwoerter, Tokens, Zahlungsdaten und sonstige Geheimnisse niemals im Klartext speichern; vor dem Anhang maskieren oder schwaerzen."
KAN-693,E4-07 Bestellstatus aktualisieren – Idempotenz und Adminbetrieb,"Abgedeckte Story: KAN-52 – E4-07 Bestellstatus aktualisieren
Testart: Idempotenz und Adminbetrieb
Priorität der Story: Highest

Ziel
Doppelte Ereignisse und Folgeaktionen prüfen

Vorbedingungen
- Die Anwendung ist erreichbar und die erforderlichen Testdaten sind vorbereitet.
- Der Test wird in einer isolierten Umgebung mit nachvollziehbaren Benutzerrollen ausgeführt.

Schritte
1. Dasselbe Zahlungsereignis zweimal zustellen.
2. Bestellung administrativ öffnen.
3. Versand, Storno oder Erstattung nach erlaubtem Status ausführen.
4. Audit und Logs prüfen.

Erwartetes Ergebnis
Doppelte Ereignisse haben keine Nebenwirkung; nur erlaubte Folgeaktionen werden ausgeführt und protokolliert.

Responsive Viewports
- Desktop: 1440 x 900 CSS-Pixel.
- Full HD: 1920 x 1080 CSS-Pixel.
- WQHD: 2560 x 1440 CSS-Pixel.
- Ultrawide: 3440 x 1440 CSS-Pixel.
- 4K: 3840 x 2160 CSS-Pixel.
- Tablet: 768 x 1024 CSS-Pixel.
- Smartphone: 390 x 844 CSS-Pixel.
- Bei UI-Tests jeden definierten Viewport pruefen und je Viewport einen eigenen Screenshot am Testlauf hinterlegen.

Beleg und Nachbereitung
- Fuer jeden einzelnen Testschritt unmittelbar nach der Ausfuehrung einen Screenshot als Anhang am Testlauf hinterlegen.
- Der Screenshot muss die relevante Ausgangslage bzw. Eingabe und das sichtbare Ergebnis des jeweiligen Schrittes nachvollziehbar zeigen.
- Alle Schritte des Tests muessen einen eigenen Nachweis besitzen; bei Eingabeschritten sind Eingabe und anschliessende Reaktion zu dokumentieren.
- PASS nur vergeben, wenn alle Schritte erfolgreich abgeschlossen und fuer alle Schritte Screenshots hinterlegt sind.
- FAIL oder BLOCKED ebenfalls mit Screenshot(s), tatsaechlichem Ergebnis, Datum, Tester und Umgebung dokumentieren; bei FAIL einen Bug mit Reproduktionsschritten und Verweis auf diesen Test anlegen.
- Passwoerter, Tokens, Zahlungsdaten und sonstige Geheimnisse niemals im Klartext speichern; vor dem Anhang maskieren oder schwaerzen."
KAN-694,E4-08 Doppelte Zahlungsbestätigungen verhindern – Zahlung erfolgreich,"Abgedeckte Story: KAN-53 – E4-08 Doppelte Zahlungsbestätigungen verhindern
Testart: Zahlung erfolgreich
Priorität der Story: Highest

Ziel
Eine Zahlung bis zum bestätigten Auftrag durchführen

Vorbedingungen
- Die Anwendung ist erreichbar und die erforderlichen Testdaten sind vorbereitet.
- Der Test wird in einer isolierten Umgebung mit nachvollziehbaren Benutzerrollen ausgeführt.

Schritte
1. Bestellung mit bekanntem Betrag vorbereiten.
2. Zahlung beim Provider autorisieren.
3. Capture/Callback abwarten.
4. Bestellung, Bestand und Kommunikation prüfen.

Erwartetes Ergebnis
Zahlbetrag, Zahlungsstatus, Bestellung und Bestand sind konsistent und genau einmal aktualisiert.

Responsive Viewports
- Desktop: 1440 x 900 CSS-Pixel.
- Full HD: 1920 x 1080 CSS-Pixel.
- WQHD: 2560 x 1440 CSS-Pixel.
- Ultrawide: 3440 x 1440 CSS-Pixel.
- 4K: 3840 x 2160 CSS-Pixel.
- Tablet: 768 x 1024 CSS-Pixel.
- Smartphone: 390 x 844 CSS-Pixel.
- Bei UI-Tests jeden definierten Viewport pruefen und je Viewport einen eigenen Screenshot am Testlauf hinterlegen.

Beleg und Nachbereitung
- Fuer jeden einzelnen Testschritt unmittelbar nach der Ausfuehrung einen Screenshot als Anhang am Testlauf hinterlegen.
- Der Screenshot muss die relevante Ausgangslage bzw. Eingabe und das sichtbare Ergebnis des jeweiligen Schrittes nachvollziehbar zeigen.
- Alle Schritte des Tests muessen einen eigenen Nachweis besitzen; bei Eingabeschritten sind Eingabe und anschliessende Reaktion zu dokumentieren.
- PASS nur vergeben, wenn alle Schritte erfolgreich abgeschlossen und fuer alle Schritte Screenshots hinterlegt sind.
- FAIL oder BLOCKED ebenfalls mit Screenshot(s), tatsaechlichem Ergebnis, Datum, Tester und Umgebung dokumentieren; bei FAIL einen Bug mit Reproduktionsschritten und Verweis auf diesen Test anlegen.
- Passwoerter, Tokens, Zahlungsdaten und sonstige Geheimnisse niemals im Klartext speichern; vor dem Anhang maskieren oder schwaerzen."
KAN-695,E4-08 Doppelte Zahlungsbestätigungen verhindern – Fehlzahlung und Abbruch,"Abgedeckte Story: KAN-53 – E4-08 Doppelte Zahlungsbestätigungen verhindern
Testart: Fehlzahlung und Abbruch
Priorität der Story: Highest

Ziel
Fehlgeschlagene Zahlung sicher behandeln

Vorbedingungen
- Die Anwendung ist erreichbar und die erforderlichen Testdaten sind vorbereitet.
- Der Test wird in einer isolierten Umgebung mit nachvollziehbaren Benutzerrollen ausgeführt.

Schritte
1. Provider-Fehler oder Abbruch simulieren.
2. Zurück zum Checkout navigieren.
3. Reservierung und Bestellstatus prüfen.
4. Erneuten Zahlungsversuch durchführen.

Erwartetes Ergebnis
Keine falsche Zahlung oder doppelte Reservierung entsteht; der Nutzer erhält eine verständliche nächste Aktion.

Responsive Viewports
- Desktop: 1440 x 900 CSS-Pixel.
- Full HD: 1920 x 1080 CSS-Pixel.
- WQHD: 2560 x 1440 CSS-Pixel.
- Ultrawide: 3440 x 1440 CSS-Pixel.
- 4K: 3840 x 2160 CSS-Pixel.
- Tablet: 768 x 1024 CSS-Pixel.
- Smartphone: 390 x 844 CSS-Pixel.
- Bei UI-Tests jeden definierten Viewport pruefen und je Viewport einen eigenen Screenshot am Testlauf hinterlegen.

Beleg und Nachbereitung
- Fuer jeden einzelnen Testschritt unmittelbar nach der Ausfuehrung einen Screenshot als Anhang am Testlauf hinterlegen.
- Der Screenshot muss die relevante Ausgangslage bzw. Eingabe und das sichtbare Ergebnis des jeweiligen Schrittes nachvollziehbar zeigen.
- Alle Schritte des Tests muessen einen eigenen Nachweis besitzen; bei Eingabeschritten sind Eingabe und anschliessende Reaktion zu dokumentieren.
- PASS nur vergeben, wenn alle Schritte erfolgreich abgeschlossen und fuer alle Schritte Screenshots hinterlegt sind.
- FAIL oder BLOCKED ebenfalls mit Screenshot(s), tatsaechlichem Ergebnis, Datum, Tester und Umgebung dokumentieren; bei FAIL einen Bug mit Reproduktionsschritten und Verweis auf diesen Test anlegen.
- Passwoerter, Tokens, Zahlungsdaten und sonstige Geheimnisse niemals im Klartext speichern; vor dem Anhang maskieren oder schwaerzen."
KAN-696,E4-08 Doppelte Zahlungsbestätigungen verhindern – Idempotenz und Adminbetrieb,"Abgedeckte Story: KAN-53 – E4-08 Doppelte Zahlungsbestätigungen verhindern
Testart: Idempotenz und Adminbetrieb
Priorität der Story: Highest

Ziel
Doppelte Ereignisse und Folgeaktionen prüfen

Vorbedingungen
- Die Anwendung ist erreichbar und die erforderlichen Testdaten sind vorbereitet.
- Der Test wird in einer isolierten Umgebung mit nachvollziehbaren Benutzerrollen ausgeführt.

Schritte
1. Dasselbe Zahlungsereignis zweimal zustellen.
2. Bestellung administrativ öffnen.
3. Versand, Storno oder Erstattung nach erlaubtem Status ausführen.
4. Audit und Logs prüfen.

Erwartetes Ergebnis
Doppelte Ereignisse haben keine Nebenwirkung; nur erlaubte Folgeaktionen werden ausgeführt und protokolliert.

Responsive Viewports
- Desktop: 1440 x 900 CSS-Pixel.
- Full HD: 1920 x 1080 CSS-Pixel.
- WQHD: 2560 x 1440 CSS-Pixel.
- Ultrawide: 3440 x 1440 CSS-Pixel.
- 4K: 3840 x 2160 CSS-Pixel.
- Tablet: 768 x 1024 CSS-Pixel.
- Smartphone: 390 x 844 CSS-Pixel.
- Bei UI-Tests jeden definierten Viewport pruefen und je Viewport einen eigenen Screenshot am Testlauf hinterlegen.

Beleg und Nachbereitung
- Fuer jeden einzelnen Testschritt unmittelbar nach der Ausfuehrung einen Screenshot als Anhang am Testlauf hinterlegen.
- Der Screenshot muss die relevante Ausgangslage bzw. Eingabe und das sichtbare Ergebnis des jeweiligen Schrittes nachvollziehbar zeigen.
- Alle Schritte des Tests muessen einen eigenen Nachweis besitzen; bei Eingabeschritten sind Eingabe und anschliessende Reaktion zu dokumentieren.
- PASS nur vergeben, wenn alle Schritte erfolgreich abgeschlossen und fuer alle Schritte Screenshots hinterlegt sind.
- FAIL oder BLOCKED ebenfalls mit Screenshot(s), tatsaechlichem Ergebnis, Datum, Tester und Umgebung dokumentieren; bei FAIL einen Bug mit Reproduktionsschritten und Verweis auf diesen Test anlegen.
- Passwoerter, Tokens, Zahlungsdaten und sonstige Geheimnisse niemals im Klartext speichern; vor dem Anhang maskieren oder schwaerzen."
KAN-697,E4-09 Bestellungen administrieren – Zahlung erfolgreich,"Abgedeckte Story: KAN-54 – E4-09 Bestellungen administrieren
Testart: Zahlung erfolgreich
Priorität der Story: Highest

Ziel
Eine Zahlung bis zum bestätigten Auftrag durchführen

Vorbedingungen
- Die Anwendung ist erreichbar und die erforderlichen Testdaten sind vorbereitet.
- Der Test wird in einer isolierten Umgebung mit nachvollziehbaren Benutzerrollen ausgeführt.

Schritte
1. Bestellung mit bekanntem Betrag vorbereiten.
2. Zahlung beim Provider autorisieren.
3. Capture/Callback abwarten.
4. Bestellung, Bestand und Kommunikation prüfen.

Erwartetes Ergebnis
Zahlbetrag, Zahlungsstatus, Bestellung und Bestand sind konsistent und genau einmal aktualisiert.

Responsive Viewports
- Desktop: 1440 x 900 CSS-Pixel.
- Full HD: 1920 x 1080 CSS-Pixel.
- WQHD: 2560 x 1440 CSS-Pixel.
- Ultrawide: 3440 x 1440 CSS-Pixel.
- 4K: 3840 x 2160 CSS-Pixel.
- Tablet: 768 x 1024 CSS-Pixel.
- Smartphone: 390 x 844 CSS-Pixel.
- Bei UI-Tests jeden definierten Viewport pruefen und je Viewport einen eigenen Screenshot am Testlauf hinterlegen.

Beleg und Nachbereitung
- Fuer jeden einzelnen Testschritt unmittelbar nach der Ausfuehrung einen Screenshot als Anhang am Testlauf hinterlegen.
- Der Screenshot muss die relevante Ausgangslage bzw. Eingabe und das sichtbare Ergebnis des jeweiligen Schrittes nachvollziehbar zeigen.
- Alle Schritte des Tests muessen einen eigenen Nachweis besitzen; bei Eingabeschritten sind Eingabe und anschliessende Reaktion zu dokumentieren.
- PASS nur vergeben, wenn alle Schritte erfolgreich abgeschlossen und fuer alle Schritte Screenshots hinterlegt sind.
- FAIL oder BLOCKED ebenfalls mit Screenshot(s), tatsaechlichem Ergebnis, Datum, Tester und Umgebung dokumentieren; bei FAIL einen Bug mit Reproduktionsschritten und Verweis auf diesen Test anlegen.
- Passwoerter, Tokens, Zahlungsdaten und sonstige Geheimnisse niemals im Klartext speichern; vor dem Anhang maskieren oder schwaerzen."
KAN-698,E4-09 Bestellungen administrieren – Fehlzahlung und Abbruch,"Abgedeckte Story: KAN-54 – E4-09 Bestellungen administrieren
Testart: Fehlzahlung und Abbruch
Priorität der Story: Highest

Ziel
Fehlgeschlagene Zahlung sicher behandeln

Vorbedingungen
- Die Anwendung ist erreichbar und die erforderlichen Testdaten sind vorbereitet.
- Der Test wird in einer isolierten Umgebung mit nachvollziehbaren Benutzerrollen ausgeführt.

Schritte
1. Provider-Fehler oder Abbruch simulieren.
2. Zurück zum Checkout navigieren.
3. Reservierung und Bestellstatus prüfen.
4. Erneuten Zahlungsversuch durchführen.

Erwartetes Ergebnis
Keine falsche Zahlung oder doppelte Reservierung entsteht; der Nutzer erhält eine verständliche nächste Aktion.

Responsive Viewports
- Desktop: 1440 x 900 CSS-Pixel.
- Full HD: 1920 x 1080 CSS-Pixel.
- WQHD: 2560 x 1440 CSS-Pixel.
- Ultrawide: 3440 x 1440 CSS-Pixel.
- 4K: 3840 x 2160 CSS-Pixel.
- Tablet: 768 x 1024 CSS-Pixel.
- Smartphone: 390 x 844 CSS-Pixel.
- Bei UI-Tests jeden definierten Viewport pruefen und je Viewport einen eigenen Screenshot am Testlauf hinterlegen.

Beleg und Nachbereitung
- Fuer jeden einzelnen Testschritt unmittelbar nach der Ausfuehrung einen Screenshot als Anhang am Testlauf hinterlegen.
- Der Screenshot muss die relevante Ausgangslage bzw. Eingabe und das sichtbare Ergebnis des jeweiligen Schrittes nachvollziehbar zeigen.
- Alle Schritte des Tests muessen einen eigenen Nachweis besitzen; bei Eingabeschritten sind Eingabe und anschliessende Reaktion zu dokumentieren.
- PASS nur vergeben, wenn alle Schritte erfolgreich abgeschlossen und fuer alle Schritte Screenshots hinterlegt sind.
- FAIL oder BLOCKED ebenfalls mit Screenshot(s), tatsaechlichem Ergebnis, Datum, Tester und Umgebung dokumentieren; bei FAIL einen Bug mit Reproduktionsschritten und Verweis auf diesen Test anlegen.
- Passwoerter, Tokens, Zahlungsdaten und sonstige Geheimnisse niemals im Klartext speichern; vor dem Anhang maskieren oder schwaerzen."
KAN-699,E4-09 Bestellungen administrieren – Idempotenz und Adminbetrieb,"Abgedeckte Story: KAN-54 – E4-09 Bestellungen administrieren
Testart: Idempotenz und Adminbetrieb
Priorität der Story: Highest

Ziel
Doppelte Ereignisse und Folgeaktionen prüfen

Vorbedingungen
- Die Anwendung ist erreichbar und die erforderlichen Testdaten sind vorbereitet.
- Der Test wird in einer isolierten Umgebung mit nachvollziehbaren Benutzerrollen ausgeführt.

Schritte
1. Dasselbe Zahlungsereignis zweimal zustellen.
2. Bestellung administrativ öffnen.
3. Versand, Storno oder Erstattung nach erlaubtem Status ausführen.
4. Audit und Logs prüfen.

Erwartetes Ergebnis
Doppelte Ereignisse haben keine Nebenwirkung; nur erlaubte Folgeaktionen werden ausgeführt und protokolliert.

Responsive Viewports
- Desktop: 1440 x 900 CSS-Pixel.
- Full HD: 1920 x 1080 CSS-Pixel.
- WQHD: 2560 x 1440 CSS-Pixel.
- Ultrawide: 3440 x 1440 CSS-Pixel.
- 4K: 3840 x 2160 CSS-Pixel.
- Tablet: 768 x 1024 CSS-Pixel.
- Smartphone: 390 x 844 CSS-Pixel.
- Bei UI-Tests jeden definierten Viewport pruefen und je Viewport einen eigenen Screenshot am Testlauf hinterlegen.

Beleg und Nachbereitung
- Fuer jeden einzelnen Testschritt unmittelbar nach der Ausfuehrung einen Screenshot als Anhang am Testlauf hinterlegen.
- Der Screenshot muss die relevante Ausgangslage bzw. Eingabe und das sichtbare Ergebnis des jeweiligen Schrittes nachvollziehbar zeigen.
- Alle Schritte des Tests muessen einen eigenen Nachweis besitzen; bei Eingabeschritten sind Eingabe und anschliessende Reaktion zu dokumentieren.
- PASS nur vergeben, wenn alle Schritte erfolgreich abgeschlossen und fuer alle Schritte Screenshots hinterlegt sind.
- FAIL oder BLOCKED ebenfalls mit Screenshot(s), tatsaechlichem Ergebnis, Datum, Tester und Umgebung dokumentieren; bei FAIL einen Bug mit Reproduktionsschritten und Verweis auf diesen Test anlegen.
- Passwoerter, Tokens, Zahlungsdaten und sonstige Geheimnisse niemals im Klartext speichern; vor dem Anhang maskieren oder schwaerzen."
KAN-700,E4-10 Bestellung für Versand vorbereiten – Zahlung erfolgreich,"Abgedeckte Story: KAN-55 – E4-10 Bestellung für Versand vorbereiten
Testart: Zahlung erfolgreich
Priorität der Story: Highest

Ziel
Eine Zahlung bis zum bestätigten Auftrag durchführen

Vorbedingungen
- Die Anwendung ist erreichbar und die erforderlichen Testdaten sind vorbereitet.
- Der Test wird in einer isolierten Umgebung mit nachvollziehbaren Benutzerrollen ausgeführt.

Schritte
1. Bestellung mit bekanntem Betrag vorbereiten.
2. Zahlung beim Provider autorisieren.
3. Capture/Callback abwarten.
4. Bestellung, Bestand und Kommunikation prüfen.

Erwartetes Ergebnis
Zahlbetrag, Zahlungsstatus, Bestellung und Bestand sind konsistent und genau einmal aktualisiert.

Responsive Viewports
- Desktop: 1440 x 900 CSS-Pixel.
- Full HD: 1920 x 1080 CSS-Pixel.
- WQHD: 2560 x 1440 CSS-Pixel.
- Ultrawide: 3440 x 1440 CSS-Pixel.
- 4K: 3840 x 2160 CSS-Pixel.
- Tablet: 768 x 1024 CSS-Pixel.
- Smartphone: 390 x 844 CSS-Pixel.
- Bei UI-Tests jeden definierten Viewport pruefen und je Viewport einen eigenen Screenshot am Testlauf hinterlegen.

Beleg und Nachbereitung
- Fuer jeden einzelnen Testschritt unmittelbar nach der Ausfuehrung einen Screenshot als Anhang am Testlauf hinterlegen.
- Der Screenshot muss die relevante Ausgangslage bzw. Eingabe und das sichtbare Ergebnis des jeweiligen Schrittes nachvollziehbar zeigen.
- Alle Schritte des Tests muessen einen eigenen Nachweis besitzen; bei Eingabeschritten sind Eingabe und anschliessende Reaktion zu dokumentieren.
- PASS nur vergeben, wenn alle Schritte erfolgreich abgeschlossen und fuer alle Schritte Screenshots hinterlegt sind.
- FAIL oder BLOCKED ebenfalls mit Screenshot(s), tatsaechlichem Ergebnis, Datum, Tester und Umgebung dokumentieren; bei FAIL einen Bug mit Reproduktionsschritten und Verweis auf diesen Test anlegen.
- Passwoerter, Tokens, Zahlungsdaten und sonstige Geheimnisse niemals im Klartext speichern; vor dem Anhang maskieren oder schwaerzen."
KAN-701,E4-10 Bestellung für Versand vorbereiten – Fehlzahlung und Abbruch,"Abgedeckte Story: KAN-55 – E4-10 Bestellung für Versand vorbereiten
Testart: Fehlzahlung und Abbruch
Priorität der Story: Highest

Ziel
Fehlgeschlagene Zahlung sicher behandeln

Vorbedingungen
- Die Anwendung ist erreichbar und die erforderlichen Testdaten sind vorbereitet.
- Der Test wird in einer isolierten Umgebung mit nachvollziehbaren Benutzerrollen ausgeführt.

Schritte
1. Provider-Fehler oder Abbruch simulieren.
2. Zurück zum Checkout navigieren.
3. Reservierung und Bestellstatus prüfen.
4. Erneuten Zahlungsversuch durchführen.

Erwartetes Ergebnis
Keine falsche Zahlung oder doppelte Reservierung entsteht; der Nutzer erhält eine verständliche nächste Aktion.

Responsive Viewports
- Desktop: 1440 x 900 CSS-Pixel.
- Full HD: 1920 x 1080 CSS-Pixel.
- WQHD: 2560 x 1440 CSS-Pixel.
- Ultrawide: 3440 x 1440 CSS-Pixel.
- 4K: 3840 x 2160 CSS-Pixel.
- Tablet: 768 x 1024 CSS-Pixel.
- Smartphone: 390 x 844 CSS-Pixel.
- Bei UI-Tests jeden definierten Viewport pruefen und je Viewport einen eigenen Screenshot am Testlauf hinterlegen.

Beleg und Nachbereitung
- Fuer jeden einzelnen Testschritt unmittelbar nach der Ausfuehrung einen Screenshot als Anhang am Testlauf hinterlegen.
- Der Screenshot muss die relevante Ausgangslage bzw. Eingabe und das sichtbare Ergebnis des jeweiligen Schrittes nachvollziehbar zeigen.
- Alle Schritte des Tests muessen einen eigenen Nachweis besitzen; bei Eingabeschritten sind Eingabe und anschliessende Reaktion zu dokumentieren.
- PASS nur vergeben, wenn alle Schritte erfolgreich abgeschlossen und fuer alle Schritte Screenshots hinterlegt sind.
- FAIL oder BLOCKED ebenfalls mit Screenshot(s), tatsaechlichem Ergebnis, Datum, Tester und Umgebung dokumentieren; bei FAIL einen Bug mit Reproduktionsschritten und Verweis auf diesen Test anlegen.
- Passwoerter, Tokens, Zahlungsdaten und sonstige Geheimnisse niemals im Klartext speichern; vor dem Anhang maskieren oder schwaerzen."
KAN-702,E4-10 Bestellung für Versand vorbereiten – Idempotenz und Adminbetrieb,"Abgedeckte Story: KAN-55 – E4-10 Bestellung für Versand vorbereiten
Testart: Idempotenz und Adminbetrieb
Priorität der Story: Highest

Ziel
Doppelte Ereignisse und Folgeaktionen prüfen

Vorbedingungen
- Die Anwendung ist erreichbar und die erforderlichen Testdaten sind vorbereitet.
- Der Test wird in einer isolierten Umgebung mit nachvollziehbaren Benutzerrollen ausgeführt.

Schritte
1. Dasselbe Zahlungsereignis zweimal zustellen.
2. Bestellung administrativ öffnen.
3. Versand, Storno oder Erstattung nach erlaubtem Status ausführen.
4. Audit und Logs prüfen.

Erwartetes Ergebnis
Doppelte Ereignisse haben keine Nebenwirkung; nur erlaubte Folgeaktionen werden ausgeführt und protokolliert.

Responsive Viewports
- Desktop: 1440 x 900 CSS-Pixel.
- Full HD: 1920 x 1080 CSS-Pixel.
- WQHD: 2560 x 1440 CSS-Pixel.
- Ultrawide: 3440 x 1440 CSS-Pixel.
- 4K: 3840 x 2160 CSS-Pixel.
- Tablet: 768 x 1024 CSS-Pixel.
- Smartphone: 390 x 844 CSS-Pixel.
- Bei UI-Tests jeden definierten Viewport pruefen und je Viewport einen eigenen Screenshot am Testlauf hinterlegen.

Beleg und Nachbereitung
- Fuer jeden einzelnen Testschritt unmittelbar nach der Ausfuehrung einen Screenshot als Anhang am Testlauf hinterlegen.
- Der Screenshot muss die relevante Ausgangslage bzw. Eingabe und das sichtbare Ergebnis des jeweiligen Schrittes nachvollziehbar zeigen.
- Alle Schritte des Tests muessen einen eigenen Nachweis besitzen; bei Eingabeschritten sind Eingabe und anschliessende Reaktion zu dokumentieren.
- PASS nur vergeben, wenn alle Schritte erfolgreich abgeschlossen und fuer alle Schritte Screenshots hinterlegt sind.
- FAIL oder BLOCKED ebenfalls mit Screenshot(s), tatsaechlichem Ergebnis, Datum, Tester und Umgebung dokumentieren; bei FAIL einen Bug mit Reproduktionsschritten und Verweis auf diesen Test anlegen.
- Passwoerter, Tokens, Zahlungsdaten und sonstige Geheimnisse niemals im Klartext speichern; vor dem Anhang maskieren oder schwaerzen."
KAN-703,E4-11 Sendungsnummer anzeigen – Zahlung erfolgreich,"Abgedeckte Story: KAN-56 – E4-11 Sendungsnummer anzeigen
Testart: Zahlung erfolgreich
Priorität der Story: High

Ziel
Eine Zahlung bis zum bestätigten Auftrag durchführen

Vorbedingungen
- Die Anwendung ist erreichbar und die erforderlichen Testdaten sind vorbereitet.
- Der Test wird in einer isolierten Umgebung mit nachvollziehbaren Benutzerrollen ausgeführt.

Schritte
1. Bestellung mit bekanntem Betrag vorbereiten.
2. Zahlung beim Provider autorisieren.
3. Capture/Callback abwarten.
4. Bestellung, Bestand und Kommunikation prüfen.

Erwartetes Ergebnis
Zahlbetrag, Zahlungsstatus, Bestellung und Bestand sind konsistent und genau einmal aktualisiert.

Responsive Viewports
- Desktop: 1440 x 900 CSS-Pixel.
- Full HD: 1920 x 1080 CSS-Pixel.
- WQHD: 2560 x 1440 CSS-Pixel.
- Ultrawide: 3440 x 1440 CSS-Pixel.
- 4K: 3840 x 2160 CSS-Pixel.
- Tablet: 768 x 1024 CSS-Pixel.
- Smartphone: 390 x 844 CSS-Pixel.
- Bei UI-Tests jeden definierten Viewport pruefen und je Viewport einen eigenen Screenshot am Testlauf hinterlegen.

Beleg und Nachbereitung
- Fuer jeden einzelnen Testschritt unmittelbar nach der Ausfuehrung einen Screenshot als Anhang am Testlauf hinterlegen.
- Der Screenshot muss die relevante Ausgangslage bzw. Eingabe und das sichtbare Ergebnis des jeweiligen Schrittes nachvollziehbar zeigen.
- Alle Schritte des Tests muessen einen eigenen Nachweis besitzen; bei Eingabeschritten sind Eingabe und anschliessende Reaktion zu dokumentieren.
- PASS nur vergeben, wenn alle Schritte erfolgreich abgeschlossen und fuer alle Schritte Screenshots hinterlegt sind.
- FAIL oder BLOCKED ebenfalls mit Screenshot(s), tatsaechlichem Ergebnis, Datum, Tester und Umgebung dokumentieren; bei FAIL einen Bug mit Reproduktionsschritten und Verweis auf diesen Test anlegen.
- Passwoerter, Tokens, Zahlungsdaten und sonstige Geheimnisse niemals im Klartext speichern; vor dem Anhang maskieren oder schwaerzen."
KAN-704,E4-11 Sendungsnummer anzeigen – Fehlzahlung und Abbruch,"Abgedeckte Story: KAN-56 – E4-11 Sendungsnummer anzeigen
Testart: Fehlzahlung und Abbruch
Priorität der Story: High

Ziel
Fehlgeschlagene Zahlung sicher behandeln

Vorbedingungen
- Die Anwendung ist erreichbar und die erforderlichen Testdaten sind vorbereitet.
- Der Test wird in einer isolierten Umgebung mit nachvollziehbaren Benutzerrollen ausgeführt.

Schritte
1. Provider-Fehler oder Abbruch simulieren.
2. Zurück zum Checkout navigieren.
3. Reservierung und Bestellstatus prüfen.
4. Erneuten Zahlungsversuch durchführen.

Erwartetes Ergebnis
Keine falsche Zahlung oder doppelte Reservierung entsteht; der Nutzer erhält eine verständliche nächste Aktion.

Responsive Viewports
- Desktop: 1440 x 900 CSS-Pixel.
- Full HD: 1920 x 1080 CSS-Pixel.
- WQHD: 2560 x 1440 CSS-Pixel.
- Ultrawide: 3440 x 1440 CSS-Pixel.
- 4K: 3840 x 2160 CSS-Pixel.
- Tablet: 768 x 1024 CSS-Pixel.
- Smartphone: 390 x 844 CSS-Pixel.
- Bei UI-Tests jeden definierten Viewport pruefen und je Viewport einen eigenen Screenshot am Testlauf hinterlegen.

Beleg und Nachbereitung
- Fuer jeden einzelnen Testschritt unmittelbar nach der Ausfuehrung einen Screenshot als Anhang am Testlauf hinterlegen.
- Der Screenshot muss die relevante Ausgangslage bzw. Eingabe und das sichtbare Ergebnis des jeweiligen Schrittes nachvollziehbar zeigen.
- Alle Schritte des Tests muessen einen eigenen Nachweis besitzen; bei Eingabeschritten sind Eingabe und anschliessende Reaktion zu dokumentieren.
- PASS nur vergeben, wenn alle Schritte erfolgreich abgeschlossen und fuer alle Schritte Screenshots hinterlegt sind.
- FAIL oder BLOCKED ebenfalls mit Screenshot(s), tatsaechlichem Ergebnis, Datum, Tester und Umgebung dokumentieren; bei FAIL einen Bug mit Reproduktionsschritten und Verweis auf diesen Test anlegen.
- Passwoerter, Tokens, Zahlungsdaten und sonstige Geheimnisse niemals im Klartext speichern; vor dem Anhang maskieren oder schwaerzen."
KAN-705,E4-11 Sendungsnummer anzeigen – Idempotenz und Adminbetrieb,"Abgedeckte Story: KAN-56 – E4-11 Sendungsnummer anzeigen
Testart: Idempotenz und Adminbetrieb
Priorität der Story: High

Ziel
Doppelte Ereignisse und Folgeaktionen prüfen

Vorbedingungen
- Die Anwendung ist erreichbar und die erforderlichen Testdaten sind vorbereitet.
- Der Test wird in einer isolierten Umgebung mit nachvollziehbaren Benutzerrollen ausgeführt.

Schritte
1. Dasselbe Zahlungsereignis zweimal zustellen.
2. Bestellung administrativ öffnen.
3. Versand, Storno oder Erstattung nach erlaubtem Status ausführen.
4. Audit und Logs prüfen.

Erwartetes Ergebnis
Doppelte Ereignisse haben keine Nebenwirkung; nur erlaubte Folgeaktionen werden ausgeführt und protokolliert.

Responsive Viewports
- Desktop: 1440 x 900 CSS-Pixel.
- Full HD: 1920 x 1080 CSS-Pixel.
- WQHD: 2560 x 1440 CSS-Pixel.
- Ultrawide: 3440 x 1440 CSS-Pixel.
- 4K: 3840 x 2160 CSS-Pixel.
- Tablet: 768 x 1024 CSS-Pixel.
- Smartphone: 390 x 844 CSS-Pixel.
- Bei UI-Tests jeden definierten Viewport pruefen und je Viewport einen eigenen Screenshot am Testlauf hinterlegen.

Beleg und Nachbereitung
- Fuer jeden einzelnen Testschritt unmittelbar nach der Ausfuehrung einen Screenshot als Anhang am Testlauf hinterlegen.
- Der Screenshot muss die relevante Ausgangslage bzw. Eingabe und das sichtbare Ergebnis des jeweiligen Schrittes nachvollziehbar zeigen.
- Alle Schritte des Tests muessen einen eigenen Nachweis besitzen; bei Eingabeschritten sind Eingabe und anschliessende Reaktion zu dokumentieren.
- PASS nur vergeben, wenn alle Schritte erfolgreich abgeschlossen und fuer alle Schritte Screenshots hinterlegt sind.
- FAIL oder BLOCKED ebenfalls mit Screenshot(s), tatsaechlichem Ergebnis, Datum, Tester und Umgebung dokumentieren; bei FAIL einen Bug mit Reproduktionsschritten und Verweis auf diesen Test anlegen.
- Passwoerter, Tokens, Zahlungsdaten und sonstige Geheimnisse niemals im Klartext speichern; vor dem Anhang maskieren oder schwaerzen."
KAN-706,E4-12 Bestellung stornieren oder erstatten – Zahlung erfolgreich,"Abgedeckte Story: KAN-57 – E4-12 Bestellung stornieren oder erstatten
Testart: Zahlung erfolgreich
Priorität der Story: Medium

Ziel
Eine Zahlung bis zum bestätigten Auftrag durchführen

Vorbedingungen
- Die Anwendung ist erreichbar und die erforderlichen Testdaten sind vorbereitet.
- Der Test wird in einer isolierten Umgebung mit nachvollziehbaren Benutzerrollen ausgeführt.

Schritte
1. Bestellung mit bekanntem Betrag vorbereiten.
2. Zahlung beim Provider autorisieren.
3. Capture/Callback abwarten.
4. Bestellung, Bestand und Kommunikation prüfen.

Erwartetes Ergebnis
Zahlbetrag, Zahlungsstatus, Bestellung und Bestand sind konsistent und genau einmal aktualisiert.

Responsive Viewports
- Desktop: 1440 x 900 CSS-Pixel.
- Full HD: 1920 x 1080 CSS-Pixel.
- WQHD: 2560 x 1440 CSS-Pixel.
- Ultrawide: 3440 x 1440 CSS-Pixel.
- 4K: 3840 x 2160 CSS-Pixel.
- Tablet: 768 x 1024 CSS-Pixel.
- Smartphone: 390 x 844 CSS-Pixel.
- Bei UI-Tests jeden definierten Viewport pruefen und je Viewport einen eigenen Screenshot am Testlauf hinterlegen.

Beleg und Nachbereitung
- Fuer jeden einzelnen Testschritt unmittelbar nach der Ausfuehrung einen Screenshot als Anhang am Testlauf hinterlegen.
- Der Screenshot muss die relevante Ausgangslage bzw. Eingabe und das sichtbare Ergebnis des jeweiligen Schrittes nachvollziehbar zeigen.
- Alle Schritte des Tests muessen einen eigenen Nachweis besitzen; bei Eingabeschritten sind Eingabe und anschliessende Reaktion zu dokumentieren.
- PASS nur vergeben, wenn alle Schritte erfolgreich abgeschlossen und fuer alle Schritte Screenshots hinterlegt sind.
- FAIL oder BLOCKED ebenfalls mit Screenshot(s), tatsaechlichem Ergebnis, Datum, Tester und Umgebung dokumentieren; bei FAIL einen Bug mit Reproduktionsschritten und Verweis auf diesen Test anlegen.
- Passwoerter, Tokens, Zahlungsdaten und sonstige Geheimnisse niemals im Klartext speichern; vor dem Anhang maskieren oder schwaerzen."
KAN-707,E4-12 Bestellung stornieren oder erstatten – Fehlzahlung und Abbruch,"Abgedeckte Story: KAN-57 – E4-12 Bestellung stornieren oder erstatten
Testart: Fehlzahlung und Abbruch
Priorität der Story: Medium

Ziel
Fehlgeschlagene Zahlung sicher behandeln

Vorbedingungen
- Die Anwendung ist erreichbar und die erforderlichen Testdaten sind vorbereitet.
- Der Test wird in einer isolierten Umgebung mit nachvollziehbaren Benutzerrollen ausgeführt.

Schritte
1. Provider-Fehler oder Abbruch simulieren.
2. Zurück zum Checkout navigieren.
3. Reservierung und Bestellstatus prüfen.
4. Erneuten Zahlungsversuch durchführen.

Erwartetes Ergebnis
Keine falsche Zahlung oder doppelte Reservierung entsteht; der Nutzer erhält eine verständliche nächste Aktion.

Responsive Viewports
- Desktop: 1440 x 900 CSS-Pixel.
- Full HD: 1920 x 1080 CSS-Pixel.
- WQHD: 2560 x 1440 CSS-Pixel.
- Ultrawide: 3440 x 1440 CSS-Pixel.
- 4K: 3840 x 2160 CSS-Pixel.
- Tablet: 768 x 1024 CSS-Pixel.
- Smartphone: 390 x 844 CSS-Pixel.
- Bei UI-Tests jeden definierten Viewport pruefen und je Viewport einen eigenen Screenshot am Testlauf hinterlegen.

Beleg und Nachbereitung
- Fuer jeden einzelnen Testschritt unmittelbar nach der Ausfuehrung einen Screenshot als Anhang am Testlauf hinterlegen.
- Der Screenshot muss die relevante Ausgangslage bzw. Eingabe und das sichtbare Ergebnis des jeweiligen Schrittes nachvollziehbar zeigen.
- Alle Schritte des Tests muessen einen eigenen Nachweis besitzen; bei Eingabeschritten sind Eingabe und anschliessende Reaktion zu dokumentieren.
- PASS nur vergeben, wenn alle Schritte erfolgreich abgeschlossen und fuer alle Schritte Screenshots hinterlegt sind.
- FAIL oder BLOCKED ebenfalls mit Screenshot(s), tatsaechlichem Ergebnis, Datum, Tester und Umgebung dokumentieren; bei FAIL einen Bug mit Reproduktionsschritten und Verweis auf diesen Test anlegen.
- Passwoerter, Tokens, Zahlungsdaten und sonstige Geheimnisse niemals im Klartext speichern; vor dem Anhang maskieren oder schwaerzen."
KAN-708,E4-12 Bestellung stornieren oder erstatten – Idempotenz und Adminbetrieb,"Abgedeckte Story: KAN-57 – E4-12 Bestellung stornieren oder erstatten
Testart: Idempotenz und Adminbetrieb
Priorität der Story: Medium

Ziel
Doppelte Ereignisse und Folgeaktionen prüfen

Vorbedingungen
- Die Anwendung ist erreichbar und die erforderlichen Testdaten sind vorbereitet.
- Der Test wird in einer isolierten Umgebung mit nachvollziehbaren Benutzerrollen ausgeführt.

Schritte
1. Dasselbe Zahlungsereignis zweimal zustellen.
2. Bestellung administrativ öffnen.
3. Versand, Storno oder Erstattung nach erlaubtem Status ausführen.
4. Audit und Logs prüfen.

Erwartetes Ergebnis
Doppelte Ereignisse haben keine Nebenwirkung; nur erlaubte Folgeaktionen werden ausgeführt und protokolliert.

Responsive Viewports
- Desktop: 1440 x 900 CSS-Pixel.
- Full HD: 1920 x 1080 CSS-Pixel.
- WQHD: 2560 x 1440 CSS-Pixel.
- Ultrawide: 3440 x 1440 CSS-Pixel.
- 4K: 3840 x 2160 CSS-Pixel.
- Tablet: 768 x 1024 CSS-Pixel.
- Smartphone: 390 x 844 CSS-Pixel.
- Bei UI-Tests jeden definierten Viewport pruefen und je Viewport einen eigenen Screenshot am Testlauf hinterlegen.

Beleg und Nachbereitung
- Fuer jeden einzelnen Testschritt unmittelbar nach der Ausfuehrung einen Screenshot als Anhang am Testlauf hinterlegen.
- Der Screenshot muss die relevante Ausgangslage bzw. Eingabe und das sichtbare Ergebnis des jeweiligen Schrittes nachvollziehbar zeigen.
- Alle Schritte des Tests muessen einen eigenen Nachweis besitzen; bei Eingabeschritten sind Eingabe und anschliessende Reaktion zu dokumentieren.
- PASS nur vergeben, wenn alle Schritte erfolgreich abgeschlossen und fuer alle Schritte Screenshots hinterlegt sind.
- FAIL oder BLOCKED ebenfalls mit Screenshot(s), tatsaechlichem Ergebnis, Datum, Tester und Umgebung dokumentieren; bei FAIL einen Bug mit Reproduktionsschritten und Verweis auf diesen Test anlegen.
- Passwoerter, Tokens, Zahlungsdaten und sonstige Geheimnisse niemals im Klartext speichern; vor dem Anhang maskieren oder schwaerzen."
KAN-709,E5-01 Kundenkonto registrieren – Konto-Lebenszyklus,"Abgedeckte Story: KAN-58 – E5-01 Kundenkonto registrieren
Testart: Konto-Lebenszyklus
Priorität der Story: High

Ziel
Konto sicher registrieren und anmelden

Vorbedingungen
- Die Anwendung ist erreichbar und die erforderlichen Testdaten sind vorbereitet.
- Der Test wird in einer isolierten Umgebung mit nachvollziehbaren Benutzerrollen ausgeführt.

Schritte
1. Registrierung mit gültiger Adresse durchführen.
2. Bestätigung abschließen.
3. Anmelden, abmelden und erneut anmelden.
4. Passwortreset durchführen.

Erwartetes Ergebnis
Nur bestätigte und korrekte Zugangsdaten erlauben Zugriff; Tokens und Fehlermeldungen verhalten sich sicher.

Responsive Viewports
- Desktop: 1440 x 900 CSS-Pixel.
- Full HD: 1920 x 1080 CSS-Pixel.
- WQHD: 2560 x 1440 CSS-Pixel.
- Ultrawide: 3440 x 1440 CSS-Pixel.
- 4K: 3840 x 2160 CSS-Pixel.
- Tablet: 768 x 1024 CSS-Pixel.
- Smartphone: 390 x 844 CSS-Pixel.
- Bei UI-Tests jeden definierten Viewport pruefen und je Viewport einen eigenen Screenshot am Testlauf hinterlegen.

Beleg und Nachbereitung
- Fuer jeden einzelnen Testschritt unmittelbar nach der Ausfuehrung einen Screenshot als Anhang am Testlauf hinterlegen.
- Der Screenshot muss die relevante Ausgangslage bzw. Eingabe und das sichtbare Ergebnis des jeweiligen Schrittes nachvollziehbar zeigen.
- Alle Schritte des Tests muessen einen eigenen Nachweis besitzen; bei Eingabeschritten sind Eingabe und anschliessende Reaktion zu dokumentieren.
- PASS nur vergeben, wenn alle Schritte erfolgreich abgeschlossen und fuer alle Schritte Screenshots hinterlegt sind.
- FAIL oder BLOCKED ebenfalls mit Screenshot(s), tatsaechlichem Ergebnis, Datum, Tester und Umgebung dokumentieren; bei FAIL einen Bug mit Reproduktionsschritten und Verweis auf diesen Test anlegen.
- Passwoerter, Tokens, Zahlungsdaten und sonstige Geheimnisse niemals im Klartext speichern; vor dem Anhang maskieren oder schwaerzen."
KAN-710,E5-01 Kundenkonto registrieren – Eigene Daten und Historie,"Abgedeckte Story: KAN-58 – E5-01 Kundenkonto registrieren
Testart: Eigene Daten und Historie
Priorität der Story: High

Ziel
Konto- und Bestelldaten verwalten

Vorbedingungen
- Die Anwendung ist erreichbar und die erforderlichen Testdaten sind vorbereitet.
- Der Test wird in einer isolierten Umgebung mit nachvollziehbaren Benutzerrollen ausgeführt.

Schritte
1. Persönliche Daten und Adresse ändern.
2. Bestellung mit Konto durchführen.
3. Historie und Status öffnen.
4. Seite neu laden und erneut prüfen.

Erwartetes Ergebnis
Nur eigene Daten sind sichtbar; Änderungen und Bestellstatus bleiben konsistent.

Responsive Viewports
- Desktop: 1440 x 900 CSS-Pixel.
- Full HD: 1920 x 1080 CSS-Pixel.
- WQHD: 2560 x 1440 CSS-Pixel.
- Ultrawide: 3440 x 1440 CSS-Pixel.
- 4K: 3840 x 2160 CSS-Pixel.
- Tablet: 768 x 1024 CSS-Pixel.
- Smartphone: 390 x 844 CSS-Pixel.
- Bei UI-Tests jeden definierten Viewport pruefen und je Viewport einen eigenen Screenshot am Testlauf hinterlegen.

Beleg und Nachbereitung
- Fuer jeden einzelnen Testschritt unmittelbar nach der Ausfuehrung einen Screenshot als Anhang am Testlauf hinterlegen.
- Der Screenshot muss die relevante Ausgangslage bzw. Eingabe und das sichtbare Ergebnis des jeweiligen Schrittes nachvollziehbar zeigen.
- Alle Schritte des Tests muessen einen eigenen Nachweis besitzen; bei Eingabeschritten sind Eingabe und anschliessende Reaktion zu dokumentieren.
- PASS nur vergeben, wenn alle Schritte erfolgreich abgeschlossen und fuer alle Schritte Screenshots hinterlegt sind.
- FAIL oder BLOCKED ebenfalls mit Screenshot(s), tatsaechlichem Ergebnis, Datum, Tester und Umgebung dokumentieren; bei FAIL einen Bug mit Reproduktionsschritten und Verweis auf diesen Test anlegen.
- Passwoerter, Tokens, Zahlungsdaten und sonstige Geheimnisse niemals im Klartext speichern; vor dem Anhang maskieren oder schwaerzen."
KAN-711,E5-01 Kundenkonto registrieren – Datenschutz und Berechtigung,"Abgedeckte Story: KAN-58 – E5-01 Kundenkonto registrieren
Testart: Datenschutz und Berechtigung
Priorität der Story: High

Ziel
Kontogrenzen und Datenschutzaktionen prüfen

Vorbedingungen
- Die Anwendung ist erreichbar und die erforderlichen Testdaten sind vorbereitet.
- Der Test wird in einer isolierten Umgebung mit nachvollziehbaren Benutzerrollen ausgeführt.

Schritte
1. Fremde Konto-URL beziehungsweise API-ID verwenden.
2. Export oder Löschung anfordern.
3. Bestätigung beziehungsweise Re-Authentifizierung prüfen.
4. Folgezugriff und Audit kontrollieren.

Erwartetes Ergebnis
Fremdzugriff ist unmöglich; Datenschutzaktionen sind vollständig, bestätigt und nachvollziehbar.

Responsive Viewports
- Desktop: 1440 x 900 CSS-Pixel.
- Full HD: 1920 x 1080 CSS-Pixel.
- WQHD: 2560 x 1440 CSS-Pixel.
- Ultrawide: 3440 x 1440 CSS-Pixel.
- 4K: 3840 x 2160 CSS-Pixel.
- Tablet: 768 x 1024 CSS-Pixel.
- Smartphone: 390 x 844 CSS-Pixel.
- Bei UI-Tests jeden definierten Viewport pruefen und je Viewport einen eigenen Screenshot am Testlauf hinterlegen.

Beleg und Nachbereitung
- Fuer jeden einzelnen Testschritt unmittelbar nach der Ausfuehrung einen Screenshot als Anhang am Testlauf hinterlegen.
- Der Screenshot muss die relevante Ausgangslage bzw. Eingabe und das sichtbare Ergebnis des jeweiligen Schrittes nachvollziehbar zeigen.
- Alle Schritte des Tests muessen einen eigenen Nachweis besitzen; bei Eingabeschritten sind Eingabe und anschliessende Reaktion zu dokumentieren.
- PASS nur vergeben, wenn alle Schritte erfolgreich abgeschlossen und fuer alle Schritte Screenshots hinterlegt sind.
- FAIL oder BLOCKED ebenfalls mit Screenshot(s), tatsaechlichem Ergebnis, Datum, Tester und Umgebung dokumentieren; bei FAIL einen Bug mit Reproduktionsschritten und Verweis auf diesen Test anlegen.
- Passwoerter, Tokens, Zahlungsdaten und sonstige Geheimnisse niemals im Klartext speichern; vor dem Anhang maskieren oder schwaerzen."
KAN-712,E5-02 E-Mail-Adresse bestätigen – Konto-Lebenszyklus,"Abgedeckte Story: KAN-59 – E5-02 E-Mail-Adresse bestätigen
Testart: Konto-Lebenszyklus
Priorität der Story: High

Ziel
Konto sicher registrieren und anmelden

Vorbedingungen
- Die Anwendung ist erreichbar und die erforderlichen Testdaten sind vorbereitet.
- Der Test wird in einer isolierten Umgebung mit nachvollziehbaren Benutzerrollen ausgeführt.

Schritte
1. Registrierung mit gültiger Adresse durchführen.
2. Bestätigung abschließen.
3. Anmelden, abmelden und erneut anmelden.
4. Passwortreset durchführen.

Erwartetes Ergebnis
Nur bestätigte und korrekte Zugangsdaten erlauben Zugriff; Tokens und Fehlermeldungen verhalten sich sicher.

Responsive Viewports
- Desktop: 1440 x 900 CSS-Pixel.
- Full HD: 1920 x 1080 CSS-Pixel.
- WQHD: 2560 x 1440 CSS-Pixel.
- Ultrawide: 3440 x 1440 CSS-Pixel.
- 4K: 3840 x 2160 CSS-Pixel.
- Tablet: 768 x 1024 CSS-Pixel.
- Smartphone: 390 x 844 CSS-Pixel.
- Bei UI-Tests jeden definierten Viewport pruefen und je Viewport einen eigenen Screenshot am Testlauf hinterlegen.

Beleg und Nachbereitung
- Fuer jeden einzelnen Testschritt unmittelbar nach der Ausfuehrung einen Screenshot als Anhang am Testlauf hinterlegen.
- Der Screenshot muss die relevante Ausgangslage bzw. Eingabe und das sichtbare Ergebnis des jeweiligen Schrittes nachvollziehbar zeigen.
- Alle Schritte des Tests muessen einen eigenen Nachweis besitzen; bei Eingabeschritten sind Eingabe und anschliessende Reaktion zu dokumentieren.
- PASS nur vergeben, wenn alle Schritte erfolgreich abgeschlossen und fuer alle Schritte Screenshots hinterlegt sind.
- FAIL oder BLOCKED ebenfalls mit Screenshot(s), tatsaechlichem Ergebnis, Datum, Tester und Umgebung dokumentieren; bei FAIL einen Bug mit Reproduktionsschritten und Verweis auf diesen Test anlegen.
- Passwoerter, Tokens, Zahlungsdaten und sonstige Geheimnisse niemals im Klartext speichern; vor dem Anhang maskieren oder schwaerzen."
KAN-713,E5-02 E-Mail-Adresse bestätigen – Eigene Daten und Historie,"Abgedeckte Story: KAN-59 – E5-02 E-Mail-Adresse bestätigen
Testart: Eigene Daten und Historie
Priorität der Story: High

Ziel
Konto- und Bestelldaten verwalten

Vorbedingungen
- Die Anwendung ist erreichbar und die erforderlichen Testdaten sind vorbereitet.
- Der Test wird in einer isolierten Umgebung mit nachvollziehbaren Benutzerrollen ausgeführt.

Schritte
1. Persönliche Daten und Adresse ändern.
2. Bestellung mit Konto durchführen.
3. Historie und Status öffnen.
4. Seite neu laden und erneut prüfen.

Erwartetes Ergebnis
Nur eigene Daten sind sichtbar; Änderungen und Bestellstatus bleiben konsistent.

Responsive Viewports
- Desktop: 1440 x 900 CSS-Pixel.
- Full HD: 1920 x 1080 CSS-Pixel.
- WQHD: 2560 x 1440 CSS-Pixel.
- Ultrawide: 3440 x 1440 CSS-Pixel.
- 4K: 3840 x 2160 CSS-Pixel.
- Tablet: 768 x 1024 CSS-Pixel.
- Smartphone: 390 x 844 CSS-Pixel.
- Bei UI-Tests jeden definierten Viewport pruefen und je Viewport einen eigenen Screenshot am Testlauf hinterlegen.

Beleg und Nachbereitung
- Fuer jeden einzelnen Testschritt unmittelbar nach der Ausfuehrung einen Screenshot als Anhang am Testlauf hinterlegen.
- Der Screenshot muss die relevante Ausgangslage bzw. Eingabe und das sichtbare Ergebnis des jeweiligen Schrittes nachvollziehbar zeigen.
- Alle Schritte des Tests muessen einen eigenen Nachweis besitzen; bei Eingabeschritten sind Eingabe und anschliessende Reaktion zu dokumentieren.
- PASS nur vergeben, wenn alle Schritte erfolgreich abgeschlossen und fuer alle Schritte Screenshots hinterlegt sind.
- FAIL oder BLOCKED ebenfalls mit Screenshot(s), tatsaechlichem Ergebnis, Datum, Tester und Umgebung dokumentieren; bei FAIL einen Bug mit Reproduktionsschritten und Verweis auf diesen Test anlegen.
- Passwoerter, Tokens, Zahlungsdaten und sonstige Geheimnisse niemals im Klartext speichern; vor dem Anhang maskieren oder schwaerzen."
KAN-714,E5-02 E-Mail-Adresse bestätigen – Datenschutz und Berechtigung,"Abgedeckte Story: KAN-59 – E5-02 E-Mail-Adresse bestätigen
Testart: Datenschutz und Berechtigung
Priorität der Story: High

Ziel
Kontogrenzen und Datenschutzaktionen prüfen

Vorbedingungen
- Die Anwendung ist erreichbar und die erforderlichen Testdaten sind vorbereitet.
- Der Test wird in einer isolierten Umgebung mit nachvollziehbaren Benutzerrollen ausgeführt.

Schritte
1. Fremde Konto-URL beziehungsweise API-ID verwenden.
2. Export oder Löschung anfordern.
3. Bestätigung beziehungsweise Re-Authentifizierung prüfen.
4. Folgezugriff und Audit kontrollieren.

Erwartetes Ergebnis
Fremdzugriff ist unmöglich; Datenschutzaktionen sind vollständig, bestätigt und nachvollziehbar.

Responsive Viewports
- Desktop: 1440 x 900 CSS-Pixel.
- Full HD: 1920 x 1080 CSS-Pixel.
- WQHD: 2560 x 1440 CSS-Pixel.
- Ultrawide: 3440 x 1440 CSS-Pixel.
- 4K: 3840 x 2160 CSS-Pixel.
- Tablet: 768 x 1024 CSS-Pixel.
- Smartphone: 390 x 844 CSS-Pixel.
- Bei UI-Tests jeden definierten Viewport pruefen und je Viewport einen eigenen Screenshot am Testlauf hinterlegen.

Beleg und Nachbereitung
- Fuer jeden einzelnen Testschritt unmittelbar nach der Ausfuehrung einen Screenshot als Anhang am Testlauf hinterlegen.
- Der Screenshot muss die relevante Ausgangslage bzw. Eingabe und das sichtbare Ergebnis des jeweiligen Schrittes nachvollziehbar zeigen.
- Alle Schritte des Tests muessen einen eigenen Nachweis besitzen; bei Eingabeschritten sind Eingabe und anschliessende Reaktion zu dokumentieren.
- PASS nur vergeben, wenn alle Schritte erfolgreich abgeschlossen und fuer alle Schritte Screenshots hinterlegt sind.
- FAIL oder BLOCKED ebenfalls mit Screenshot(s), tatsaechlichem Ergebnis, Datum, Tester und Umgebung dokumentieren; bei FAIL einen Bug mit Reproduktionsschritten und Verweis auf diesen Test anlegen.
- Passwoerter, Tokens, Zahlungsdaten und sonstige Geheimnisse niemals im Klartext speichern; vor dem Anhang maskieren oder schwaerzen."
KAN-715,E5-03 Ein- und ausloggen – Konto-Lebenszyklus,"Abgedeckte Story: KAN-60 – E5-03 Ein- und ausloggen
Testart: Konto-Lebenszyklus
Priorität der Story: High

Ziel
Konto sicher registrieren und anmelden

Vorbedingungen
- Die Anwendung ist erreichbar und die erforderlichen Testdaten sind vorbereitet.
- Der Test wird in einer isolierten Umgebung mit nachvollziehbaren Benutzerrollen ausgeführt.

Schritte
1. Registrierung mit gültiger Adresse durchführen.
2. Bestätigung abschließen.
3. Anmelden, abmelden und erneut anmelden.
4. Passwortreset durchführen.

Erwartetes Ergebnis
Nur bestätigte und korrekte Zugangsdaten erlauben Zugriff; Tokens und Fehlermeldungen verhalten sich sicher.

Responsive Viewports
- Desktop: 1440 x 900 CSS-Pixel.
- Full HD: 1920 x 1080 CSS-Pixel.
- WQHD: 2560 x 1440 CSS-Pixel.
- Ultrawide: 3440 x 1440 CSS-Pixel.
- 4K: 3840 x 2160 CSS-Pixel.
- Tablet: 768 x 1024 CSS-Pixel.
- Smartphone: 390 x 844 CSS-Pixel.
- Bei UI-Tests jeden definierten Viewport pruefen und je Viewport einen eigenen Screenshot am Testlauf hinterlegen.

Beleg und Nachbereitung
- Fuer jeden einzelnen Testschritt unmittelbar nach der Ausfuehrung einen Screenshot als Anhang am Testlauf hinterlegen.
- Der Screenshot muss die relevante Ausgangslage bzw. Eingabe und das sichtbare Ergebnis des jeweiligen Schrittes nachvollziehbar zeigen.
- Alle Schritte des Tests muessen einen eigenen Nachweis besitzen; bei Eingabeschritten sind Eingabe und anschliessende Reaktion zu dokumentieren.
- PASS nur vergeben, wenn alle Schritte erfolgreich abgeschlossen und fuer alle Schritte Screenshots hinterlegt sind.
- FAIL oder BLOCKED ebenfalls mit Screenshot(s), tatsaechlichem Ergebnis, Datum, Tester und Umgebung dokumentieren; bei FAIL einen Bug mit Reproduktionsschritten und Verweis auf diesen Test anlegen.
- Passwoerter, Tokens, Zahlungsdaten und sonstige Geheimnisse niemals im Klartext speichern; vor dem Anhang maskieren oder schwaerzen."
KAN-716,E5-03 Ein- und ausloggen – Eigene Daten und Historie,"Abgedeckte Story: KAN-60 – E5-03 Ein- und ausloggen
Testart: Eigene Daten und Historie
Priorität der Story: High

Ziel
Konto- und Bestelldaten verwalten

Vorbedingungen
- Die Anwendung ist erreichbar und die erforderlichen Testdaten sind vorbereitet.
- Der Test wird in einer isolierten Umgebung mit nachvollziehbaren Benutzerrollen ausgeführt.

Schritte
1. Persönliche Daten und Adresse ändern.
2. Bestellung mit Konto durchführen.
3. Historie und Status öffnen.
4. Seite neu laden und erneut prüfen.

Erwartetes Ergebnis
Nur eigene Daten sind sichtbar; Änderungen und Bestellstatus bleiben konsistent.

Responsive Viewports
- Desktop: 1440 x 900 CSS-Pixel.
- Full HD: 1920 x 1080 CSS-Pixel.
- WQHD: 2560 x 1440 CSS-Pixel.
- Ultrawide: 3440 x 1440 CSS-Pixel.
- 4K: 3840 x 2160 CSS-Pixel.
- Tablet: 768 x 1024 CSS-Pixel.
- Smartphone: 390 x 844 CSS-Pixel.
- Bei UI-Tests jeden definierten Viewport pruefen und je Viewport einen eigenen Screenshot am Testlauf hinterlegen.

Beleg und Nachbereitung
- Fuer jeden einzelnen Testschritt unmittelbar nach der Ausfuehrung einen Screenshot als Anhang am Testlauf hinterlegen.
- Der Screenshot muss die relevante Ausgangslage bzw. Eingabe und das sichtbare Ergebnis des jeweiligen Schrittes nachvollziehbar zeigen.
- Alle Schritte des Tests muessen einen eigenen Nachweis besitzen; bei Eingabeschritten sind Eingabe und anschliessende Reaktion zu dokumentieren.
- PASS nur vergeben, wenn alle Schritte erfolgreich abgeschlossen und fuer alle Schritte Screenshots hinterlegt sind.
- FAIL oder BLOCKED ebenfalls mit Screenshot(s), tatsaechlichem Ergebnis, Datum, Tester und Umgebung dokumentieren; bei FAIL einen Bug mit Reproduktionsschritten und Verweis auf diesen Test anlegen.
- Passwoerter, Tokens, Zahlungsdaten und sonstige Geheimnisse niemals im Klartext speichern; vor dem Anhang maskieren oder schwaerzen."
KAN-717,E5-03 Ein- und ausloggen – Datenschutz und Berechtigung,"Abgedeckte Story: KAN-60 – E5-03 Ein- und ausloggen
Testart: Datenschutz und Berechtigung
Priorität der Story: High

Ziel
Kontogrenzen und Datenschutzaktionen prüfen

Vorbedingungen
- Die Anwendung ist erreichbar und die erforderlichen Testdaten sind vorbereitet.
- Der Test wird in einer isolierten Umgebung mit nachvollziehbaren Benutzerrollen ausgeführt.

Schritte
1. Fremde Konto-URL beziehungsweise API-ID verwenden.
2. Export oder Löschung anfordern.
3. Bestätigung beziehungsweise Re-Authentifizierung prüfen.
4. Folgezugriff und Audit kontrollieren.

Erwartetes Ergebnis
Fremdzugriff ist unmöglich; Datenschutzaktionen sind vollständig, bestätigt und nachvollziehbar.

Responsive Viewports
- Desktop: 1440 x 900 CSS-Pixel.
- Full HD: 1920 x 1080 CSS-Pixel.
- WQHD: 2560 x 1440 CSS-Pixel.
- Ultrawide: 3440 x 1440 CSS-Pixel.
- 4K: 3840 x 2160 CSS-Pixel.
- Tablet: 768 x 1024 CSS-Pixel.
- Smartphone: 390 x 844 CSS-Pixel.
- Bei UI-Tests jeden definierten Viewport pruefen und je Viewport einen eigenen Screenshot am Testlauf hinterlegen.

Beleg und Nachbereitung
- Fuer jeden einzelnen Testschritt unmittelbar nach der Ausfuehrung einen Screenshot als Anhang am Testlauf hinterlegen.
- Der Screenshot muss die relevante Ausgangslage bzw. Eingabe und das sichtbare Ergebnis des jeweiligen Schrittes nachvollziehbar zeigen.
- Alle Schritte des Tests muessen einen eigenen Nachweis besitzen; bei Eingabeschritten sind Eingabe und anschliessende Reaktion zu dokumentieren.
- PASS nur vergeben, wenn alle Schritte erfolgreich abgeschlossen und fuer alle Schritte Screenshots hinterlegt sind.
- FAIL oder BLOCKED ebenfalls mit Screenshot(s), tatsaechlichem Ergebnis, Datum, Tester und Umgebung dokumentieren; bei FAIL einen Bug mit Reproduktionsschritten und Verweis auf diesen Test anlegen.
- Passwoerter, Tokens, Zahlungsdaten und sonstige Geheimnisse niemals im Klartext speichern; vor dem Anhang maskieren oder schwaerzen."
KAN-718,E5-04 Passwort zurücksetzen – Konto-Lebenszyklus,"Abgedeckte Story: KAN-61 – E5-04 Passwort zurücksetzen
Testart: Konto-Lebenszyklus
Priorität der Story: High

Ziel
Konto sicher registrieren und anmelden

Vorbedingungen
- Die Anwendung ist erreichbar und die erforderlichen Testdaten sind vorbereitet.
- Der Test wird in einer isolierten Umgebung mit nachvollziehbaren Benutzerrollen ausgeführt.

Schritte
1. Registrierung mit gültiger Adresse durchführen.
2. Bestätigung abschließen.
3. Anmelden, abmelden und erneut anmelden.
4. Passwortreset durchführen.

Erwartetes Ergebnis
Nur bestätigte und korrekte Zugangsdaten erlauben Zugriff; Tokens und Fehlermeldungen verhalten sich sicher.

Responsive Viewports
- Desktop: 1440 x 900 CSS-Pixel.
- Full HD: 1920 x 1080 CSS-Pixel.
- WQHD: 2560 x 1440 CSS-Pixel.
- Ultrawide: 3440 x 1440 CSS-Pixel.
- 4K: 3840 x 2160 CSS-Pixel.
- Tablet: 768 x 1024 CSS-Pixel.
- Smartphone: 390 x 844 CSS-Pixel.
- Bei UI-Tests jeden definierten Viewport pruefen und je Viewport einen eigenen Screenshot am Testlauf hinterlegen.

Beleg und Nachbereitung
- Fuer jeden einzelnen Testschritt unmittelbar nach der Ausfuehrung einen Screenshot als Anhang am Testlauf hinterlegen.
- Der Screenshot muss die relevante Ausgangslage bzw. Eingabe und das sichtbare Ergebnis des jeweiligen Schrittes nachvollziehbar zeigen.
- Alle Schritte des Tests muessen einen eigenen Nachweis besitzen; bei Eingabeschritten sind Eingabe und anschliessende Reaktion zu dokumentieren.
- PASS nur vergeben, wenn alle Schritte erfolgreich abgeschlossen und fuer alle Schritte Screenshots hinterlegt sind.
- FAIL oder BLOCKED ebenfalls mit Screenshot(s), tatsaechlichem Ergebnis, Datum, Tester und Umgebung dokumentieren; bei FAIL einen Bug mit Reproduktionsschritten und Verweis auf diesen Test anlegen.
- Passwoerter, Tokens, Zahlungsdaten und sonstige Geheimnisse niemals im Klartext speichern; vor dem Anhang maskieren oder schwaerzen."
KAN-719,E5-04 Passwort zurücksetzen – Eigene Daten und Historie,"Abgedeckte Story: KAN-61 – E5-04 Passwort zurücksetzen
Testart: Eigene Daten und Historie
Priorität der Story: High

Ziel
Konto- und Bestelldaten verwalten

Vorbedingungen
- Die Anwendung ist erreichbar und die erforderlichen Testdaten sind vorbereitet.
- Der Test wird in einer isolierten Umgebung mit nachvollziehbaren Benutzerrollen ausgeführt.

Schritte
1. Persönliche Daten und Adresse ändern.
2. Bestellung mit Konto durchführen.
3. Historie und Status öffnen.
4. Seite neu laden und erneut prüfen.

Erwartetes Ergebnis
Nur eigene Daten sind sichtbar; Änderungen und Bestellstatus bleiben konsistent.

Responsive Viewports
- Desktop: 1440 x 900 CSS-Pixel.
- Full HD: 1920 x 1080 CSS-Pixel.
- WQHD: 2560 x 1440 CSS-Pixel.
- Ultrawide: 3440 x 1440 CSS-Pixel.
- 4K: 3840 x 2160 CSS-Pixel.
- Tablet: 768 x 1024 CSS-Pixel.
- Smartphone: 390 x 844 CSS-Pixel.
- Bei UI-Tests jeden definierten Viewport pruefen und je Viewport einen eigenen Screenshot am Testlauf hinterlegen.

Beleg und Nachbereitung
- Fuer jeden einzelnen Testschritt unmittelbar nach der Ausfuehrung einen Screenshot als Anhang am Testlauf hinterlegen.
- Der Screenshot muss die relevante Ausgangslage bzw. Eingabe und das sichtbare Ergebnis des jeweiligen Schrittes nachvollziehbar zeigen.
- Alle Schritte des Tests muessen einen eigenen Nachweis besitzen; bei Eingabeschritten sind Eingabe und anschliessende Reaktion zu dokumentieren.
- PASS nur vergeben, wenn alle Schritte erfolgreich abgeschlossen und fuer alle Schritte Screenshots hinterlegt sind.
- FAIL oder BLOCKED ebenfalls mit Screenshot(s), tatsaechlichem Ergebnis, Datum, Tester und Umgebung dokumentieren; bei FAIL einen Bug mit Reproduktionsschritten und Verweis auf diesen Test anlegen.
- Passwoerter, Tokens, Zahlungsdaten und sonstige Geheimnisse niemals im Klartext speichern; vor dem Anhang maskieren oder schwaerzen."
KAN-720,E5-04 Passwort zurücksetzen – Datenschutz und Berechtigung,"Abgedeckte Story: KAN-61 – E5-04 Passwort zurücksetzen
Testart: Datenschutz und Berechtigung
Priorität der Story: High

Ziel
Kontogrenzen und Datenschutzaktionen prüfen

Vorbedingungen
- Die Anwendung ist erreichbar und die erforderlichen Testdaten sind vorbereitet.
- Der Test wird in einer isolierten Umgebung mit nachvollziehbaren Benutzerrollen ausgeführt.

Schritte
1. Fremde Konto-URL beziehungsweise API-ID verwenden.
2. Export oder Löschung anfordern.
3. Bestätigung beziehungsweise Re-Authentifizierung prüfen.
4. Folgezugriff und Audit kontrollieren.

Erwartetes Ergebnis
Fremdzugriff ist unmöglich; Datenschutzaktionen sind vollständig, bestätigt und nachvollziehbar.

Responsive Viewports
- Desktop: 1440 x 900 CSS-Pixel.
- Full HD: 1920 x 1080 CSS-Pixel.
- WQHD: 2560 x 1440 CSS-Pixel.
- Ultrawide: 3440 x 1440 CSS-Pixel.
- 4K: 3840 x 2160 CSS-Pixel.
- Tablet: 768 x 1024 CSS-Pixel.
- Smartphone: 390 x 844 CSS-Pixel.
- Bei UI-Tests jeden definierten Viewport pruefen und je Viewport einen eigenen Screenshot am Testlauf hinterlegen.

Beleg und Nachbereitung
- Fuer jeden einzelnen Testschritt unmittelbar nach der Ausfuehrung einen Screenshot als Anhang am Testlauf hinterlegen.
- Der Screenshot muss die relevante Ausgangslage bzw. Eingabe und das sichtbare Ergebnis des jeweiligen Schrittes nachvollziehbar zeigen.
- Alle Schritte des Tests muessen einen eigenen Nachweis besitzen; bei Eingabeschritten sind Eingabe und anschliessende Reaktion zu dokumentieren.
- PASS nur vergeben, wenn alle Schritte erfolgreich abgeschlossen und fuer alle Schritte Screenshots hinterlegt sind.
- FAIL oder BLOCKED ebenfalls mit Screenshot(s), tatsaechlichem Ergebnis, Datum, Tester und Umgebung dokumentieren; bei FAIL einen Bug mit Reproduktionsschritten und Verweis auf diesen Test anlegen.
- Passwoerter, Tokens, Zahlungsdaten und sonstige Geheimnisse niemals im Klartext speichern; vor dem Anhang maskieren oder schwaerzen."
KAN-721,E5-05 Persönliche Daten bearbeiten – Konto-Lebenszyklus,"Abgedeckte Story: KAN-62 – E5-05 Persönliche Daten bearbeiten
Testart: Konto-Lebenszyklus
Priorität der Story: High

Ziel
Konto sicher registrieren und anmelden

Vorbedingungen
- Die Anwendung ist erreichbar und die erforderlichen Testdaten sind vorbereitet.
- Der Test wird in einer isolierten Umgebung mit nachvollziehbaren Benutzerrollen ausgeführt.

Schritte
1. Registrierung mit gültiger Adresse durchführen.
2. Bestätigung abschließen.
3. Anmelden, abmelden und erneut anmelden.
4. Passwortreset durchführen.

Erwartetes Ergebnis
Nur bestätigte und korrekte Zugangsdaten erlauben Zugriff; Tokens und Fehlermeldungen verhalten sich sicher.

Responsive Viewports
- Desktop: 1440 x 900 CSS-Pixel.
- Full HD: 1920 x 1080 CSS-Pixel.
- WQHD: 2560 x 1440 CSS-Pixel.
- Ultrawide: 3440 x 1440 CSS-Pixel.
- 4K: 3840 x 2160 CSS-Pixel.
- Tablet: 768 x 1024 CSS-Pixel.
- Smartphone: 390 x 844 CSS-Pixel.
- Bei UI-Tests jeden definierten Viewport pruefen und je Viewport einen eigenen Screenshot am Testlauf hinterlegen.

Beleg und Nachbereitung
- Fuer jeden einzelnen Testschritt unmittelbar nach der Ausfuehrung einen Screenshot als Anhang am Testlauf hinterlegen.
- Der Screenshot muss die relevante Ausgangslage bzw. Eingabe und das sichtbare Ergebnis des jeweiligen Schrittes nachvollziehbar zeigen.
- Alle Schritte des Tests muessen einen eigenen Nachweis besitzen; bei Eingabeschritten sind Eingabe und anschliessende Reaktion zu dokumentieren.
- PASS nur vergeben, wenn alle Schritte erfolgreich abgeschlossen und fuer alle Schritte Screenshots hinterlegt sind.
- FAIL oder BLOCKED ebenfalls mit Screenshot(s), tatsaechlichem Ergebnis, Datum, Tester und Umgebung dokumentieren; bei FAIL einen Bug mit Reproduktionsschritten und Verweis auf diesen Test anlegen.
- Passwoerter, Tokens, Zahlungsdaten und sonstige Geheimnisse niemals im Klartext speichern; vor dem Anhang maskieren oder schwaerzen."
KAN-722,E5-05 Persönliche Daten bearbeiten – Eigene Daten und Historie,"Abgedeckte Story: KAN-62 – E5-05 Persönliche Daten bearbeiten
Testart: Eigene Daten und Historie
Priorität der Story: High

Ziel
Konto- und Bestelldaten verwalten

Vorbedingungen
- Die Anwendung ist erreichbar und die erforderlichen Testdaten sind vorbereitet.
- Der Test wird in einer isolierten Umgebung mit nachvollziehbaren Benutzerrollen ausgeführt.

Schritte
1. Persönliche Daten und Adresse ändern.
2. Bestellung mit Konto durchführen.
3. Historie und Status öffnen.
4. Seite neu laden und erneut prüfen.

Erwartetes Ergebnis
Nur eigene Daten sind sichtbar; Änderungen und Bestellstatus bleiben konsistent.

Responsive Viewports
- Desktop: 1440 x 900 CSS-Pixel.
- Full HD: 1920 x 1080 CSS-Pixel.
- WQHD: 2560 x 1440 CSS-Pixel.
- Ultrawide: 3440 x 1440 CSS-Pixel.
- 4K: 3840 x 2160 CSS-Pixel.
- Tablet: 768 x 1024 CSS-Pixel.
- Smartphone: 390 x 844 CSS-Pixel.
- Bei UI-Tests jeden definierten Viewport pruefen und je Viewport einen eigenen Screenshot am Testlauf hinterlegen.

Beleg und Nachbereitung
- Fuer jeden einzelnen Testschritt unmittelbar nach der Ausfuehrung einen Screenshot als Anhang am Testlauf hinterlegen.
- Der Screenshot muss die relevante Ausgangslage bzw. Eingabe und das sichtbare Ergebnis des jeweiligen Schrittes nachvollziehbar zeigen.
- Alle Schritte des Tests muessen einen eigenen Nachweis besitzen; bei Eingabeschritten sind Eingabe und anschliessende Reaktion zu dokumentieren.
- PASS nur vergeben, wenn alle Schritte erfolgreich abgeschlossen und fuer alle Schritte Screenshots hinterlegt sind.
- FAIL oder BLOCKED ebenfalls mit Screenshot(s), tatsaechlichem Ergebnis, Datum, Tester und Umgebung dokumentieren; bei FAIL einen Bug mit Reproduktionsschritten und Verweis auf diesen Test anlegen.
- Passwoerter, Tokens, Zahlungsdaten und sonstige Geheimnisse niemals im Klartext speichern; vor dem Anhang maskieren oder schwaerzen."
KAN-723,E5-05 Persönliche Daten bearbeiten – Datenschutz und Berechtigung,"Abgedeckte Story: KAN-62 – E5-05 Persönliche Daten bearbeiten
Testart: Datenschutz und Berechtigung
Priorität der Story: High

Ziel
Kontogrenzen und Datenschutzaktionen prüfen

Vorbedingungen
- Die Anwendung ist erreichbar und die erforderlichen Testdaten sind vorbereitet.
- Der Test wird in einer isolierten Umgebung mit nachvollziehbaren Benutzerrollen ausgeführt.

Schritte
1. Fremde Konto-URL beziehungsweise API-ID verwenden.
2. Export oder Löschung anfordern.
3. Bestätigung beziehungsweise Re-Authentifizierung prüfen.
4. Folgezugriff und Audit kontrollieren.

Erwartetes Ergebnis
Fremdzugriff ist unmöglich; Datenschutzaktionen sind vollständig, bestätigt und nachvollziehbar.

Responsive Viewports
- Desktop: 1440 x 900 CSS-Pixel.
- Full HD: 1920 x 1080 CSS-Pixel.
- WQHD: 2560 x 1440 CSS-Pixel.
- Ultrawide: 3440 x 1440 CSS-Pixel.
- 4K: 3840 x 2160 CSS-Pixel.
- Tablet: 768 x 1024 CSS-Pixel.
- Smartphone: 390 x 844 CSS-Pixel.
- Bei UI-Tests jeden definierten Viewport pruefen und je Viewport einen eigenen Screenshot am Testlauf hinterlegen.

Beleg und Nachbereitung
- Fuer jeden einzelnen Testschritt unmittelbar nach der Ausfuehrung einen Screenshot als Anhang am Testlauf hinterlegen.
- Der Screenshot muss die relevante Ausgangslage bzw. Eingabe und das sichtbare Ergebnis des jeweiligen Schrittes nachvollziehbar zeigen.
- Alle Schritte des Tests muessen einen eigenen Nachweis besitzen; bei Eingabeschritten sind Eingabe und anschliessende Reaktion zu dokumentieren.
- PASS nur vergeben, wenn alle Schritte erfolgreich abgeschlossen und fuer alle Schritte Screenshots hinterlegt sind.
- FAIL oder BLOCKED ebenfalls mit Screenshot(s), tatsaechlichem Ergebnis, Datum, Tester und Umgebung dokumentieren; bei FAIL einen Bug mit Reproduktionsschritten und Verweis auf diesen Test anlegen.
- Passwoerter, Tokens, Zahlungsdaten und sonstige Geheimnisse niemals im Klartext speichern; vor dem Anhang maskieren oder schwaerzen."
KAN-724,E5-06 Lieferadressen verwalten – Konto-Lebenszyklus,"Abgedeckte Story: KAN-63 – E5-06 Lieferadressen verwalten
Testart: Konto-Lebenszyklus
Priorität der Story: High

Ziel
Konto sicher registrieren und anmelden

Vorbedingungen
- Die Anwendung ist erreichbar und die erforderlichen Testdaten sind vorbereitet.
- Der Test wird in einer isolierten Umgebung mit nachvollziehbaren Benutzerrollen ausgeführt.

Schritte
1. Registrierung mit gültiger Adresse durchführen.
2. Bestätigung abschließen.
3. Anmelden, abmelden und erneut anmelden.
4. Passwortreset durchführen.

Erwartetes Ergebnis
Nur bestätigte und korrekte Zugangsdaten erlauben Zugriff; Tokens und Fehlermeldungen verhalten sich sicher.

Responsive Viewports
- Desktop: 1440 x 900 CSS-Pixel.
- Full HD: 1920 x 1080 CSS-Pixel.
- WQHD: 2560 x 1440 CSS-Pixel.
- Ultrawide: 3440 x 1440 CSS-Pixel.
- 4K: 3840 x 2160 CSS-Pixel.
- Tablet: 768 x 1024 CSS-Pixel.
- Smartphone: 390 x 844 CSS-Pixel.
- Bei UI-Tests jeden definierten Viewport pruefen und je Viewport einen eigenen Screenshot am Testlauf hinterlegen.

Beleg und Nachbereitung
- Fuer jeden einzelnen Testschritt unmittelbar nach der Ausfuehrung einen Screenshot als Anhang am Testlauf hinterlegen.
- Der Screenshot muss die relevante Ausgangslage bzw. Eingabe und das sichtbare Ergebnis des jeweiligen Schrittes nachvollziehbar zeigen.
- Alle Schritte des Tests muessen einen eigenen Nachweis besitzen; bei Eingabeschritten sind Eingabe und anschliessende Reaktion zu dokumentieren.
- PASS nur vergeben, wenn alle Schritte erfolgreich abgeschlossen und fuer alle Schritte Screenshots hinterlegt sind.
- FAIL oder BLOCKED ebenfalls mit Screenshot(s), tatsaechlichem Ergebnis, Datum, Tester und Umgebung dokumentieren; bei FAIL einen Bug mit Reproduktionsschritten und Verweis auf diesen Test anlegen.
- Passwoerter, Tokens, Zahlungsdaten und sonstige Geheimnisse niemals im Klartext speichern; vor dem Anhang maskieren oder schwaerzen."
KAN-725,E5-06 Lieferadressen verwalten – Eigene Daten und Historie,"Abgedeckte Story: KAN-63 – E5-06 Lieferadressen verwalten
Testart: Eigene Daten und Historie
Priorität der Story: High

Ziel
Konto- und Bestelldaten verwalten

Vorbedingungen
- Die Anwendung ist erreichbar und die erforderlichen Testdaten sind vorbereitet.
- Der Test wird in einer isolierten Umgebung mit nachvollziehbaren Benutzerrollen ausgeführt.

Schritte
1. Persönliche Daten und Adresse ändern.
2. Bestellung mit Konto durchführen.
3. Historie und Status öffnen.
4. Seite neu laden und erneut prüfen.

Erwartetes Ergebnis
Nur eigene Daten sind sichtbar; Änderungen und Bestellstatus bleiben konsistent.

Responsive Viewports
- Desktop: 1440 x 900 CSS-Pixel.
- Full HD: 1920 x 1080 CSS-Pixel.
- WQHD: 2560 x 1440 CSS-Pixel.
- Ultrawide: 3440 x 1440 CSS-Pixel.
- 4K: 3840 x 2160 CSS-Pixel.
- Tablet: 768 x 1024 CSS-Pixel.
- Smartphone: 390 x 844 CSS-Pixel.
- Bei UI-Tests jeden definierten Viewport pruefen und je Viewport einen eigenen Screenshot am Testlauf hinterlegen.

Beleg und Nachbereitung
- Fuer jeden einzelnen Testschritt unmittelbar nach der Ausfuehrung einen Screenshot als Anhang am Testlauf hinterlegen.
- Der Screenshot muss die relevante Ausgangslage bzw. Eingabe und das sichtbare Ergebnis des jeweiligen Schrittes nachvollziehbar zeigen.
- Alle Schritte des Tests muessen einen eigenen Nachweis besitzen; bei Eingabeschritten sind Eingabe und anschliessende Reaktion zu dokumentieren.
- PASS nur vergeben, wenn alle Schritte erfolgreich abgeschlossen und fuer alle Schritte Screenshots hinterlegt sind.
- FAIL oder BLOCKED ebenfalls mit Screenshot(s), tatsaechlichem Ergebnis, Datum, Tester und Umgebung dokumentieren; bei FAIL einen Bug mit Reproduktionsschritten und Verweis auf diesen Test anlegen.
- Passwoerter, Tokens, Zahlungsdaten und sonstige Geheimnisse niemals im Klartext speichern; vor dem Anhang maskieren oder schwaerzen."
KAN-726,E5-06 Lieferadressen verwalten – Datenschutz und Berechtigung,"Abgedeckte Story: KAN-63 – E5-06 Lieferadressen verwalten
Testart: Datenschutz und Berechtigung
Priorität der Story: High

Ziel
Kontogrenzen und Datenschutzaktionen prüfen

Vorbedingungen
- Die Anwendung ist erreichbar und die erforderlichen Testdaten sind vorbereitet.
- Der Test wird in einer isolierten Umgebung mit nachvollziehbaren Benutzerrollen ausgeführt.

Schritte
1. Fremde Konto-URL beziehungsweise API-ID verwenden.
2. Export oder Löschung anfordern.
3. Bestätigung beziehungsweise Re-Authentifizierung prüfen.
4. Folgezugriff und Audit kontrollieren.

Erwartetes Ergebnis
Fremdzugriff ist unmöglich; Datenschutzaktionen sind vollständig, bestätigt und nachvollziehbar.

Responsive Viewports
- Desktop: 1440 x 900 CSS-Pixel.
- Full HD: 1920 x 1080 CSS-Pixel.
- WQHD: 2560 x 1440 CSS-Pixel.
- Ultrawide: 3440 x 1440 CSS-Pixel.
- 4K: 3840 x 2160 CSS-Pixel.
- Tablet: 768 x 1024 CSS-Pixel.
- Smartphone: 390 x 844 CSS-Pixel.
- Bei UI-Tests jeden definierten Viewport pruefen und je Viewport einen eigenen Screenshot am Testlauf hinterlegen.

Beleg und Nachbereitung
- Fuer jeden einzelnen Testschritt unmittelbar nach der Ausfuehrung einen Screenshot als Anhang am Testlauf hinterlegen.
- Der Screenshot muss die relevante Ausgangslage bzw. Eingabe und das sichtbare Ergebnis des jeweiligen Schrittes nachvollziehbar zeigen.
- Alle Schritte des Tests muessen einen eigenen Nachweis besitzen; bei Eingabeschritten sind Eingabe und anschliessende Reaktion zu dokumentieren.
- PASS nur vergeben, wenn alle Schritte erfolgreich abgeschlossen und fuer alle Schritte Screenshots hinterlegt sind.
- FAIL oder BLOCKED ebenfalls mit Screenshot(s), tatsaechlichem Ergebnis, Datum, Tester und Umgebung dokumentieren; bei FAIL einen Bug mit Reproduktionsschritten und Verweis auf diesen Test anlegen.
- Passwoerter, Tokens, Zahlungsdaten und sonstige Geheimnisse niemals im Klartext speichern; vor dem Anhang maskieren oder schwaerzen."
KAN-727,E5-07 Bestellhistorie einsehen – Konto-Lebenszyklus,"Abgedeckte Story: KAN-64 – E5-07 Bestellhistorie einsehen
Testart: Konto-Lebenszyklus
Priorität der Story: High

Ziel
Konto sicher registrieren und anmelden

Vorbedingungen
- Die Anwendung ist erreichbar und die erforderlichen Testdaten sind vorbereitet.
- Der Test wird in einer isolierten Umgebung mit nachvollziehbaren Benutzerrollen ausgeführt.

Schritte
1. Registrierung mit gültiger Adresse durchführen.
2. Bestätigung abschließen.
3. Anmelden, abmelden und erneut anmelden.
4. Passwortreset durchführen.

Erwartetes Ergebnis
Nur bestätigte und korrekte Zugangsdaten erlauben Zugriff; Tokens und Fehlermeldungen verhalten sich sicher.

Responsive Viewports
- Desktop: 1440 x 900 CSS-Pixel.
- Full HD: 1920 x 1080 CSS-Pixel.
- WQHD: 2560 x 1440 CSS-Pixel.
- Ultrawide: 3440 x 1440 CSS-Pixel.
- 4K: 3840 x 2160 CSS-Pixel.
- Tablet: 768 x 1024 CSS-Pixel.
- Smartphone: 390 x 844 CSS-Pixel.
- Bei UI-Tests jeden definierten Viewport pruefen und je Viewport einen eigenen Screenshot am Testlauf hinterlegen.

Beleg und Nachbereitung
- Fuer jeden einzelnen Testschritt unmittelbar nach der Ausfuehrung einen Screenshot als Anhang am Testlauf hinterlegen.
- Der Screenshot muss die relevante Ausgangslage bzw. Eingabe und das sichtbare Ergebnis des jeweiligen Schrittes nachvollziehbar zeigen.
- Alle Schritte des Tests muessen einen eigenen Nachweis besitzen; bei Eingabeschritten sind Eingabe und anschliessende Reaktion zu dokumentieren.
- PASS nur vergeben, wenn alle Schritte erfolgreich abgeschlossen und fuer alle Schritte Screenshots hinterlegt sind.
- FAIL oder BLOCKED ebenfalls mit Screenshot(s), tatsaechlichem Ergebnis, Datum, Tester und Umgebung dokumentieren; bei FAIL einen Bug mit Reproduktionsschritten und Verweis auf diesen Test anlegen.
- Passwoerter, Tokens, Zahlungsdaten und sonstige Geheimnisse niemals im Klartext speichern; vor dem Anhang maskieren oder schwaerzen."
KAN-728,E5-07 Bestellhistorie einsehen – Eigene Daten und Historie,"Abgedeckte Story: KAN-64 – E5-07 Bestellhistorie einsehen
Testart: Eigene Daten und Historie
Priorität der Story: High

Ziel
Konto- und Bestelldaten verwalten

Vorbedingungen
- Die Anwendung ist erreichbar und die erforderlichen Testdaten sind vorbereitet.
- Der Test wird in einer isolierten Umgebung mit nachvollziehbaren Benutzerrollen ausgeführt.

Schritte
1. Persönliche Daten und Adresse ändern.
2. Bestellung mit Konto durchführen.
3. Historie und Status öffnen.
4. Seite neu laden und erneut prüfen.

Erwartetes Ergebnis
Nur eigene Daten sind sichtbar; Änderungen und Bestellstatus bleiben konsistent.

Responsive Viewports
- Desktop: 1440 x 900 CSS-Pixel.
- Full HD: 1920 x 1080 CSS-Pixel.
- WQHD: 2560 x 1440 CSS-Pixel.
- Ultrawide: 3440 x 1440 CSS-Pixel.
- 4K: 3840 x 2160 CSS-Pixel.
- Tablet: 768 x 1024 CSS-Pixel.
- Smartphone: 390 x 844 CSS-Pixel.
- Bei UI-Tests jeden definierten Viewport pruefen und je Viewport einen eigenen Screenshot am Testlauf hinterlegen.

Beleg und Nachbereitung
- Fuer jeden einzelnen Testschritt unmittelbar nach der Ausfuehrung einen Screenshot als Anhang am Testlauf hinterlegen.
- Der Screenshot muss die relevante Ausgangslage bzw. Eingabe und das sichtbare Ergebnis des jeweiligen Schrittes nachvollziehbar zeigen.
- Alle Schritte des Tests muessen einen eigenen Nachweis besitzen; bei Eingabeschritten sind Eingabe und anschliessende Reaktion zu dokumentieren.
- PASS nur vergeben, wenn alle Schritte erfolgreich abgeschlossen und fuer alle Schritte Screenshots hinterlegt sind.
- FAIL oder BLOCKED ebenfalls mit Screenshot(s), tatsaechlichem Ergebnis, Datum, Tester und Umgebung dokumentieren; bei FAIL einen Bug mit Reproduktionsschritten und Verweis auf diesen Test anlegen.
- Passwoerter, Tokens, Zahlungsdaten und sonstige Geheimnisse niemals im Klartext speichern; vor dem Anhang maskieren oder schwaerzen."
KAN-729,E5-07 Bestellhistorie einsehen – Datenschutz und Berechtigung,"Abgedeckte Story: KAN-64 – E5-07 Bestellhistorie einsehen
Testart: Datenschutz und Berechtigung
Priorität der Story: High

Ziel
Kontogrenzen und Datenschutzaktionen prüfen

Vorbedingungen
- Die Anwendung ist erreichbar und die erforderlichen Testdaten sind vorbereitet.
- Der Test wird in einer isolierten Umgebung mit nachvollziehbaren Benutzerrollen ausgeführt.

Schritte
1. Fremde Konto-URL beziehungsweise API-ID verwenden.
2. Export oder Löschung anfordern.
3. Bestätigung beziehungsweise Re-Authentifizierung prüfen.
4. Folgezugriff und Audit kontrollieren.

Erwartetes Ergebnis
Fremdzugriff ist unmöglich; Datenschutzaktionen sind vollständig, bestätigt und nachvollziehbar.

Responsive Viewports
- Desktop: 1440 x 900 CSS-Pixel.
- Full HD: 1920 x 1080 CSS-Pixel.
- WQHD: 2560 x 1440 CSS-Pixel.
- Ultrawide: 3440 x 1440 CSS-Pixel.
- 4K: 3840 x 2160 CSS-Pixel.
- Tablet: 768 x 1024 CSS-Pixel.
- Smartphone: 390 x 844 CSS-Pixel.
- Bei UI-Tests jeden definierten Viewport pruefen und je Viewport einen eigenen Screenshot am Testlauf hinterlegen.

Beleg und Nachbereitung
- Fuer jeden einzelnen Testschritt unmittelbar nach der Ausfuehrung einen Screenshot als Anhang am Testlauf hinterlegen.
- Der Screenshot muss die relevante Ausgangslage bzw. Eingabe und das sichtbare Ergebnis des jeweiligen Schrittes nachvollziehbar zeigen.
- Alle Schritte des Tests muessen einen eigenen Nachweis besitzen; bei Eingabeschritten sind Eingabe und anschliessende Reaktion zu dokumentieren.
- PASS nur vergeben, wenn alle Schritte erfolgreich abgeschlossen und fuer alle Schritte Screenshots hinterlegt sind.
- FAIL oder BLOCKED ebenfalls mit Screenshot(s), tatsaechlichem Ergebnis, Datum, Tester und Umgebung dokumentieren; bei FAIL einen Bug mit Reproduktionsschritten und Verweis auf diesen Test anlegen.
- Passwoerter, Tokens, Zahlungsdaten und sonstige Geheimnisse niemals im Klartext speichern; vor dem Anhang maskieren oder schwaerzen."
KAN-730,E5-08 Bestellstatus verfolgen – Konto-Lebenszyklus,"Abgedeckte Story: KAN-65 – E5-08 Bestellstatus verfolgen
Testart: Konto-Lebenszyklus
Priorität der Story: High

Ziel
Konto sicher registrieren und anmelden

Vorbedingungen
- Die Anwendung ist erreichbar und die erforderlichen Testdaten sind vorbereitet.
- Der Test wird in einer isolierten Umgebung mit nachvollziehbaren Benutzerrollen ausgeführt.

Schritte
1. Registrierung mit gültiger Adresse durchführen.
2. Bestätigung abschließen.
3. Anmelden, abmelden und erneut anmelden.
4. Passwortreset durchführen.

Erwartetes Ergebnis
Nur bestätigte und korrekte Zugangsdaten erlauben Zugriff; Tokens und Fehlermeldungen verhalten sich sicher.

Responsive Viewports
- Desktop: 1440 x 900 CSS-Pixel.
- Full HD: 1920 x 1080 CSS-Pixel.
- WQHD: 2560 x 1440 CSS-Pixel.
- Ultrawide: 3440 x 1440 CSS-Pixel.
- 4K: 3840 x 2160 CSS-Pixel.
- Tablet: 768 x 1024 CSS-Pixel.
- Smartphone: 390 x 844 CSS-Pixel.
- Bei UI-Tests jeden definierten Viewport pruefen und je Viewport einen eigenen Screenshot am Testlauf hinterlegen.

Beleg und Nachbereitung
- Fuer jeden einzelnen Testschritt unmittelbar nach der Ausfuehrung einen Screenshot als Anhang am Testlauf hinterlegen.
- Der Screenshot muss die relevante Ausgangslage bzw. Eingabe und das sichtbare Ergebnis des jeweiligen Schrittes nachvollziehbar zeigen.
- Alle Schritte des Tests muessen einen eigenen Nachweis besitzen; bei Eingabeschritten sind Eingabe und anschliessende Reaktion zu dokumentieren.
- PASS nur vergeben, wenn alle Schritte erfolgreich abgeschlossen und fuer alle Schritte Screenshots hinterlegt sind.
- FAIL oder BLOCKED ebenfalls mit Screenshot(s), tatsaechlichem Ergebnis, Datum, Tester und Umgebung dokumentieren; bei FAIL einen Bug mit Reproduktionsschritten und Verweis auf diesen Test anlegen.
- Passwoerter, Tokens, Zahlungsdaten und sonstige Geheimnisse niemals im Klartext speichern; vor dem Anhang maskieren oder schwaerzen."
KAN-731,E5-08 Bestellstatus verfolgen – Eigene Daten und Historie,"Abgedeckte Story: KAN-65 – E5-08 Bestellstatus verfolgen
Testart: Eigene Daten und Historie
Priorität der Story: High

Ziel
Konto- und Bestelldaten verwalten

Vorbedingungen
- Die Anwendung ist erreichbar und die erforderlichen Testdaten sind vorbereitet.
- Der Test wird in einer isolierten Umgebung mit nachvollziehbaren Benutzerrollen ausgeführt.

Schritte
1. Persönliche Daten und Adresse ändern.
2. Bestellung mit Konto durchführen.
3. Historie und Status öffnen.
4. Seite neu laden und erneut prüfen.

Erwartetes Ergebnis
Nur eigene Daten sind sichtbar; Änderungen und Bestellstatus bleiben konsistent.

Responsive Viewports
- Desktop: 1440 x 900 CSS-Pixel.
- Full HD: 1920 x 1080 CSS-Pixel.
- WQHD: 2560 x 1440 CSS-Pixel.
- Ultrawide: 3440 x 1440 CSS-Pixel.
- 4K: 3840 x 2160 CSS-Pixel.
- Tablet: 768 x 1024 CSS-Pixel.
- Smartphone: 390 x 844 CSS-Pixel.
- Bei UI-Tests jeden definierten Viewport pruefen und je Viewport einen eigenen Screenshot am Testlauf hinterlegen.

Beleg und Nachbereitung
- Fuer jeden einzelnen Testschritt unmittelbar nach der Ausfuehrung einen Screenshot als Anhang am Testlauf hinterlegen.
- Der Screenshot muss die relevante Ausgangslage bzw. Eingabe und das sichtbare Ergebnis des jeweiligen Schrittes nachvollziehbar zeigen.
- Alle Schritte des Tests muessen einen eigenen Nachweis besitzen; bei Eingabeschritten sind Eingabe und anschliessende Reaktion zu dokumentieren.
- PASS nur vergeben, wenn alle Schritte erfolgreich abgeschlossen und fuer alle Schritte Screenshots hinterlegt sind.
- FAIL oder BLOCKED ebenfalls mit Screenshot(s), tatsaechlichem Ergebnis, Datum, Tester und Umgebung dokumentieren; bei FAIL einen Bug mit Reproduktionsschritten und Verweis auf diesen Test anlegen.
- Passwoerter, Tokens, Zahlungsdaten und sonstige Geheimnisse niemals im Klartext speichern; vor dem Anhang maskieren oder schwaerzen."
KAN-732,E5-08 Bestellstatus verfolgen – Datenschutz und Berechtigung,"Abgedeckte Story: KAN-65 – E5-08 Bestellstatus verfolgen
Testart: Datenschutz und Berechtigung
Priorität der Story: High

Ziel
Kontogrenzen und Datenschutzaktionen prüfen

Vorbedingungen
- Die Anwendung ist erreichbar und die erforderlichen Testdaten sind vorbereitet.
- Der Test wird in einer isolierten Umgebung mit nachvollziehbaren Benutzerrollen ausgeführt.

Schritte
1. Fremde Konto-URL beziehungsweise API-ID verwenden.
2. Export oder Löschung anfordern.
3. Bestätigung beziehungsweise Re-Authentifizierung prüfen.
4. Folgezugriff und Audit kontrollieren.

Erwartetes Ergebnis
Fremdzugriff ist unmöglich; Datenschutzaktionen sind vollständig, bestätigt und nachvollziehbar.

Responsive Viewports
- Desktop: 1440 x 900 CSS-Pixel.
- Full HD: 1920 x 1080 CSS-Pixel.
- WQHD: 2560 x 1440 CSS-Pixel.
- Ultrawide: 3440 x 1440 CSS-Pixel.
- 4K: 3840 x 2160 CSS-Pixel.
- Tablet: 768 x 1024 CSS-Pixel.
- Smartphone: 390 x 844 CSS-Pixel.
- Bei UI-Tests jeden definierten Viewport pruefen und je Viewport einen eigenen Screenshot am Testlauf hinterlegen.

Beleg und Nachbereitung
- Fuer jeden einzelnen Testschritt unmittelbar nach der Ausfuehrung einen Screenshot als Anhang am Testlauf hinterlegen.
- Der Screenshot muss die relevante Ausgangslage bzw. Eingabe und das sichtbare Ergebnis des jeweiligen Schrittes nachvollziehbar zeigen.
- Alle Schritte des Tests muessen einen eigenen Nachweis besitzen; bei Eingabeschritten sind Eingabe und anschliessende Reaktion zu dokumentieren.
- PASS nur vergeben, wenn alle Schritte erfolgreich abgeschlossen und fuer alle Schritte Screenshots hinterlegt sind.
- FAIL oder BLOCKED ebenfalls mit Screenshot(s), tatsaechlichem Ergebnis, Datum, Tester und Umgebung dokumentieren; bei FAIL einen Bug mit Reproduktionsschritten und Verweis auf diesen Test anlegen.
- Passwoerter, Tokens, Zahlungsdaten und sonstige Geheimnisse niemals im Klartext speichern; vor dem Anhang maskieren oder schwaerzen."
KAN-733,E5-09 Bestellung erneut zusammenstellen – Konto-Lebenszyklus,"Abgedeckte Story: KAN-66 – E5-09 Bestellung erneut zusammenstellen
Testart: Konto-Lebenszyklus
Priorität der Story: Medium

Ziel
Konto sicher registrieren und anmelden

Vorbedingungen
- Die Anwendung ist erreichbar und die erforderlichen Testdaten sind vorbereitet.
- Der Test wird in einer isolierten Umgebung mit nachvollziehbaren Benutzerrollen ausgeführt.

Schritte
1. Registrierung mit gültiger Adresse durchführen.
2. Bestätigung abschließen.
3. Anmelden, abmelden und erneut anmelden.
4. Passwortreset durchführen.

Erwartetes Ergebnis
Nur bestätigte und korrekte Zugangsdaten erlauben Zugriff; Tokens und Fehlermeldungen verhalten sich sicher.

Responsive Viewports
- Desktop: 1440 x 900 CSS-Pixel.
- Full HD: 1920 x 1080 CSS-Pixel.
- WQHD: 2560 x 1440 CSS-Pixel.
- Ultrawide: 3440 x 1440 CSS-Pixel.
- 4K: 3840 x 2160 CSS-Pixel.
- Tablet: 768 x 1024 CSS-Pixel.
- Smartphone: 390 x 844 CSS-Pixel.
- Bei UI-Tests jeden definierten Viewport pruefen und je Viewport einen eigenen Screenshot am Testlauf hinterlegen.

Beleg und Nachbereitung
- Fuer jeden einzelnen Testschritt unmittelbar nach der Ausfuehrung einen Screenshot als Anhang am Testlauf hinterlegen.
- Der Screenshot muss die relevante Ausgangslage bzw. Eingabe und das sichtbare Ergebnis des jeweiligen Schrittes nachvollziehbar zeigen.
- Alle Schritte des Tests muessen einen eigenen Nachweis besitzen; bei Eingabeschritten sind Eingabe und anschliessende Reaktion zu dokumentieren.
- PASS nur vergeben, wenn alle Schritte erfolgreich abgeschlossen und fuer alle Schritte Screenshots hinterlegt sind.
- FAIL oder BLOCKED ebenfalls mit Screenshot(s), tatsaechlichem Ergebnis, Datum, Tester und Umgebung dokumentieren; bei FAIL einen Bug mit Reproduktionsschritten und Verweis auf diesen Test anlegen.
- Passwoerter, Tokens, Zahlungsdaten und sonstige Geheimnisse niemals im Klartext speichern; vor dem Anhang maskieren oder schwaerzen."
KAN-734,E5-09 Bestellung erneut zusammenstellen – Eigene Daten und Historie,"Abgedeckte Story: KAN-66 – E5-09 Bestellung erneut zusammenstellen
Testart: Eigene Daten und Historie
Priorität der Story: Medium

Ziel
Konto- und Bestelldaten verwalten

Vorbedingungen
- Die Anwendung ist erreichbar und die erforderlichen Testdaten sind vorbereitet.
- Der Test wird in einer isolierten Umgebung mit nachvollziehbaren Benutzerrollen ausgeführt.

Schritte
1. Persönliche Daten und Adresse ändern.
2. Bestellung mit Konto durchführen.
3. Historie und Status öffnen.
4. Seite neu laden und erneut prüfen.

Erwartetes Ergebnis
Nur eigene Daten sind sichtbar; Änderungen und Bestellstatus bleiben konsistent.

Responsive Viewports
- Desktop: 1440 x 900 CSS-Pixel.
- Full HD: 1920 x 1080 CSS-Pixel.
- WQHD: 2560 x 1440 CSS-Pixel.
- Ultrawide: 3440 x 1440 CSS-Pixel.
- 4K: 3840 x 2160 CSS-Pixel.
- Tablet: 768 x 1024 CSS-Pixel.
- Smartphone: 390 x 844 CSS-Pixel.
- Bei UI-Tests jeden definierten Viewport pruefen und je Viewport einen eigenen Screenshot am Testlauf hinterlegen.

Beleg und Nachbereitung
- Fuer jeden einzelnen Testschritt unmittelbar nach der Ausfuehrung einen Screenshot als Anhang am Testlauf hinterlegen.
- Der Screenshot muss die relevante Ausgangslage bzw. Eingabe und das sichtbare Ergebnis des jeweiligen Schrittes nachvollziehbar zeigen.
- Alle Schritte des Tests muessen einen eigenen Nachweis besitzen; bei Eingabeschritten sind Eingabe und anschliessende Reaktion zu dokumentieren.
- PASS nur vergeben, wenn alle Schritte erfolgreich abgeschlossen und fuer alle Schritte Screenshots hinterlegt sind.
- FAIL oder BLOCKED ebenfalls mit Screenshot(s), tatsaechlichem Ergebnis, Datum, Tester und Umgebung dokumentieren; bei FAIL einen Bug mit Reproduktionsschritten und Verweis auf diesen Test anlegen.
- Passwoerter, Tokens, Zahlungsdaten und sonstige Geheimnisse niemals im Klartext speichern; vor dem Anhang maskieren oder schwaerzen."
KAN-735,E5-09 Bestellung erneut zusammenstellen – Datenschutz und Berechtigung,"Abgedeckte Story: KAN-66 – E5-09 Bestellung erneut zusammenstellen
Testart: Datenschutz und Berechtigung
Priorität der Story: Medium

Ziel
Kontogrenzen und Datenschutzaktionen prüfen

Vorbedingungen
- Die Anwendung ist erreichbar und die erforderlichen Testdaten sind vorbereitet.
- Der Test wird in einer isolierten Umgebung mit nachvollziehbaren Benutzerrollen ausgeführt.

Schritte
1. Fremde Konto-URL beziehungsweise API-ID verwenden.
2. Export oder Löschung anfordern.
3. Bestätigung beziehungsweise Re-Authentifizierung prüfen.
4. Folgezugriff und Audit kontrollieren.

Erwartetes Ergebnis
Fremdzugriff ist unmöglich; Datenschutzaktionen sind vollständig, bestätigt und nachvollziehbar.

Responsive Viewports
- Desktop: 1440 x 900 CSS-Pixel.
- Full HD: 1920 x 1080 CSS-Pixel.
- WQHD: 2560 x 1440 CSS-Pixel.
- Ultrawide: 3440 x 1440 CSS-Pixel.
- 4K: 3840 x 2160 CSS-Pixel.
- Tablet: 768 x 1024 CSS-Pixel.
- Smartphone: 390 x 844 CSS-Pixel.
- Bei UI-Tests jeden definierten Viewport pruefen und je Viewport einen eigenen Screenshot am Testlauf hinterlegen.

Beleg und Nachbereitung
- Fuer jeden einzelnen Testschritt unmittelbar nach der Ausfuehrung einen Screenshot als Anhang am Testlauf hinterlegen.
- Der Screenshot muss die relevante Ausgangslage bzw. Eingabe und das sichtbare Ergebnis des jeweiligen Schrittes nachvollziehbar zeigen.
- Alle Schritte des Tests muessen einen eigenen Nachweis besitzen; bei Eingabeschritten sind Eingabe und anschliessende Reaktion zu dokumentieren.
- PASS nur vergeben, wenn alle Schritte erfolgreich abgeschlossen und fuer alle Schritte Screenshots hinterlegt sind.
- FAIL oder BLOCKED ebenfalls mit Screenshot(s), tatsaechlichem Ergebnis, Datum, Tester und Umgebung dokumentieren; bei FAIL einen Bug mit Reproduktionsschritten und Verweis auf diesen Test anlegen.
- Passwoerter, Tokens, Zahlungsdaten und sonstige Geheimnisse niemals im Klartext speichern; vor dem Anhang maskieren oder schwaerzen."
KAN-736,E5-10 Konto löschen oder Daten exportieren – Konto-Lebenszyklus,"Abgedeckte Story: KAN-67 – E5-10 Konto löschen oder Daten exportieren
Testart: Konto-Lebenszyklus
Priorität der Story: Medium

Ziel
Konto sicher registrieren und anmelden

Vorbedingungen
- Die Anwendung ist erreichbar und die erforderlichen Testdaten sind vorbereitet.
- Der Test wird in einer isolierten Umgebung mit nachvollziehbaren Benutzerrollen ausgeführt.

Schritte
1. Registrierung mit gültiger Adresse durchführen.
2. Bestätigung abschließen.
3. Anmelden, abmelden und erneut anmelden.
4. Passwortreset durchführen.

Erwartetes Ergebnis
Nur bestätigte und korrekte Zugangsdaten erlauben Zugriff; Tokens und Fehlermeldungen verhalten sich sicher.

Responsive Viewports
- Desktop: 1440 x 900 CSS-Pixel.
- Full HD: 1920 x 1080 CSS-Pixel.
- WQHD: 2560 x 1440 CSS-Pixel.
- Ultrawide: 3440 x 1440 CSS-Pixel.
- 4K: 3840 x 2160 CSS-Pixel.
- Tablet: 768 x 1024 CSS-Pixel.
- Smartphone: 390 x 844 CSS-Pixel.
- Bei UI-Tests jeden definierten Viewport pruefen und je Viewport einen eigenen Screenshot am Testlauf hinterlegen.

Beleg und Nachbereitung
- Fuer jeden einzelnen Testschritt unmittelbar nach der Ausfuehrung einen Screenshot als Anhang am Testlauf hinterlegen.
- Der Screenshot muss die relevante Ausgangslage bzw. Eingabe und das sichtbare Ergebnis des jeweiligen Schrittes nachvollziehbar zeigen.
- Alle Schritte des Tests muessen einen eigenen Nachweis besitzen; bei Eingabeschritten sind Eingabe und anschliessende Reaktion zu dokumentieren.
- PASS nur vergeben, wenn alle Schritte erfolgreich abgeschlossen und fuer alle Schritte Screenshots hinterlegt sind.
- FAIL oder BLOCKED ebenfalls mit Screenshot(s), tatsaechlichem Ergebnis, Datum, Tester und Umgebung dokumentieren; bei FAIL einen Bug mit Reproduktionsschritten und Verweis auf diesen Test anlegen.
- Passwoerter, Tokens, Zahlungsdaten und sonstige Geheimnisse niemals im Klartext speichern; vor dem Anhang maskieren oder schwaerzen."
KAN-737,E5-10 Konto löschen oder Daten exportieren – Eigene Daten und Historie,"Abgedeckte Story: KAN-67 – E5-10 Konto löschen oder Daten exportieren
Testart: Eigene Daten und Historie
Priorität der Story: Medium

Ziel
Konto- und Bestelldaten verwalten

Vorbedingungen
- Die Anwendung ist erreichbar und die erforderlichen Testdaten sind vorbereitet.
- Der Test wird in einer isolierten Umgebung mit nachvollziehbaren Benutzerrollen ausgeführt.

Schritte
1. Persönliche Daten und Adresse ändern.
2. Bestellung mit Konto durchführen.
3. Historie und Status öffnen.
4. Seite neu laden und erneut prüfen.

Erwartetes Ergebnis
Nur eigene Daten sind sichtbar; Änderungen und Bestellstatus bleiben konsistent.

Responsive Viewports
- Desktop: 1440 x 900 CSS-Pixel.
- Full HD: 1920 x 1080 CSS-Pixel.
- WQHD: 2560 x 1440 CSS-Pixel.
- Ultrawide: 3440 x 1440 CSS-Pixel.
- 4K: 3840 x 2160 CSS-Pixel.
- Tablet: 768 x 1024 CSS-Pixel.
- Smartphone: 390 x 844 CSS-Pixel.
- Bei UI-Tests jeden definierten Viewport pruefen und je Viewport einen eigenen Screenshot am Testlauf hinterlegen.

Beleg und Nachbereitung
- Fuer jeden einzelnen Testschritt unmittelbar nach der Ausfuehrung einen Screenshot als Anhang am Testlauf hinterlegen.
- Der Screenshot muss die relevante Ausgangslage bzw. Eingabe und das sichtbare Ergebnis des jeweiligen Schrittes nachvollziehbar zeigen.
- Alle Schritte des Tests muessen einen eigenen Nachweis besitzen; bei Eingabeschritten sind Eingabe und anschliessende Reaktion zu dokumentieren.
- PASS nur vergeben, wenn alle Schritte erfolgreich abgeschlossen und fuer alle Schritte Screenshots hinterlegt sind.
- FAIL oder BLOCKED ebenfalls mit Screenshot(s), tatsaechlichem Ergebnis, Datum, Tester und Umgebung dokumentieren; bei FAIL einen Bug mit Reproduktionsschritten und Verweis auf diesen Test anlegen.
- Passwoerter, Tokens, Zahlungsdaten und sonstige Geheimnisse niemals im Klartext speichern; vor dem Anhang maskieren oder schwaerzen."
KAN-738,E5-10 Konto löschen oder Daten exportieren – Datenschutz und Berechtigung,"Abgedeckte Story: KAN-67 – E5-10 Konto löschen oder Daten exportieren
Testart: Datenschutz und Berechtigung
Priorität der Story: Medium

Ziel
Kontogrenzen und Datenschutzaktionen prüfen

Vorbedingungen
- Die Anwendung ist erreichbar und die erforderlichen Testdaten sind vorbereitet.
- Der Test wird in einer isolierten Umgebung mit nachvollziehbaren Benutzerrollen ausgeführt.

Schritte
1. Fremde Konto-URL beziehungsweise API-ID verwenden.
2. Export oder Löschung anfordern.
3. Bestätigung beziehungsweise Re-Authentifizierung prüfen.
4. Folgezugriff und Audit kontrollieren.

Erwartetes Ergebnis
Fremdzugriff ist unmöglich; Datenschutzaktionen sind vollständig, bestätigt und nachvollziehbar.

Responsive Viewports
- Desktop: 1440 x 900 CSS-Pixel.
- Full HD: 1920 x 1080 CSS-Pixel.
- WQHD: 2560 x 1440 CSS-Pixel.
- Ultrawide: 3440 x 1440 CSS-Pixel.
- 4K: 3840 x 2160 CSS-Pixel.
- Tablet: 768 x 1024 CSS-Pixel.
- Smartphone: 390 x 844 CSS-Pixel.
- Bei UI-Tests jeden definierten Viewport pruefen und je Viewport einen eigenen Screenshot am Testlauf hinterlegen.

Beleg und Nachbereitung
- Fuer jeden einzelnen Testschritt unmittelbar nach der Ausfuehrung einen Screenshot als Anhang am Testlauf hinterlegen.
- Der Screenshot muss die relevante Ausgangslage bzw. Eingabe und das sichtbare Ergebnis des jeweiligen Schrittes nachvollziehbar zeigen.
- Alle Schritte des Tests muessen einen eigenen Nachweis besitzen; bei Eingabeschritten sind Eingabe und anschliessende Reaktion zu dokumentieren.
- PASS nur vergeben, wenn alle Schritte erfolgreich abgeschlossen und fuer alle Schritte Screenshots hinterlegt sind.
- FAIL oder BLOCKED ebenfalls mit Screenshot(s), tatsaechlichem Ergebnis, Datum, Tester und Umgebung dokumentieren; bei FAIL einen Bug mit Reproduktionsschritten und Verweis auf diesen Test anlegen.
- Passwoerter, Tokens, Zahlungsdaten und sonstige Geheimnisse niemals im Klartext speichern; vor dem Anhang maskieren oder schwaerzen."
KAN-739,E6-01 Einzelne Karte anbieten – Angebot einreichen,"Abgedeckte Story: KAN-68 – E6-01 Einzelne Karte anbieten
Testart: Angebot einreichen
Priorität der Story: Lowest

Ziel
Eine vollständige Karte als Verkäufer anbieten

Vorbedingungen
- Die Anwendung ist erreichbar und die erforderlichen Testdaten sind vorbereitet.
- Der Test wird in einer isolierten Umgebung mit nachvollziehbaren Benutzerrollen ausgeführt.

Schritte
1. Verkäufer anmelden.
2. Kartendaten, Bilder, Zustand und Preis erfassen.
3. Angebot speichern beziehungsweise einreichen.
4. Status und Bestätigung prüfen.

Erwartetes Ergebnis
Das Angebot ist vollständig, eindeutig und im erwarteten Status sichtbar.

Responsive Viewports
- Desktop: 1440 x 900 CSS-Pixel.
- Full HD: 1920 x 1080 CSS-Pixel.
- WQHD: 2560 x 1440 CSS-Pixel.
- Ultrawide: 3440 x 1440 CSS-Pixel.
- 4K: 3840 x 2160 CSS-Pixel.
- Tablet: 768 x 1024 CSS-Pixel.
- Smartphone: 390 x 844 CSS-Pixel.
- Bei UI-Tests jeden definierten Viewport pruefen und je Viewport einen eigenen Screenshot am Testlauf hinterlegen.

Beleg und Nachbereitung
- Fuer jeden einzelnen Testschritt unmittelbar nach der Ausfuehrung einen Screenshot als Anhang am Testlauf hinterlegen.
- Der Screenshot muss die relevante Ausgangslage bzw. Eingabe und das sichtbare Ergebnis des jeweiligen Schrittes nachvollziehbar zeigen.
- Alle Schritte des Tests muessen einen eigenen Nachweis besitzen; bei Eingabeschritten sind Eingabe und anschliessende Reaktion zu dokumentieren.
- PASS nur vergeben, wenn alle Schritte erfolgreich abgeschlossen und fuer alle Schritte Screenshots hinterlegt sind.
- FAIL oder BLOCKED ebenfalls mit Screenshot(s), tatsaechlichem Ergebnis, Datum, Tester und Umgebung dokumentieren; bei FAIL einen Bug mit Reproduktionsschritten und Verweis auf diesen Test anlegen.
- Passwoerter, Tokens, Zahlungsdaten und sonstige Geheimnisse niemals im Klartext speichern; vor dem Anhang maskieren oder schwaerzen."
KAN-740,E6-01 Einzelne Karte anbieten – Ungültige und fremde Daten,"Abgedeckte Story: KAN-68 – E6-01 Einzelne Karte anbieten
Testart: Ungültige und fremde Daten
Priorität der Story: Lowest

Ziel
Verkäuferfehler und Berechtigungen prüfen

Vorbedingungen
- Die Anwendung ist erreichbar und die erforderlichen Testdaten sind vorbereitet.
- Der Test wird in einer isolierten Umgebung mit nachvollziehbaren Benutzerrollen ausgeführt.

Schritte
1. Fehlende oder ungültige Daten senden.
2. Zu große oder falsche Bilder verwenden.
3. Fremdes Angebot über URL/API aufrufen.
4. Fehler beheben und erneut speichern.

Erwartetes Ergebnis
Fehler sind verständlich; fremde Daten bleiben geschützt; gültige Teildaten gehen nicht verloren.

Responsive Viewports
- Desktop: 1440 x 900 CSS-Pixel.
- Full HD: 1920 x 1080 CSS-Pixel.
- WQHD: 2560 x 1440 CSS-Pixel.
- Ultrawide: 3440 x 1440 CSS-Pixel.
- 4K: 3840 x 2160 CSS-Pixel.
- Tablet: 768 x 1024 CSS-Pixel.
- Smartphone: 390 x 844 CSS-Pixel.
- Bei UI-Tests jeden definierten Viewport pruefen und je Viewport einen eigenen Screenshot am Testlauf hinterlegen.

Beleg und Nachbereitung
- Fuer jeden einzelnen Testschritt unmittelbar nach der Ausfuehrung einen Screenshot als Anhang am Testlauf hinterlegen.
- Der Screenshot muss die relevante Ausgangslage bzw. Eingabe und das sichtbare Ergebnis des jeweiligen Schrittes nachvollziehbar zeigen.
- Alle Schritte des Tests muessen einen eigenen Nachweis besitzen; bei Eingabeschritten sind Eingabe und anschliessende Reaktion zu dokumentieren.
- PASS nur vergeben, wenn alle Schritte erfolgreich abgeschlossen und fuer alle Schritte Screenshots hinterlegt sind.
- FAIL oder BLOCKED ebenfalls mit Screenshot(s), tatsaechlichem Ergebnis, Datum, Tester und Umgebung dokumentieren; bei FAIL einen Bug mit Reproduktionsschritten und Verweis auf diesen Test anlegen.
- Passwoerter, Tokens, Zahlungsdaten und sonstige Geheimnisse niemals im Klartext speichern; vor dem Anhang maskieren oder schwaerzen."
KAN-741,E6-01 Einzelne Karte anbieten – Angebotsstatus und Auszahlung,"Abgedeckte Story: KAN-68 – E6-01 Einzelne Karte anbieten
Testart: Angebotsstatus und Auszahlung
Priorität der Story: Lowest

Ziel
Prüfung, Verhandlung und Übergabe verfolgen

Vorbedingungen
- Die Anwendung ist erreichbar und die erforderlichen Testdaten sind vorbereitet.
- Der Test wird in einer isolierten Umgebung mit nachvollziehbaren Benutzerrollen ausgeführt.

Schritte
1. Adminprüfung durchführen.
2. Preisangebot annehmen oder ablehnen.
3. Übergabe- und Auszahlungsstatus ändern.
4. Benachrichtigungen und Audit prüfen.

Erwartetes Ergebnis
Jeder Übergang ist nachvollziehbar, berechtigt und erzeugt die richtigen Informationen für alle Beteiligten.

Responsive Viewports
- Desktop: 1440 x 900 CSS-Pixel.
- Full HD: 1920 x 1080 CSS-Pixel.
- WQHD: 2560 x 1440 CSS-Pixel.
- Ultrawide: 3440 x 1440 CSS-Pixel.
- 4K: 3840 x 2160 CSS-Pixel.
- Tablet: 768 x 1024 CSS-Pixel.
- Smartphone: 390 x 844 CSS-Pixel.
- Bei UI-Tests jeden definierten Viewport pruefen und je Viewport einen eigenen Screenshot am Testlauf hinterlegen.

Beleg und Nachbereitung
- Fuer jeden einzelnen Testschritt unmittelbar nach der Ausfuehrung einen Screenshot als Anhang am Testlauf hinterlegen.
- Der Screenshot muss die relevante Ausgangslage bzw. Eingabe und das sichtbare Ergebnis des jeweiligen Schrittes nachvollziehbar zeigen.
- Alle Schritte des Tests muessen einen eigenen Nachweis besitzen; bei Eingabeschritten sind Eingabe und anschliessende Reaktion zu dokumentieren.
- PASS nur vergeben, wenn alle Schritte erfolgreich abgeschlossen und fuer alle Schritte Screenshots hinterlegt sind.
- FAIL oder BLOCKED ebenfalls mit Screenshot(s), tatsaechlichem Ergebnis, Datum, Tester und Umgebung dokumentieren; bei FAIL einen Bug mit Reproduktionsschritten und Verweis auf diesen Test anlegen.
- Passwoerter, Tokens, Zahlungsdaten und sonstige Geheimnisse niemals im Klartext speichern; vor dem Anhang maskieren oder schwaerzen."
KAN-742,E6-02 Sammlung anbieten – Angebot einreichen,"Abgedeckte Story: KAN-69 – E6-02 Sammlung anbieten
Testart: Angebot einreichen
Priorität der Story: Lowest

Ziel
Eine vollständige Karte als Verkäufer anbieten

Vorbedingungen
- Die Anwendung ist erreichbar und die erforderlichen Testdaten sind vorbereitet.
- Der Test wird in einer isolierten Umgebung mit nachvollziehbaren Benutzerrollen ausgeführt.

Schritte
1. Verkäufer anmelden.
2. Kartendaten, Bilder, Zustand und Preis erfassen.
3. Angebot speichern beziehungsweise einreichen.
4. Status und Bestätigung prüfen.

Erwartetes Ergebnis
Das Angebot ist vollständig, eindeutig und im erwarteten Status sichtbar.

Responsive Viewports
- Desktop: 1440 x 900 CSS-Pixel.
- Full HD: 1920 x 1080 CSS-Pixel.
- WQHD: 2560 x 1440 CSS-Pixel.
- Ultrawide: 3440 x 1440 CSS-Pixel.
- 4K: 3840 x 2160 CSS-Pixel.
- Tablet: 768 x 1024 CSS-Pixel.
- Smartphone: 390 x 844 CSS-Pixel.
- Bei UI-Tests jeden definierten Viewport pruefen und je Viewport einen eigenen Screenshot am Testlauf hinterlegen.

Beleg und Nachbereitung
- Fuer jeden einzelnen Testschritt unmittelbar nach der Ausfuehrung einen Screenshot als Anhang am Testlauf hinterlegen.
- Der Screenshot muss die relevante Ausgangslage bzw. Eingabe und das sichtbare Ergebnis des jeweiligen Schrittes nachvollziehbar zeigen.
- Alle Schritte des Tests muessen einen eigenen Nachweis besitzen; bei Eingabeschritten sind Eingabe und anschliessende Reaktion zu dokumentieren.
- PASS nur vergeben, wenn alle Schritte erfolgreich abgeschlossen und fuer alle Schritte Screenshots hinterlegt sind.
- FAIL oder BLOCKED ebenfalls mit Screenshot(s), tatsaechlichem Ergebnis, Datum, Tester und Umgebung dokumentieren; bei FAIL einen Bug mit Reproduktionsschritten und Verweis auf diesen Test anlegen.
- Passwoerter, Tokens, Zahlungsdaten und sonstige Geheimnisse niemals im Klartext speichern; vor dem Anhang maskieren oder schwaerzen."
KAN-743,E6-02 Sammlung anbieten – Ungültige und fremde Daten,"Abgedeckte Story: KAN-69 – E6-02 Sammlung anbieten
Testart: Ungültige und fremde Daten
Priorität der Story: Lowest

Ziel
Verkäuferfehler und Berechtigungen prüfen

Vorbedingungen
- Die Anwendung ist erreichbar und die erforderlichen Testdaten sind vorbereitet.
- Der Test wird in einer isolierten Umgebung mit nachvollziehbaren Benutzerrollen ausgeführt.

Schritte
1. Fehlende oder ungültige Daten senden.
2. Zu große oder falsche Bilder verwenden.
3. Fremdes Angebot über URL/API aufrufen.
4. Fehler beheben und erneut speichern.

Erwartetes Ergebnis
Fehler sind verständlich; fremde Daten bleiben geschützt; gültige Teildaten gehen nicht verloren.

Responsive Viewports
- Desktop: 1440 x 900 CSS-Pixel.
- Full HD: 1920 x 1080 CSS-Pixel.
- WQHD: 2560 x 1440 CSS-Pixel.
- Ultrawide: 3440 x 1440 CSS-Pixel.
- 4K: 3840 x 2160 CSS-Pixel.
- Tablet: 768 x 1024 CSS-Pixel.
- Smartphone: 390 x 844 CSS-Pixel.
- Bei UI-Tests jeden definierten Viewport pruefen und je Viewport einen eigenen Screenshot am Testlauf hinterlegen.

Beleg und Nachbereitung
- Fuer jeden einzelnen Testschritt unmittelbar nach der Ausfuehrung einen Screenshot als Anhang am Testlauf hinterlegen.
- Der Screenshot muss die relevante Ausgangslage bzw. Eingabe und das sichtbare Ergebnis des jeweiligen Schrittes nachvollziehbar zeigen.
- Alle Schritte des Tests muessen einen eigenen Nachweis besitzen; bei Eingabeschritten sind Eingabe und anschliessende Reaktion zu dokumentieren.
- PASS nur vergeben, wenn alle Schritte erfolgreich abgeschlossen und fuer alle Schritte Screenshots hinterlegt sind.
- FAIL oder BLOCKED ebenfalls mit Screenshot(s), tatsaechlichem Ergebnis, Datum, Tester und Umgebung dokumentieren; bei FAIL einen Bug mit Reproduktionsschritten und Verweis auf diesen Test anlegen.
- Passwoerter, Tokens, Zahlungsdaten und sonstige Geheimnisse niemals im Klartext speichern; vor dem Anhang maskieren oder schwaerzen."
KAN-744,E6-02 Sammlung anbieten – Angebotsstatus und Auszahlung,"Abgedeckte Story: KAN-69 – E6-02 Sammlung anbieten
Testart: Angebotsstatus und Auszahlung
Priorität der Story: Lowest

Ziel
Prüfung, Verhandlung und Übergabe verfolgen

Vorbedingungen
- Die Anwendung ist erreichbar und die erforderlichen Testdaten sind vorbereitet.
- Der Test wird in einer isolierten Umgebung mit nachvollziehbaren Benutzerrollen ausgeführt.

Schritte
1. Adminprüfung durchführen.
2. Preisangebot annehmen oder ablehnen.
3. Übergabe- und Auszahlungsstatus ändern.
4. Benachrichtigungen und Audit prüfen.

Erwartetes Ergebnis
Jeder Übergang ist nachvollziehbar, berechtigt und erzeugt die richtigen Informationen für alle Beteiligten.

Responsive Viewports
- Desktop: 1440 x 900 CSS-Pixel.
- Full HD: 1920 x 1080 CSS-Pixel.
- WQHD: 2560 x 1440 CSS-Pixel.
- Ultrawide: 3440 x 1440 CSS-Pixel.
- 4K: 3840 x 2160 CSS-Pixel.
- Tablet: 768 x 1024 CSS-Pixel.
- Smartphone: 390 x 844 CSS-Pixel.
- Bei UI-Tests jeden definierten Viewport pruefen und je Viewport einen eigenen Screenshot am Testlauf hinterlegen.

Beleg und Nachbereitung
- Fuer jeden einzelnen Testschritt unmittelbar nach der Ausfuehrung einen Screenshot als Anhang am Testlauf hinterlegen.
- Der Screenshot muss die relevante Ausgangslage bzw. Eingabe und das sichtbare Ergebnis des jeweiligen Schrittes nachvollziehbar zeigen.
- Alle Schritte des Tests muessen einen eigenen Nachweis besitzen; bei Eingabeschritten sind Eingabe und anschliessende Reaktion zu dokumentieren.
- PASS nur vergeben, wenn alle Schritte erfolgreich abgeschlossen und fuer alle Schritte Screenshots hinterlegt sind.
- FAIL oder BLOCKED ebenfalls mit Screenshot(s), tatsaechlichem Ergebnis, Datum, Tester und Umgebung dokumentieren; bei FAIL einen Bug mit Reproduktionsschritten und Verweis auf diesen Test anlegen.
- Passwoerter, Tokens, Zahlungsdaten und sonstige Geheimnisse niemals im Klartext speichern; vor dem Anhang maskieren oder schwaerzen."
KAN-745,E6-03 Verkaufsbilder hochladen – Angebot einreichen,"Abgedeckte Story: KAN-70 – E6-03 Verkaufsbilder hochladen
Testart: Angebot einreichen
Priorität der Story: Lowest

Ziel
Eine vollständige Karte als Verkäufer anbieten

Vorbedingungen
- Die Anwendung ist erreichbar und die erforderlichen Testdaten sind vorbereitet.
- Der Test wird in einer isolierten Umgebung mit nachvollziehbaren Benutzerrollen ausgeführt.

Schritte
1. Verkäufer anmelden.
2. Kartendaten, Bilder, Zustand und Preis erfassen.
3. Angebot speichern beziehungsweise einreichen.
4. Status und Bestätigung prüfen.

Erwartetes Ergebnis
Das Angebot ist vollständig, eindeutig und im erwarteten Status sichtbar.

Responsive Viewports
- Desktop: 1440 x 900 CSS-Pixel.
- Full HD: 1920 x 1080 CSS-Pixel.
- WQHD: 2560 x 1440 CSS-Pixel.
- Ultrawide: 3440 x 1440 CSS-Pixel.
- 4K: 3840 x 2160 CSS-Pixel.
- Tablet: 768 x 1024 CSS-Pixel.
- Smartphone: 390 x 844 CSS-Pixel.
- Bei UI-Tests jeden definierten Viewport pruefen und je Viewport einen eigenen Screenshot am Testlauf hinterlegen.

Beleg und Nachbereitung
- Fuer jeden einzelnen Testschritt unmittelbar nach der Ausfuehrung einen Screenshot als Anhang am Testlauf hinterlegen.
- Der Screenshot muss die relevante Ausgangslage bzw. Eingabe und das sichtbare Ergebnis des jeweiligen Schrittes nachvollziehbar zeigen.
- Alle Schritte des Tests muessen einen eigenen Nachweis besitzen; bei Eingabeschritten sind Eingabe und anschliessende Reaktion zu dokumentieren.
- PASS nur vergeben, wenn alle Schritte erfolgreich abgeschlossen und fuer alle Schritte Screenshots hinterlegt sind.
- FAIL oder BLOCKED ebenfalls mit Screenshot(s), tatsaechlichem Ergebnis, Datum, Tester und Umgebung dokumentieren; bei FAIL einen Bug mit Reproduktionsschritten und Verweis auf diesen Test anlegen.
- Passwoerter, Tokens, Zahlungsdaten und sonstige Geheimnisse niemals im Klartext speichern; vor dem Anhang maskieren oder schwaerzen."
KAN-746,E6-03 Verkaufsbilder hochladen – Ungültige und fremde Daten,"Abgedeckte Story: KAN-70 – E6-03 Verkaufsbilder hochladen
Testart: Ungültige und fremde Daten
Priorität der Story: Lowest

Ziel
Verkäuferfehler und Berechtigungen prüfen

Vorbedingungen
- Die Anwendung ist erreichbar und die erforderlichen Testdaten sind vorbereitet.
- Der Test wird in einer isolierten Umgebung mit nachvollziehbaren Benutzerrollen ausgeführt.

Schritte
1. Fehlende oder ungültige Daten senden.
2. Zu große oder falsche Bilder verwenden.
3. Fremdes Angebot über URL/API aufrufen.
4. Fehler beheben und erneut speichern.

Erwartetes Ergebnis
Fehler sind verständlich; fremde Daten bleiben geschützt; gültige Teildaten gehen nicht verloren.

Responsive Viewports
- Desktop: 1440 x 900 CSS-Pixel.
- Full HD: 1920 x 1080 CSS-Pixel.
- WQHD: 2560 x 1440 CSS-Pixel.
- Ultrawide: 3440 x 1440 CSS-Pixel.
- 4K: 3840 x 2160 CSS-Pixel.
- Tablet: 768 x 1024 CSS-Pixel.
- Smartphone: 390 x 844 CSS-Pixel.
- Bei UI-Tests jeden definierten Viewport pruefen und je Viewport einen eigenen Screenshot am Testlauf hinterlegen.

Beleg und Nachbereitung
- Fuer jeden einzelnen Testschritt unmittelbar nach der Ausfuehrung einen Screenshot als Anhang am Testlauf hinterlegen.
- Der Screenshot muss die relevante Ausgangslage bzw. Eingabe und das sichtbare Ergebnis des jeweiligen Schrittes nachvollziehbar zeigen.
- Alle Schritte des Tests muessen einen eigenen Nachweis besitzen; bei Eingabeschritten sind Eingabe und anschliessende Reaktion zu dokumentieren.
- PASS nur vergeben, wenn alle Schritte erfolgreich abgeschlossen und fuer alle Schritte Screenshots hinterlegt sind.
- FAIL oder BLOCKED ebenfalls mit Screenshot(s), tatsaechlichem Ergebnis, Datum, Tester und Umgebung dokumentieren; bei FAIL einen Bug mit Reproduktionsschritten und Verweis auf diesen Test anlegen.
- Passwoerter, Tokens, Zahlungsdaten und sonstige Geheimnisse niemals im Klartext speichern; vor dem Anhang maskieren oder schwaerzen."
KAN-747,E6-03 Verkaufsbilder hochladen – Angebotsstatus und Auszahlung,"Abgedeckte Story: KAN-70 – E6-03 Verkaufsbilder hochladen
Testart: Angebotsstatus und Auszahlung
Priorität der Story: Lowest

Ziel
Prüfung, Verhandlung und Übergabe verfolgen

Vorbedingungen
- Die Anwendung ist erreichbar und die erforderlichen Testdaten sind vorbereitet.
- Der Test wird in einer isolierten Umgebung mit nachvollziehbaren Benutzerrollen ausgeführt.

Schritte
1. Adminprüfung durchführen.
2. Preisangebot annehmen oder ablehnen.
3. Übergabe- und Auszahlungsstatus ändern.
4. Benachrichtigungen und Audit prüfen.

Erwartetes Ergebnis
Jeder Übergang ist nachvollziehbar, berechtigt und erzeugt die richtigen Informationen für alle Beteiligten.

Responsive Viewports
- Desktop: 1440 x 900 CSS-Pixel.
- Full HD: 1920 x 1080 CSS-Pixel.
- WQHD: 2560 x 1440 CSS-Pixel.
- Ultrawide: 3440 x 1440 CSS-Pixel.
- 4K: 3840 x 2160 CSS-Pixel.
- Tablet: 768 x 1024 CSS-Pixel.
- Smartphone: 390 x 844 CSS-Pixel.
- Bei UI-Tests jeden definierten Viewport pruefen und je Viewport einen eigenen Screenshot am Testlauf hinterlegen.

Beleg und Nachbereitung
- Fuer jeden einzelnen Testschritt unmittelbar nach der Ausfuehrung einen Screenshot als Anhang am Testlauf hinterlegen.
- Der Screenshot muss die relevante Ausgangslage bzw. Eingabe und das sichtbare Ergebnis des jeweiligen Schrittes nachvollziehbar zeigen.
- Alle Schritte des Tests muessen einen eigenen Nachweis besitzen; bei Eingabeschritten sind Eingabe und anschliessende Reaktion zu dokumentieren.
- PASS nur vergeben, wenn alle Schritte erfolgreich abgeschlossen und fuer alle Schritte Screenshots hinterlegt sind.
- FAIL oder BLOCKED ebenfalls mit Screenshot(s), tatsaechlichem Ergebnis, Datum, Tester und Umgebung dokumentieren; bei FAIL einen Bug mit Reproduktionsschritten und Verweis auf diesen Test anlegen.
- Passwoerter, Tokens, Zahlungsdaten und sonstige Geheimnisse niemals im Klartext speichern; vor dem Anhang maskieren oder schwaerzen."
KAN-748,E6-04 Verkaufsdaten erfassen – Angebot einreichen,"Abgedeckte Story: KAN-71 – E6-04 Verkaufsdaten erfassen
Testart: Angebot einreichen
Priorität der Story: Lowest

Ziel
Eine vollständige Karte als Verkäufer anbieten

Vorbedingungen
- Die Anwendung ist erreichbar und die erforderlichen Testdaten sind vorbereitet.
- Der Test wird in einer isolierten Umgebung mit nachvollziehbaren Benutzerrollen ausgeführt.

Schritte
1. Verkäufer anmelden.
2. Kartendaten, Bilder, Zustand und Preis erfassen.
3. Angebot speichern beziehungsweise einreichen.
4. Status und Bestätigung prüfen.

Erwartetes Ergebnis
Das Angebot ist vollständig, eindeutig und im erwarteten Status sichtbar.

Responsive Viewports
- Desktop: 1440 x 900 CSS-Pixel.
- Full HD: 1920 x 1080 CSS-Pixel.
- WQHD: 2560 x 1440 CSS-Pixel.
- Ultrawide: 3440 x 1440 CSS-Pixel.
- 4K: 3840 x 2160 CSS-Pixel.
- Tablet: 768 x 1024 CSS-Pixel.
- Smartphone: 390 x 844 CSS-Pixel.
- Bei UI-Tests jeden definierten Viewport pruefen und je Viewport einen eigenen Screenshot am Testlauf hinterlegen.

Beleg und Nachbereitung
- Fuer jeden einzelnen Testschritt unmittelbar nach der Ausfuehrung einen Screenshot als Anhang am Testlauf hinterlegen.
- Der Screenshot muss die relevante Ausgangslage bzw. Eingabe und das sichtbare Ergebnis des jeweiligen Schrittes nachvollziehbar zeigen.
- Alle Schritte des Tests muessen einen eigenen Nachweis besitzen; bei Eingabeschritten sind Eingabe und anschliessende Reaktion zu dokumentieren.
- PASS nur vergeben, wenn alle Schritte erfolgreich abgeschlossen und fuer alle Schritte Screenshots hinterlegt sind.
- FAIL oder BLOCKED ebenfalls mit Screenshot(s), tatsaechlichem Ergebnis, Datum, Tester und Umgebung dokumentieren; bei FAIL einen Bug mit Reproduktionsschritten und Verweis auf diesen Test anlegen.
- Passwoerter, Tokens, Zahlungsdaten und sonstige Geheimnisse niemals im Klartext speichern; vor dem Anhang maskieren oder schwaerzen."
KAN-749,E6-04 Verkaufsdaten erfassen – Ungültige und fremde Daten,"Abgedeckte Story: KAN-71 – E6-04 Verkaufsdaten erfassen
Testart: Ungültige und fremde Daten
Priorität der Story: Lowest

Ziel
Verkäuferfehler und Berechtigungen prüfen

Vorbedingungen
- Die Anwendung ist erreichbar und die erforderlichen Testdaten sind vorbereitet.
- Der Test wird in einer isolierten Umgebung mit nachvollziehbaren Benutzerrollen ausgeführt.

Schritte
1. Fehlende oder ungültige Daten senden.
2. Zu große oder falsche Bilder verwenden.
3. Fremdes Angebot über URL/API aufrufen.
4. Fehler beheben und erneut speichern.

Erwartetes Ergebnis
Fehler sind verständlich; fremde Daten bleiben geschützt; gültige Teildaten gehen nicht verloren.

Responsive Viewports
- Desktop: 1440 x 900 CSS-Pixel.
- Full HD: 1920 x 1080 CSS-Pixel.
- WQHD: 2560 x 1440 CSS-Pixel.
- Ultrawide: 3440 x 1440 CSS-Pixel.
- 4K: 3840 x 2160 CSS-Pixel.
- Tablet: 768 x 1024 CSS-Pixel.
- Smartphone: 390 x 844 CSS-Pixel.
- Bei UI-Tests jeden definierten Viewport pruefen und je Viewport einen eigenen Screenshot am Testlauf hinterlegen.

Beleg und Nachbereitung
- Fuer jeden einzelnen Testschritt unmittelbar nach der Ausfuehrung einen Screenshot als Anhang am Testlauf hinterlegen.
- Der Screenshot muss die relevante Ausgangslage bzw. Eingabe und das sichtbare Ergebnis des jeweiligen Schrittes nachvollziehbar zeigen.
- Alle Schritte des Tests muessen einen eigenen Nachweis besitzen; bei Eingabeschritten sind Eingabe und anschliessende Reaktion zu dokumentieren.
- PASS nur vergeben, wenn alle Schritte erfolgreich abgeschlossen und fuer alle Schritte Screenshots hinterlegt sind.
- FAIL oder BLOCKED ebenfalls mit Screenshot(s), tatsaechlichem Ergebnis, Datum, Tester und Umgebung dokumentieren; bei FAIL einen Bug mit Reproduktionsschritten und Verweis auf diesen Test anlegen.
- Passwoerter, Tokens, Zahlungsdaten und sonstige Geheimnisse niemals im Klartext speichern; vor dem Anhang maskieren oder schwaerzen."
KAN-750,E6-04 Verkaufsdaten erfassen – Angebotsstatus und Auszahlung,"Abgedeckte Story: KAN-71 – E6-04 Verkaufsdaten erfassen
Testart: Angebotsstatus und Auszahlung
Priorität der Story: Lowest

Ziel
Prüfung, Verhandlung und Übergabe verfolgen

Vorbedingungen
- Die Anwendung ist erreichbar und die erforderlichen Testdaten sind vorbereitet.
- Der Test wird in einer isolierten Umgebung mit nachvollziehbaren Benutzerrollen ausgeführt.

Schritte
1. Adminprüfung durchführen.
2. Preisangebot annehmen oder ablehnen.
3. Übergabe- und Auszahlungsstatus ändern.
4. Benachrichtigungen und Audit prüfen.

Erwartetes Ergebnis
Jeder Übergang ist nachvollziehbar, berechtigt und erzeugt die richtigen Informationen für alle Beteiligten.

Responsive Viewports
- Desktop: 1440 x 900 CSS-Pixel.
- Full HD: 1920 x 1080 CSS-Pixel.
- WQHD: 2560 x 1440 CSS-Pixel.
- Ultrawide: 3440 x 1440 CSS-Pixel.
- 4K: 3840 x 2160 CSS-Pixel.
- Tablet: 768 x 1024 CSS-Pixel.
- Smartphone: 390 x 844 CSS-Pixel.
- Bei UI-Tests jeden definierten Viewport pruefen und je Viewport einen eigenen Screenshot am Testlauf hinterlegen.

Beleg und Nachbereitung
- Fuer jeden einzelnen Testschritt unmittelbar nach der Ausfuehrung einen Screenshot als Anhang am Testlauf hinterlegen.
- Der Screenshot muss die relevante Ausgangslage bzw. Eingabe und das sichtbare Ergebnis des jeweiligen Schrittes nachvollziehbar zeigen.
- Alle Schritte des Tests muessen einen eigenen Nachweis besitzen; bei Eingabeschritten sind Eingabe und anschliessende Reaktion zu dokumentieren.
- PASS nur vergeben, wenn alle Schritte erfolgreich abgeschlossen und fuer alle Schritte Screenshots hinterlegt sind.
- FAIL oder BLOCKED ebenfalls mit Screenshot(s), tatsaechlichem Ergebnis, Datum, Tester und Umgebung dokumentieren; bei FAIL einen Bug mit Reproduktionsschritten und Verweis auf diesen Test anlegen.
- Passwoerter, Tokens, Zahlungsdaten und sonstige Geheimnisse niemals im Klartext speichern; vor dem Anhang maskieren oder schwaerzen."
KAN-751,E6-05 Verkaufszustand angeben – Angebot einreichen,"Abgedeckte Story: KAN-72 – E6-05 Verkaufszustand angeben
Testart: Angebot einreichen
Priorität der Story: Lowest

Ziel
Eine vollständige Karte als Verkäufer anbieten

Vorbedingungen
- Die Anwendung ist erreichbar und die erforderlichen Testdaten sind vorbereitet.
- Der Test wird in einer isolierten Umgebung mit nachvollziehbaren Benutzerrollen ausgeführt.

Schritte
1. Verkäufer anmelden.
2. Kartendaten, Bilder, Zustand und Preis erfassen.
3. Angebot speichern beziehungsweise einreichen.
4. Status und Bestätigung prüfen.

Erwartetes Ergebnis
Das Angebot ist vollständig, eindeutig und im erwarteten Status sichtbar.

Responsive Viewports
- Desktop: 1440 x 900 CSS-Pixel.
- Full HD: 1920 x 1080 CSS-Pixel.
- WQHD: 2560 x 1440 CSS-Pixel.
- Ultrawide: 3440 x 1440 CSS-Pixel.
- 4K: 3840 x 2160 CSS-Pixel.
- Tablet: 768 x 1024 CSS-Pixel.
- Smartphone: 390 x 844 CSS-Pixel.
- Bei UI-Tests jeden definierten Viewport pruefen und je Viewport einen eigenen Screenshot am Testlauf hinterlegen.

Beleg und Nachbereitung
- Fuer jeden einzelnen Testschritt unmittelbar nach der Ausfuehrung einen Screenshot als Anhang am Testlauf hinterlegen.
- Der Screenshot muss die relevante Ausgangslage bzw. Eingabe und das sichtbare Ergebnis des jeweiligen Schrittes nachvollziehbar zeigen.
- Alle Schritte des Tests muessen einen eigenen Nachweis besitzen; bei Eingabeschritten sind Eingabe und anschliessende Reaktion zu dokumentieren.
- PASS nur vergeben, wenn alle Schritte erfolgreich abgeschlossen und fuer alle Schritte Screenshots hinterlegt sind.
- FAIL oder BLOCKED ebenfalls mit Screenshot(s), tatsaechlichem Ergebnis, Datum, Tester und Umgebung dokumentieren; bei FAIL einen Bug mit Reproduktionsschritten und Verweis auf diesen Test anlegen.
- Passwoerter, Tokens, Zahlungsdaten und sonstige Geheimnisse niemals im Klartext speichern; vor dem Anhang maskieren oder schwaerzen."
KAN-752,E6-05 Verkaufszustand angeben – Ungültige und fremde Daten,"Abgedeckte Story: KAN-72 – E6-05 Verkaufszustand angeben
Testart: Ungültige und fremde Daten
Priorität der Story: Lowest

Ziel
Verkäuferfehler und Berechtigungen prüfen

Vorbedingungen
- Die Anwendung ist erreichbar und die erforderlichen Testdaten sind vorbereitet.
- Der Test wird in einer isolierten Umgebung mit nachvollziehbaren Benutzerrollen ausgeführt.

Schritte
1. Fehlende oder ungültige Daten senden.
2. Zu große oder falsche Bilder verwenden.
3. Fremdes Angebot über URL/API aufrufen.
4. Fehler beheben und erneut speichern.

Erwartetes Ergebnis
Fehler sind verständlich; fremde Daten bleiben geschützt; gültige Teildaten gehen nicht verloren.

Responsive Viewports
- Desktop: 1440 x 900 CSS-Pixel.
- Full HD: 1920 x 1080 CSS-Pixel.
- WQHD: 2560 x 1440 CSS-Pixel.
- Ultrawide: 3440 x 1440 CSS-Pixel.
- 4K: 3840 x 2160 CSS-Pixel.
- Tablet: 768 x 1024 CSS-Pixel.
- Smartphone: 390 x 844 CSS-Pixel.
- Bei UI-Tests jeden definierten Viewport pruefen und je Viewport einen eigenen Screenshot am Testlauf hinterlegen.

Beleg und Nachbereitung
- Fuer jeden einzelnen Testschritt unmittelbar nach der Ausfuehrung einen Screenshot als Anhang am Testlauf hinterlegen.
- Der Screenshot muss die relevante Ausgangslage bzw. Eingabe und das sichtbare Ergebnis des jeweiligen Schrittes nachvollziehbar zeigen.
- Alle Schritte des Tests muessen einen eigenen Nachweis besitzen; bei Eingabeschritten sind Eingabe und anschliessende Reaktion zu dokumentieren.
- PASS nur vergeben, wenn alle Schritte erfolgreich abgeschlossen und fuer alle Schritte Screenshots hinterlegt sind.
- FAIL oder BLOCKED ebenfalls mit Screenshot(s), tatsaechlichem Ergebnis, Datum, Tester und Umgebung dokumentieren; bei FAIL einen Bug mit Reproduktionsschritten und Verweis auf diesen Test anlegen.
- Passwoerter, Tokens, Zahlungsdaten und sonstige Geheimnisse niemals im Klartext speichern; vor dem Anhang maskieren oder schwaerzen."
KAN-753,E6-05 Verkaufszustand angeben – Angebotsstatus und Auszahlung,"Abgedeckte Story: KAN-72 – E6-05 Verkaufszustand angeben
Testart: Angebotsstatus und Auszahlung
Priorität der Story: Lowest

Ziel
Prüfung, Verhandlung und Übergabe verfolgen

Vorbedingungen
- Die Anwendung ist erreichbar und die erforderlichen Testdaten sind vorbereitet.
- Der Test wird in einer isolierten Umgebung mit nachvollziehbaren Benutzerrollen ausgeführt.

Schritte
1. Adminprüfung durchführen.
2. Preisangebot annehmen oder ablehnen.
3. Übergabe- und Auszahlungsstatus ändern.
4. Benachrichtigungen und Audit prüfen.

Erwartetes Ergebnis
Jeder Übergang ist nachvollziehbar, berechtigt und erzeugt die richtigen Informationen für alle Beteiligten.

Responsive Viewports
- Desktop: 1440 x 900 CSS-Pixel.
- Full HD: 1920 x 1080 CSS-Pixel.
- WQHD: 2560 x 1440 CSS-Pixel.
- Ultrawide: 3440 x 1440 CSS-Pixel.
- 4K: 3840 x 2160 CSS-Pixel.
- Tablet: 768 x 1024 CSS-Pixel.
- Smartphone: 390 x 844 CSS-Pixel.
- Bei UI-Tests jeden definierten Viewport pruefen und je Viewport einen eigenen Screenshot am Testlauf hinterlegen.

Beleg und Nachbereitung
- Fuer jeden einzelnen Testschritt unmittelbar nach der Ausfuehrung einen Screenshot als Anhang am Testlauf hinterlegen.
- Der Screenshot muss die relevante Ausgangslage bzw. Eingabe und das sichtbare Ergebnis des jeweiligen Schrittes nachvollziehbar zeigen.
- Alle Schritte des Tests muessen einen eigenen Nachweis besitzen; bei Eingabeschritten sind Eingabe und anschliessende Reaktion zu dokumentieren.
- PASS nur vergeben, wenn alle Schritte erfolgreich abgeschlossen und fuer alle Schritte Screenshots hinterlegt sind.
- FAIL oder BLOCKED ebenfalls mit Screenshot(s), tatsaechlichem Ergebnis, Datum, Tester und Umgebung dokumentieren; bei FAIL einen Bug mit Reproduktionsschritten und Verweis auf diesen Test anlegen.
- Passwoerter, Tokens, Zahlungsdaten und sonstige Geheimnisse niemals im Klartext speichern; vor dem Anhang maskieren oder schwaerzen."
KAN-754,E6-06 Preiswunsch angeben – Angebot einreichen,"Abgedeckte Story: KAN-73 – E6-06 Preiswunsch angeben
Testart: Angebot einreichen
Priorität der Story: Lowest

Ziel
Eine vollständige Karte als Verkäufer anbieten

Vorbedingungen
- Die Anwendung ist erreichbar und die erforderlichen Testdaten sind vorbereitet.
- Der Test wird in einer isolierten Umgebung mit nachvollziehbaren Benutzerrollen ausgeführt.

Schritte
1. Verkäufer anmelden.
2. Kartendaten, Bilder, Zustand und Preis erfassen.
3. Angebot speichern beziehungsweise einreichen.
4. Status und Bestätigung prüfen.

Erwartetes Ergebnis
Das Angebot ist vollständig, eindeutig und im erwarteten Status sichtbar.

Responsive Viewports
- Desktop: 1440 x 900 CSS-Pixel.
- Full HD: 1920 x 1080 CSS-Pixel.
- WQHD: 2560 x 1440 CSS-Pixel.
- Ultrawide: 3440 x 1440 CSS-Pixel.
- 4K: 3840 x 2160 CSS-Pixel.
- Tablet: 768 x 1024 CSS-Pixel.
- Smartphone: 390 x 844 CSS-Pixel.
- Bei UI-Tests jeden definierten Viewport pruefen und je Viewport einen eigenen Screenshot am Testlauf hinterlegen.

Beleg und Nachbereitung
- Fuer jeden einzelnen Testschritt unmittelbar nach der Ausfuehrung einen Screenshot als Anhang am Testlauf hinterlegen.
- Der Screenshot muss die relevante Ausgangslage bzw. Eingabe und das sichtbare Ergebnis des jeweiligen Schrittes nachvollziehbar zeigen.
- Alle Schritte des Tests muessen einen eigenen Nachweis besitzen; bei Eingabeschritten sind Eingabe und anschliessende Reaktion zu dokumentieren.
- PASS nur vergeben, wenn alle Schritte erfolgreich abgeschlossen und fuer alle Schritte Screenshots hinterlegt sind.
- FAIL oder BLOCKED ebenfalls mit Screenshot(s), tatsaechlichem Ergebnis, Datum, Tester und Umgebung dokumentieren; bei FAIL einen Bug mit Reproduktionsschritten und Verweis auf diesen Test anlegen.
- Passwoerter, Tokens, Zahlungsdaten und sonstige Geheimnisse niemals im Klartext speichern; vor dem Anhang maskieren oder schwaerzen."
KAN-755,E6-06 Preiswunsch angeben – Ungültige und fremde Daten,"Abgedeckte Story: KAN-73 – E6-06 Preiswunsch angeben
Testart: Ungültige und fremde Daten
Priorität der Story: Lowest

Ziel
Verkäuferfehler und Berechtigungen prüfen

Vorbedingungen
- Die Anwendung ist erreichbar und die erforderlichen Testdaten sind vorbereitet.
- Der Test wird in einer isolierten Umgebung mit nachvollziehbaren Benutzerrollen ausgeführt.

Schritte
1. Fehlende oder ungültige Daten senden.
2. Zu große oder falsche Bilder verwenden.
3. Fremdes Angebot über URL/API aufrufen.
4. Fehler beheben und erneut speichern.

Erwartetes Ergebnis
Fehler sind verständlich; fremde Daten bleiben geschützt; gültige Teildaten gehen nicht verloren.

Responsive Viewports
- Desktop: 1440 x 900 CSS-Pixel.
- Full HD: 1920 x 1080 CSS-Pixel.
- WQHD: 2560 x 1440 CSS-Pixel.
- Ultrawide: 3440 x 1440 CSS-Pixel.
- 4K: 3840 x 2160 CSS-Pixel.
- Tablet: 768 x 1024 CSS-Pixel.
- Smartphone: 390 x 844 CSS-Pixel.
- Bei UI-Tests jeden definierten Viewport pruefen und je Viewport einen eigenen Screenshot am Testlauf hinterlegen.

Beleg und Nachbereitung
- Fuer jeden einzelnen Testschritt unmittelbar nach der Ausfuehrung einen Screenshot als Anhang am Testlauf hinterlegen.
- Der Screenshot muss die relevante Ausgangslage bzw. Eingabe und das sichtbare Ergebnis des jeweiligen Schrittes nachvollziehbar zeigen.
- Alle Schritte des Tests muessen einen eigenen Nachweis besitzen; bei Eingabeschritten sind Eingabe und anschliessende Reaktion zu dokumentieren.
- PASS nur vergeben, wenn alle Schritte erfolgreich abgeschlossen und fuer alle Schritte Screenshots hinterlegt sind.
- FAIL oder BLOCKED ebenfalls mit Screenshot(s), tatsaechlichem Ergebnis, Datum, Tester und Umgebung dokumentieren; bei FAIL einen Bug mit Reproduktionsschritten und Verweis auf diesen Test anlegen.
- Passwoerter, Tokens, Zahlungsdaten und sonstige Geheimnisse niemals im Klartext speichern; vor dem Anhang maskieren oder schwaerzen."
KAN-756,E6-06 Preiswunsch angeben – Angebotsstatus und Auszahlung,"Abgedeckte Story: KAN-73 – E6-06 Preiswunsch angeben
Testart: Angebotsstatus und Auszahlung
Priorität der Story: Lowest

Ziel
Prüfung, Verhandlung und Übergabe verfolgen

Vorbedingungen
- Die Anwendung ist erreichbar und die erforderlichen Testdaten sind vorbereitet.
- Der Test wird in einer isolierten Umgebung mit nachvollziehbaren Benutzerrollen ausgeführt.

Schritte
1. Adminprüfung durchführen.
2. Preisangebot annehmen oder ablehnen.
3. Übergabe- und Auszahlungsstatus ändern.
4. Benachrichtigungen und Audit prüfen.

Erwartetes Ergebnis
Jeder Übergang ist nachvollziehbar, berechtigt und erzeugt die richtigen Informationen für alle Beteiligten.

Responsive Viewports
- Desktop: 1440 x 900 CSS-Pixel.
- Full HD: 1920 x 1080 CSS-Pixel.
- WQHD: 2560 x 1440 CSS-Pixel.
- Ultrawide: 3440 x 1440 CSS-Pixel.
- 4K: 3840 x 2160 CSS-Pixel.
- Tablet: 768 x 1024 CSS-Pixel.
- Smartphone: 390 x 844 CSS-Pixel.
- Bei UI-Tests jeden definierten Viewport pruefen und je Viewport einen eigenen Screenshot am Testlauf hinterlegen.

Beleg und Nachbereitung
- Fuer jeden einzelnen Testschritt unmittelbar nach der Ausfuehrung einen Screenshot als Anhang am Testlauf hinterlegen.
- Der Screenshot muss die relevante Ausgangslage bzw. Eingabe und das sichtbare Ergebnis des jeweiligen Schrittes nachvollziehbar zeigen.
- Alle Schritte des Tests muessen einen eigenen Nachweis besitzen; bei Eingabeschritten sind Eingabe und anschliessende Reaktion zu dokumentieren.
- PASS nur vergeben, wenn alle Schritte erfolgreich abgeschlossen und fuer alle Schritte Screenshots hinterlegt sind.
- FAIL oder BLOCKED ebenfalls mit Screenshot(s), tatsaechlichem Ergebnis, Datum, Tester und Umgebung dokumentieren; bei FAIL einen Bug mit Reproduktionsschritten und Verweis auf diesen Test anlegen.
- Passwoerter, Tokens, Zahlungsdaten und sonstige Geheimnisse niemals im Klartext speichern; vor dem Anhang maskieren oder schwaerzen."
KAN-757,E6-07 Verkaufsangebot speichern – Angebot einreichen,"Abgedeckte Story: KAN-74 – E6-07 Verkaufsangebot speichern
Testart: Angebot einreichen
Priorität der Story: Lowest

Ziel
Eine vollständige Karte als Verkäufer anbieten

Vorbedingungen
- Die Anwendung ist erreichbar und die erforderlichen Testdaten sind vorbereitet.
- Der Test wird in einer isolierten Umgebung mit nachvollziehbaren Benutzerrollen ausgeführt.

Schritte
1. Verkäufer anmelden.
2. Kartendaten, Bilder, Zustand und Preis erfassen.
3. Angebot speichern beziehungsweise einreichen.
4. Status und Bestätigung prüfen.

Erwartetes Ergebnis
Das Angebot ist vollständig, eindeutig und im erwarteten Status sichtbar.

Responsive Viewports
- Desktop: 1440 x 900 CSS-Pixel.
- Full HD: 1920 x 1080 CSS-Pixel.
- WQHD: 2560 x 1440 CSS-Pixel.
- Ultrawide: 3440 x 1440 CSS-Pixel.
- 4K: 3840 x 2160 CSS-Pixel.
- Tablet: 768 x 1024 CSS-Pixel.
- Smartphone: 390 x 844 CSS-Pixel.
- Bei UI-Tests jeden definierten Viewport pruefen und je Viewport einen eigenen Screenshot am Testlauf hinterlegen.

Beleg und Nachbereitung
- Fuer jeden einzelnen Testschritt unmittelbar nach der Ausfuehrung einen Screenshot als Anhang am Testlauf hinterlegen.
- Der Screenshot muss die relevante Ausgangslage bzw. Eingabe und das sichtbare Ergebnis des jeweiligen Schrittes nachvollziehbar zeigen.
- Alle Schritte des Tests muessen einen eigenen Nachweis besitzen; bei Eingabeschritten sind Eingabe und anschliessende Reaktion zu dokumentieren.
- PASS nur vergeben, wenn alle Schritte erfolgreich abgeschlossen und fuer alle Schritte Screenshots hinterlegt sind.
- FAIL oder BLOCKED ebenfalls mit Screenshot(s), tatsaechlichem Ergebnis, Datum, Tester und Umgebung dokumentieren; bei FAIL einen Bug mit Reproduktionsschritten und Verweis auf diesen Test anlegen.
- Passwoerter, Tokens, Zahlungsdaten und sonstige Geheimnisse niemals im Klartext speichern; vor dem Anhang maskieren oder schwaerzen."
KAN-758,E6-07 Verkaufsangebot speichern – Ungültige und fremde Daten,"Abgedeckte Story: KAN-74 – E6-07 Verkaufsangebot speichern
Testart: Ungültige und fremde Daten
Priorität der Story: Lowest

Ziel
Verkäuferfehler und Berechtigungen prüfen

Vorbedingungen
- Die Anwendung ist erreichbar und die erforderlichen Testdaten sind vorbereitet.
- Der Test wird in einer isolierten Umgebung mit nachvollziehbaren Benutzerrollen ausgeführt.

Schritte
1. Fehlende oder ungültige Daten senden.
2. Zu große oder falsche Bilder verwenden.
3. Fremdes Angebot über URL/API aufrufen.
4. Fehler beheben und erneut speichern.

Erwartetes Ergebnis
Fehler sind verständlich; fremde Daten bleiben geschützt; gültige Teildaten gehen nicht verloren.

Responsive Viewports
- Desktop: 1440 x 900 CSS-Pixel.
- Full HD: 1920 x 1080 CSS-Pixel.
- WQHD: 2560 x 1440 CSS-Pixel.
- Ultrawide: 3440 x 1440 CSS-Pixel.
- 4K: 3840 x 2160 CSS-Pixel.
- Tablet: 768 x 1024 CSS-Pixel.
- Smartphone: 390 x 844 CSS-Pixel.
- Bei UI-Tests jeden definierten Viewport pruefen und je Viewport einen eigenen Screenshot am Testlauf hinterlegen.

Beleg und Nachbereitung
- Fuer jeden einzelnen Testschritt unmittelbar nach der Ausfuehrung einen Screenshot als Anhang am Testlauf hinterlegen.
- Der Screenshot muss die relevante Ausgangslage bzw. Eingabe und das sichtbare Ergebnis des jeweiligen Schrittes nachvollziehbar zeigen.
- Alle Schritte des Tests muessen einen eigenen Nachweis besitzen; bei Eingabeschritten sind Eingabe und anschliessende Reaktion zu dokumentieren.
- PASS nur vergeben, wenn alle Schritte erfolgreich abgeschlossen und fuer alle Schritte Screenshots hinterlegt sind.
- FAIL oder BLOCKED ebenfalls mit Screenshot(s), tatsaechlichem Ergebnis, Datum, Tester und Umgebung dokumentieren; bei FAIL einen Bug mit Reproduktionsschritten und Verweis auf diesen Test anlegen.
- Passwoerter, Tokens, Zahlungsdaten und sonstige Geheimnisse niemals im Klartext speichern; vor dem Anhang maskieren oder schwaerzen."
KAN-759,E6-07 Verkaufsangebot speichern – Angebotsstatus und Auszahlung,"Abgedeckte Story: KAN-74 – E6-07 Verkaufsangebot speichern
Testart: Angebotsstatus und Auszahlung
Priorität der Story: Lowest

Ziel
Prüfung, Verhandlung und Übergabe verfolgen

Vorbedingungen
- Die Anwendung ist erreichbar und die erforderlichen Testdaten sind vorbereitet.
- Der Test wird in einer isolierten Umgebung mit nachvollziehbaren Benutzerrollen ausgeführt.

Schritte
1. Adminprüfung durchführen.
2. Preisangebot annehmen oder ablehnen.
3. Übergabe- und Auszahlungsstatus ändern.
4. Benachrichtigungen und Audit prüfen.

Erwartetes Ergebnis
Jeder Übergang ist nachvollziehbar, berechtigt und erzeugt die richtigen Informationen für alle Beteiligten.

Responsive Viewports
- Desktop: 1440 x 900 CSS-Pixel.
- Full HD: 1920 x 1080 CSS-Pixel.
- WQHD: 2560 x 1440 CSS-Pixel.
- Ultrawide: 3440 x 1440 CSS-Pixel.
- 4K: 3840 x 2160 CSS-Pixel.
- Tablet: 768 x 1024 CSS-Pixel.
- Smartphone: 390 x 844 CSS-Pixel.
- Bei UI-Tests jeden definierten Viewport pruefen und je Viewport einen eigenen Screenshot am Testlauf hinterlegen.

Beleg und Nachbereitung
- Fuer jeden einzelnen Testschritt unmittelbar nach der Ausfuehrung einen Screenshot als Anhang am Testlauf hinterlegen.
- Der Screenshot muss die relevante Ausgangslage bzw. Eingabe und das sichtbare Ergebnis des jeweiligen Schrittes nachvollziehbar zeigen.
- Alle Schritte des Tests muessen einen eigenen Nachweis besitzen; bei Eingabeschritten sind Eingabe und anschliessende Reaktion zu dokumentieren.
- PASS nur vergeben, wenn alle Schritte erfolgreich abgeschlossen und fuer alle Schritte Screenshots hinterlegt sind.
- FAIL oder BLOCKED ebenfalls mit Screenshot(s), tatsaechlichem Ergebnis, Datum, Tester und Umgebung dokumentieren; bei FAIL einen Bug mit Reproduktionsschritten und Verweis auf diesen Test anlegen.
- Passwoerter, Tokens, Zahlungsdaten und sonstige Geheimnisse niemals im Klartext speichern; vor dem Anhang maskieren oder schwaerzen."
KAN-760,E6-08 Angebotsstatus verfolgen – Angebot einreichen,"Abgedeckte Story: KAN-75 – E6-08 Angebotsstatus verfolgen
Testart: Angebot einreichen
Priorität der Story: Lowest

Ziel
Eine vollständige Karte als Verkäufer anbieten

Vorbedingungen
- Die Anwendung ist erreichbar und die erforderlichen Testdaten sind vorbereitet.
- Der Test wird in einer isolierten Umgebung mit nachvollziehbaren Benutzerrollen ausgeführt.

Schritte
1. Verkäufer anmelden.
2. Kartendaten, Bilder, Zustand und Preis erfassen.
3. Angebot speichern beziehungsweise einreichen.
4. Status und Bestätigung prüfen.

Erwartetes Ergebnis
Das Angebot ist vollständig, eindeutig und im erwarteten Status sichtbar.

Responsive Viewports
- Desktop: 1440 x 900 CSS-Pixel.
- Full HD: 1920 x 1080 CSS-Pixel.
- WQHD: 2560 x 1440 CSS-Pixel.
- Ultrawide: 3440 x 1440 CSS-Pixel.
- 4K: 3840 x 2160 CSS-Pixel.
- Tablet: 768 x 1024 CSS-Pixel.
- Smartphone: 390 x 844 CSS-Pixel.
- Bei UI-Tests jeden definierten Viewport pruefen und je Viewport einen eigenen Screenshot am Testlauf hinterlegen.

Beleg und Nachbereitung
- Fuer jeden einzelnen Testschritt unmittelbar nach der Ausfuehrung einen Screenshot als Anhang am Testlauf hinterlegen.
- Der Screenshot muss die relevante Ausgangslage bzw. Eingabe und das sichtbare Ergebnis des jeweiligen Schrittes nachvollziehbar zeigen.
- Alle Schritte des Tests muessen einen eigenen Nachweis besitzen; bei Eingabeschritten sind Eingabe und anschliessende Reaktion zu dokumentieren.
- PASS nur vergeben, wenn alle Schritte erfolgreich abgeschlossen und fuer alle Schritte Screenshots hinterlegt sind.
- FAIL oder BLOCKED ebenfalls mit Screenshot(s), tatsaechlichem Ergebnis, Datum, Tester und Umgebung dokumentieren; bei FAIL einen Bug mit Reproduktionsschritten und Verweis auf diesen Test anlegen.
- Passwoerter, Tokens, Zahlungsdaten und sonstige Geheimnisse niemals im Klartext speichern; vor dem Anhang maskieren oder schwaerzen."
KAN-761,E6-08 Angebotsstatus verfolgen – Ungültige und fremde Daten,"Abgedeckte Story: KAN-75 – E6-08 Angebotsstatus verfolgen
Testart: Ungültige und fremde Daten
Priorität der Story: Lowest

Ziel
Verkäuferfehler und Berechtigungen prüfen

Vorbedingungen
- Die Anwendung ist erreichbar und die erforderlichen Testdaten sind vorbereitet.
- Der Test wird in einer isolierten Umgebung mit nachvollziehbaren Benutzerrollen ausgeführt.

Schritte
1. Fehlende oder ungültige Daten senden.
2. Zu große oder falsche Bilder verwenden.
3. Fremdes Angebot über URL/API aufrufen.
4. Fehler beheben und erneut speichern.

Erwartetes Ergebnis
Fehler sind verständlich; fremde Daten bleiben geschützt; gültige Teildaten gehen nicht verloren.

Responsive Viewports
- Desktop: 1440 x 900 CSS-Pixel.
- Full HD: 1920 x 1080 CSS-Pixel.
- WQHD: 2560 x 1440 CSS-Pixel.
- Ultrawide: 3440 x 1440 CSS-Pixel.
- 4K: 3840 x 2160 CSS-Pixel.
- Tablet: 768 x 1024 CSS-Pixel.
- Smartphone: 390 x 844 CSS-Pixel.
- Bei UI-Tests jeden definierten Viewport pruefen und je Viewport einen eigenen Screenshot am Testlauf hinterlegen.

Beleg und Nachbereitung
- Fuer jeden einzelnen Testschritt unmittelbar nach der Ausfuehrung einen Screenshot als Anhang am Testlauf hinterlegen.
- Der Screenshot muss die relevante Ausgangslage bzw. Eingabe und das sichtbare Ergebnis des jeweiligen Schrittes nachvollziehbar zeigen.
- Alle Schritte des Tests muessen einen eigenen Nachweis besitzen; bei Eingabeschritten sind Eingabe und anschliessende Reaktion zu dokumentieren.
- PASS nur vergeben, wenn alle Schritte erfolgreich abgeschlossen und fuer alle Schritte Screenshots hinterlegt sind.
- FAIL oder BLOCKED ebenfalls mit Screenshot(s), tatsaechlichem Ergebnis, Datum, Tester und Umgebung dokumentieren; bei FAIL einen Bug mit Reproduktionsschritten und Verweis auf diesen Test anlegen.
- Passwoerter, Tokens, Zahlungsdaten und sonstige Geheimnisse niemals im Klartext speichern; vor dem Anhang maskieren oder schwaerzen."
KAN-762,E6-08 Angebotsstatus verfolgen – Angebotsstatus und Auszahlung,"Abgedeckte Story: KAN-75 – E6-08 Angebotsstatus verfolgen
Testart: Angebotsstatus und Auszahlung
Priorität der Story: Lowest

Ziel
Prüfung, Verhandlung und Übergabe verfolgen

Vorbedingungen
- Die Anwendung ist erreichbar und die erforderlichen Testdaten sind vorbereitet.
- Der Test wird in einer isolierten Umgebung mit nachvollziehbaren Benutzerrollen ausgeführt.

Schritte
1. Adminprüfung durchführen.
2. Preisangebot annehmen oder ablehnen.
3. Übergabe- und Auszahlungsstatus ändern.
4. Benachrichtigungen und Audit prüfen.

Erwartetes Ergebnis
Jeder Übergang ist nachvollziehbar, berechtigt und erzeugt die richtigen Informationen für alle Beteiligten.

Responsive Viewports
- Desktop: 1440 x 900 CSS-Pixel.
- Full HD: 1920 x 1080 CSS-Pixel.
- WQHD: 2560 x 1440 CSS-Pixel.
- Ultrawide: 3440 x 1440 CSS-Pixel.
- 4K: 3840 x 2160 CSS-Pixel.
- Tablet: 768 x 1024 CSS-Pixel.
- Smartphone: 390 x 844 CSS-Pixel.
- Bei UI-Tests jeden definierten Viewport pruefen und je Viewport einen eigenen Screenshot am Testlauf hinterlegen.

Beleg und Nachbereitung
- Fuer jeden einzelnen Testschritt unmittelbar nach der Ausfuehrung einen Screenshot als Anhang am Testlauf hinterlegen.
- Der Screenshot muss die relevante Ausgangslage bzw. Eingabe und das sichtbare Ergebnis des jeweiligen Schrittes nachvollziehbar zeigen.
- Alle Schritte des Tests muessen einen eigenen Nachweis besitzen; bei Eingabeschritten sind Eingabe und anschliessende Reaktion zu dokumentieren.
- PASS nur vergeben, wenn alle Schritte erfolgreich abgeschlossen und fuer alle Schritte Screenshots hinterlegt sind.
- FAIL oder BLOCKED ebenfalls mit Screenshot(s), tatsaechlichem Ergebnis, Datum, Tester und Umgebung dokumentieren; bei FAIL einen Bug mit Reproduktionsschritten und Verweis auf diesen Test anlegen.
- Passwoerter, Tokens, Zahlungsdaten und sonstige Geheimnisse niemals im Klartext speichern; vor dem Anhang maskieren oder schwaerzen."
KAN-763,E6-09 Verkaufsangebote prüfen – Angebot einreichen,"Abgedeckte Story: KAN-76 – E6-09 Verkaufsangebote prüfen
Testart: Angebot einreichen
Priorität der Story: Lowest

Ziel
Eine vollständige Karte als Verkäufer anbieten

Vorbedingungen
- Die Anwendung ist erreichbar und die erforderlichen Testdaten sind vorbereitet.
- Der Test wird in einer isolierten Umgebung mit nachvollziehbaren Benutzerrollen ausgeführt.

Schritte
1. Verkäufer anmelden.
2. Kartendaten, Bilder, Zustand und Preis erfassen.
3. Angebot speichern beziehungsweise einreichen.
4. Status und Bestätigung prüfen.

Erwartetes Ergebnis
Das Angebot ist vollständig, eindeutig und im erwarteten Status sichtbar.

Responsive Viewports
- Desktop: 1440 x 900 CSS-Pixel.
- Full HD: 1920 x 1080 CSS-Pixel.
- WQHD: 2560 x 1440 CSS-Pixel.
- Ultrawide: 3440 x 1440 CSS-Pixel.
- 4K: 3840 x 2160 CSS-Pixel.
- Tablet: 768 x 1024 CSS-Pixel.
- Smartphone: 390 x 844 CSS-Pixel.
- Bei UI-Tests jeden definierten Viewport pruefen und je Viewport einen eigenen Screenshot am Testlauf hinterlegen.

Beleg und Nachbereitung
- Fuer jeden einzelnen Testschritt unmittelbar nach der Ausfuehrung einen Screenshot als Anhang am Testlauf hinterlegen.
- Der Screenshot muss die relevante Ausgangslage bzw. Eingabe und das sichtbare Ergebnis des jeweiligen Schrittes nachvollziehbar zeigen.
- Alle Schritte des Tests muessen einen eigenen Nachweis besitzen; bei Eingabeschritten sind Eingabe und anschliessende Reaktion zu dokumentieren.
- PASS nur vergeben, wenn alle Schritte erfolgreich abgeschlossen und fuer alle Schritte Screenshots hinterlegt sind.
- FAIL oder BLOCKED ebenfalls mit Screenshot(s), tatsaechlichem Ergebnis, Datum, Tester und Umgebung dokumentieren; bei FAIL einen Bug mit Reproduktionsschritten und Verweis auf diesen Test anlegen.
- Passwoerter, Tokens, Zahlungsdaten und sonstige Geheimnisse niemals im Klartext speichern; vor dem Anhang maskieren oder schwaerzen."
KAN-764,E6-09 Verkaufsangebote prüfen – Ungültige und fremde Daten,"Abgedeckte Story: KAN-76 – E6-09 Verkaufsangebote prüfen
Testart: Ungültige und fremde Daten
Priorität der Story: Lowest

Ziel
Verkäuferfehler und Berechtigungen prüfen

Vorbedingungen
- Die Anwendung ist erreichbar und die erforderlichen Testdaten sind vorbereitet.
- Der Test wird in einer isolierten Umgebung mit nachvollziehbaren Benutzerrollen ausgeführt.

Schritte
1. Fehlende oder ungültige Daten senden.
2. Zu große oder falsche Bilder verwenden.
3. Fremdes Angebot über URL/API aufrufen.
4. Fehler beheben und erneut speichern.

Erwartetes Ergebnis
Fehler sind verständlich; fremde Daten bleiben geschützt; gültige Teildaten gehen nicht verloren.

Responsive Viewports
- Desktop: 1440 x 900 CSS-Pixel.
- Full HD: 1920 x 1080 CSS-Pixel.
- WQHD: 2560 x 1440 CSS-Pixel.
- Ultrawide: 3440 x 1440 CSS-Pixel.
- 4K: 3840 x 2160 CSS-Pixel.
- Tablet: 768 x 1024 CSS-Pixel.
- Smartphone: 390 x 844 CSS-Pixel.
- Bei UI-Tests jeden definierten Viewport pruefen und je Viewport einen eigenen Screenshot am Testlauf hinterlegen.

Beleg und Nachbereitung
- Fuer jeden einzelnen Testschritt unmittelbar nach der Ausfuehrung einen Screenshot als Anhang am Testlauf hinterlegen.
- Der Screenshot muss die relevante Ausgangslage bzw. Eingabe und das sichtbare Ergebnis des jeweiligen Schrittes nachvollziehbar zeigen.
- Alle Schritte des Tests muessen einen eigenen Nachweis besitzen; bei Eingabeschritten sind Eingabe und anschliessende Reaktion zu dokumentieren.
- PASS nur vergeben, wenn alle Schritte erfolgreich abgeschlossen und fuer alle Schritte Screenshots hinterlegt sind.
- FAIL oder BLOCKED ebenfalls mit Screenshot(s), tatsaechlichem Ergebnis, Datum, Tester und Umgebung dokumentieren; bei FAIL einen Bug mit Reproduktionsschritten und Verweis auf diesen Test anlegen.
- Passwoerter, Tokens, Zahlungsdaten und sonstige Geheimnisse niemals im Klartext speichern; vor dem Anhang maskieren oder schwaerzen."
KAN-765,E6-09 Verkaufsangebote prüfen – Angebotsstatus und Auszahlung,"Abgedeckte Story: KAN-76 – E6-09 Verkaufsangebote prüfen
Testart: Angebotsstatus und Auszahlung
Priorität der Story: Lowest

Ziel
Prüfung, Verhandlung und Übergabe verfolgen

Vorbedingungen
- Die Anwendung ist erreichbar und die erforderlichen Testdaten sind vorbereitet.
- Der Test wird in einer isolierten Umgebung mit nachvollziehbaren Benutzerrollen ausgeführt.

Schritte
1. Adminprüfung durchführen.
2. Preisangebot annehmen oder ablehnen.
3. Übergabe- und Auszahlungsstatus ändern.
4. Benachrichtigungen und Audit prüfen.

Erwartetes Ergebnis
Jeder Übergang ist nachvollziehbar, berechtigt und erzeugt die richtigen Informationen für alle Beteiligten.

Responsive Viewports
- Desktop: 1440 x 900 CSS-Pixel.
- Full HD: 1920 x 1080 CSS-Pixel.
- WQHD: 2560 x 1440 CSS-Pixel.
- Ultrawide: 3440 x 1440 CSS-Pixel.
- 4K: 3840 x 2160 CSS-Pixel.
- Tablet: 768 x 1024 CSS-Pixel.
- Smartphone: 390 x 844 CSS-Pixel.
- Bei UI-Tests jeden definierten Viewport pruefen und je Viewport einen eigenen Screenshot am Testlauf hinterlegen.

Beleg und Nachbereitung
- Fuer jeden einzelnen Testschritt unmittelbar nach der Ausfuehrung einen Screenshot als Anhang am Testlauf hinterlegen.
- Der Screenshot muss die relevante Ausgangslage bzw. Eingabe und das sichtbare Ergebnis des jeweiligen Schrittes nachvollziehbar zeigen.
- Alle Schritte des Tests muessen einen eigenen Nachweis besitzen; bei Eingabeschritten sind Eingabe und anschliessende Reaktion zu dokumentieren.
- PASS nur vergeben, wenn alle Schritte erfolgreich abgeschlossen und fuer alle Schritte Screenshots hinterlegt sind.
- FAIL oder BLOCKED ebenfalls mit Screenshot(s), tatsaechlichem Ergebnis, Datum, Tester und Umgebung dokumentieren; bei FAIL einen Bug mit Reproduktionsschritten und Verweis auf diesen Test anlegen.
- Passwoerter, Tokens, Zahlungsdaten und sonstige Geheimnisse niemals im Klartext speichern; vor dem Anhang maskieren oder schwaerzen."
KAN-766,E6-10 Angebot unterbreiten – Angebot einreichen,"Abgedeckte Story: KAN-77 – E6-10 Angebot unterbreiten
Testart: Angebot einreichen
Priorität der Story: Lowest

Ziel
Eine vollständige Karte als Verkäufer anbieten

Vorbedingungen
- Die Anwendung ist erreichbar und die erforderlichen Testdaten sind vorbereitet.
- Der Test wird in einer isolierten Umgebung mit nachvollziehbaren Benutzerrollen ausgeführt.

Schritte
1. Verkäufer anmelden.
2. Kartendaten, Bilder, Zustand und Preis erfassen.
3. Angebot speichern beziehungsweise einreichen.
4. Status und Bestätigung prüfen.

Erwartetes Ergebnis
Das Angebot ist vollständig, eindeutig und im erwarteten Status sichtbar.

Responsive Viewports
- Desktop: 1440 x 900 CSS-Pixel.
- Full HD: 1920 x 1080 CSS-Pixel.
- WQHD: 2560 x 1440 CSS-Pixel.
- Ultrawide: 3440 x 1440 CSS-Pixel.
- 4K: 3840 x 2160 CSS-Pixel.
- Tablet: 768 x 1024 CSS-Pixel.
- Smartphone: 390 x 844 CSS-Pixel.
- Bei UI-Tests jeden definierten Viewport pruefen und je Viewport einen eigenen Screenshot am Testlauf hinterlegen.

Beleg und Nachbereitung
- Fuer jeden einzelnen Testschritt unmittelbar nach der Ausfuehrung einen Screenshot als Anhang am Testlauf hinterlegen.
- Der Screenshot muss die relevante Ausgangslage bzw. Eingabe und das sichtbare Ergebnis des jeweiligen Schrittes nachvollziehbar zeigen.
- Alle Schritte des Tests muessen einen eigenen Nachweis besitzen; bei Eingabeschritten sind Eingabe und anschliessende Reaktion zu dokumentieren.
- PASS nur vergeben, wenn alle Schritte erfolgreich abgeschlossen und fuer alle Schritte Screenshots hinterlegt sind.
- FAIL oder BLOCKED ebenfalls mit Screenshot(s), tatsaechlichem Ergebnis, Datum, Tester und Umgebung dokumentieren; bei FAIL einen Bug mit Reproduktionsschritten und Verweis auf diesen Test anlegen.
- Passwoerter, Tokens, Zahlungsdaten und sonstige Geheimnisse niemals im Klartext speichern; vor dem Anhang maskieren oder schwaerzen."
KAN-767,E6-10 Angebot unterbreiten – Ungültige und fremde Daten,"Abgedeckte Story: KAN-77 – E6-10 Angebot unterbreiten
Testart: Ungültige und fremde Daten
Priorität der Story: Lowest

Ziel
Verkäuferfehler und Berechtigungen prüfen

Vorbedingungen
- Die Anwendung ist erreichbar und die erforderlichen Testdaten sind vorbereitet.
- Der Test wird in einer isolierten Umgebung mit nachvollziehbaren Benutzerrollen ausgeführt.

Schritte
1. Fehlende oder ungültige Daten senden.
2. Zu große oder falsche Bilder verwenden.
3. Fremdes Angebot über URL/API aufrufen.
4. Fehler beheben und erneut speichern.

Erwartetes Ergebnis
Fehler sind verständlich; fremde Daten bleiben geschützt; gültige Teildaten gehen nicht verloren.

Responsive Viewports
- Desktop: 1440 x 900 CSS-Pixel.
- Full HD: 1920 x 1080 CSS-Pixel.
- WQHD: 2560 x 1440 CSS-Pixel.
- Ultrawide: 3440 x 1440 CSS-Pixel.
- 4K: 3840 x 2160 CSS-Pixel.
- Tablet: 768 x 1024 CSS-Pixel.
- Smartphone: 390 x 844 CSS-Pixel.
- Bei UI-Tests jeden definierten Viewport pruefen und je Viewport einen eigenen Screenshot am Testlauf hinterlegen.

Beleg und Nachbereitung
- Fuer jeden einzelnen Testschritt unmittelbar nach der Ausfuehrung einen Screenshot als Anhang am Testlauf hinterlegen.
- Der Screenshot muss die relevante Ausgangslage bzw. Eingabe und das sichtbare Ergebnis des jeweiligen Schrittes nachvollziehbar zeigen.
- Alle Schritte des Tests muessen einen eigenen Nachweis besitzen; bei Eingabeschritten sind Eingabe und anschliessende Reaktion zu dokumentieren.
- PASS nur vergeben, wenn alle Schritte erfolgreich abgeschlossen und fuer alle Schritte Screenshots hinterlegt sind.
- FAIL oder BLOCKED ebenfalls mit Screenshot(s), tatsaechlichem Ergebnis, Datum, Tester und Umgebung dokumentieren; bei FAIL einen Bug mit Reproduktionsschritten und Verweis auf diesen Test anlegen.
- Passwoerter, Tokens, Zahlungsdaten und sonstige Geheimnisse niemals im Klartext speichern; vor dem Anhang maskieren oder schwaerzen."
KAN-768,E6-10 Angebot unterbreiten – Angebotsstatus und Auszahlung,"Abgedeckte Story: KAN-77 – E6-10 Angebot unterbreiten
Testart: Angebotsstatus und Auszahlung
Priorität der Story: Lowest

Ziel
Prüfung, Verhandlung und Übergabe verfolgen

Vorbedingungen
- Die Anwendung ist erreichbar und die erforderlichen Testdaten sind vorbereitet.
- Der Test wird in einer isolierten Umgebung mit nachvollziehbaren Benutzerrollen ausgeführt.

Schritte
1. Adminprüfung durchführen.
2. Preisangebot annehmen oder ablehnen.
3. Übergabe- und Auszahlungsstatus ändern.
4. Benachrichtigungen und Audit prüfen.

Erwartetes Ergebnis
Jeder Übergang ist nachvollziehbar, berechtigt und erzeugt die richtigen Informationen für alle Beteiligten.

Responsive Viewports
- Desktop: 1440 x 900 CSS-Pixel.
- Full HD: 1920 x 1080 CSS-Pixel.
- WQHD: 2560 x 1440 CSS-Pixel.
- Ultrawide: 3440 x 1440 CSS-Pixel.
- 4K: 3840 x 2160 CSS-Pixel.
- Tablet: 768 x 1024 CSS-Pixel.
- Smartphone: 390 x 844 CSS-Pixel.
- Bei UI-Tests jeden definierten Viewport pruefen und je Viewport einen eigenen Screenshot am Testlauf hinterlegen.

Beleg und Nachbereitung
- Fuer jeden einzelnen Testschritt unmittelbar nach der Ausfuehrung einen Screenshot als Anhang am Testlauf hinterlegen.
- Der Screenshot muss die relevante Ausgangslage bzw. Eingabe und das sichtbare Ergebnis des jeweiligen Schrittes nachvollziehbar zeigen.
- Alle Schritte des Tests muessen einen eigenen Nachweis besitzen; bei Eingabeschritten sind Eingabe und anschliessende Reaktion zu dokumentieren.
- PASS nur vergeben, wenn alle Schritte erfolgreich abgeschlossen und fuer alle Schritte Screenshots hinterlegt sind.
- FAIL oder BLOCKED ebenfalls mit Screenshot(s), tatsaechlichem Ergebnis, Datum, Tester und Umgebung dokumentieren; bei FAIL einen Bug mit Reproduktionsschritten und Verweis auf diesen Test anlegen.
- Passwoerter, Tokens, Zahlungsdaten und sonstige Geheimnisse niemals im Klartext speichern; vor dem Anhang maskieren oder schwaerzen."
KAN-769,E6-11 Angebot annehmen oder ablehnen – Angebot einreichen,"Abgedeckte Story: KAN-78 – E6-11 Angebot annehmen oder ablehnen
Testart: Angebot einreichen
Priorität der Story: Lowest

Ziel
Eine vollständige Karte als Verkäufer anbieten

Vorbedingungen
- Die Anwendung ist erreichbar und die erforderlichen Testdaten sind vorbereitet.
- Der Test wird in einer isolierten Umgebung mit nachvollziehbaren Benutzerrollen ausgeführt.

Schritte
1. Verkäufer anmelden.
2. Kartendaten, Bilder, Zustand und Preis erfassen.
3. Angebot speichern beziehungsweise einreichen.
4. Status und Bestätigung prüfen.

Erwartetes Ergebnis
Das Angebot ist vollständig, eindeutig und im erwarteten Status sichtbar.

Responsive Viewports
- Desktop: 1440 x 900 CSS-Pixel.
- Full HD: 1920 x 1080 CSS-Pixel.
- WQHD: 2560 x 1440 CSS-Pixel.
- Ultrawide: 3440 x 1440 CSS-Pixel.
- 4K: 3840 x 2160 CSS-Pixel.
- Tablet: 768 x 1024 CSS-Pixel.
- Smartphone: 390 x 844 CSS-Pixel.
- Bei UI-Tests jeden definierten Viewport pruefen und je Viewport einen eigenen Screenshot am Testlauf hinterlegen.

Beleg und Nachbereitung
- Fuer jeden einzelnen Testschritt unmittelbar nach der Ausfuehrung einen Screenshot als Anhang am Testlauf hinterlegen.
- Der Screenshot muss die relevante Ausgangslage bzw. Eingabe und das sichtbare Ergebnis des jeweiligen Schrittes nachvollziehbar zeigen.
- Alle Schritte des Tests muessen einen eigenen Nachweis besitzen; bei Eingabeschritten sind Eingabe und anschliessende Reaktion zu dokumentieren.
- PASS nur vergeben, wenn alle Schritte erfolgreich abgeschlossen und fuer alle Schritte Screenshots hinterlegt sind.
- FAIL oder BLOCKED ebenfalls mit Screenshot(s), tatsaechlichem Ergebnis, Datum, Tester und Umgebung dokumentieren; bei FAIL einen Bug mit Reproduktionsschritten und Verweis auf diesen Test anlegen.
- Passwoerter, Tokens, Zahlungsdaten und sonstige Geheimnisse niemals im Klartext speichern; vor dem Anhang maskieren oder schwaerzen."
KAN-770,E6-11 Angebot annehmen oder ablehnen – Ungültige und fremde Daten,"Abgedeckte Story: KAN-78 – E6-11 Angebot annehmen oder ablehnen
Testart: Ungültige und fremde Daten
Priorität der Story: Lowest

Ziel
Verkäuferfehler und Berechtigungen prüfen

Vorbedingungen
- Die Anwendung ist erreichbar und die erforderlichen Testdaten sind vorbereitet.
- Der Test wird in einer isolierten Umgebung mit nachvollziehbaren Benutzerrollen ausgeführt.

Schritte
1. Fehlende oder ungültige Daten senden.
2. Zu große oder falsche Bilder verwenden.
3. Fremdes Angebot über URL/API aufrufen.
4. Fehler beheben und erneut speichern.

Erwartetes Ergebnis
Fehler sind verständlich; fremde Daten bleiben geschützt; gültige Teildaten gehen nicht verloren.

Responsive Viewports
- Desktop: 1440 x 900 CSS-Pixel.
- Full HD: 1920 x 1080 CSS-Pixel.
- WQHD: 2560 x 1440 CSS-Pixel.
- Ultrawide: 3440 x 1440 CSS-Pixel.
- 4K: 3840 x 2160 CSS-Pixel.
- Tablet: 768 x 1024 CSS-Pixel.
- Smartphone: 390 x 844 CSS-Pixel.
- Bei UI-Tests jeden definierten Viewport pruefen und je Viewport einen eigenen Screenshot am Testlauf hinterlegen.

Beleg und Nachbereitung
- Fuer jeden einzelnen Testschritt unmittelbar nach der Ausfuehrung einen Screenshot als Anhang am Testlauf hinterlegen.
- Der Screenshot muss die relevante Ausgangslage bzw. Eingabe und das sichtbare Ergebnis des jeweiligen Schrittes nachvollziehbar zeigen.
- Alle Schritte des Tests muessen einen eigenen Nachweis besitzen; bei Eingabeschritten sind Eingabe und anschliessende Reaktion zu dokumentieren.
- PASS nur vergeben, wenn alle Schritte erfolgreich abgeschlossen und fuer alle Schritte Screenshots hinterlegt sind.
- FAIL oder BLOCKED ebenfalls mit Screenshot(s), tatsaechlichem Ergebnis, Datum, Tester und Umgebung dokumentieren; bei FAIL einen Bug mit Reproduktionsschritten und Verweis auf diesen Test anlegen.
- Passwoerter, Tokens, Zahlungsdaten und sonstige Geheimnisse niemals im Klartext speichern; vor dem Anhang maskieren oder schwaerzen."
KAN-771,E6-11 Angebot annehmen oder ablehnen – Angebotsstatus und Auszahlung,"Abgedeckte Story: KAN-78 – E6-11 Angebot annehmen oder ablehnen
Testart: Angebotsstatus und Auszahlung
Priorität der Story: Lowest

Ziel
Prüfung, Verhandlung und Übergabe verfolgen

Vorbedingungen
- Die Anwendung ist erreichbar und die erforderlichen Testdaten sind vorbereitet.
- Der Test wird in einer isolierten Umgebung mit nachvollziehbaren Benutzerrollen ausgeführt.

Schritte
1. Adminprüfung durchführen.
2. Preisangebot annehmen oder ablehnen.
3. Übergabe- und Auszahlungsstatus ändern.
4. Benachrichtigungen und Audit prüfen.

Erwartetes Ergebnis
Jeder Übergang ist nachvollziehbar, berechtigt und erzeugt die richtigen Informationen für alle Beteiligten.

Responsive Viewports
- Desktop: 1440 x 900 CSS-Pixel.
- Full HD: 1920 x 1080 CSS-Pixel.
- WQHD: 2560 x 1440 CSS-Pixel.
- Ultrawide: 3440 x 1440 CSS-Pixel.
- 4K: 3840 x 2160 CSS-Pixel.
- Tablet: 768 x 1024 CSS-Pixel.
- Smartphone: 390 x 844 CSS-Pixel.
- Bei UI-Tests jeden definierten Viewport pruefen und je Viewport einen eigenen Screenshot am Testlauf hinterlegen.

Beleg und Nachbereitung
- Fuer jeden einzelnen Testschritt unmittelbar nach der Ausfuehrung einen Screenshot als Anhang am Testlauf hinterlegen.
- Der Screenshot muss die relevante Ausgangslage bzw. Eingabe und das sichtbare Ergebnis des jeweiligen Schrittes nachvollziehbar zeigen.
- Alle Schritte des Tests muessen einen eigenen Nachweis besitzen; bei Eingabeschritten sind Eingabe und anschliessende Reaktion zu dokumentieren.
- PASS nur vergeben, wenn alle Schritte erfolgreich abgeschlossen und fuer alle Schritte Screenshots hinterlegt sind.
- FAIL oder BLOCKED ebenfalls mit Screenshot(s), tatsaechlichem Ergebnis, Datum, Tester und Umgebung dokumentieren; bei FAIL einen Bug mit Reproduktionsschritten und Verweis auf diesen Test anlegen.
- Passwoerter, Tokens, Zahlungsdaten und sonstige Geheimnisse niemals im Klartext speichern; vor dem Anhang maskieren oder schwaerzen."
KAN-772,E6-12 Übergabe und Auszahlung verstehen – Angebot einreichen,"Abgedeckte Story: KAN-79 – E6-12 Übergabe und Auszahlung verstehen
Testart: Angebot einreichen
Priorität der Story: Lowest

Ziel
Eine vollständige Karte als Verkäufer anbieten

Vorbedingungen
- Die Anwendung ist erreichbar und die erforderlichen Testdaten sind vorbereitet.
- Der Test wird in einer isolierten Umgebung mit nachvollziehbaren Benutzerrollen ausgeführt.

Schritte
1. Verkäufer anmelden.
2. Kartendaten, Bilder, Zustand und Preis erfassen.
3. Angebot speichern beziehungsweise einreichen.
4. Status und Bestätigung prüfen.

Erwartetes Ergebnis
Das Angebot ist vollständig, eindeutig und im erwarteten Status sichtbar.

Responsive Viewports
- Desktop: 1440 x 900 CSS-Pixel.
- Full HD: 1920 x 1080 CSS-Pixel.
- WQHD: 2560 x 1440 CSS-Pixel.
- Ultrawide: 3440 x 1440 CSS-Pixel.
- 4K: 3840 x 2160 CSS-Pixel.
- Tablet: 768 x 1024 CSS-Pixel.
- Smartphone: 390 x 844 CSS-Pixel.
- Bei UI-Tests jeden definierten Viewport pruefen und je Viewport einen eigenen Screenshot am Testlauf hinterlegen.

Beleg und Nachbereitung
- Fuer jeden einzelnen Testschritt unmittelbar nach der Ausfuehrung einen Screenshot als Anhang am Testlauf hinterlegen.
- Der Screenshot muss die relevante Ausgangslage bzw. Eingabe und das sichtbare Ergebnis des jeweiligen Schrittes nachvollziehbar zeigen.
- Alle Schritte des Tests muessen einen eigenen Nachweis besitzen; bei Eingabeschritten sind Eingabe und anschliessende Reaktion zu dokumentieren.
- PASS nur vergeben, wenn alle Schritte erfolgreich abgeschlossen und fuer alle Schritte Screenshots hinterlegt sind.
- FAIL oder BLOCKED ebenfalls mit Screenshot(s), tatsaechlichem Ergebnis, Datum, Tester und Umgebung dokumentieren; bei FAIL einen Bug mit Reproduktionsschritten und Verweis auf diesen Test anlegen.
- Passwoerter, Tokens, Zahlungsdaten und sonstige Geheimnisse niemals im Klartext speichern; vor dem Anhang maskieren oder schwaerzen."
KAN-773,E6-12 Übergabe und Auszahlung verstehen – Ungültige und fremde Daten,"Abgedeckte Story: KAN-79 – E6-12 Übergabe und Auszahlung verstehen
Testart: Ungültige und fremde Daten
Priorität der Story: Lowest

Ziel
Verkäuferfehler und Berechtigungen prüfen

Vorbedingungen
- Die Anwendung ist erreichbar und die erforderlichen Testdaten sind vorbereitet.
- Der Test wird in einer isolierten Umgebung mit nachvollziehbaren Benutzerrollen ausgeführt.

Schritte
1. Fehlende oder ungültige Daten senden.
2. Zu große oder falsche Bilder verwenden.
3. Fremdes Angebot über URL/API aufrufen.
4. Fehler beheben und erneut speichern.

Erwartetes Ergebnis
Fehler sind verständlich; fremde Daten bleiben geschützt; gültige Teildaten gehen nicht verloren.

Responsive Viewports
- Desktop: 1440 x 900 CSS-Pixel.
- Full HD: 1920 x 1080 CSS-Pixel.
- WQHD: 2560 x 1440 CSS-Pixel.
- Ultrawide: 3440 x 1440 CSS-Pixel.
- 4K: 3840 x 2160 CSS-Pixel.
- Tablet: 768 x 1024 CSS-Pixel.
- Smartphone: 390 x 844 CSS-Pixel.
- Bei UI-Tests jeden definierten Viewport pruefen und je Viewport einen eigenen Screenshot am Testlauf hinterlegen.

Beleg und Nachbereitung
- Fuer jeden einzelnen Testschritt unmittelbar nach der Ausfuehrung einen Screenshot als Anhang am Testlauf hinterlegen.
- Der Screenshot muss die relevante Ausgangslage bzw. Eingabe und das sichtbare Ergebnis des jeweiligen Schrittes nachvollziehbar zeigen.
- Alle Schritte des Tests muessen einen eigenen Nachweis besitzen; bei Eingabeschritten sind Eingabe und anschliessende Reaktion zu dokumentieren.
- PASS nur vergeben, wenn alle Schritte erfolgreich abgeschlossen und fuer alle Schritte Screenshots hinterlegt sind.
- FAIL oder BLOCKED ebenfalls mit Screenshot(s), tatsaechlichem Ergebnis, Datum, Tester und Umgebung dokumentieren; bei FAIL einen Bug mit Reproduktionsschritten und Verweis auf diesen Test anlegen.
- Passwoerter, Tokens, Zahlungsdaten und sonstige Geheimnisse niemals im Klartext speichern; vor dem Anhang maskieren oder schwaerzen."
KAN-774,E6-12 Übergabe und Auszahlung verstehen – Angebotsstatus und Auszahlung,"Abgedeckte Story: KAN-79 – E6-12 Übergabe und Auszahlung verstehen
Testart: Angebotsstatus und Auszahlung
Priorität der Story: Lowest

Ziel
Prüfung, Verhandlung und Übergabe verfolgen

Vorbedingungen
- Die Anwendung ist erreichbar und die erforderlichen Testdaten sind vorbereitet.
- Der Test wird in einer isolierten Umgebung mit nachvollziehbaren Benutzerrollen ausgeführt.

Schritte
1. Adminprüfung durchführen.
2. Preisangebot annehmen oder ablehnen.
3. Übergabe- und Auszahlungsstatus ändern.
4. Benachrichtigungen und Audit prüfen.

Erwartetes Ergebnis
Jeder Übergang ist nachvollziehbar, berechtigt und erzeugt die richtigen Informationen für alle Beteiligten.

Responsive Viewports
- Desktop: 1440 x 900 CSS-Pixel.
- Full HD: 1920 x 1080 CSS-Pixel.
- WQHD: 2560 x 1440 CSS-Pixel.
- Ultrawide: 3440 x 1440 CSS-Pixel.
- 4K: 3840 x 2160 CSS-Pixel.
- Tablet: 768 x 1024 CSS-Pixel.
- Smartphone: 390 x 844 CSS-Pixel.
- Bei UI-Tests jeden definierten Viewport pruefen und je Viewport einen eigenen Screenshot am Testlauf hinterlegen.

Beleg und Nachbereitung
- Fuer jeden einzelnen Testschritt unmittelbar nach der Ausfuehrung einen Screenshot als Anhang am Testlauf hinterlegen.
- Der Screenshot muss die relevante Ausgangslage bzw. Eingabe und das sichtbare Ergebnis des jeweiligen Schrittes nachvollziehbar zeigen.
- Alle Schritte des Tests muessen einen eigenen Nachweis besitzen; bei Eingabeschritten sind Eingabe und anschliessende Reaktion zu dokumentieren.
- PASS nur vergeben, wenn alle Schritte erfolgreich abgeschlossen und fuer alle Schritte Screenshots hinterlegt sind.
- FAIL oder BLOCKED ebenfalls mit Screenshot(s), tatsaechlichem Ergebnis, Datum, Tester und Umgebung dokumentieren; bei FAIL einen Bug mit Reproduktionsschritten und Verweis auf diesen Test anlegen.
- Passwoerter, Tokens, Zahlungsdaten und sonstige Geheimnisse niemals im Klartext speichern; vor dem Anhang maskieren oder schwaerzen."
KAN-775,E7-01 Adminbereich sicher anmelden – Admin-Operation erfolgreich,"Abgedeckte Story: KAN-80 – E7-01 Adminbereich sicher anmelden
Testart: Admin-Operation erfolgreich
Priorität der Story: Highest

Ziel
Eine berechtigte Verwaltungsaktion ausführen

Vorbedingungen
- Die Anwendung ist erreichbar und die erforderlichen Testdaten sind vorbereitet.
- Der Test wird in einer isolierten Umgebung mit nachvollziehbaren Benutzerrollen ausgeführt.

Schritte
1. Als passende Adminrolle anmelden.
2. Datensatz suchen und öffnen.
3. Änderung validiert speichern.
4. Liste, Detail und Audit erneut laden.

Erwartetes Ergebnis
Die Änderung ist einmalig wirksam, sichtbar und mit verantwortlicher Rolle nachvollziehbar.

Responsive Viewports
- Desktop: 1440 x 900 CSS-Pixel.
- Full HD: 1920 x 1080 CSS-Pixel.
- WQHD: 2560 x 1440 CSS-Pixel.
- Ultrawide: 3440 x 1440 CSS-Pixel.
- 4K: 3840 x 2160 CSS-Pixel.
- Tablet: 768 x 1024 CSS-Pixel.
- Smartphone: 390 x 844 CSS-Pixel.
- Bei UI-Tests jeden definierten Viewport pruefen und je Viewport einen eigenen Screenshot am Testlauf hinterlegen.

Beleg und Nachbereitung
- Fuer jeden einzelnen Testschritt unmittelbar nach der Ausfuehrung einen Screenshot als Anhang am Testlauf hinterlegen.
- Der Screenshot muss die relevante Ausgangslage bzw. Eingabe und das sichtbare Ergebnis des jeweiligen Schrittes nachvollziehbar zeigen.
- Alle Schritte des Tests muessen einen eigenen Nachweis besitzen; bei Eingabeschritten sind Eingabe und anschliessende Reaktion zu dokumentieren.
- PASS nur vergeben, wenn alle Schritte erfolgreich abgeschlossen und fuer alle Schritte Screenshots hinterlegt sind.
- FAIL oder BLOCKED ebenfalls mit Screenshot(s), tatsaechlichem Ergebnis, Datum, Tester und Umgebung dokumentieren; bei FAIL einen Bug mit Reproduktionsschritten und Verweis auf diesen Test anlegen.
- Passwoerter, Tokens, Zahlungsdaten und sonstige Geheimnisse niemals im Klartext speichern; vor dem Anhang maskieren oder schwaerzen."
KAN-776,E7-01 Adminbereich sicher anmelden – Rolle und Risikoaktion,"Abgedeckte Story: KAN-80 – E7-01 Adminbereich sicher anmelden
Testart: Rolle und Risikoaktion
Priorität der Story: Highest

Ziel
Unberechtigte und irreversible Aktionen prüfen

Vorbedingungen
- Die Anwendung ist erreichbar und die erforderlichen Testdaten sind vorbereitet.
- Der Test wird in einer isolierten Umgebung mit nachvollziehbaren Benutzerrollen ausgeführt.

Schritte
1. Mit eingeschränkter Rolle aufrufen.
2. Direkten API-/Deep-Link nutzen.
3. Irreversible Aktion abbrechen und bestätigen.
4. Berechtigung und Audit prüfen.

Erwartetes Ergebnis
Unberechtigte Aktionen werden abgewiesen; kritische Aktionen benötigen bewusste Bestätigung.

Responsive Viewports
- Desktop: 1440 x 900 CSS-Pixel.
- Full HD: 1920 x 1080 CSS-Pixel.
- WQHD: 2560 x 1440 CSS-Pixel.
- Ultrawide: 3440 x 1440 CSS-Pixel.
- 4K: 3840 x 2160 CSS-Pixel.
- Tablet: 768 x 1024 CSS-Pixel.
- Smartphone: 390 x 844 CSS-Pixel.
- Bei UI-Tests jeden definierten Viewport pruefen und je Viewport einen eigenen Screenshot am Testlauf hinterlegen.

Beleg und Nachbereitung
- Fuer jeden einzelnen Testschritt unmittelbar nach der Ausfuehrung einen Screenshot als Anhang am Testlauf hinterlegen.
- Der Screenshot muss die relevante Ausgangslage bzw. Eingabe und das sichtbare Ergebnis des jeweiligen Schrittes nachvollziehbar zeigen.
- Alle Schritte des Tests muessen einen eigenen Nachweis besitzen; bei Eingabeschritten sind Eingabe und anschliessende Reaktion zu dokumentieren.
- PASS nur vergeben, wenn alle Schritte erfolgreich abgeschlossen und fuer alle Schritte Screenshots hinterlegt sind.
- FAIL oder BLOCKED ebenfalls mit Screenshot(s), tatsaechlichem Ergebnis, Datum, Tester und Umgebung dokumentieren; bei FAIL einen Bug mit Reproduktionsschritten und Verweis auf diesen Test anlegen.
- Passwoerter, Tokens, Zahlungsdaten und sonstige Geheimnisse niemals im Klartext speichern; vor dem Anhang maskieren oder schwaerzen."
KAN-777,E7-01 Adminbereich sicher anmelden – Synchronisation und Fehler,"Abgedeckte Story: KAN-80 – E7-01 Adminbereich sicher anmelden
Testart: Synchronisation und Fehler
Priorität der Story: Highest

Ziel
Synchronisationslauf reproduzierbar behandeln

Vorbedingungen
- Die Anwendung ist erreichbar und die erforderlichen Testdaten sind vorbereitet.
- Der Test wird in einer isolierten Umgebung mit nachvollziehbaren Benutzerrollen ausgeführt.

Schritte
1. Lauf mit gültigen Daten starten.
2. Konflikt oder Fehlerdatensatz simulieren.
3. Status und Fehlerdetails prüfen.
4. Lauf sicher wiederholen.

Erwartetes Ergebnis
Gültige Daten werden verarbeitet; Fehler sind isoliert, erklärbar und ohne Doppelverarbeitung wiederholbar.

Responsive Viewports
- Desktop: 1440 x 900 CSS-Pixel.
- Full HD: 1920 x 1080 CSS-Pixel.
- WQHD: 2560 x 1440 CSS-Pixel.
- Ultrawide: 3440 x 1440 CSS-Pixel.
- 4K: 3840 x 2160 CSS-Pixel.
- Tablet: 768 x 1024 CSS-Pixel.
- Smartphone: 390 x 844 CSS-Pixel.
- Bei UI-Tests jeden definierten Viewport pruefen und je Viewport einen eigenen Screenshot am Testlauf hinterlegen.

Beleg und Nachbereitung
- Fuer jeden einzelnen Testschritt unmittelbar nach der Ausfuehrung einen Screenshot als Anhang am Testlauf hinterlegen.
- Der Screenshot muss die relevante Ausgangslage bzw. Eingabe und das sichtbare Ergebnis des jeweiligen Schrittes nachvollziehbar zeigen.
- Alle Schritte des Tests muessen einen eigenen Nachweis besitzen; bei Eingabeschritten sind Eingabe und anschliessende Reaktion zu dokumentieren.
- PASS nur vergeben, wenn alle Schritte erfolgreich abgeschlossen und fuer alle Schritte Screenshots hinterlegt sind.
- FAIL oder BLOCKED ebenfalls mit Screenshot(s), tatsaechlichem Ergebnis, Datum, Tester und Umgebung dokumentieren; bei FAIL einen Bug mit Reproduktionsschritten und Verweis auf diesen Test anlegen.
- Passwoerter, Tokens, Zahlungsdaten und sonstige Geheimnisse niemals im Klartext speichern; vor dem Anhang maskieren oder schwaerzen."
KAN-778,E7-02 Rollen und Berechtigungen verwalten – Admin-Operation erfolgreich,"Abgedeckte Story: KAN-81 – E7-02 Rollen und Berechtigungen verwalten
Testart: Admin-Operation erfolgreich
Priorität der Story: Highest

Ziel
Eine berechtigte Verwaltungsaktion ausführen

Vorbedingungen
- Die Anwendung ist erreichbar und die erforderlichen Testdaten sind vorbereitet.
- Der Test wird in einer isolierten Umgebung mit nachvollziehbaren Benutzerrollen ausgeführt.

Schritte
1. Als passende Adminrolle anmelden.
2. Datensatz suchen und öffnen.
3. Änderung validiert speichern.
4. Liste, Detail und Audit erneut laden.

Erwartetes Ergebnis
Die Änderung ist einmalig wirksam, sichtbar und mit verantwortlicher Rolle nachvollziehbar.

Responsive Viewports
- Desktop: 1440 x 900 CSS-Pixel.
- Full HD: 1920 x 1080 CSS-Pixel.
- WQHD: 2560 x 1440 CSS-Pixel.
- Ultrawide: 3440 x 1440 CSS-Pixel.
- 4K: 3840 x 2160 CSS-Pixel.
- Tablet: 768 x 1024 CSS-Pixel.
- Smartphone: 390 x 844 CSS-Pixel.
- Bei UI-Tests jeden definierten Viewport pruefen und je Viewport einen eigenen Screenshot am Testlauf hinterlegen.

Beleg und Nachbereitung
- Fuer jeden einzelnen Testschritt unmittelbar nach der Ausfuehrung einen Screenshot als Anhang am Testlauf hinterlegen.
- Der Screenshot muss die relevante Ausgangslage bzw. Eingabe und das sichtbare Ergebnis des jeweiligen Schrittes nachvollziehbar zeigen.
- Alle Schritte des Tests muessen einen eigenen Nachweis besitzen; bei Eingabeschritten sind Eingabe und anschliessende Reaktion zu dokumentieren.
- PASS nur vergeben, wenn alle Schritte erfolgreich abgeschlossen und fuer alle Schritte Screenshots hinterlegt sind.
- FAIL oder BLOCKED ebenfalls mit Screenshot(s), tatsaechlichem Ergebnis, Datum, Tester und Umgebung dokumentieren; bei FAIL einen Bug mit Reproduktionsschritten und Verweis auf diesen Test anlegen.
- Passwoerter, Tokens, Zahlungsdaten und sonstige Geheimnisse niemals im Klartext speichern; vor dem Anhang maskieren oder schwaerzen."
KAN-779,E7-02 Rollen und Berechtigungen verwalten – Rolle und Risikoaktion,"Abgedeckte Story: KAN-81 – E7-02 Rollen und Berechtigungen verwalten
Testart: Rolle und Risikoaktion
Priorität der Story: Highest

Ziel
Unberechtigte und irreversible Aktionen prüfen

Vorbedingungen
- Die Anwendung ist erreichbar und die erforderlichen Testdaten sind vorbereitet.
- Der Test wird in einer isolierten Umgebung mit nachvollziehbaren Benutzerrollen ausgeführt.

Schritte
1. Mit eingeschränkter Rolle aufrufen.
2. Direkten API-/Deep-Link nutzen.
3. Irreversible Aktion abbrechen und bestätigen.
4. Berechtigung und Audit prüfen.

Erwartetes Ergebnis
Unberechtigte Aktionen werden abgewiesen; kritische Aktionen benötigen bewusste Bestätigung.

Responsive Viewports
- Desktop: 1440 x 900 CSS-Pixel.
- Full HD: 1920 x 1080 CSS-Pixel.
- WQHD: 2560 x 1440 CSS-Pixel.
- Ultrawide: 3440 x 1440 CSS-Pixel.
- 4K: 3840 x 2160 CSS-Pixel.
- Tablet: 768 x 1024 CSS-Pixel.
- Smartphone: 390 x 844 CSS-Pixel.
- Bei UI-Tests jeden definierten Viewport pruefen und je Viewport einen eigenen Screenshot am Testlauf hinterlegen.

Beleg und Nachbereitung
- Fuer jeden einzelnen Testschritt unmittelbar nach der Ausfuehrung einen Screenshot als Anhang am Testlauf hinterlegen.
- Der Screenshot muss die relevante Ausgangslage bzw. Eingabe und das sichtbare Ergebnis des jeweiligen Schrittes nachvollziehbar zeigen.
- Alle Schritte des Tests muessen einen eigenen Nachweis besitzen; bei Eingabeschritten sind Eingabe und anschliessende Reaktion zu dokumentieren.
- PASS nur vergeben, wenn alle Schritte erfolgreich abgeschlossen und fuer alle Schritte Screenshots hinterlegt sind.
- FAIL oder BLOCKED ebenfalls mit Screenshot(s), tatsaechlichem Ergebnis, Datum, Tester und Umgebung dokumentieren; bei FAIL einen Bug mit Reproduktionsschritten und Verweis auf diesen Test anlegen.
- Passwoerter, Tokens, Zahlungsdaten und sonstige Geheimnisse niemals im Klartext speichern; vor dem Anhang maskieren oder schwaerzen."
KAN-780,E7-02 Rollen und Berechtigungen verwalten – Synchronisation und Fehler,"Abgedeckte Story: KAN-81 – E7-02 Rollen und Berechtigungen verwalten
Testart: Synchronisation und Fehler
Priorität der Story: Highest

Ziel
Synchronisationslauf reproduzierbar behandeln

Vorbedingungen
- Die Anwendung ist erreichbar und die erforderlichen Testdaten sind vorbereitet.
- Der Test wird in einer isolierten Umgebung mit nachvollziehbaren Benutzerrollen ausgeführt.

Schritte
1. Lauf mit gültigen Daten starten.
2. Konflikt oder Fehlerdatensatz simulieren.
3. Status und Fehlerdetails prüfen.
4. Lauf sicher wiederholen.

Erwartetes Ergebnis
Gültige Daten werden verarbeitet; Fehler sind isoliert, erklärbar und ohne Doppelverarbeitung wiederholbar.

Responsive Viewports
- Desktop: 1440 x 900 CSS-Pixel.
- Full HD: 1920 x 1080 CSS-Pixel.
- WQHD: 2560 x 1440 CSS-Pixel.
- Ultrawide: 3440 x 1440 CSS-Pixel.
- 4K: 3840 x 2160 CSS-Pixel.
- Tablet: 768 x 1024 CSS-Pixel.
- Smartphone: 390 x 844 CSS-Pixel.
- Bei UI-Tests jeden definierten Viewport pruefen und je Viewport einen eigenen Screenshot am Testlauf hinterlegen.

Beleg und Nachbereitung
- Fuer jeden einzelnen Testschritt unmittelbar nach der Ausfuehrung einen Screenshot als Anhang am Testlauf hinterlegen.
- Der Screenshot muss die relevante Ausgangslage bzw. Eingabe und das sichtbare Ergebnis des jeweiligen Schrittes nachvollziehbar zeigen.
- Alle Schritte des Tests muessen einen eigenen Nachweis besitzen; bei Eingabeschritten sind Eingabe und anschliessende Reaktion zu dokumentieren.
- PASS nur vergeben, wenn alle Schritte erfolgreich abgeschlossen und fuer alle Schritte Screenshots hinterlegt sind.
- FAIL oder BLOCKED ebenfalls mit Screenshot(s), tatsaechlichem Ergebnis, Datum, Tester und Umgebung dokumentieren; bei FAIL einen Bug mit Reproduktionsschritten und Verweis auf diesen Test anlegen.
- Passwoerter, Tokens, Zahlungsdaten und sonstige Geheimnisse niemals im Klartext speichern; vor dem Anhang maskieren oder schwaerzen."
KAN-781,E7-03 Admin-Dashboard anzeigen – Admin-Operation erfolgreich,"Abgedeckte Story: KAN-82 – E7-03 Admin-Dashboard anzeigen
Testart: Admin-Operation erfolgreich
Priorität der Story: Highest

Ziel
Eine berechtigte Verwaltungsaktion ausführen

Vorbedingungen
- Die Anwendung ist erreichbar und die erforderlichen Testdaten sind vorbereitet.
- Der Test wird in einer isolierten Umgebung mit nachvollziehbaren Benutzerrollen ausgeführt.

Schritte
1. Als passende Adminrolle anmelden.
2. Datensatz suchen und öffnen.
3. Änderung validiert speichern.
4. Liste, Detail und Audit erneut laden.

Erwartetes Ergebnis
Die Änderung ist einmalig wirksam, sichtbar und mit verantwortlicher Rolle nachvollziehbar.

Responsive Viewports
- Desktop: 1440 x 900 CSS-Pixel.
- Full HD: 1920 x 1080 CSS-Pixel.
- WQHD: 2560 x 1440 CSS-Pixel.
- Ultrawide: 3440 x 1440 CSS-Pixel.
- 4K: 3840 x 2160 CSS-Pixel.
- Tablet: 768 x 1024 CSS-Pixel.
- Smartphone: 390 x 844 CSS-Pixel.
- Bei UI-Tests jeden definierten Viewport pruefen und je Viewport einen eigenen Screenshot am Testlauf hinterlegen.

Beleg und Nachbereitung
- Fuer jeden einzelnen Testschritt unmittelbar nach der Ausfuehrung einen Screenshot als Anhang am Testlauf hinterlegen.
- Der Screenshot muss die relevante Ausgangslage bzw. Eingabe und das sichtbare Ergebnis des jeweiligen Schrittes nachvollziehbar zeigen.
- Alle Schritte des Tests muessen einen eigenen Nachweis besitzen; bei Eingabeschritten sind Eingabe und anschliessende Reaktion zu dokumentieren.
- PASS nur vergeben, wenn alle Schritte erfolgreich abgeschlossen und fuer alle Schritte Screenshots hinterlegt sind.
- FAIL oder BLOCKED ebenfalls mit Screenshot(s), tatsaechlichem Ergebnis, Datum, Tester und Umgebung dokumentieren; bei FAIL einen Bug mit Reproduktionsschritten und Verweis auf diesen Test anlegen.
- Passwoerter, Tokens, Zahlungsdaten und sonstige Geheimnisse niemals im Klartext speichern; vor dem Anhang maskieren oder schwaerzen."
KAN-782,E7-03 Admin-Dashboard anzeigen – Rolle und Risikoaktion,"Abgedeckte Story: KAN-82 – E7-03 Admin-Dashboard anzeigen
Testart: Rolle und Risikoaktion
Priorität der Story: Highest

Ziel
Unberechtigte und irreversible Aktionen prüfen

Vorbedingungen
- Die Anwendung ist erreichbar und die erforderlichen Testdaten sind vorbereitet.
- Der Test wird in einer isolierten Umgebung mit nachvollziehbaren Benutzerrollen ausgeführt.

Schritte
1. Mit eingeschränkter Rolle aufrufen.
2. Direkten API-/Deep-Link nutzen.
3. Irreversible Aktion abbrechen und bestätigen.
4. Berechtigung und Audit prüfen.

Erwartetes Ergebnis
Unberechtigte Aktionen werden abgewiesen; kritische Aktionen benötigen bewusste Bestätigung.

Responsive Viewports
- Desktop: 1440 x 900 CSS-Pixel.
- Full HD: 1920 x 1080 CSS-Pixel.
- WQHD: 2560 x 1440 CSS-Pixel.
- Ultrawide: 3440 x 1440 CSS-Pixel.
- 4K: 3840 x 2160 CSS-Pixel.
- Tablet: 768 x 1024 CSS-Pixel.
- Smartphone: 390 x 844 CSS-Pixel.
- Bei UI-Tests jeden definierten Viewport pruefen und je Viewport einen eigenen Screenshot am Testlauf hinterlegen.

Beleg und Nachbereitung
- Fuer jeden einzelnen Testschritt unmittelbar nach der Ausfuehrung einen Screenshot als Anhang am Testlauf hinterlegen.
- Der Screenshot muss die relevante Ausgangslage bzw. Eingabe und das sichtbare Ergebnis des jeweiligen Schrittes nachvollziehbar zeigen.
- Alle Schritte des Tests muessen einen eigenen Nachweis besitzen; bei Eingabeschritten sind Eingabe und anschliessende Reaktion zu dokumentieren.
- PASS nur vergeben, wenn alle Schritte erfolgreich abgeschlossen und fuer alle Schritte Screenshots hinterlegt sind.
- FAIL oder BLOCKED ebenfalls mit Screenshot(s), tatsaechlichem Ergebnis, Datum, Tester und Umgebung dokumentieren; bei FAIL einen Bug mit Reproduktionsschritten und Verweis auf diesen Test anlegen.
- Passwoerter, Tokens, Zahlungsdaten und sonstige Geheimnisse niemals im Klartext speichern; vor dem Anhang maskieren oder schwaerzen."
KAN-783,E7-03 Admin-Dashboard anzeigen – Synchronisation und Fehler,"Abgedeckte Story: KAN-82 – E7-03 Admin-Dashboard anzeigen
Testart: Synchronisation und Fehler
Priorität der Story: Highest

Ziel
Synchronisationslauf reproduzierbar behandeln

Vorbedingungen
- Die Anwendung ist erreichbar und die erforderlichen Testdaten sind vorbereitet.
- Der Test wird in einer isolierten Umgebung mit nachvollziehbaren Benutzerrollen ausgeführt.

Schritte
1. Lauf mit gültigen Daten starten.
2. Konflikt oder Fehlerdatensatz simulieren.
3. Status und Fehlerdetails prüfen.
4. Lauf sicher wiederholen.

Erwartetes Ergebnis
Gültige Daten werden verarbeitet; Fehler sind isoliert, erklärbar und ohne Doppelverarbeitung wiederholbar.

Responsive Viewports
- Desktop: 1440 x 900 CSS-Pixel.
- Full HD: 1920 x 1080 CSS-Pixel.
- WQHD: 2560 x 1440 CSS-Pixel.
- Ultrawide: 3440 x 1440 CSS-Pixel.
- 4K: 3840 x 2160 CSS-Pixel.
- Tablet: 768 x 1024 CSS-Pixel.
- Smartphone: 390 x 844 CSS-Pixel.
- Bei UI-Tests jeden definierten Viewport pruefen und je Viewport einen eigenen Screenshot am Testlauf hinterlegen.

Beleg und Nachbereitung
- Fuer jeden einzelnen Testschritt unmittelbar nach der Ausfuehrung einen Screenshot als Anhang am Testlauf hinterlegen.
- Der Screenshot muss die relevante Ausgangslage bzw. Eingabe und das sichtbare Ergebnis des jeweiligen Schrittes nachvollziehbar zeigen.
- Alle Schritte des Tests muessen einen eigenen Nachweis besitzen; bei Eingabeschritten sind Eingabe und anschliessende Reaktion zu dokumentieren.
- PASS nur vergeben, wenn alle Schritte erfolgreich abgeschlossen und fuer alle Schritte Screenshots hinterlegt sind.
- FAIL oder BLOCKED ebenfalls mit Screenshot(s), tatsaechlichem Ergebnis, Datum, Tester und Umgebung dokumentieren; bei FAIL einen Bug mit Reproduktionsschritten und Verweis auf diesen Test anlegen.
- Passwoerter, Tokens, Zahlungsdaten und sonstige Geheimnisse niemals im Klartext speichern; vor dem Anhang maskieren oder schwaerzen."
KAN-784,E7-04 Produkte administrieren – Admin-Operation erfolgreich,"Abgedeckte Story: KAN-83 – E7-04 Produkte administrieren
Testart: Admin-Operation erfolgreich
Priorität der Story: Highest

Ziel
Eine berechtigte Verwaltungsaktion ausführen

Vorbedingungen
- Die Anwendung ist erreichbar und die erforderlichen Testdaten sind vorbereitet.
- Der Test wird in einer isolierten Umgebung mit nachvollziehbaren Benutzerrollen ausgeführt.

Schritte
1. Als passende Adminrolle anmelden.
2. Datensatz suchen und öffnen.
3. Änderung validiert speichern.
4. Liste, Detail und Audit erneut laden.

Erwartetes Ergebnis
Die Änderung ist einmalig wirksam, sichtbar und mit verantwortlicher Rolle nachvollziehbar.

Responsive Viewports
- Desktop: 1440 x 900 CSS-Pixel.
- Full HD: 1920 x 1080 CSS-Pixel.
- WQHD: 2560 x 1440 CSS-Pixel.
- Ultrawide: 3440 x 1440 CSS-Pixel.
- 4K: 3840 x 2160 CSS-Pixel.
- Tablet: 768 x 1024 CSS-Pixel.
- Smartphone: 390 x 844 CSS-Pixel.
- Bei UI-Tests jeden definierten Viewport pruefen und je Viewport einen eigenen Screenshot am Testlauf hinterlegen.

Beleg und Nachbereitung
- Fuer jeden einzelnen Testschritt unmittelbar nach der Ausfuehrung einen Screenshot als Anhang am Testlauf hinterlegen.
- Der Screenshot muss die relevante Ausgangslage bzw. Eingabe und das sichtbare Ergebnis des jeweiligen Schrittes nachvollziehbar zeigen.
- Alle Schritte des Tests muessen einen eigenen Nachweis besitzen; bei Eingabeschritten sind Eingabe und anschliessende Reaktion zu dokumentieren.
- PASS nur vergeben, wenn alle Schritte erfolgreich abgeschlossen und fuer alle Schritte Screenshots hinterlegt sind.
- FAIL oder BLOCKED ebenfalls mit Screenshot(s), tatsaechlichem Ergebnis, Datum, Tester und Umgebung dokumentieren; bei FAIL einen Bug mit Reproduktionsschritten und Verweis auf diesen Test anlegen.
- Passwoerter, Tokens, Zahlungsdaten und sonstige Geheimnisse niemals im Klartext speichern; vor dem Anhang maskieren oder schwaerzen."
KAN-785,E7-04 Produkte administrieren – Rolle und Risikoaktion,"Abgedeckte Story: KAN-83 – E7-04 Produkte administrieren
Testart: Rolle und Risikoaktion
Priorität der Story: Highest

Ziel
Unberechtigte und irreversible Aktionen prüfen

Vorbedingungen
- Die Anwendung ist erreichbar und die erforderlichen Testdaten sind vorbereitet.
- Der Test wird in einer isolierten Umgebung mit nachvollziehbaren Benutzerrollen ausgeführt.

Schritte
1. Mit eingeschränkter Rolle aufrufen.
2. Direkten API-/Deep-Link nutzen.
3. Irreversible Aktion abbrechen und bestätigen.
4. Berechtigung und Audit prüfen.

Erwartetes Ergebnis
Unberechtigte Aktionen werden abgewiesen; kritische Aktionen benötigen bewusste Bestätigung.

Responsive Viewports
- Desktop: 1440 x 900 CSS-Pixel.
- Full HD: 1920 x 1080 CSS-Pixel.
- WQHD: 2560 x 1440 CSS-Pixel.
- Ultrawide: 3440 x 1440 CSS-Pixel.
- 4K: 3840 x 2160 CSS-Pixel.
- Tablet: 768 x 1024 CSS-Pixel.
- Smartphone: 390 x 844 CSS-Pixel.
- Bei UI-Tests jeden definierten Viewport pruefen und je Viewport einen eigenen Screenshot am Testlauf hinterlegen.

Beleg und Nachbereitung
- Fuer jeden einzelnen Testschritt unmittelbar nach der Ausfuehrung einen Screenshot als Anhang am Testlauf hinterlegen.
- Der Screenshot muss die relevante Ausgangslage bzw. Eingabe und das sichtbare Ergebnis des jeweiligen Schrittes nachvollziehbar zeigen.
- Alle Schritte des Tests muessen einen eigenen Nachweis besitzen; bei Eingabeschritten sind Eingabe und anschliessende Reaktion zu dokumentieren.
- PASS nur vergeben, wenn alle Schritte erfolgreich abgeschlossen und fuer alle Schritte Screenshots hinterlegt sind.
- FAIL oder BLOCKED ebenfalls mit Screenshot(s), tatsaechlichem Ergebnis, Datum, Tester und Umgebung dokumentieren; bei FAIL einen Bug mit Reproduktionsschritten und Verweis auf diesen Test anlegen.
- Passwoerter, Tokens, Zahlungsdaten und sonstige Geheimnisse niemals im Klartext speichern; vor dem Anhang maskieren oder schwaerzen."
KAN-786,E7-04 Produkte administrieren – Synchronisation und Fehler,"Abgedeckte Story: KAN-83 – E7-04 Produkte administrieren
Testart: Synchronisation und Fehler
Priorität der Story: Highest

Ziel
Synchronisationslauf reproduzierbar behandeln

Vorbedingungen
- Die Anwendung ist erreichbar und die erforderlichen Testdaten sind vorbereitet.
- Der Test wird in einer isolierten Umgebung mit nachvollziehbaren Benutzerrollen ausgeführt.

Schritte
1. Lauf mit gültigen Daten starten.
2. Konflikt oder Fehlerdatensatz simulieren.
3. Status und Fehlerdetails prüfen.
4. Lauf sicher wiederholen.

Erwartetes Ergebnis
Gültige Daten werden verarbeitet; Fehler sind isoliert, erklärbar und ohne Doppelverarbeitung wiederholbar.

Responsive Viewports
- Desktop: 1440 x 900 CSS-Pixel.
- Full HD: 1920 x 1080 CSS-Pixel.
- WQHD: 2560 x 1440 CSS-Pixel.
- Ultrawide: 3440 x 1440 CSS-Pixel.
- 4K: 3840 x 2160 CSS-Pixel.
- Tablet: 768 x 1024 CSS-Pixel.
- Smartphone: 390 x 844 CSS-Pixel.
- Bei UI-Tests jeden definierten Viewport pruefen und je Viewport einen eigenen Screenshot am Testlauf hinterlegen.

Beleg und Nachbereitung
- Fuer jeden einzelnen Testschritt unmittelbar nach der Ausfuehrung einen Screenshot als Anhang am Testlauf hinterlegen.
- Der Screenshot muss die relevante Ausgangslage bzw. Eingabe und das sichtbare Ergebnis des jeweiligen Schrittes nachvollziehbar zeigen.
- Alle Schritte des Tests muessen einen eigenen Nachweis besitzen; bei Eingabeschritten sind Eingabe und anschliessende Reaktion zu dokumentieren.
- PASS nur vergeben, wenn alle Schritte erfolgreich abgeschlossen und fuer alle Schritte Screenshots hinterlegt sind.
- FAIL oder BLOCKED ebenfalls mit Screenshot(s), tatsaechlichem Ergebnis, Datum, Tester und Umgebung dokumentieren; bei FAIL einen Bug mit Reproduktionsschritten und Verweis auf diesen Test anlegen.
- Passwoerter, Tokens, Zahlungsdaten und sonstige Geheimnisse niemals im Klartext speichern; vor dem Anhang maskieren oder schwaerzen."
KAN-787,E7-05 Produktbilder administrieren – Admin-Operation erfolgreich,"Abgedeckte Story: KAN-84 – E7-05 Produktbilder administrieren
Testart: Admin-Operation erfolgreich
Priorität der Story: Highest

Ziel
Eine berechtigte Verwaltungsaktion ausführen

Vorbedingungen
- Die Anwendung ist erreichbar und die erforderlichen Testdaten sind vorbereitet.
- Der Test wird in einer isolierten Umgebung mit nachvollziehbaren Benutzerrollen ausgeführt.

Schritte
1. Als passende Adminrolle anmelden.
2. Datensatz suchen und öffnen.
3. Änderung validiert speichern.
4. Liste, Detail und Audit erneut laden.

Erwartetes Ergebnis
Die Änderung ist einmalig wirksam, sichtbar und mit verantwortlicher Rolle nachvollziehbar.

Responsive Viewports
- Desktop: 1440 x 900 CSS-Pixel.
- Full HD: 1920 x 1080 CSS-Pixel.
- WQHD: 2560 x 1440 CSS-Pixel.
- Ultrawide: 3440 x 1440 CSS-Pixel.
- 4K: 3840 x 2160 CSS-Pixel.
- Tablet: 768 x 1024 CSS-Pixel.
- Smartphone: 390 x 844 CSS-Pixel.
- Bei UI-Tests jeden definierten Viewport pruefen und je Viewport einen eigenen Screenshot am Testlauf hinterlegen.

Beleg und Nachbereitung
- Fuer jeden einzelnen Testschritt unmittelbar nach der Ausfuehrung einen Screenshot als Anhang am Testlauf hinterlegen.
- Der Screenshot muss die relevante Ausgangslage bzw. Eingabe und das sichtbare Ergebnis des jeweiligen Schrittes nachvollziehbar zeigen.
- Alle Schritte des Tests muessen einen eigenen Nachweis besitzen; bei Eingabeschritten sind Eingabe und anschliessende Reaktion zu dokumentieren.
- PASS nur vergeben, wenn alle Schritte erfolgreich abgeschlossen und fuer alle Schritte Screenshots hinterlegt sind.
- FAIL oder BLOCKED ebenfalls mit Screenshot(s), tatsaechlichem Ergebnis, Datum, Tester und Umgebung dokumentieren; bei FAIL einen Bug mit Reproduktionsschritten und Verweis auf diesen Test anlegen.
- Passwoerter, Tokens, Zahlungsdaten und sonstige Geheimnisse niemals im Klartext speichern; vor dem Anhang maskieren oder schwaerzen."
KAN-788,E7-05 Produktbilder administrieren – Rolle und Risikoaktion,"Abgedeckte Story: KAN-84 – E7-05 Produktbilder administrieren
Testart: Rolle und Risikoaktion
Priorität der Story: Highest

Ziel
Unberechtigte und irreversible Aktionen prüfen

Vorbedingungen
- Die Anwendung ist erreichbar und die erforderlichen Testdaten sind vorbereitet.
- Der Test wird in einer isolierten Umgebung mit nachvollziehbaren Benutzerrollen ausgeführt.

Schritte
1. Mit eingeschränkter Rolle aufrufen.
2. Direkten API-/Deep-Link nutzen.
3. Irreversible Aktion abbrechen und bestätigen.
4. Berechtigung und Audit prüfen.

Erwartetes Ergebnis
Unberechtigte Aktionen werden abgewiesen; kritische Aktionen benötigen bewusste Bestätigung.

Responsive Viewports
- Desktop: 1440 x 900 CSS-Pixel.
- Full HD: 1920 x 1080 CSS-Pixel.
- WQHD: 2560 x 1440 CSS-Pixel.
- Ultrawide: 3440 x 1440 CSS-Pixel.
- 4K: 3840 x 2160 CSS-Pixel.
- Tablet: 768 x 1024 CSS-Pixel.
- Smartphone: 390 x 844 CSS-Pixel.
- Bei UI-Tests jeden definierten Viewport pruefen und je Viewport einen eigenen Screenshot am Testlauf hinterlegen.

Beleg und Nachbereitung
- Fuer jeden einzelnen Testschritt unmittelbar nach der Ausfuehrung einen Screenshot als Anhang am Testlauf hinterlegen.
- Der Screenshot muss die relevante Ausgangslage bzw. Eingabe und das sichtbare Ergebnis des jeweiligen Schrittes nachvollziehbar zeigen.
- Alle Schritte des Tests muessen einen eigenen Nachweis besitzen; bei Eingabeschritten sind Eingabe und anschliessende Reaktion zu dokumentieren.
- PASS nur vergeben, wenn alle Schritte erfolgreich abgeschlossen und fuer alle Schritte Screenshots hinterlegt sind.
- FAIL oder BLOCKED ebenfalls mit Screenshot(s), tatsaechlichem Ergebnis, Datum, Tester und Umgebung dokumentieren; bei FAIL einen Bug mit Reproduktionsschritten und Verweis auf diesen Test anlegen.
- Passwoerter, Tokens, Zahlungsdaten und sonstige Geheimnisse niemals im Klartext speichern; vor dem Anhang maskieren oder schwaerzen."
KAN-789,E7-05 Produktbilder administrieren – Synchronisation und Fehler,"Abgedeckte Story: KAN-84 – E7-05 Produktbilder administrieren
Testart: Synchronisation und Fehler
Priorität der Story: Highest

Ziel
Synchronisationslauf reproduzierbar behandeln

Vorbedingungen
- Die Anwendung ist erreichbar und die erforderlichen Testdaten sind vorbereitet.
- Der Test wird in einer isolierten Umgebung mit nachvollziehbaren Benutzerrollen ausgeführt.

Schritte
1. Lauf mit gültigen Daten starten.
2. Konflikt oder Fehlerdatensatz simulieren.
3. Status und Fehlerdetails prüfen.
4. Lauf sicher wiederholen.

Erwartetes Ergebnis
Gültige Daten werden verarbeitet; Fehler sind isoliert, erklärbar und ohne Doppelverarbeitung wiederholbar.

Responsive Viewports
- Desktop: 1440 x 900 CSS-Pixel.
- Full HD: 1920 x 1080 CSS-Pixel.
- WQHD: 2560 x 1440 CSS-Pixel.
- Ultrawide: 3440 x 1440 CSS-Pixel.
- 4K: 3840 x 2160 CSS-Pixel.
- Tablet: 768 x 1024 CSS-Pixel.
- Smartphone: 390 x 844 CSS-Pixel.
- Bei UI-Tests jeden definierten Viewport pruefen und je Viewport einen eigenen Screenshot am Testlauf hinterlegen.

Beleg und Nachbereitung
- Fuer jeden einzelnen Testschritt unmittelbar nach der Ausfuehrung einen Screenshot als Anhang am Testlauf hinterlegen.
- Der Screenshot muss die relevante Ausgangslage bzw. Eingabe und das sichtbare Ergebnis des jeweiligen Schrittes nachvollziehbar zeigen.
- Alle Schritte des Tests muessen einen eigenen Nachweis besitzen; bei Eingabeschritten sind Eingabe und anschliessende Reaktion zu dokumentieren.
- PASS nur vergeben, wenn alle Schritte erfolgreich abgeschlossen und fuer alle Schritte Screenshots hinterlegt sind.
- FAIL oder BLOCKED ebenfalls mit Screenshot(s), tatsaechlichem Ergebnis, Datum, Tester und Umgebung dokumentieren; bei FAIL einen Bug mit Reproduktionsschritten und Verweis auf diesen Test anlegen.
- Passwoerter, Tokens, Zahlungsdaten und sonstige Geheimnisse niemals im Klartext speichern; vor dem Anhang maskieren oder schwaerzen."
KAN-790,E7-06 Bestände korrigieren – Admin-Operation erfolgreich,"Abgedeckte Story: KAN-85 – E7-06 Bestände korrigieren
Testart: Admin-Operation erfolgreich
Priorität der Story: Highest

Ziel
Eine berechtigte Verwaltungsaktion ausführen

Vorbedingungen
- Die Anwendung ist erreichbar und die erforderlichen Testdaten sind vorbereitet.
- Der Test wird in einer isolierten Umgebung mit nachvollziehbaren Benutzerrollen ausgeführt.

Schritte
1. Als passende Adminrolle anmelden.
2. Datensatz suchen und öffnen.
3. Änderung validiert speichern.
4. Liste, Detail und Audit erneut laden.

Erwartetes Ergebnis
Die Änderung ist einmalig wirksam, sichtbar und mit verantwortlicher Rolle nachvollziehbar.

Responsive Viewports
- Desktop: 1440 x 900 CSS-Pixel.
- Full HD: 1920 x 1080 CSS-Pixel.
- WQHD: 2560 x 1440 CSS-Pixel.
- Ultrawide: 3440 x 1440 CSS-Pixel.
- 4K: 3840 x 2160 CSS-Pixel.
- Tablet: 768 x 1024 CSS-Pixel.
- Smartphone: 390 x 844 CSS-Pixel.
- Bei UI-Tests jeden definierten Viewport pruefen und je Viewport einen eigenen Screenshot am Testlauf hinterlegen.

Beleg und Nachbereitung
- Fuer jeden einzelnen Testschritt unmittelbar nach der Ausfuehrung einen Screenshot als Anhang am Testlauf hinterlegen.
- Der Screenshot muss die relevante Ausgangslage bzw. Eingabe und das sichtbare Ergebnis des jeweiligen Schrittes nachvollziehbar zeigen.
- Alle Schritte des Tests muessen einen eigenen Nachweis besitzen; bei Eingabeschritten sind Eingabe und anschliessende Reaktion zu dokumentieren.
- PASS nur vergeben, wenn alle Schritte erfolgreich abgeschlossen und fuer alle Schritte Screenshots hinterlegt sind.
- FAIL oder BLOCKED ebenfalls mit Screenshot(s), tatsaechlichem Ergebnis, Datum, Tester und Umgebung dokumentieren; bei FAIL einen Bug mit Reproduktionsschritten und Verweis auf diesen Test anlegen.
- Passwoerter, Tokens, Zahlungsdaten und sonstige Geheimnisse niemals im Klartext speichern; vor dem Anhang maskieren oder schwaerzen."
KAN-791,E7-06 Bestände korrigieren – Rolle und Risikoaktion,"Abgedeckte Story: KAN-85 – E7-06 Bestände korrigieren
Testart: Rolle und Risikoaktion
Priorität der Story: Highest

Ziel
Unberechtigte und irreversible Aktionen prüfen

Vorbedingungen
- Die Anwendung ist erreichbar und die erforderlichen Testdaten sind vorbereitet.
- Der Test wird in einer isolierten Umgebung mit nachvollziehbaren Benutzerrollen ausgeführt.

Schritte
1. Mit eingeschränkter Rolle aufrufen.
2. Direkten API-/Deep-Link nutzen.
3. Irreversible Aktion abbrechen und bestätigen.
4. Berechtigung und Audit prüfen.

Erwartetes Ergebnis
Unberechtigte Aktionen werden abgewiesen; kritische Aktionen benötigen bewusste Bestätigung.

Responsive Viewports
- Desktop: 1440 x 900 CSS-Pixel.
- Full HD: 1920 x 1080 CSS-Pixel.
- WQHD: 2560 x 1440 CSS-Pixel.
- Ultrawide: 3440 x 1440 CSS-Pixel.
- 4K: 3840 x 2160 CSS-Pixel.
- Tablet: 768 x 1024 CSS-Pixel.
- Smartphone: 390 x 844 CSS-Pixel.
- Bei UI-Tests jeden definierten Viewport pruefen und je Viewport einen eigenen Screenshot am Testlauf hinterlegen.

Beleg und Nachbereitung
- Fuer jeden einzelnen Testschritt unmittelbar nach der Ausfuehrung einen Screenshot als Anhang am Testlauf hinterlegen.
- Der Screenshot muss die relevante Ausgangslage bzw. Eingabe und das sichtbare Ergebnis des jeweiligen Schrittes nachvollziehbar zeigen.
- Alle Schritte des Tests muessen einen eigenen Nachweis besitzen; bei Eingabeschritten sind Eingabe und anschliessende Reaktion zu dokumentieren.
- PASS nur vergeben, wenn alle Schritte erfolgreich abgeschlossen und fuer alle Schritte Screenshots hinterlegt sind.
- FAIL oder BLOCKED ebenfalls mit Screenshot(s), tatsaechlichem Ergebnis, Datum, Tester und Umgebung dokumentieren; bei FAIL einen Bug mit Reproduktionsschritten und Verweis auf diesen Test anlegen.
- Passwoerter, Tokens, Zahlungsdaten und sonstige Geheimnisse niemals im Klartext speichern; vor dem Anhang maskieren oder schwaerzen."
KAN-792,E7-06 Bestände korrigieren – Synchronisation und Fehler,"Abgedeckte Story: KAN-85 – E7-06 Bestände korrigieren
Testart: Synchronisation und Fehler
Priorität der Story: Highest

Ziel
Synchronisationslauf reproduzierbar behandeln

Vorbedingungen
- Die Anwendung ist erreichbar und die erforderlichen Testdaten sind vorbereitet.
- Der Test wird in einer isolierten Umgebung mit nachvollziehbaren Benutzerrollen ausgeführt.

Schritte
1. Lauf mit gültigen Daten starten.
2. Konflikt oder Fehlerdatensatz simulieren.
3. Status und Fehlerdetails prüfen.
4. Lauf sicher wiederholen.

Erwartetes Ergebnis
Gültige Daten werden verarbeitet; Fehler sind isoliert, erklärbar und ohne Doppelverarbeitung wiederholbar.

Responsive Viewports
- Desktop: 1440 x 900 CSS-Pixel.
- Full HD: 1920 x 1080 CSS-Pixel.
- WQHD: 2560 x 1440 CSS-Pixel.
- Ultrawide: 3440 x 1440 CSS-Pixel.
- 4K: 3840 x 2160 CSS-Pixel.
- Tablet: 768 x 1024 CSS-Pixel.
- Smartphone: 390 x 844 CSS-Pixel.
- Bei UI-Tests jeden definierten Viewport pruefen und je Viewport einen eigenen Screenshot am Testlauf hinterlegen.

Beleg und Nachbereitung
- Fuer jeden einzelnen Testschritt unmittelbar nach der Ausfuehrung einen Screenshot als Anhang am Testlauf hinterlegen.
- Der Screenshot muss die relevante Ausgangslage bzw. Eingabe und das sichtbare Ergebnis des jeweiligen Schrittes nachvollziehbar zeigen.
- Alle Schritte des Tests muessen einen eigenen Nachweis besitzen; bei Eingabeschritten sind Eingabe und anschliessende Reaktion zu dokumentieren.
- PASS nur vergeben, wenn alle Schritte erfolgreich abgeschlossen und fuer alle Schritte Screenshots hinterlegt sind.
- FAIL oder BLOCKED ebenfalls mit Screenshot(s), tatsaechlichem Ergebnis, Datum, Tester und Umgebung dokumentieren; bei FAIL einen Bug mit Reproduktionsschritten und Verweis auf diesen Test anlegen.
- Passwoerter, Tokens, Zahlungsdaten und sonstige Geheimnisse niemals im Klartext speichern; vor dem Anhang maskieren oder schwaerzen."
KAN-793,E7-07 Bestellungen administrieren – Admin-Operation erfolgreich,"Abgedeckte Story: KAN-86 – E7-07 Bestellungen administrieren
Testart: Admin-Operation erfolgreich
Priorität der Story: Highest

Ziel
Eine berechtigte Verwaltungsaktion ausführen

Vorbedingungen
- Die Anwendung ist erreichbar und die erforderlichen Testdaten sind vorbereitet.
- Der Test wird in einer isolierten Umgebung mit nachvollziehbaren Benutzerrollen ausgeführt.

Schritte
1. Als passende Adminrolle anmelden.
2. Datensatz suchen und öffnen.
3. Änderung validiert speichern.
4. Liste, Detail und Audit erneut laden.

Erwartetes Ergebnis
Die Änderung ist einmalig wirksam, sichtbar und mit verantwortlicher Rolle nachvollziehbar.

Responsive Viewports
- Desktop: 1440 x 900 CSS-Pixel.
- Full HD: 1920 x 1080 CSS-Pixel.
- WQHD: 2560 x 1440 CSS-Pixel.
- Ultrawide: 3440 x 1440 CSS-Pixel.
- 4K: 3840 x 2160 CSS-Pixel.
- Tablet: 768 x 1024 CSS-Pixel.
- Smartphone: 390 x 844 CSS-Pixel.
- Bei UI-Tests jeden definierten Viewport pruefen und je Viewport einen eigenen Screenshot am Testlauf hinterlegen.

Beleg und Nachbereitung
- Fuer jeden einzelnen Testschritt unmittelbar nach der Ausfuehrung einen Screenshot als Anhang am Testlauf hinterlegen.
- Der Screenshot muss die relevante Ausgangslage bzw. Eingabe und das sichtbare Ergebnis des jeweiligen Schrittes nachvollziehbar zeigen.
- Alle Schritte des Tests muessen einen eigenen Nachweis besitzen; bei Eingabeschritten sind Eingabe und anschliessende Reaktion zu dokumentieren.
- PASS nur vergeben, wenn alle Schritte erfolgreich abgeschlossen und fuer alle Schritte Screenshots hinterlegt sind.
- FAIL oder BLOCKED ebenfalls mit Screenshot(s), tatsaechlichem Ergebnis, Datum, Tester und Umgebung dokumentieren; bei FAIL einen Bug mit Reproduktionsschritten und Verweis auf diesen Test anlegen.
- Passwoerter, Tokens, Zahlungsdaten und sonstige Geheimnisse niemals im Klartext speichern; vor dem Anhang maskieren oder schwaerzen."
KAN-794,E7-07 Bestellungen administrieren – Rolle und Risikoaktion,"Abgedeckte Story: KAN-86 – E7-07 Bestellungen administrieren
Testart: Rolle und Risikoaktion
Priorität der Story: Highest

Ziel
Unberechtigte und irreversible Aktionen prüfen

Vorbedingungen
- Die Anwendung ist erreichbar und die erforderlichen Testdaten sind vorbereitet.
- Der Test wird in einer isolierten Umgebung mit nachvollziehbaren Benutzerrollen ausgeführt.

Schritte
1. Mit eingeschränkter Rolle aufrufen.
2. Direkten API-/Deep-Link nutzen.
3. Irreversible Aktion abbrechen und bestätigen.
4. Berechtigung und Audit prüfen.

Erwartetes Ergebnis
Unberechtigte Aktionen werden abgewiesen; kritische Aktionen benötigen bewusste Bestätigung.

Responsive Viewports
- Desktop: 1440 x 900 CSS-Pixel.
- Full HD: 1920 x 1080 CSS-Pixel.
- WQHD: 2560 x 1440 CSS-Pixel.
- Ultrawide: 3440 x 1440 CSS-Pixel.
- 4K: 3840 x 2160 CSS-Pixel.
- Tablet: 768 x 1024 CSS-Pixel.
- Smartphone: 390 x 844 CSS-Pixel.
- Bei UI-Tests jeden definierten Viewport pruefen und je Viewport einen eigenen Screenshot am Testlauf hinterlegen.

Beleg und Nachbereitung
- Fuer jeden einzelnen Testschritt unmittelbar nach der Ausfuehrung einen Screenshot als Anhang am Testlauf hinterlegen.
- Der Screenshot muss die relevante Ausgangslage bzw. Eingabe und das sichtbare Ergebnis des jeweiligen Schrittes nachvollziehbar zeigen.
- Alle Schritte des Tests muessen einen eigenen Nachweis besitzen; bei Eingabeschritten sind Eingabe und anschliessende Reaktion zu dokumentieren.
- PASS nur vergeben, wenn alle Schritte erfolgreich abgeschlossen und fuer alle Schritte Screenshots hinterlegt sind.
- FAIL oder BLOCKED ebenfalls mit Screenshot(s), tatsaechlichem Ergebnis, Datum, Tester und Umgebung dokumentieren; bei FAIL einen Bug mit Reproduktionsschritten und Verweis auf diesen Test anlegen.
- Passwoerter, Tokens, Zahlungsdaten und sonstige Geheimnisse niemals im Klartext speichern; vor dem Anhang maskieren oder schwaerzen."
KAN-795,E7-07 Bestellungen administrieren – Synchronisation und Fehler,"Abgedeckte Story: KAN-86 – E7-07 Bestellungen administrieren
Testart: Synchronisation und Fehler
Priorität der Story: Highest

Ziel
Synchronisationslauf reproduzierbar behandeln

Vorbedingungen
- Die Anwendung ist erreichbar und die erforderlichen Testdaten sind vorbereitet.
- Der Test wird in einer isolierten Umgebung mit nachvollziehbaren Benutzerrollen ausgeführt.

Schritte
1. Lauf mit gültigen Daten starten.
2. Konflikt oder Fehlerdatensatz simulieren.
3. Status und Fehlerdetails prüfen.
4. Lauf sicher wiederholen.

Erwartetes Ergebnis
Gültige Daten werden verarbeitet; Fehler sind isoliert, erklärbar und ohne Doppelverarbeitung wiederholbar.

Responsive Viewports
- Desktop: 1440 x 900 CSS-Pixel.
- Full HD: 1920 x 1080 CSS-Pixel.
- WQHD: 2560 x 1440 CSS-Pixel.
- Ultrawide: 3440 x 1440 CSS-Pixel.
- 4K: 3840 x 2160 CSS-Pixel.
- Tablet: 768 x 1024 CSS-Pixel.
- Smartphone: 390 x 844 CSS-Pixel.
- Bei UI-Tests jeden definierten Viewport pruefen und je Viewport einen eigenen Screenshot am Testlauf hinterlegen.

Beleg und Nachbereitung
- Fuer jeden einzelnen Testschritt unmittelbar nach der Ausfuehrung einen Screenshot als Anhang am Testlauf hinterlegen.
- Der Screenshot muss die relevante Ausgangslage bzw. Eingabe und das sichtbare Ergebnis des jeweiligen Schrittes nachvollziehbar zeigen.
- Alle Schritte des Tests muessen einen eigenen Nachweis besitzen; bei Eingabeschritten sind Eingabe und anschliessende Reaktion zu dokumentieren.
- PASS nur vergeben, wenn alle Schritte erfolgreich abgeschlossen und fuer alle Schritte Screenshots hinterlegt sind.
- FAIL oder BLOCKED ebenfalls mit Screenshot(s), tatsaechlichem Ergebnis, Datum, Tester und Umgebung dokumentieren; bei FAIL einen Bug mit Reproduktionsschritten und Verweis auf diesen Test anlegen.
- Passwoerter, Tokens, Zahlungsdaten und sonstige Geheimnisse niemals im Klartext speichern; vor dem Anhang maskieren oder schwaerzen."
KAN-796,E7-08 Kundenkonten administrieren – Admin-Operation erfolgreich,"Abgedeckte Story: KAN-87 – E7-08 Kundenkonten administrieren
Testart: Admin-Operation erfolgreich
Priorität der Story: Highest

Ziel
Eine berechtigte Verwaltungsaktion ausführen

Vorbedingungen
- Die Anwendung ist erreichbar und die erforderlichen Testdaten sind vorbereitet.
- Der Test wird in einer isolierten Umgebung mit nachvollziehbaren Benutzerrollen ausgeführt.

Schritte
1. Als passende Adminrolle anmelden.
2. Datensatz suchen und öffnen.
3. Änderung validiert speichern.
4. Liste, Detail und Audit erneut laden.

Erwartetes Ergebnis
Die Änderung ist einmalig wirksam, sichtbar und mit verantwortlicher Rolle nachvollziehbar.

Responsive Viewports
- Desktop: 1440 x 900 CSS-Pixel.
- Full HD: 1920 x 1080 CSS-Pixel.
- WQHD: 2560 x 1440 CSS-Pixel.
- Ultrawide: 3440 x 1440 CSS-Pixel.
- 4K: 3840 x 2160 CSS-Pixel.
- Tablet: 768 x 1024 CSS-Pixel.
- Smartphone: 390 x 844 CSS-Pixel.
- Bei UI-Tests jeden definierten Viewport pruefen und je Viewport einen eigenen Screenshot am Testlauf hinterlegen.

Beleg und Nachbereitung
- Fuer jeden einzelnen Testschritt unmittelbar nach der Ausfuehrung einen Screenshot als Anhang am Testlauf hinterlegen.
- Der Screenshot muss die relevante Ausgangslage bzw. Eingabe und das sichtbare Ergebnis des jeweiligen Schrittes nachvollziehbar zeigen.
- Alle Schritte des Tests muessen einen eigenen Nachweis besitzen; bei Eingabeschritten sind Eingabe und anschliessende Reaktion zu dokumentieren.
- PASS nur vergeben, wenn alle Schritte erfolgreich abgeschlossen und fuer alle Schritte Screenshots hinterlegt sind.
- FAIL oder BLOCKED ebenfalls mit Screenshot(s), tatsaechlichem Ergebnis, Datum, Tester und Umgebung dokumentieren; bei FAIL einen Bug mit Reproduktionsschritten und Verweis auf diesen Test anlegen.
- Passwoerter, Tokens, Zahlungsdaten und sonstige Geheimnisse niemals im Klartext speichern; vor dem Anhang maskieren oder schwaerzen."
KAN-797,E7-08 Kundenkonten administrieren – Rolle und Risikoaktion,"Abgedeckte Story: KAN-87 – E7-08 Kundenkonten administrieren
Testart: Rolle und Risikoaktion
Priorität der Story: Highest

Ziel
Unberechtigte und irreversible Aktionen prüfen

Vorbedingungen
- Die Anwendung ist erreichbar und die erforderlichen Testdaten sind vorbereitet.
- Der Test wird in einer isolierten Umgebung mit nachvollziehbaren Benutzerrollen ausgeführt.

Schritte
1. Mit eingeschränkter Rolle aufrufen.
2. Direkten API-/Deep-Link nutzen.
3. Irreversible Aktion abbrechen und bestätigen.
4. Berechtigung und Audit prüfen.

Erwartetes Ergebnis
Unberechtigte Aktionen werden abgewiesen; kritische Aktionen benötigen bewusste Bestätigung.

Responsive Viewports
- Desktop: 1440 x 900 CSS-Pixel.
- Full HD: 1920 x 1080 CSS-Pixel.
- WQHD: 2560 x 1440 CSS-Pixel.
- Ultrawide: 3440 x 1440 CSS-Pixel.
- 4K: 3840 x 2160 CSS-Pixel.
- Tablet: 768 x 1024 CSS-Pixel.
- Smartphone: 390 x 844 CSS-Pixel.
- Bei UI-Tests jeden definierten Viewport pruefen und je Viewport einen eigenen Screenshot am Testlauf hinterlegen.

Beleg und Nachbereitung
- Fuer jeden einzelnen Testschritt unmittelbar nach der Ausfuehrung einen Screenshot als Anhang am Testlauf hinterlegen.
- Der Screenshot muss die relevante Ausgangslage bzw. Eingabe und das sichtbare Ergebnis des jeweiligen Schrittes nachvollziehbar zeigen.
- Alle Schritte des Tests muessen einen eigenen Nachweis besitzen; bei Eingabeschritten sind Eingabe und anschliessende Reaktion zu dokumentieren.
- PASS nur vergeben, wenn alle Schritte erfolgreich abgeschlossen und fuer alle Schritte Screenshots hinterlegt sind.
- FAIL oder BLOCKED ebenfalls mit Screenshot(s), tatsaechlichem Ergebnis, Datum, Tester und Umgebung dokumentieren; bei FAIL einen Bug mit Reproduktionsschritten und Verweis auf diesen Test anlegen.
- Passwoerter, Tokens, Zahlungsdaten und sonstige Geheimnisse niemals im Klartext speichern; vor dem Anhang maskieren oder schwaerzen."
KAN-798,E7-08 Kundenkonten administrieren – Synchronisation und Fehler,"Abgedeckte Story: KAN-87 – E7-08 Kundenkonten administrieren
Testart: Synchronisation und Fehler
Priorität der Story: Highest

Ziel
Synchronisationslauf reproduzierbar behandeln

Vorbedingungen
- Die Anwendung ist erreichbar und die erforderlichen Testdaten sind vorbereitet.
- Der Test wird in einer isolierten Umgebung mit nachvollziehbaren Benutzerrollen ausgeführt.

Schritte
1. Lauf mit gültigen Daten starten.
2. Konflikt oder Fehlerdatensatz simulieren.
3. Status und Fehlerdetails prüfen.
4. Lauf sicher wiederholen.

Erwartetes Ergebnis
Gültige Daten werden verarbeitet; Fehler sind isoliert, erklärbar und ohne Doppelverarbeitung wiederholbar.

Responsive Viewports
- Desktop: 1440 x 900 CSS-Pixel.
- Full HD: 1920 x 1080 CSS-Pixel.
- WQHD: 2560 x 1440 CSS-Pixel.
- Ultrawide: 3440 x 1440 CSS-Pixel.
- 4K: 3840 x 2160 CSS-Pixel.
- Tablet: 768 x 1024 CSS-Pixel.
- Smartphone: 390 x 844 CSS-Pixel.
- Bei UI-Tests jeden definierten Viewport pruefen und je Viewport einen eigenen Screenshot am Testlauf hinterlegen.

Beleg und Nachbereitung
- Fuer jeden einzelnen Testschritt unmittelbar nach der Ausfuehrung einen Screenshot als Anhang am Testlauf hinterlegen.
- Der Screenshot muss die relevante Ausgangslage bzw. Eingabe und das sichtbare Ergebnis des jeweiligen Schrittes nachvollziehbar zeigen.
- Alle Schritte des Tests muessen einen eigenen Nachweis besitzen; bei Eingabeschritten sind Eingabe und anschliessende Reaktion zu dokumentieren.
- PASS nur vergeben, wenn alle Schritte erfolgreich abgeschlossen und fuer alle Schritte Screenshots hinterlegt sind.
- FAIL oder BLOCKED ebenfalls mit Screenshot(s), tatsaechlichem Ergebnis, Datum, Tester und Umgebung dokumentieren; bei FAIL einen Bug mit Reproduktionsschritten und Verweis auf diesen Test anlegen.
- Passwoerter, Tokens, Zahlungsdaten und sonstige Geheimnisse niemals im Klartext speichern; vor dem Anhang maskieren oder schwaerzen."
KAN-799,E7-09 Verkaufsangebote administrieren – Admin-Operation erfolgreich,"Abgedeckte Story: KAN-88 – E7-09 Verkaufsangebote administrieren
Testart: Admin-Operation erfolgreich
Priorität der Story: Medium

Ziel
Eine berechtigte Verwaltungsaktion ausführen

Vorbedingungen
- Die Anwendung ist erreichbar und die erforderlichen Testdaten sind vorbereitet.
- Der Test wird in einer isolierten Umgebung mit nachvollziehbaren Benutzerrollen ausgeführt.

Schritte
1. Als passende Adminrolle anmelden.
2. Datensatz suchen und öffnen.
3. Änderung validiert speichern.
4. Liste, Detail und Audit erneut laden.

Erwartetes Ergebnis
Die Änderung ist einmalig wirksam, sichtbar und mit verantwortlicher Rolle nachvollziehbar.

Responsive Viewports
- Desktop: 1440 x 900 CSS-Pixel.
- Full HD: 1920 x 1080 CSS-Pixel.
- WQHD: 2560 x 1440 CSS-Pixel.
- Ultrawide: 3440 x 1440 CSS-Pixel.
- 4K: 3840 x 2160 CSS-Pixel.
- Tablet: 768 x 1024 CSS-Pixel.
- Smartphone: 390 x 844 CSS-Pixel.
- Bei UI-Tests jeden definierten Viewport pruefen und je Viewport einen eigenen Screenshot am Testlauf hinterlegen.

Beleg und Nachbereitung
- Fuer jeden einzelnen Testschritt unmittelbar nach der Ausfuehrung einen Screenshot als Anhang am Testlauf hinterlegen.
- Der Screenshot muss die relevante Ausgangslage bzw. Eingabe und das sichtbare Ergebnis des jeweiligen Schrittes nachvollziehbar zeigen.
- Alle Schritte des Tests muessen einen eigenen Nachweis besitzen; bei Eingabeschritten sind Eingabe und anschliessende Reaktion zu dokumentieren.
- PASS nur vergeben, wenn alle Schritte erfolgreich abgeschlossen und fuer alle Schritte Screenshots hinterlegt sind.
- FAIL oder BLOCKED ebenfalls mit Screenshot(s), tatsaechlichem Ergebnis, Datum, Tester und Umgebung dokumentieren; bei FAIL einen Bug mit Reproduktionsschritten und Verweis auf diesen Test anlegen.
- Passwoerter, Tokens, Zahlungsdaten und sonstige Geheimnisse niemals im Klartext speichern; vor dem Anhang maskieren oder schwaerzen."
KAN-800,E7-09 Verkaufsangebote administrieren – Rolle und Risikoaktion,"Abgedeckte Story: KAN-88 – E7-09 Verkaufsangebote administrieren
Testart: Rolle und Risikoaktion
Priorität der Story: Medium

Ziel
Unberechtigte und irreversible Aktionen prüfen

Vorbedingungen
- Die Anwendung ist erreichbar und die erforderlichen Testdaten sind vorbereitet.
- Der Test wird in einer isolierten Umgebung mit nachvollziehbaren Benutzerrollen ausgeführt.

Schritte
1. Mit eingeschränkter Rolle aufrufen.
2. Direkten API-/Deep-Link nutzen.
3. Irreversible Aktion abbrechen und bestätigen.
4. Berechtigung und Audit prüfen.

Erwartetes Ergebnis
Unberechtigte Aktionen werden abgewiesen; kritische Aktionen benötigen bewusste Bestätigung.

Responsive Viewports
- Desktop: 1440 x 900 CSS-Pixel.
- Full HD: 1920 x 1080 CSS-Pixel.
- WQHD: 2560 x 1440 CSS-Pixel.
- Ultrawide: 3440 x 1440 CSS-Pixel.
- 4K: 3840 x 2160 CSS-Pixel.
- Tablet: 768 x 1024 CSS-Pixel.
- Smartphone: 390 x 844 CSS-Pixel.
- Bei UI-Tests jeden definierten Viewport pruefen und je Viewport einen eigenen Screenshot am Testlauf hinterlegen.

Beleg und Nachbereitung
- Fuer jeden einzelnen Testschritt unmittelbar nach der Ausfuehrung einen Screenshot als Anhang am Testlauf hinterlegen.
- Der Screenshot muss die relevante Ausgangslage bzw. Eingabe und das sichtbare Ergebnis des jeweiligen Schrittes nachvollziehbar zeigen.
- Alle Schritte des Tests muessen einen eigenen Nachweis besitzen; bei Eingabeschritten sind Eingabe und anschliessende Reaktion zu dokumentieren.
- PASS nur vergeben, wenn alle Schritte erfolgreich abgeschlossen und fuer alle Schritte Screenshots hinterlegt sind.
- FAIL oder BLOCKED ebenfalls mit Screenshot(s), tatsaechlichem Ergebnis, Datum, Tester und Umgebung dokumentieren; bei FAIL einen Bug mit Reproduktionsschritten und Verweis auf diesen Test anlegen.
- Passwoerter, Tokens, Zahlungsdaten und sonstige Geheimnisse niemals im Klartext speichern; vor dem Anhang maskieren oder schwaerzen."
KAN-801,E7-09 Verkaufsangebote administrieren – Synchronisation und Fehler,"Abgedeckte Story: KAN-88 – E7-09 Verkaufsangebote administrieren
Testart: Synchronisation und Fehler
Priorität der Story: Medium

Ziel
Synchronisationslauf reproduzierbar behandeln

Vorbedingungen
- Die Anwendung ist erreichbar und die erforderlichen Testdaten sind vorbereitet.
- Der Test wird in einer isolierten Umgebung mit nachvollziehbaren Benutzerrollen ausgeführt.

Schritte
1. Lauf mit gültigen Daten starten.
2. Konflikt oder Fehlerdatensatz simulieren.
3. Status und Fehlerdetails prüfen.
4. Lauf sicher wiederholen.

Erwartetes Ergebnis
Gültige Daten werden verarbeitet; Fehler sind isoliert, erklärbar und ohne Doppelverarbeitung wiederholbar.

Responsive Viewports
- Desktop: 1440 x 900 CSS-Pixel.
- Full HD: 1920 x 1080 CSS-Pixel.
- WQHD: 2560 x 1440 CSS-Pixel.
- Ultrawide: 3440 x 1440 CSS-Pixel.
- 4K: 3840 x 2160 CSS-Pixel.
- Tablet: 768 x 1024 CSS-Pixel.
- Smartphone: 390 x 844 CSS-Pixel.
- Bei UI-Tests jeden definierten Viewport pruefen und je Viewport einen eigenen Screenshot am Testlauf hinterlegen.

Beleg und Nachbereitung
- Fuer jeden einzelnen Testschritt unmittelbar nach der Ausfuehrung einen Screenshot als Anhang am Testlauf hinterlegen.
- Der Screenshot muss die relevante Ausgangslage bzw. Eingabe und das sichtbare Ergebnis des jeweiligen Schrittes nachvollziehbar zeigen.
- Alle Schritte des Tests muessen einen eigenen Nachweis besitzen; bei Eingabeschritten sind Eingabe und anschliessende Reaktion zu dokumentieren.
- PASS nur vergeben, wenn alle Schritte erfolgreich abgeschlossen und fuer alle Schritte Screenshots hinterlegt sind.
- FAIL oder BLOCKED ebenfalls mit Screenshot(s), tatsaechlichem Ergebnis, Datum, Tester und Umgebung dokumentieren; bei FAIL einen Bug mit Reproduktionsschritten und Verweis auf diesen Test anlegen.
- Passwoerter, Tokens, Zahlungsdaten und sonstige Geheimnisse niemals im Klartext speichern; vor dem Anhang maskieren oder schwaerzen."
KAN-802,E7-10 Katalogstammdaten verwalten – Admin-Operation erfolgreich,"Abgedeckte Story: KAN-89 – E7-10 Katalogstammdaten verwalten
Testart: Admin-Operation erfolgreich
Priorität der Story: Highest

Ziel
Eine berechtigte Verwaltungsaktion ausführen

Vorbedingungen
- Die Anwendung ist erreichbar und die erforderlichen Testdaten sind vorbereitet.
- Der Test wird in einer isolierten Umgebung mit nachvollziehbaren Benutzerrollen ausgeführt.

Schritte
1. Als passende Adminrolle anmelden.
2. Datensatz suchen und öffnen.
3. Änderung validiert speichern.
4. Liste, Detail und Audit erneut laden.

Erwartetes Ergebnis
Die Änderung ist einmalig wirksam, sichtbar und mit verantwortlicher Rolle nachvollziehbar.

Responsive Viewports
- Desktop: 1440 x 900 CSS-Pixel.
- Full HD: 1920 x 1080 CSS-Pixel.
- WQHD: 2560 x 1440 CSS-Pixel.
- Ultrawide: 3440 x 1440 CSS-Pixel.
- 4K: 3840 x 2160 CSS-Pixel.
- Tablet: 768 x 1024 CSS-Pixel.
- Smartphone: 390 x 844 CSS-Pixel.
- Bei UI-Tests jeden definierten Viewport pruefen und je Viewport einen eigenen Screenshot am Testlauf hinterlegen.

Beleg und Nachbereitung
- Fuer jeden einzelnen Testschritt unmittelbar nach der Ausfuehrung einen Screenshot als Anhang am Testlauf hinterlegen.
- Der Screenshot muss die relevante Ausgangslage bzw. Eingabe und das sichtbare Ergebnis des jeweiligen Schrittes nachvollziehbar zeigen.
- Alle Schritte des Tests muessen einen eigenen Nachweis besitzen; bei Eingabeschritten sind Eingabe und anschliessende Reaktion zu dokumentieren.
- PASS nur vergeben, wenn alle Schritte erfolgreich abgeschlossen und fuer alle Schritte Screenshots hinterlegt sind.
- FAIL oder BLOCKED ebenfalls mit Screenshot(s), tatsaechlichem Ergebnis, Datum, Tester und Umgebung dokumentieren; bei FAIL einen Bug mit Reproduktionsschritten und Verweis auf diesen Test anlegen.
- Passwoerter, Tokens, Zahlungsdaten und sonstige Geheimnisse niemals im Klartext speichern; vor dem Anhang maskieren oder schwaerzen."
KAN-803,E7-10 Katalogstammdaten verwalten – Rolle und Risikoaktion,"Abgedeckte Story: KAN-89 – E7-10 Katalogstammdaten verwalten
Testart: Rolle und Risikoaktion
Priorität der Story: Highest

Ziel
Unberechtigte und irreversible Aktionen prüfen

Vorbedingungen
- Die Anwendung ist erreichbar und die erforderlichen Testdaten sind vorbereitet.
- Der Test wird in einer isolierten Umgebung mit nachvollziehbaren Benutzerrollen ausgeführt.

Schritte
1. Mit eingeschränkter Rolle aufrufen.
2. Direkten API-/Deep-Link nutzen.
3. Irreversible Aktion abbrechen und bestätigen.
4. Berechtigung und Audit prüfen.

Erwartetes Ergebnis
Unberechtigte Aktionen werden abgewiesen; kritische Aktionen benötigen bewusste Bestätigung.

Responsive Viewports
- Desktop: 1440 x 900 CSS-Pixel.
- Full HD: 1920 x 1080 CSS-Pixel.
- WQHD: 2560 x 1440 CSS-Pixel.
- Ultrawide: 3440 x 1440 CSS-Pixel.
- 4K: 3840 x 2160 CSS-Pixel.
- Tablet: 768 x 1024 CSS-Pixel.
- Smartphone: 390 x 844 CSS-Pixel.
- Bei UI-Tests jeden definierten Viewport pruefen und je Viewport einen eigenen Screenshot am Testlauf hinterlegen.

Beleg und Nachbereitung
- Fuer jeden einzelnen Testschritt unmittelbar nach der Ausfuehrung einen Screenshot als Anhang am Testlauf hinterlegen.
- Der Screenshot muss die relevante Ausgangslage bzw. Eingabe und das sichtbare Ergebnis des jeweiligen Schrittes nachvollziehbar zeigen.
- Alle Schritte des Tests muessen einen eigenen Nachweis besitzen; bei Eingabeschritten sind Eingabe und anschliessende Reaktion zu dokumentieren.
- PASS nur vergeben, wenn alle Schritte erfolgreich abgeschlossen und fuer alle Schritte Screenshots hinterlegt sind.
- FAIL oder BLOCKED ebenfalls mit Screenshot(s), tatsaechlichem Ergebnis, Datum, Tester und Umgebung dokumentieren; bei FAIL einen Bug mit Reproduktionsschritten und Verweis auf diesen Test anlegen.
- Passwoerter, Tokens, Zahlungsdaten und sonstige Geheimnisse niemals im Klartext speichern; vor dem Anhang maskieren oder schwaerzen."
KAN-804,E7-10 Katalogstammdaten verwalten – Synchronisation und Fehler,"Abgedeckte Story: KAN-89 – E7-10 Katalogstammdaten verwalten
Testart: Synchronisation und Fehler
Priorität der Story: Highest

Ziel
Synchronisationslauf reproduzierbar behandeln

Vorbedingungen
- Die Anwendung ist erreichbar und die erforderlichen Testdaten sind vorbereitet.
- Der Test wird in einer isolierten Umgebung mit nachvollziehbaren Benutzerrollen ausgeführt.

Schritte
1. Lauf mit gültigen Daten starten.
2. Konflikt oder Fehlerdatensatz simulieren.
3. Status und Fehlerdetails prüfen.
4. Lauf sicher wiederholen.

Erwartetes Ergebnis
Gültige Daten werden verarbeitet; Fehler sind isoliert, erklärbar und ohne Doppelverarbeitung wiederholbar.

Responsive Viewports
- Desktop: 1440 x 900 CSS-Pixel.
- Full HD: 1920 x 1080 CSS-Pixel.
- WQHD: 2560 x 1440 CSS-Pixel.
- Ultrawide: 3440 x 1440 CSS-Pixel.
- 4K: 3840 x 2160 CSS-Pixel.
- Tablet: 768 x 1024 CSS-Pixel.
- Smartphone: 390 x 844 CSS-Pixel.
- Bei UI-Tests jeden definierten Viewport pruefen und je Viewport einen eigenen Screenshot am Testlauf hinterlegen.

Beleg und Nachbereitung
- Fuer jeden einzelnen Testschritt unmittelbar nach der Ausfuehrung einen Screenshot als Anhang am Testlauf hinterlegen.
- Der Screenshot muss die relevante Ausgangslage bzw. Eingabe und das sichtbare Ergebnis des jeweiligen Schrittes nachvollziehbar zeigen.
- Alle Schritte des Tests muessen einen eigenen Nachweis besitzen; bei Eingabeschritten sind Eingabe und anschliessende Reaktion zu dokumentieren.
- PASS nur vergeben, wenn alle Schritte erfolgreich abgeschlossen und fuer alle Schritte Screenshots hinterlegt sind.
- FAIL oder BLOCKED ebenfalls mit Screenshot(s), tatsaechlichem Ergebnis, Datum, Tester und Umgebung dokumentieren; bei FAIL einen Bug mit Reproduktionsschritten und Verweis auf diesen Test anlegen.
- Passwoerter, Tokens, Zahlungsdaten und sonstige Geheimnisse niemals im Klartext speichern; vor dem Anhang maskieren oder schwaerzen."
KAN-805,E7-11 Datenquellen synchronisieren – Admin-Operation erfolgreich,"Abgedeckte Story: KAN-90 – E7-11 Datenquellen synchronisieren
Testart: Admin-Operation erfolgreich
Priorität der Story: Highest

Ziel
Eine berechtigte Verwaltungsaktion ausführen

Vorbedingungen
- Die Anwendung ist erreichbar und die erforderlichen Testdaten sind vorbereitet.
- Der Test wird in einer isolierten Umgebung mit nachvollziehbaren Benutzerrollen ausgeführt.

Schritte
1. Als passende Adminrolle anmelden.
2. Datensatz suchen und öffnen.
3. Änderung validiert speichern.
4. Liste, Detail und Audit erneut laden.

Erwartetes Ergebnis
Die Änderung ist einmalig wirksam, sichtbar und mit verantwortlicher Rolle nachvollziehbar.

Responsive Viewports
- Desktop: 1440 x 900 CSS-Pixel.
- Full HD: 1920 x 1080 CSS-Pixel.
- WQHD: 2560 x 1440 CSS-Pixel.
- Ultrawide: 3440 x 1440 CSS-Pixel.
- 4K: 3840 x 2160 CSS-Pixel.
- Tablet: 768 x 1024 CSS-Pixel.
- Smartphone: 390 x 844 CSS-Pixel.
- Bei UI-Tests jeden definierten Viewport pruefen und je Viewport einen eigenen Screenshot am Testlauf hinterlegen.

Beleg und Nachbereitung
- Fuer jeden einzelnen Testschritt unmittelbar nach der Ausfuehrung einen Screenshot als Anhang am Testlauf hinterlegen.
- Der Screenshot muss die relevante Ausgangslage bzw. Eingabe und das sichtbare Ergebnis des jeweiligen Schrittes nachvollziehbar zeigen.
- Alle Schritte des Tests muessen einen eigenen Nachweis besitzen; bei Eingabeschritten sind Eingabe und anschliessende Reaktion zu dokumentieren.
- PASS nur vergeben, wenn alle Schritte erfolgreich abgeschlossen und fuer alle Schritte Screenshots hinterlegt sind.
- FAIL oder BLOCKED ebenfalls mit Screenshot(s), tatsaechlichem Ergebnis, Datum, Tester und Umgebung dokumentieren; bei FAIL einen Bug mit Reproduktionsschritten und Verweis auf diesen Test anlegen.
- Passwoerter, Tokens, Zahlungsdaten und sonstige Geheimnisse niemals im Klartext speichern; vor dem Anhang maskieren oder schwaerzen."
KAN-806,E7-11 Datenquellen synchronisieren – Rolle und Risikoaktion,"Abgedeckte Story: KAN-90 – E7-11 Datenquellen synchronisieren
Testart: Rolle und Risikoaktion
Priorität der Story: Highest

Ziel
Unberechtigte und irreversible Aktionen prüfen

Vorbedingungen
- Die Anwendung ist erreichbar und die erforderlichen Testdaten sind vorbereitet.
- Der Test wird in einer isolierten Umgebung mit nachvollziehbaren Benutzerrollen ausgeführt.

Schritte
1. Mit eingeschränkter Rolle aufrufen.
2. Direkten API-/Deep-Link nutzen.
3. Irreversible Aktion abbrechen und bestätigen.
4. Berechtigung und Audit prüfen.

Erwartetes Ergebnis
Unberechtigte Aktionen werden abgewiesen; kritische Aktionen benötigen bewusste Bestätigung.

Responsive Viewports
- Desktop: 1440 x 900 CSS-Pixel.
- Full HD: 1920 x 1080 CSS-Pixel.
- WQHD: 2560 x 1440 CSS-Pixel.
- Ultrawide: 3440 x 1440 CSS-Pixel.
- 4K: 3840 x 2160 CSS-Pixel.
- Tablet: 768 x 1024 CSS-Pixel.
- Smartphone: 390 x 844 CSS-Pixel.
- Bei UI-Tests jeden definierten Viewport pruefen und je Viewport einen eigenen Screenshot am Testlauf hinterlegen.

Beleg und Nachbereitung
- Fuer jeden einzelnen Testschritt unmittelbar nach der Ausfuehrung einen Screenshot als Anhang am Testlauf hinterlegen.
- Der Screenshot muss die relevante Ausgangslage bzw. Eingabe und das sichtbare Ergebnis des jeweiligen Schrittes nachvollziehbar zeigen.
- Alle Schritte des Tests muessen einen eigenen Nachweis besitzen; bei Eingabeschritten sind Eingabe und anschliessende Reaktion zu dokumentieren.
- PASS nur vergeben, wenn alle Schritte erfolgreich abgeschlossen und fuer alle Schritte Screenshots hinterlegt sind.
- FAIL oder BLOCKED ebenfalls mit Screenshot(s), tatsaechlichem Ergebnis, Datum, Tester und Umgebung dokumentieren; bei FAIL einen Bug mit Reproduktionsschritten und Verweis auf diesen Test anlegen.
- Passwoerter, Tokens, Zahlungsdaten und sonstige Geheimnisse niemals im Klartext speichern; vor dem Anhang maskieren oder schwaerzen."
KAN-807,E7-11 Datenquellen synchronisieren – Synchronisation und Fehler,"Abgedeckte Story: KAN-90 – E7-11 Datenquellen synchronisieren
Testart: Synchronisation und Fehler
Priorität der Story: Highest

Ziel
Synchronisationslauf reproduzierbar behandeln

Vorbedingungen
- Die Anwendung ist erreichbar und die erforderlichen Testdaten sind vorbereitet.
- Der Test wird in einer isolierten Umgebung mit nachvollziehbaren Benutzerrollen ausgeführt.

Schritte
1. Lauf mit gültigen Daten starten.
2. Konflikt oder Fehlerdatensatz simulieren.
3. Status und Fehlerdetails prüfen.
4. Lauf sicher wiederholen.

Erwartetes Ergebnis
Gültige Daten werden verarbeitet; Fehler sind isoliert, erklärbar und ohne Doppelverarbeitung wiederholbar.

Responsive Viewports
- Desktop: 1440 x 900 CSS-Pixel.
- Full HD: 1920 x 1080 CSS-Pixel.
- WQHD: 2560 x 1440 CSS-Pixel.
- Ultrawide: 3440 x 1440 CSS-Pixel.
- 4K: 3840 x 2160 CSS-Pixel.
- Tablet: 768 x 1024 CSS-Pixel.
- Smartphone: 390 x 844 CSS-Pixel.
- Bei UI-Tests jeden definierten Viewport pruefen und je Viewport einen eigenen Screenshot am Testlauf hinterlegen.

Beleg und Nachbereitung
- Fuer jeden einzelnen Testschritt unmittelbar nach der Ausfuehrung einen Screenshot als Anhang am Testlauf hinterlegen.
- Der Screenshot muss die relevante Ausgangslage bzw. Eingabe und das sichtbare Ergebnis des jeweiligen Schrittes nachvollziehbar zeigen.
- Alle Schritte des Tests muessen einen eigenen Nachweis besitzen; bei Eingabeschritten sind Eingabe und anschliessende Reaktion zu dokumentieren.
- PASS nur vergeben, wenn alle Schritte erfolgreich abgeschlossen und fuer alle Schritte Screenshots hinterlegt sind.
- FAIL oder BLOCKED ebenfalls mit Screenshot(s), tatsaechlichem Ergebnis, Datum, Tester und Umgebung dokumentieren; bei FAIL einen Bug mit Reproduktionsschritten und Verweis auf diesen Test anlegen.
- Passwoerter, Tokens, Zahlungsdaten und sonstige Geheimnisse niemals im Klartext speichern; vor dem Anhang maskieren oder schwaerzen."
KAN-808,E7-12 Synchronisationsfehler beheben – Admin-Operation erfolgreich,"Abgedeckte Story: KAN-91 – E7-12 Synchronisationsfehler beheben
Testart: Admin-Operation erfolgreich
Priorität der Story: Highest

Ziel
Eine berechtigte Verwaltungsaktion ausführen

Vorbedingungen
- Die Anwendung ist erreichbar und die erforderlichen Testdaten sind vorbereitet.
- Der Test wird in einer isolierten Umgebung mit nachvollziehbaren Benutzerrollen ausgeführt.

Schritte
1. Als passende Adminrolle anmelden.
2. Datensatz suchen und öffnen.
3. Änderung validiert speichern.
4. Liste, Detail und Audit erneut laden.

Erwartetes Ergebnis
Die Änderung ist einmalig wirksam, sichtbar und mit verantwortlicher Rolle nachvollziehbar.

Responsive Viewports
- Desktop: 1440 x 900 CSS-Pixel.
- Full HD: 1920 x 1080 CSS-Pixel.
- WQHD: 2560 x 1440 CSS-Pixel.
- Ultrawide: 3440 x 1440 CSS-Pixel.
- 4K: 3840 x 2160 CSS-Pixel.
- Tablet: 768 x 1024 CSS-Pixel.
- Smartphone: 390 x 844 CSS-Pixel.
- Bei UI-Tests jeden definierten Viewport pruefen und je Viewport einen eigenen Screenshot am Testlauf hinterlegen.

Beleg und Nachbereitung
- Fuer jeden einzelnen Testschritt unmittelbar nach der Ausfuehrung einen Screenshot als Anhang am Testlauf hinterlegen.
- Der Screenshot muss die relevante Ausgangslage bzw. Eingabe und das sichtbare Ergebnis des jeweiligen Schrittes nachvollziehbar zeigen.
- Alle Schritte des Tests muessen einen eigenen Nachweis besitzen; bei Eingabeschritten sind Eingabe und anschliessende Reaktion zu dokumentieren.
- PASS nur vergeben, wenn alle Schritte erfolgreich abgeschlossen und fuer alle Schritte Screenshots hinterlegt sind.
- FAIL oder BLOCKED ebenfalls mit Screenshot(s), tatsaechlichem Ergebnis, Datum, Tester und Umgebung dokumentieren; bei FAIL einen Bug mit Reproduktionsschritten und Verweis auf diesen Test anlegen.
- Passwoerter, Tokens, Zahlungsdaten und sonstige Geheimnisse niemals im Klartext speichern; vor dem Anhang maskieren oder schwaerzen."
KAN-809,E7-12 Synchronisationsfehler beheben – Rolle und Risikoaktion,"Abgedeckte Story: KAN-91 – E7-12 Synchronisationsfehler beheben
Testart: Rolle und Risikoaktion
Priorität der Story: Highest

Ziel
Unberechtigte und irreversible Aktionen prüfen

Vorbedingungen
- Die Anwendung ist erreichbar und die erforderlichen Testdaten sind vorbereitet.
- Der Test wird in einer isolierten Umgebung mit nachvollziehbaren Benutzerrollen ausgeführt.

Schritte
1. Mit eingeschränkter Rolle aufrufen.
2. Direkten API-/Deep-Link nutzen.
3. Irreversible Aktion abbrechen und bestätigen.
4. Berechtigung und Audit prüfen.

Erwartetes Ergebnis
Unberechtigte Aktionen werden abgewiesen; kritische Aktionen benötigen bewusste Bestätigung.

Responsive Viewports
- Desktop: 1440 x 900 CSS-Pixel.
- Full HD: 1920 x 1080 CSS-Pixel.
- WQHD: 2560 x 1440 CSS-Pixel.
- Ultrawide: 3440 x 1440 CSS-Pixel.
- 4K: 3840 x 2160 CSS-Pixel.
- Tablet: 768 x 1024 CSS-Pixel.
- Smartphone: 390 x 844 CSS-Pixel.
- Bei UI-Tests jeden definierten Viewport pruefen und je Viewport einen eigenen Screenshot am Testlauf hinterlegen.

Beleg und Nachbereitung
- Fuer jeden einzelnen Testschritt unmittelbar nach der Ausfuehrung einen Screenshot als Anhang am Testlauf hinterlegen.
- Der Screenshot muss die relevante Ausgangslage bzw. Eingabe und das sichtbare Ergebnis des jeweiligen Schrittes nachvollziehbar zeigen.
- Alle Schritte des Tests muessen einen eigenen Nachweis besitzen; bei Eingabeschritten sind Eingabe und anschliessende Reaktion zu dokumentieren.
- PASS nur vergeben, wenn alle Schritte erfolgreich abgeschlossen und fuer alle Schritte Screenshots hinterlegt sind.
- FAIL oder BLOCKED ebenfalls mit Screenshot(s), tatsaechlichem Ergebnis, Datum, Tester und Umgebung dokumentieren; bei FAIL einen Bug mit Reproduktionsschritten und Verweis auf diesen Test anlegen.
- Passwoerter, Tokens, Zahlungsdaten und sonstige Geheimnisse niemals im Klartext speichern; vor dem Anhang maskieren oder schwaerzen."
KAN-810,E7-12 Synchronisationsfehler beheben – Synchronisation und Fehler,"Abgedeckte Story: KAN-91 – E7-12 Synchronisationsfehler beheben
Testart: Synchronisation und Fehler
Priorität der Story: Highest

Ziel
Synchronisationslauf reproduzierbar behandeln

Vorbedingungen
- Die Anwendung ist erreichbar und die erforderlichen Testdaten sind vorbereitet.
- Der Test wird in einer isolierten Umgebung mit nachvollziehbaren Benutzerrollen ausgeführt.

Schritte
1. Lauf mit gültigen Daten starten.
2. Konflikt oder Fehlerdatensatz simulieren.
3. Status und Fehlerdetails prüfen.
4. Lauf sicher wiederholen.

Erwartetes Ergebnis
Gültige Daten werden verarbeitet; Fehler sind isoliert, erklärbar und ohne Doppelverarbeitung wiederholbar.

Responsive Viewports
- Desktop: 1440 x 900 CSS-Pixel.
- Full HD: 1920 x 1080 CSS-Pixel.
- WQHD: 2560 x 1440 CSS-Pixel.
- Ultrawide: 3440 x 1440 CSS-Pixel.
- 4K: 3840 x 2160 CSS-Pixel.
- Tablet: 768 x 1024 CSS-Pixel.
- Smartphone: 390 x 844 CSS-Pixel.
- Bei UI-Tests jeden definierten Viewport pruefen und je Viewport einen eigenen Screenshot am Testlauf hinterlegen.

Beleg und Nachbereitung
- Fuer jeden einzelnen Testschritt unmittelbar nach der Ausfuehrung einen Screenshot als Anhang am Testlauf hinterlegen.
- Der Screenshot muss die relevante Ausgangslage bzw. Eingabe und das sichtbare Ergebnis des jeweiligen Schrittes nachvollziehbar zeigen.
- Alle Schritte des Tests muessen einen eigenen Nachweis besitzen; bei Eingabeschritten sind Eingabe und anschliessende Reaktion zu dokumentieren.
- PASS nur vergeben, wenn alle Schritte erfolgreich abgeschlossen und fuer alle Schritte Screenshots hinterlegt sind.
- FAIL oder BLOCKED ebenfalls mit Screenshot(s), tatsaechlichem Ergebnis, Datum, Tester und Umgebung dokumentieren; bei FAIL einen Bug mit Reproduktionsschritten und Verweis auf diesen Test anlegen.
- Passwoerter, Tokens, Zahlungsdaten und sonstige Geheimnisse niemals im Klartext speichern; vor dem Anhang maskieren oder schwaerzen."
KAN-811,E7-13 Änderungen nachvollziehen – Admin-Operation erfolgreich,"Abgedeckte Story: KAN-92 – E7-13 Änderungen nachvollziehen
Testart: Admin-Operation erfolgreich
Priorität der Story: Highest

Ziel
Eine berechtigte Verwaltungsaktion ausführen

Vorbedingungen
- Die Anwendung ist erreichbar und die erforderlichen Testdaten sind vorbereitet.
- Der Test wird in einer isolierten Umgebung mit nachvollziehbaren Benutzerrollen ausgeführt.

Schritte
1. Als passende Adminrolle anmelden.
2. Datensatz suchen und öffnen.
3. Änderung validiert speichern.
4. Liste, Detail und Audit erneut laden.

Erwartetes Ergebnis
Die Änderung ist einmalig wirksam, sichtbar und mit verantwortlicher Rolle nachvollziehbar.

Responsive Viewports
- Desktop: 1440 x 900 CSS-Pixel.
- Full HD: 1920 x 1080 CSS-Pixel.
- WQHD: 2560 x 1440 CSS-Pixel.
- Ultrawide: 3440 x 1440 CSS-Pixel.
- 4K: 3840 x 2160 CSS-Pixel.
- Tablet: 768 x 1024 CSS-Pixel.
- Smartphone: 390 x 844 CSS-Pixel.
- Bei UI-Tests jeden definierten Viewport pruefen und je Viewport einen eigenen Screenshot am Testlauf hinterlegen.

Beleg und Nachbereitung
- Fuer jeden einzelnen Testschritt unmittelbar nach der Ausfuehrung einen Screenshot als Anhang am Testlauf hinterlegen.
- Der Screenshot muss die relevante Ausgangslage bzw. Eingabe und das sichtbare Ergebnis des jeweiligen Schrittes nachvollziehbar zeigen.
- Alle Schritte des Tests muessen einen eigenen Nachweis besitzen; bei Eingabeschritten sind Eingabe und anschliessende Reaktion zu dokumentieren.
- PASS nur vergeben, wenn alle Schritte erfolgreich abgeschlossen und fuer alle Schritte Screenshots hinterlegt sind.
- FAIL oder BLOCKED ebenfalls mit Screenshot(s), tatsaechlichem Ergebnis, Datum, Tester und Umgebung dokumentieren; bei FAIL einen Bug mit Reproduktionsschritten und Verweis auf diesen Test anlegen.
- Passwoerter, Tokens, Zahlungsdaten und sonstige Geheimnisse niemals im Klartext speichern; vor dem Anhang maskieren oder schwaerzen."
KAN-812,E7-13 Änderungen nachvollziehen – Rolle und Risikoaktion,"Abgedeckte Story: KAN-92 – E7-13 Änderungen nachvollziehen
Testart: Rolle und Risikoaktion
Priorität der Story: Highest

Ziel
Unberechtigte und irreversible Aktionen prüfen

Vorbedingungen
- Die Anwendung ist erreichbar und die erforderlichen Testdaten sind vorbereitet.
- Der Test wird in einer isolierten Umgebung mit nachvollziehbaren Benutzerrollen ausgeführt.

Schritte
1. Mit eingeschränkter Rolle aufrufen.
2. Direkten API-/Deep-Link nutzen.
3. Irreversible Aktion abbrechen und bestätigen.
4. Berechtigung und Audit prüfen.

Erwartetes Ergebnis
Unberechtigte Aktionen werden abgewiesen; kritische Aktionen benötigen bewusste Bestätigung.

Responsive Viewports
- Desktop: 1440 x 900 CSS-Pixel.
- Full HD: 1920 x 1080 CSS-Pixel.
- WQHD: 2560 x 1440 CSS-Pixel.
- Ultrawide: 3440 x 1440 CSS-Pixel.
- 4K: 3840 x 2160 CSS-Pixel.
- Tablet: 768 x 1024 CSS-Pixel.
- Smartphone: 390 x 844 CSS-Pixel.
- Bei UI-Tests jeden definierten Viewport pruefen und je Viewport einen eigenen Screenshot am Testlauf hinterlegen.

Beleg und Nachbereitung
- Fuer jeden einzelnen Testschritt unmittelbar nach der Ausfuehrung einen Screenshot als Anhang am Testlauf hinterlegen.
- Der Screenshot muss die relevante Ausgangslage bzw. Eingabe und das sichtbare Ergebnis des jeweiligen Schrittes nachvollziehbar zeigen.
- Alle Schritte des Tests muessen einen eigenen Nachweis besitzen; bei Eingabeschritten sind Eingabe und anschliessende Reaktion zu dokumentieren.
- PASS nur vergeben, wenn alle Schritte erfolgreich abgeschlossen und fuer alle Schritte Screenshots hinterlegt sind.
- FAIL oder BLOCKED ebenfalls mit Screenshot(s), tatsaechlichem Ergebnis, Datum, Tester und Umgebung dokumentieren; bei FAIL einen Bug mit Reproduktionsschritten und Verweis auf diesen Test anlegen.
- Passwoerter, Tokens, Zahlungsdaten und sonstige Geheimnisse niemals im Klartext speichern; vor dem Anhang maskieren oder schwaerzen."
KAN-813,E7-13 Änderungen nachvollziehen – Synchronisation und Fehler,"Abgedeckte Story: KAN-92 – E7-13 Änderungen nachvollziehen
Testart: Synchronisation und Fehler
Priorität der Story: Highest

Ziel
Synchronisationslauf reproduzierbar behandeln

Vorbedingungen
- Die Anwendung ist erreichbar und die erforderlichen Testdaten sind vorbereitet.
- Der Test wird in einer isolierten Umgebung mit nachvollziehbaren Benutzerrollen ausgeführt.

Schritte
1. Lauf mit gültigen Daten starten.
2. Konflikt oder Fehlerdatensatz simulieren.
3. Status und Fehlerdetails prüfen.
4. Lauf sicher wiederholen.

Erwartetes Ergebnis
Gültige Daten werden verarbeitet; Fehler sind isoliert, erklärbar und ohne Doppelverarbeitung wiederholbar.

Responsive Viewports
- Desktop: 1440 x 900 CSS-Pixel.
- Full HD: 1920 x 1080 CSS-Pixel.
- WQHD: 2560 x 1440 CSS-Pixel.
- Ultrawide: 3440 x 1440 CSS-Pixel.
- 4K: 3840 x 2160 CSS-Pixel.
- Tablet: 768 x 1024 CSS-Pixel.
- Smartphone: 390 x 844 CSS-Pixel.
- Bei UI-Tests jeden definierten Viewport pruefen und je Viewport einen eigenen Screenshot am Testlauf hinterlegen.

Beleg und Nachbereitung
- Fuer jeden einzelnen Testschritt unmittelbar nach der Ausfuehrung einen Screenshot als Anhang am Testlauf hinterlegen.
- Der Screenshot muss die relevante Ausgangslage bzw. Eingabe und das sichtbare Ergebnis des jeweiligen Schrittes nachvollziehbar zeigen.
- Alle Schritte des Tests muessen einen eigenen Nachweis besitzen; bei Eingabeschritten sind Eingabe und anschliessende Reaktion zu dokumentieren.
- PASS nur vergeben, wenn alle Schritte erfolgreich abgeschlossen und fuer alle Schritte Screenshots hinterlegt sind.
- FAIL oder BLOCKED ebenfalls mit Screenshot(s), tatsaechlichem Ergebnis, Datum, Tester und Umgebung dokumentieren; bei FAIL einen Bug mit Reproduktionsschritten und Verweis auf diesen Test anlegen.
- Passwoerter, Tokens, Zahlungsdaten und sonstige Geheimnisse niemals im Klartext speichern; vor dem Anhang maskieren oder schwaerzen."
KAN-814,E8-01 Hauptnavigation verstehen – Visueller Standardpfad,"Abgedeckte Story: KAN-93 – E8-01 Hauptnavigation verstehen
Testart: Visueller Standardpfad
Priorität der Story: High

Ziel
Die Oberfläche auf allen Zielbreiten prüfen

Vorbedingungen
- Die Anwendung ist erreichbar und die erforderlichen Testdaten sind vorbereitet.
- Der Test wird in einer isolierten Umgebung mit nachvollziehbaren Benutzerrollen ausgeführt.

Schritte
1. Relevante Seite mit Referenzdaten öffnen.
2. Desktop-, Tablet- und Smartphone-Breite verwenden.
3. Navigation und Kernaktion ausführen.
4. Screenshot oder Referenzabgleich erstellen.

Erwartetes Ergebnis
Layout, Typografie, Abstände, Bilder und primäre Aktionen entsprechen dem Designsystem ohne Überlauf.

Responsive Viewports
- Desktop: 1440 x 900 CSS-Pixel.
- Full HD: 1920 x 1080 CSS-Pixel.
- WQHD: 2560 x 1440 CSS-Pixel.
- Ultrawide: 3440 x 1440 CSS-Pixel.
- 4K: 3840 x 2160 CSS-Pixel.
- Tablet: 768 x 1024 CSS-Pixel.
- Smartphone: 390 x 844 CSS-Pixel.
- Bei UI-Tests jeden definierten Viewport pruefen und je Viewport einen eigenen Screenshot am Testlauf hinterlegen.

Beleg und Nachbereitung
- Fuer jeden einzelnen Testschritt unmittelbar nach der Ausfuehrung einen Screenshot als Anhang am Testlauf hinterlegen.
- Der Screenshot muss die relevante Ausgangslage bzw. Eingabe und das sichtbare Ergebnis des jeweiligen Schrittes nachvollziehbar zeigen.
- Alle Schritte des Tests muessen einen eigenen Nachweis besitzen; bei Eingabeschritten sind Eingabe und anschliessende Reaktion zu dokumentieren.
- PASS nur vergeben, wenn alle Schritte erfolgreich abgeschlossen und fuer alle Schritte Screenshots hinterlegt sind.
- FAIL oder BLOCKED ebenfalls mit Screenshot(s), tatsaechlichem Ergebnis, Datum, Tester und Umgebung dokumentieren; bei FAIL einen Bug mit Reproduktionsschritten und Verweis auf diesen Test anlegen.
- Passwoerter, Tokens, Zahlungsdaten und sonstige Geheimnisse niemals im Klartext speichern; vor dem Anhang maskieren oder schwaerzen."
KAN-815,E8-01 Hauptnavigation verstehen – Zustände und Formulare,"Abgedeckte Story: KAN-93 – E8-01 Hauptnavigation verstehen
Testart: Zustände und Formulare
Priorität der Story: High

Ziel
Loading, Leer, Fehler und Erfolg prüfen

Vorbedingungen
- Die Anwendung ist erreichbar und die erforderlichen Testdaten sind vorbereitet.
- Der Test wird in einer isolierten Umgebung mit nachvollziehbaren Benutzerrollen ausgeführt.

Schritte
1. Laden verzögern.
2. Keine Daten liefern.
3. Validierungs- und Serverfehler auslösen.
4. Erfolgreiche Aktion durchführen.

Erwartetes Ergebnis
Jeder Zustand ist eindeutig, verständlich und bietet die richtige nächste Aktion.

Responsive Viewports
- Desktop: 1440 x 900 CSS-Pixel.
- Full HD: 1920 x 1080 CSS-Pixel.
- WQHD: 2560 x 1440 CSS-Pixel.
- Ultrawide: 3440 x 1440 CSS-Pixel.
- 4K: 3840 x 2160 CSS-Pixel.
- Tablet: 768 x 1024 CSS-Pixel.
- Smartphone: 390 x 844 CSS-Pixel.
- Bei UI-Tests jeden definierten Viewport pruefen und je Viewport einen eigenen Screenshot am Testlauf hinterlegen.

Beleg und Nachbereitung
- Fuer jeden einzelnen Testschritt unmittelbar nach der Ausfuehrung einen Screenshot als Anhang am Testlauf hinterlegen.
- Der Screenshot muss die relevante Ausgangslage bzw. Eingabe und das sichtbare Ergebnis des jeweiligen Schrittes nachvollziehbar zeigen.
- Alle Schritte des Tests muessen einen eigenen Nachweis besitzen; bei Eingabeschritten sind Eingabe und anschliessende Reaktion zu dokumentieren.
- PASS nur vergeben, wenn alle Schritte erfolgreich abgeschlossen und fuer alle Schritte Screenshots hinterlegt sind.
- FAIL oder BLOCKED ebenfalls mit Screenshot(s), tatsaechlichem Ergebnis, Datum, Tester und Umgebung dokumentieren; bei FAIL einen Bug mit Reproduktionsschritten und Verweis auf diesen Test anlegen.
- Passwoerter, Tokens, Zahlungsdaten und sonstige Geheimnisse niemals im Klartext speichern; vor dem Anhang maskieren oder schwaerzen."
KAN-816,E8-01 Hauptnavigation verstehen – Accessibility und Auflösung,"Abgedeckte Story: KAN-93 – E8-01 Hauptnavigation verstehen
Testart: Accessibility und Auflösung
Priorität der Story: High

Ziel
Die Oberfläche ohne Maus und bei anderer Auflösung nutzen

Vorbedingungen
- Die Anwendung ist erreichbar und die erforderlichen Testdaten sind vorbereitet.
- Der Test wird in einer isolierten Umgebung mit nachvollziehbaren Benutzerrollen ausgeführt.

Schritte
1. Nur Tastatur verwenden.
2. Fokusreihenfolge und sichtbaren Fokus prüfen.
3. Screenreader-Struktur und Alternativtexte prüfen.
4. Zoom und hohe Auflösung verwenden.

Erwartetes Ergebnis
Alle Kernaktionen sind erreichbar; Fokus, Kontrast, Semantik und Text-/Bildqualität bleiben erhalten.

Responsive Viewports
- Desktop: 1440 x 900 CSS-Pixel.
- Full HD: 1920 x 1080 CSS-Pixel.
- WQHD: 2560 x 1440 CSS-Pixel.
- Ultrawide: 3440 x 1440 CSS-Pixel.
- 4K: 3840 x 2160 CSS-Pixel.
- Tablet: 768 x 1024 CSS-Pixel.
- Smartphone: 390 x 844 CSS-Pixel.
- Bei UI-Tests jeden definierten Viewport pruefen und je Viewport einen eigenen Screenshot am Testlauf hinterlegen.

Beleg und Nachbereitung
- Fuer jeden einzelnen Testschritt unmittelbar nach der Ausfuehrung einen Screenshot als Anhang am Testlauf hinterlegen.
- Der Screenshot muss die relevante Ausgangslage bzw. Eingabe und das sichtbare Ergebnis des jeweiligen Schrittes nachvollziehbar zeigen.
- Alle Schritte des Tests muessen einen eigenen Nachweis besitzen; bei Eingabeschritten sind Eingabe und anschliessende Reaktion zu dokumentieren.
- PASS nur vergeben, wenn alle Schritte erfolgreich abgeschlossen und fuer alle Schritte Screenshots hinterlegt sind.
- FAIL oder BLOCKED ebenfalls mit Screenshot(s), tatsaechlichem Ergebnis, Datum, Tester und Umgebung dokumentieren; bei FAIL einen Bug mit Reproduktionsschritten und Verweis auf diesen Test anlegen.
- Passwoerter, Tokens, Zahlungsdaten und sonstige Geheimnisse niemals im Klartext speichern; vor dem Anhang maskieren oder schwaerzen."
KAN-817,E8-02 Globale Shop-Navigation nutzen – Visueller Standardpfad,"Abgedeckte Story: KAN-94 – E8-02 Globale Shop-Navigation nutzen
Testart: Visueller Standardpfad
Priorität der Story: High

Ziel
Die Oberfläche auf allen Zielbreiten prüfen

Vorbedingungen
- Die Anwendung ist erreichbar und die erforderlichen Testdaten sind vorbereitet.
- Der Test wird in einer isolierten Umgebung mit nachvollziehbaren Benutzerrollen ausgeführt.

Schritte
1. Relevante Seite mit Referenzdaten öffnen.
2. Desktop-, Tablet- und Smartphone-Breite verwenden.
3. Navigation und Kernaktion ausführen.
4. Screenshot oder Referenzabgleich erstellen.

Erwartetes Ergebnis
Layout, Typografie, Abstände, Bilder und primäre Aktionen entsprechen dem Designsystem ohne Überlauf.

Responsive Viewports
- Desktop: 1440 x 900 CSS-Pixel.
- Full HD: 1920 x 1080 CSS-Pixel.
- WQHD: 2560 x 1440 CSS-Pixel.
- Ultrawide: 3440 x 1440 CSS-Pixel.
- 4K: 3840 x 2160 CSS-Pixel.
- Tablet: 768 x 1024 CSS-Pixel.
- Smartphone: 390 x 844 CSS-Pixel.
- Bei UI-Tests jeden definierten Viewport pruefen und je Viewport einen eigenen Screenshot am Testlauf hinterlegen.

Beleg und Nachbereitung
- Fuer jeden einzelnen Testschritt unmittelbar nach der Ausfuehrung einen Screenshot als Anhang am Testlauf hinterlegen.
- Der Screenshot muss die relevante Ausgangslage bzw. Eingabe und das sichtbare Ergebnis des jeweiligen Schrittes nachvollziehbar zeigen.
- Alle Schritte des Tests muessen einen eigenen Nachweis besitzen; bei Eingabeschritten sind Eingabe und anschliessende Reaktion zu dokumentieren.
- PASS nur vergeben, wenn alle Schritte erfolgreich abgeschlossen und fuer alle Schritte Screenshots hinterlegt sind.
- FAIL oder BLOCKED ebenfalls mit Screenshot(s), tatsaechlichem Ergebnis, Datum, Tester und Umgebung dokumentieren; bei FAIL einen Bug mit Reproduktionsschritten und Verweis auf diesen Test anlegen.
- Passwoerter, Tokens, Zahlungsdaten und sonstige Geheimnisse niemals im Klartext speichern; vor dem Anhang maskieren oder schwaerzen."
KAN-818,E8-02 Globale Shop-Navigation nutzen – Zustände und Formulare,"Abgedeckte Story: KAN-94 – E8-02 Globale Shop-Navigation nutzen
Testart: Zustände und Formulare
Priorität der Story: High

Ziel
Loading, Leer, Fehler und Erfolg prüfen

Vorbedingungen
- Die Anwendung ist erreichbar und die erforderlichen Testdaten sind vorbereitet.
- Der Test wird in einer isolierten Umgebung mit nachvollziehbaren Benutzerrollen ausgeführt.

Schritte
1. Laden verzögern.
2. Keine Daten liefern.
3. Validierungs- und Serverfehler auslösen.
4. Erfolgreiche Aktion durchführen.

Erwartetes Ergebnis
Jeder Zustand ist eindeutig, verständlich und bietet die richtige nächste Aktion.

Responsive Viewports
- Desktop: 1440 x 900 CSS-Pixel.
- Full HD: 1920 x 1080 CSS-Pixel.
- WQHD: 2560 x 1440 CSS-Pixel.
- Ultrawide: 3440 x 1440 CSS-Pixel.
- 4K: 3840 x 2160 CSS-Pixel.
- Tablet: 768 x 1024 CSS-Pixel.
- Smartphone: 390 x 844 CSS-Pixel.
- Bei UI-Tests jeden definierten Viewport pruefen und je Viewport einen eigenen Screenshot am Testlauf hinterlegen.

Beleg und Nachbereitung
- Fuer jeden einzelnen Testschritt unmittelbar nach der Ausfuehrung einen Screenshot als Anhang am Testlauf hinterlegen.
- Der Screenshot muss die relevante Ausgangslage bzw. Eingabe und das sichtbare Ergebnis des jeweiligen Schrittes nachvollziehbar zeigen.
- Alle Schritte des Tests muessen einen eigenen Nachweis besitzen; bei Eingabeschritten sind Eingabe und anschliessende Reaktion zu dokumentieren.
- PASS nur vergeben, wenn alle Schritte erfolgreich abgeschlossen und fuer alle Schritte Screenshots hinterlegt sind.
- FAIL oder BLOCKED ebenfalls mit Screenshot(s), tatsaechlichem Ergebnis, Datum, Tester und Umgebung dokumentieren; bei FAIL einen Bug mit Reproduktionsschritten und Verweis auf diesen Test anlegen.
- Passwoerter, Tokens, Zahlungsdaten und sonstige Geheimnisse niemals im Klartext speichern; vor dem Anhang maskieren oder schwaerzen."
KAN-819,E8-02 Globale Shop-Navigation nutzen – Accessibility und Auflösung,"Abgedeckte Story: KAN-94 – E8-02 Globale Shop-Navigation nutzen
Testart: Accessibility und Auflösung
Priorität der Story: High

Ziel
Die Oberfläche ohne Maus und bei anderer Auflösung nutzen

Vorbedingungen
- Die Anwendung ist erreichbar und die erforderlichen Testdaten sind vorbereitet.
- Der Test wird in einer isolierten Umgebung mit nachvollziehbaren Benutzerrollen ausgeführt.

Schritte
1. Nur Tastatur verwenden.
2. Fokusreihenfolge und sichtbaren Fokus prüfen.
3. Screenreader-Struktur und Alternativtexte prüfen.
4. Zoom und hohe Auflösung verwenden.

Erwartetes Ergebnis
Alle Kernaktionen sind erreichbar; Fokus, Kontrast, Semantik und Text-/Bildqualität bleiben erhalten.

Responsive Viewports
- Desktop: 1440 x 900 CSS-Pixel.
- Full HD: 1920 x 1080 CSS-Pixel.
- WQHD: 2560 x 1440 CSS-Pixel.
- Ultrawide: 3440 x 1440 CSS-Pixel.
- 4K: 3840 x 2160 CSS-Pixel.
- Tablet: 768 x 1024 CSS-Pixel.
- Smartphone: 390 x 844 CSS-Pixel.
- Bei UI-Tests jeden definierten Viewport pruefen und je Viewport einen eigenen Screenshot am Testlauf hinterlegen.

Beleg und Nachbereitung
- Fuer jeden einzelnen Testschritt unmittelbar nach der Ausfuehrung einen Screenshot als Anhang am Testlauf hinterlegen.
- Der Screenshot muss die relevante Ausgangslage bzw. Eingabe und das sichtbare Ergebnis des jeweiligen Schrittes nachvollziehbar zeigen.
- Alle Schritte des Tests muessen einen eigenen Nachweis besitzen; bei Eingabeschritten sind Eingabe und anschliessende Reaktion zu dokumentieren.
- PASS nur vergeben, wenn alle Schritte erfolgreich abgeschlossen und fuer alle Schritte Screenshots hinterlegt sind.
- FAIL oder BLOCKED ebenfalls mit Screenshot(s), tatsaechlichem Ergebnis, Datum, Tester und Umgebung dokumentieren; bei FAIL einen Bug mit Reproduktionsschritten und Verweis auf diesen Test anlegen.
- Passwoerter, Tokens, Zahlungsdaten und sonstige Geheimnisse niemals im Klartext speichern; vor dem Anhang maskieren oder schwaerzen."
KAN-820,E8-03 Einheitliches Design erleben – Visueller Standardpfad,"Abgedeckte Story: KAN-95 – E8-03 Einheitliches Design erleben
Testart: Visueller Standardpfad
Priorität der Story: High

Ziel
Die Oberfläche auf allen Zielbreiten prüfen

Vorbedingungen
- Die Anwendung ist erreichbar und die erforderlichen Testdaten sind vorbereitet.
- Der Test wird in einer isolierten Umgebung mit nachvollziehbaren Benutzerrollen ausgeführt.

Schritte
1. Relevante Seite mit Referenzdaten öffnen.
2. Desktop-, Tablet- und Smartphone-Breite verwenden.
3. Navigation und Kernaktion ausführen.
4. Screenshot oder Referenzabgleich erstellen.

Erwartetes Ergebnis
Layout, Typografie, Abstände, Bilder und primäre Aktionen entsprechen dem Designsystem ohne Überlauf.

Responsive Viewports
- Desktop: 1440 x 900 CSS-Pixel.
- Full HD: 1920 x 1080 CSS-Pixel.
- WQHD: 2560 x 1440 CSS-Pixel.
- Ultrawide: 3440 x 1440 CSS-Pixel.
- 4K: 3840 x 2160 CSS-Pixel.
- Tablet: 768 x 1024 CSS-Pixel.
- Smartphone: 390 x 844 CSS-Pixel.
- Bei UI-Tests jeden definierten Viewport pruefen und je Viewport einen eigenen Screenshot am Testlauf hinterlegen.

Beleg und Nachbereitung
- Fuer jeden einzelnen Testschritt unmittelbar nach der Ausfuehrung einen Screenshot als Anhang am Testlauf hinterlegen.
- Der Screenshot muss die relevante Ausgangslage bzw. Eingabe und das sichtbare Ergebnis des jeweiligen Schrittes nachvollziehbar zeigen.
- Alle Schritte des Tests muessen einen eigenen Nachweis besitzen; bei Eingabeschritten sind Eingabe und anschliessende Reaktion zu dokumentieren.
- PASS nur vergeben, wenn alle Schritte erfolgreich abgeschlossen und fuer alle Schritte Screenshots hinterlegt sind.
- FAIL oder BLOCKED ebenfalls mit Screenshot(s), tatsaechlichem Ergebnis, Datum, Tester und Umgebung dokumentieren; bei FAIL einen Bug mit Reproduktionsschritten und Verweis auf diesen Test anlegen.
- Passwoerter, Tokens, Zahlungsdaten und sonstige Geheimnisse niemals im Klartext speichern; vor dem Anhang maskieren oder schwaerzen."
KAN-821,E8-03 Einheitliches Design erleben – Zustände und Formulare,"Abgedeckte Story: KAN-95 – E8-03 Einheitliches Design erleben
Testart: Zustände und Formulare
Priorität der Story: High

Ziel
Loading, Leer, Fehler und Erfolg prüfen

Vorbedingungen
- Die Anwendung ist erreichbar und die erforderlichen Testdaten sind vorbereitet.
- Der Test wird in einer isolierten Umgebung mit nachvollziehbaren Benutzerrollen ausgeführt.

Schritte
1. Laden verzögern.
2. Keine Daten liefern.
3. Validierungs- und Serverfehler auslösen.
4. Erfolgreiche Aktion durchführen.

Erwartetes Ergebnis
Jeder Zustand ist eindeutig, verständlich und bietet die richtige nächste Aktion.

Responsive Viewports
- Desktop: 1440 x 900 CSS-Pixel.
- Full HD: 1920 x 1080 CSS-Pixel.
- WQHD: 2560 x 1440 CSS-Pixel.
- Ultrawide: 3440 x 1440 CSS-Pixel.
- 4K: 3840 x 2160 CSS-Pixel.
- Tablet: 768 x 1024 CSS-Pixel.
- Smartphone: 390 x 844 CSS-Pixel.
- Bei UI-Tests jeden definierten Viewport pruefen und je Viewport einen eigenen Screenshot am Testlauf hinterlegen.

Beleg und Nachbereitung
- Fuer jeden einzelnen Testschritt unmittelbar nach der Ausfuehrung einen Screenshot als Anhang am Testlauf hinterlegen.
- Der Screenshot muss die relevante Ausgangslage bzw. Eingabe und das sichtbare Ergebnis des jeweiligen Schrittes nachvollziehbar zeigen.
- Alle Schritte des Tests muessen einen eigenen Nachweis besitzen; bei Eingabeschritten sind Eingabe und anschliessende Reaktion zu dokumentieren.
- PASS nur vergeben, wenn alle Schritte erfolgreich abgeschlossen und fuer alle Schritte Screenshots hinterlegt sind.
- FAIL oder BLOCKED ebenfalls mit Screenshot(s), tatsaechlichem Ergebnis, Datum, Tester und Umgebung dokumentieren; bei FAIL einen Bug mit Reproduktionsschritten und Verweis auf diesen Test anlegen.
- Passwoerter, Tokens, Zahlungsdaten und sonstige Geheimnisse niemals im Klartext speichern; vor dem Anhang maskieren oder schwaerzen."
KAN-822,E8-03 Einheitliches Design erleben – Accessibility und Auflösung,"Abgedeckte Story: KAN-95 – E8-03 Einheitliches Design erleben
Testart: Accessibility und Auflösung
Priorität der Story: High

Ziel
Die Oberfläche ohne Maus und bei anderer Auflösung nutzen

Vorbedingungen
- Die Anwendung ist erreichbar und die erforderlichen Testdaten sind vorbereitet.
- Der Test wird in einer isolierten Umgebung mit nachvollziehbaren Benutzerrollen ausgeführt.

Schritte
1. Nur Tastatur verwenden.
2. Fokusreihenfolge und sichtbaren Fokus prüfen.
3. Screenreader-Struktur und Alternativtexte prüfen.
4. Zoom und hohe Auflösung verwenden.

Erwartetes Ergebnis
Alle Kernaktionen sind erreichbar; Fokus, Kontrast, Semantik und Text-/Bildqualität bleiben erhalten.

Responsive Viewports
- Desktop: 1440 x 900 CSS-Pixel.
- Full HD: 1920 x 1080 CSS-Pixel.
- WQHD: 2560 x 1440 CSS-Pixel.
- Ultrawide: 3440 x 1440 CSS-Pixel.
- 4K: 3840 x 2160 CSS-Pixel.
- Tablet: 768 x 1024 CSS-Pixel.
- Smartphone: 390 x 844 CSS-Pixel.
- Bei UI-Tests jeden definierten Viewport pruefen und je Viewport einen eigenen Screenshot am Testlauf hinterlegen.

Beleg und Nachbereitung
- Fuer jeden einzelnen Testschritt unmittelbar nach der Ausfuehrung einen Screenshot als Anhang am Testlauf hinterlegen.
- Der Screenshot muss die relevante Ausgangslage bzw. Eingabe und das sichtbare Ergebnis des jeweiligen Schrittes nachvollziehbar zeigen.
- Alle Schritte des Tests muessen einen eigenen Nachweis besitzen; bei Eingabeschritten sind Eingabe und anschliessende Reaktion zu dokumentieren.
- PASS nur vergeben, wenn alle Schritte erfolgreich abgeschlossen und fuer alle Schritte Screenshots hinterlegt sind.
- FAIL oder BLOCKED ebenfalls mit Screenshot(s), tatsaechlichem Ergebnis, Datum, Tester und Umgebung dokumentieren; bei FAIL einen Bug mit Reproduktionsschritten und Verweis auf diesen Test anlegen.
- Passwoerter, Tokens, Zahlungsdaten und sonstige Geheimnisse niemals im Klartext speichern; vor dem Anhang maskieren oder schwaerzen."
KAN-823,E8-04 Produktlisten übersichtlich sehen – Visueller Standardpfad,"Abgedeckte Story: KAN-96 – E8-04 Produktlisten übersichtlich sehen
Testart: Visueller Standardpfad
Priorität der Story: High

Ziel
Die Oberfläche auf allen Zielbreiten prüfen

Vorbedingungen
- Die Anwendung ist erreichbar und die erforderlichen Testdaten sind vorbereitet.
- Der Test wird in einer isolierten Umgebung mit nachvollziehbaren Benutzerrollen ausgeführt.

Schritte
1. Relevante Seite mit Referenzdaten öffnen.
2. Desktop-, Tablet- und Smartphone-Breite verwenden.
3. Navigation und Kernaktion ausführen.
4. Screenshot oder Referenzabgleich erstellen.

Erwartetes Ergebnis
Layout, Typografie, Abstände, Bilder und primäre Aktionen entsprechen dem Designsystem ohne Überlauf.

Responsive Viewports
- Desktop: 1440 x 900 CSS-Pixel.
- Full HD: 1920 x 1080 CSS-Pixel.
- WQHD: 2560 x 1440 CSS-Pixel.
- Ultrawide: 3440 x 1440 CSS-Pixel.
- 4K: 3840 x 2160 CSS-Pixel.
- Tablet: 768 x 1024 CSS-Pixel.
- Smartphone: 390 x 844 CSS-Pixel.
- Bei UI-Tests jeden definierten Viewport pruefen und je Viewport einen eigenen Screenshot am Testlauf hinterlegen.

Beleg und Nachbereitung
- Fuer jeden einzelnen Testschritt unmittelbar nach der Ausfuehrung einen Screenshot als Anhang am Testlauf hinterlegen.
- Der Screenshot muss die relevante Ausgangslage bzw. Eingabe und das sichtbare Ergebnis des jeweiligen Schrittes nachvollziehbar zeigen.
- Alle Schritte des Tests muessen einen eigenen Nachweis besitzen; bei Eingabeschritten sind Eingabe und anschliessende Reaktion zu dokumentieren.
- PASS nur vergeben, wenn alle Schritte erfolgreich abgeschlossen und fuer alle Schritte Screenshots hinterlegt sind.
- FAIL oder BLOCKED ebenfalls mit Screenshot(s), tatsaechlichem Ergebnis, Datum, Tester und Umgebung dokumentieren; bei FAIL einen Bug mit Reproduktionsschritten und Verweis auf diesen Test anlegen.
- Passwoerter, Tokens, Zahlungsdaten und sonstige Geheimnisse niemals im Klartext speichern; vor dem Anhang maskieren oder schwaerzen."
KAN-824,E8-04 Produktlisten übersichtlich sehen – Zustände und Formulare,"Abgedeckte Story: KAN-96 – E8-04 Produktlisten übersichtlich sehen
Testart: Zustände und Formulare
Priorität der Story: High

Ziel
Loading, Leer, Fehler und Erfolg prüfen

Vorbedingungen
- Die Anwendung ist erreichbar und die erforderlichen Testdaten sind vorbereitet.
- Der Test wird in einer isolierten Umgebung mit nachvollziehbaren Benutzerrollen ausgeführt.

Schritte
1. Laden verzögern.
2. Keine Daten liefern.
3. Validierungs- und Serverfehler auslösen.
4. Erfolgreiche Aktion durchführen.

Erwartetes Ergebnis
Jeder Zustand ist eindeutig, verständlich und bietet die richtige nächste Aktion.

Responsive Viewports
- Desktop: 1440 x 900 CSS-Pixel.
- Full HD: 1920 x 1080 CSS-Pixel.
- WQHD: 2560 x 1440 CSS-Pixel.
- Ultrawide: 3440 x 1440 CSS-Pixel.
- 4K: 3840 x 2160 CSS-Pixel.
- Tablet: 768 x 1024 CSS-Pixel.
- Smartphone: 390 x 844 CSS-Pixel.
- Bei UI-Tests jeden definierten Viewport pruefen und je Viewport einen eigenen Screenshot am Testlauf hinterlegen.

Beleg und Nachbereitung
- Fuer jeden einzelnen Testschritt unmittelbar nach der Ausfuehrung einen Screenshot als Anhang am Testlauf hinterlegen.
- Der Screenshot muss die relevante Ausgangslage bzw. Eingabe und das sichtbare Ergebnis des jeweiligen Schrittes nachvollziehbar zeigen.
- Alle Schritte des Tests muessen einen eigenen Nachweis besitzen; bei Eingabeschritten sind Eingabe und anschliessende Reaktion zu dokumentieren.
- PASS nur vergeben, wenn alle Schritte erfolgreich abgeschlossen und fuer alle Schritte Screenshots hinterlegt sind.
- FAIL oder BLOCKED ebenfalls mit Screenshot(s), tatsaechlichem Ergebnis, Datum, Tester und Umgebung dokumentieren; bei FAIL einen Bug mit Reproduktionsschritten und Verweis auf diesen Test anlegen.
- Passwoerter, Tokens, Zahlungsdaten und sonstige Geheimnisse niemals im Klartext speichern; vor dem Anhang maskieren oder schwaerzen."
KAN-825,E8-04 Produktlisten übersichtlich sehen – Accessibility und Auflösung,"Abgedeckte Story: KAN-96 – E8-04 Produktlisten übersichtlich sehen
Testart: Accessibility und Auflösung
Priorität der Story: High

Ziel
Die Oberfläche ohne Maus und bei anderer Auflösung nutzen

Vorbedingungen
- Die Anwendung ist erreichbar und die erforderlichen Testdaten sind vorbereitet.
- Der Test wird in einer isolierten Umgebung mit nachvollziehbaren Benutzerrollen ausgeführt.

Schritte
1. Nur Tastatur verwenden.
2. Fokusreihenfolge und sichtbaren Fokus prüfen.
3. Screenreader-Struktur und Alternativtexte prüfen.
4. Zoom und hohe Auflösung verwenden.

Erwartetes Ergebnis
Alle Kernaktionen sind erreichbar; Fokus, Kontrast, Semantik und Text-/Bildqualität bleiben erhalten.

Responsive Viewports
- Desktop: 1440 x 900 CSS-Pixel.
- Full HD: 1920 x 1080 CSS-Pixel.
- WQHD: 2560 x 1440 CSS-Pixel.
- Ultrawide: 3440 x 1440 CSS-Pixel.
- 4K: 3840 x 2160 CSS-Pixel.
- Tablet: 768 x 1024 CSS-Pixel.
- Smartphone: 390 x 844 CSS-Pixel.
- Bei UI-Tests jeden definierten Viewport pruefen und je Viewport einen eigenen Screenshot am Testlauf hinterlegen.

Beleg und Nachbereitung
- Fuer jeden einzelnen Testschritt unmittelbar nach der Ausfuehrung einen Screenshot als Anhang am Testlauf hinterlegen.
- Der Screenshot muss die relevante Ausgangslage bzw. Eingabe und das sichtbare Ergebnis des jeweiligen Schrittes nachvollziehbar zeigen.
- Alle Schritte des Tests muessen einen eigenen Nachweis besitzen; bei Eingabeschritten sind Eingabe und anschliessende Reaktion zu dokumentieren.
- PASS nur vergeben, wenn alle Schritte erfolgreich abgeschlossen und fuer alle Schritte Screenshots hinterlegt sind.
- FAIL oder BLOCKED ebenfalls mit Screenshot(s), tatsaechlichem Ergebnis, Datum, Tester und Umgebung dokumentieren; bei FAIL einen Bug mit Reproduktionsschritten und Verweis auf diesen Test anlegen.
- Passwoerter, Tokens, Zahlungsdaten und sonstige Geheimnisse niemals im Klartext speichern; vor dem Anhang maskieren oder schwaerzen."
KAN-826,E8-05 Produktdetails übersichtlich sehen – Visueller Standardpfad,"Abgedeckte Story: KAN-97 – E8-05 Produktdetails übersichtlich sehen
Testart: Visueller Standardpfad
Priorität der Story: High

Ziel
Die Oberfläche auf allen Zielbreiten prüfen

Vorbedingungen
- Die Anwendung ist erreichbar und die erforderlichen Testdaten sind vorbereitet.
- Der Test wird in einer isolierten Umgebung mit nachvollziehbaren Benutzerrollen ausgeführt.

Schritte
1. Relevante Seite mit Referenzdaten öffnen.
2. Desktop-, Tablet- und Smartphone-Breite verwenden.
3. Navigation und Kernaktion ausführen.
4. Screenshot oder Referenzabgleich erstellen.

Erwartetes Ergebnis
Layout, Typografie, Abstände, Bilder und primäre Aktionen entsprechen dem Designsystem ohne Überlauf.

Responsive Viewports
- Desktop: 1440 x 900 CSS-Pixel.
- Full HD: 1920 x 1080 CSS-Pixel.
- WQHD: 2560 x 1440 CSS-Pixel.
- Ultrawide: 3440 x 1440 CSS-Pixel.
- 4K: 3840 x 2160 CSS-Pixel.
- Tablet: 768 x 1024 CSS-Pixel.
- Smartphone: 390 x 844 CSS-Pixel.
- Bei UI-Tests jeden definierten Viewport pruefen und je Viewport einen eigenen Screenshot am Testlauf hinterlegen.

Beleg und Nachbereitung
- Fuer jeden einzelnen Testschritt unmittelbar nach der Ausfuehrung einen Screenshot als Anhang am Testlauf hinterlegen.
- Der Screenshot muss die relevante Ausgangslage bzw. Eingabe und das sichtbare Ergebnis des jeweiligen Schrittes nachvollziehbar zeigen.
- Alle Schritte des Tests muessen einen eigenen Nachweis besitzen; bei Eingabeschritten sind Eingabe und anschliessende Reaktion zu dokumentieren.
- PASS nur vergeben, wenn alle Schritte erfolgreich abgeschlossen und fuer alle Schritte Screenshots hinterlegt sind.
- FAIL oder BLOCKED ebenfalls mit Screenshot(s), tatsaechlichem Ergebnis, Datum, Tester und Umgebung dokumentieren; bei FAIL einen Bug mit Reproduktionsschritten und Verweis auf diesen Test anlegen.
- Passwoerter, Tokens, Zahlungsdaten und sonstige Geheimnisse niemals im Klartext speichern; vor dem Anhang maskieren oder schwaerzen."
KAN-827,E8-05 Produktdetails übersichtlich sehen – Zustände und Formulare,"Abgedeckte Story: KAN-97 – E8-05 Produktdetails übersichtlich sehen
Testart: Zustände und Formulare
Priorität der Story: High

Ziel
Loading, Leer, Fehler und Erfolg prüfen

Vorbedingungen
- Die Anwendung ist erreichbar und die erforderlichen Testdaten sind vorbereitet.
- Der Test wird in einer isolierten Umgebung mit nachvollziehbaren Benutzerrollen ausgeführt.

Schritte
1. Laden verzögern.
2. Keine Daten liefern.
3. Validierungs- und Serverfehler auslösen.
4. Erfolgreiche Aktion durchführen.

Erwartetes Ergebnis
Jeder Zustand ist eindeutig, verständlich und bietet die richtige nächste Aktion.

Responsive Viewports
- Desktop: 1440 x 900 CSS-Pixel.
- Full HD: 1920 x 1080 CSS-Pixel.
- WQHD: 2560 x 1440 CSS-Pixel.
- Ultrawide: 3440 x 1440 CSS-Pixel.
- 4K: 3840 x 2160 CSS-Pixel.
- Tablet: 768 x 1024 CSS-Pixel.
- Smartphone: 390 x 844 CSS-Pixel.
- Bei UI-Tests jeden definierten Viewport pruefen und je Viewport einen eigenen Screenshot am Testlauf hinterlegen.

Beleg und Nachbereitung
- Fuer jeden einzelnen Testschritt unmittelbar nach der Ausfuehrung einen Screenshot als Anhang am Testlauf hinterlegen.
- Der Screenshot muss die relevante Ausgangslage bzw. Eingabe und das sichtbare Ergebnis des jeweiligen Schrittes nachvollziehbar zeigen.
- Alle Schritte des Tests muessen einen eigenen Nachweis besitzen; bei Eingabeschritten sind Eingabe und anschliessende Reaktion zu dokumentieren.
- PASS nur vergeben, wenn alle Schritte erfolgreich abgeschlossen und fuer alle Schritte Screenshots hinterlegt sind.
- FAIL oder BLOCKED ebenfalls mit Screenshot(s), tatsaechlichem Ergebnis, Datum, Tester und Umgebung dokumentieren; bei FAIL einen Bug mit Reproduktionsschritten und Verweis auf diesen Test anlegen.
- Passwoerter, Tokens, Zahlungsdaten und sonstige Geheimnisse niemals im Klartext speichern; vor dem Anhang maskieren oder schwaerzen."
KAN-828,E8-05 Produktdetails übersichtlich sehen – Accessibility und Auflösung,"Abgedeckte Story: KAN-97 – E8-05 Produktdetails übersichtlich sehen
Testart: Accessibility und Auflösung
Priorität der Story: High

Ziel
Die Oberfläche ohne Maus und bei anderer Auflösung nutzen

Vorbedingungen
- Die Anwendung ist erreichbar und die erforderlichen Testdaten sind vorbereitet.
- Der Test wird in einer isolierten Umgebung mit nachvollziehbaren Benutzerrollen ausgeführt.

Schritte
1. Nur Tastatur verwenden.
2. Fokusreihenfolge und sichtbaren Fokus prüfen.
3. Screenreader-Struktur und Alternativtexte prüfen.
4. Zoom und hohe Auflösung verwenden.

Erwartetes Ergebnis
Alle Kernaktionen sind erreichbar; Fokus, Kontrast, Semantik und Text-/Bildqualität bleiben erhalten.

Responsive Viewports
- Desktop: 1440 x 900 CSS-Pixel.
- Full HD: 1920 x 1080 CSS-Pixel.
- WQHD: 2560 x 1440 CSS-Pixel.
- Ultrawide: 3440 x 1440 CSS-Pixel.
- 4K: 3840 x 2160 CSS-Pixel.
- Tablet: 768 x 1024 CSS-Pixel.
- Smartphone: 390 x 844 CSS-Pixel.
- Bei UI-Tests jeden definierten Viewport pruefen und je Viewport einen eigenen Screenshot am Testlauf hinterlegen.

Beleg und Nachbereitung
- Fuer jeden einzelnen Testschritt unmittelbar nach der Ausfuehrung einen Screenshot als Anhang am Testlauf hinterlegen.
- Der Screenshot muss die relevante Ausgangslage bzw. Eingabe und das sichtbare Ergebnis des jeweiligen Schrittes nachvollziehbar zeigen.
- Alle Schritte des Tests muessen einen eigenen Nachweis besitzen; bei Eingabeschritten sind Eingabe und anschliessende Reaktion zu dokumentieren.
- PASS nur vergeben, wenn alle Schritte erfolgreich abgeschlossen und fuer alle Schritte Screenshots hinterlegt sind.
- FAIL oder BLOCKED ebenfalls mit Screenshot(s), tatsaechlichem Ergebnis, Datum, Tester und Umgebung dokumentieren; bei FAIL einen Bug mit Reproduktionsschritten und Verweis auf diesen Test anlegen.
- Passwoerter, Tokens, Zahlungsdaten und sonstige Geheimnisse niemals im Klartext speichern; vor dem Anhang maskieren oder schwaerzen."
KAN-829,E8-06 Shop responsiv nutzen – Visueller Standardpfad,"Abgedeckte Story: KAN-98 – E8-06 Shop responsiv nutzen
Testart: Visueller Standardpfad
Priorität der Story: High

Ziel
Die Oberfläche auf allen Zielbreiten prüfen

Vorbedingungen
- Die Anwendung ist erreichbar und die erforderlichen Testdaten sind vorbereitet.
- Der Test wird in einer isolierten Umgebung mit nachvollziehbaren Benutzerrollen ausgeführt.

Schritte
1. Relevante Seite mit Referenzdaten öffnen.
2. Desktop-, Tablet- und Smartphone-Breite verwenden.
3. Navigation und Kernaktion ausführen.
4. Screenshot oder Referenzabgleich erstellen.

Erwartetes Ergebnis
Layout, Typografie, Abstände, Bilder und primäre Aktionen entsprechen dem Designsystem ohne Überlauf.

Responsive Viewports
- Desktop: 1440 x 900 CSS-Pixel.
- Full HD: 1920 x 1080 CSS-Pixel.
- WQHD: 2560 x 1440 CSS-Pixel.
- Ultrawide: 3440 x 1440 CSS-Pixel.
- 4K: 3840 x 2160 CSS-Pixel.
- Tablet: 768 x 1024 CSS-Pixel.
- Smartphone: 390 x 844 CSS-Pixel.
- Bei UI-Tests jeden definierten Viewport pruefen und je Viewport einen eigenen Screenshot am Testlauf hinterlegen.

Beleg und Nachbereitung
- Fuer jeden einzelnen Testschritt unmittelbar nach der Ausfuehrung einen Screenshot als Anhang am Testlauf hinterlegen.
- Der Screenshot muss die relevante Ausgangslage bzw. Eingabe und das sichtbare Ergebnis des jeweiligen Schrittes nachvollziehbar zeigen.
- Alle Schritte des Tests muessen einen eigenen Nachweis besitzen; bei Eingabeschritten sind Eingabe und anschliessende Reaktion zu dokumentieren.
- PASS nur vergeben, wenn alle Schritte erfolgreich abgeschlossen und fuer alle Schritte Screenshots hinterlegt sind.
- FAIL oder BLOCKED ebenfalls mit Screenshot(s), tatsaechlichem Ergebnis, Datum, Tester und Umgebung dokumentieren; bei FAIL einen Bug mit Reproduktionsschritten und Verweis auf diesen Test anlegen.
- Passwoerter, Tokens, Zahlungsdaten und sonstige Geheimnisse niemals im Klartext speichern; vor dem Anhang maskieren oder schwaerzen."
KAN-830,E8-06 Shop responsiv nutzen – Zustände und Formulare,"Abgedeckte Story: KAN-98 – E8-06 Shop responsiv nutzen
Testart: Zustände und Formulare
Priorität der Story: High

Ziel
Loading, Leer, Fehler und Erfolg prüfen

Vorbedingungen
- Die Anwendung ist erreichbar und die erforderlichen Testdaten sind vorbereitet.
- Der Test wird in einer isolierten Umgebung mit nachvollziehbaren Benutzerrollen ausgeführt.

Schritte
1. Laden verzögern.
2. Keine Daten liefern.
3. Validierungs- und Serverfehler auslösen.
4. Erfolgreiche Aktion durchführen.

Erwartetes Ergebnis
Jeder Zustand ist eindeutig, verständlich und bietet die richtige nächste Aktion.

Responsive Viewports
- Desktop: 1440 x 900 CSS-Pixel.
- Full HD: 1920 x 1080 CSS-Pixel.
- WQHD: 2560 x 1440 CSS-Pixel.
- Ultrawide: 3440 x 1440 CSS-Pixel.
- 4K: 3840 x 2160 CSS-Pixel.
- Tablet: 768 x 1024 CSS-Pixel.
- Smartphone: 390 x 844 CSS-Pixel.
- Bei UI-Tests jeden definierten Viewport pruefen und je Viewport einen eigenen Screenshot am Testlauf hinterlegen.

Beleg und Nachbereitung
- Fuer jeden einzelnen Testschritt unmittelbar nach der Ausfuehrung einen Screenshot als Anhang am Testlauf hinterlegen.
- Der Screenshot muss die relevante Ausgangslage bzw. Eingabe und das sichtbare Ergebnis des jeweiligen Schrittes nachvollziehbar zeigen.
- Alle Schritte des Tests muessen einen eigenen Nachweis besitzen; bei Eingabeschritten sind Eingabe und anschliessende Reaktion zu dokumentieren.
- PASS nur vergeben, wenn alle Schritte erfolgreich abgeschlossen und fuer alle Schritte Screenshots hinterlegt sind.
- FAIL oder BLOCKED ebenfalls mit Screenshot(s), tatsaechlichem Ergebnis, Datum, Tester und Umgebung dokumentieren; bei FAIL einen Bug mit Reproduktionsschritten und Verweis auf diesen Test anlegen.
- Passwoerter, Tokens, Zahlungsdaten und sonstige Geheimnisse niemals im Klartext speichern; vor dem Anhang maskieren oder schwaerzen."
KAN-831,E8-06 Shop responsiv nutzen – Accessibility und Auflösung,"Abgedeckte Story: KAN-98 – E8-06 Shop responsiv nutzen
Testart: Accessibility und Auflösung
Priorität der Story: High

Ziel
Die Oberfläche ohne Maus und bei anderer Auflösung nutzen

Vorbedingungen
- Die Anwendung ist erreichbar und die erforderlichen Testdaten sind vorbereitet.
- Der Test wird in einer isolierten Umgebung mit nachvollziehbaren Benutzerrollen ausgeführt.

Schritte
1. Nur Tastatur verwenden.
2. Fokusreihenfolge und sichtbaren Fokus prüfen.
3. Screenreader-Struktur und Alternativtexte prüfen.
4. Zoom und hohe Auflösung verwenden.

Erwartetes Ergebnis
Alle Kernaktionen sind erreichbar; Fokus, Kontrast, Semantik und Text-/Bildqualität bleiben erhalten.

Responsive Viewports
- Desktop: 1440 x 900 CSS-Pixel.
- Full HD: 1920 x 1080 CSS-Pixel.
- WQHD: 2560 x 1440 CSS-Pixel.
- Ultrawide: 3440 x 1440 CSS-Pixel.
- 4K: 3840 x 2160 CSS-Pixel.
- Tablet: 768 x 1024 CSS-Pixel.
- Smartphone: 390 x 844 CSS-Pixel.
- Bei UI-Tests jeden definierten Viewport pruefen und je Viewport einen eigenen Screenshot am Testlauf hinterlegen.

Beleg und Nachbereitung
- Fuer jeden einzelnen Testschritt unmittelbar nach der Ausfuehrung einen Screenshot als Anhang am Testlauf hinterlegen.
- Der Screenshot muss die relevante Ausgangslage bzw. Eingabe und das sichtbare Ergebnis des jeweiligen Schrittes nachvollziehbar zeigen.
- Alle Schritte des Tests muessen einen eigenen Nachweis besitzen; bei Eingabeschritten sind Eingabe und anschliessende Reaktion zu dokumentieren.
- PASS nur vergeben, wenn alle Schritte erfolgreich abgeschlossen und fuer alle Schritte Screenshots hinterlegt sind.
- FAIL oder BLOCKED ebenfalls mit Screenshot(s), tatsaechlichem Ergebnis, Datum, Tester und Umgebung dokumentieren; bei FAIL einen Bug mit Reproduktionsschritten und Verweis auf diesen Test anlegen.
- Passwoerter, Tokens, Zahlungsdaten und sonstige Geheimnisse niemals im Klartext speichern; vor dem Anhang maskieren oder schwaerzen."
KAN-832,E8-07 Konsistente Formulare nutzen – Visueller Standardpfad,"Abgedeckte Story: KAN-99 – E8-07 Konsistente Formulare nutzen
Testart: Visueller Standardpfad
Priorität der Story: High

Ziel
Die Oberfläche auf allen Zielbreiten prüfen

Vorbedingungen
- Die Anwendung ist erreichbar und die erforderlichen Testdaten sind vorbereitet.
- Der Test wird in einer isolierten Umgebung mit nachvollziehbaren Benutzerrollen ausgeführt.

Schritte
1. Relevante Seite mit Referenzdaten öffnen.
2. Desktop-, Tablet- und Smartphone-Breite verwenden.
3. Navigation und Kernaktion ausführen.
4. Screenshot oder Referenzabgleich erstellen.

Erwartetes Ergebnis
Layout, Typografie, Abstände, Bilder und primäre Aktionen entsprechen dem Designsystem ohne Überlauf.

Responsive Viewports
- Desktop: 1440 x 900 CSS-Pixel.
- Full HD: 1920 x 1080 CSS-Pixel.
- WQHD: 2560 x 1440 CSS-Pixel.
- Ultrawide: 3440 x 1440 CSS-Pixel.
- 4K: 3840 x 2160 CSS-Pixel.
- Tablet: 768 x 1024 CSS-Pixel.
- Smartphone: 390 x 844 CSS-Pixel.
- Bei UI-Tests jeden definierten Viewport pruefen und je Viewport einen eigenen Screenshot am Testlauf hinterlegen.

Beleg und Nachbereitung
- Fuer jeden einzelnen Testschritt unmittelbar nach der Ausfuehrung einen Screenshot als Anhang am Testlauf hinterlegen.
- Der Screenshot muss die relevante Ausgangslage bzw. Eingabe und das sichtbare Ergebnis des jeweiligen Schrittes nachvollziehbar zeigen.
- Alle Schritte des Tests muessen einen eigenen Nachweis besitzen; bei Eingabeschritten sind Eingabe und anschliessende Reaktion zu dokumentieren.
- PASS nur vergeben, wenn alle Schritte erfolgreich abgeschlossen und fuer alle Schritte Screenshots hinterlegt sind.
- FAIL oder BLOCKED ebenfalls mit Screenshot(s), tatsaechlichem Ergebnis, Datum, Tester und Umgebung dokumentieren; bei FAIL einen Bug mit Reproduktionsschritten und Verweis auf diesen Test anlegen.
- Passwoerter, Tokens, Zahlungsdaten und sonstige Geheimnisse niemals im Klartext speichern; vor dem Anhang maskieren oder schwaerzen."
KAN-833,E8-07 Konsistente Formulare nutzen – Zustände und Formulare,"Abgedeckte Story: KAN-99 – E8-07 Konsistente Formulare nutzen
Testart: Zustände und Formulare
Priorität der Story: High

Ziel
Loading, Leer, Fehler und Erfolg prüfen

Vorbedingungen
- Die Anwendung ist erreichbar und die erforderlichen Testdaten sind vorbereitet.
- Der Test wird in einer isolierten Umgebung mit nachvollziehbaren Benutzerrollen ausgeführt.

Schritte
1. Laden verzögern.
2. Keine Daten liefern.
3. Validierungs- und Serverfehler auslösen.
4. Erfolgreiche Aktion durchführen.

Erwartetes Ergebnis
Jeder Zustand ist eindeutig, verständlich und bietet die richtige nächste Aktion.

Responsive Viewports
- Desktop: 1440 x 900 CSS-Pixel.
- Full HD: 1920 x 1080 CSS-Pixel.
- WQHD: 2560 x 1440 CSS-Pixel.
- Ultrawide: 3440 x 1440 CSS-Pixel.
- 4K: 3840 x 2160 CSS-Pixel.
- Tablet: 768 x 1024 CSS-Pixel.
- Smartphone: 390 x 844 CSS-Pixel.
- Bei UI-Tests jeden definierten Viewport pruefen und je Viewport einen eigenen Screenshot am Testlauf hinterlegen.

Beleg und Nachbereitung
- Fuer jeden einzelnen Testschritt unmittelbar nach der Ausfuehrung einen Screenshot als Anhang am Testlauf hinterlegen.
- Der Screenshot muss die relevante Ausgangslage bzw. Eingabe und das sichtbare Ergebnis des jeweiligen Schrittes nachvollziehbar zeigen.
- Alle Schritte des Tests muessen einen eigenen Nachweis besitzen; bei Eingabeschritten sind Eingabe und anschliessende Reaktion zu dokumentieren.
- PASS nur vergeben, wenn alle Schritte erfolgreich abgeschlossen und fuer alle Schritte Screenshots hinterlegt sind.
- FAIL oder BLOCKED ebenfalls mit Screenshot(s), tatsaechlichem Ergebnis, Datum, Tester und Umgebung dokumentieren; bei FAIL einen Bug mit Reproduktionsschritten und Verweis auf diesen Test anlegen.
- Passwoerter, Tokens, Zahlungsdaten und sonstige Geheimnisse niemals im Klartext speichern; vor dem Anhang maskieren oder schwaerzen."
KAN-834,E8-07 Konsistente Formulare nutzen – Accessibility und Auflösung,"Abgedeckte Story: KAN-99 – E8-07 Konsistente Formulare nutzen
Testart: Accessibility und Auflösung
Priorität der Story: High

Ziel
Die Oberfläche ohne Maus und bei anderer Auflösung nutzen

Vorbedingungen
- Die Anwendung ist erreichbar und die erforderlichen Testdaten sind vorbereitet.
- Der Test wird in einer isolierten Umgebung mit nachvollziehbaren Benutzerrollen ausgeführt.

Schritte
1. Nur Tastatur verwenden.
2. Fokusreihenfolge und sichtbaren Fokus prüfen.
3. Screenreader-Struktur und Alternativtexte prüfen.
4. Zoom und hohe Auflösung verwenden.

Erwartetes Ergebnis
Alle Kernaktionen sind erreichbar; Fokus, Kontrast, Semantik und Text-/Bildqualität bleiben erhalten.

Responsive Viewports
- Desktop: 1440 x 900 CSS-Pixel.
- Full HD: 1920 x 1080 CSS-Pixel.
- WQHD: 2560 x 1440 CSS-Pixel.
- Ultrawide: 3440 x 1440 CSS-Pixel.
- 4K: 3840 x 2160 CSS-Pixel.
- Tablet: 768 x 1024 CSS-Pixel.
- Smartphone: 390 x 844 CSS-Pixel.
- Bei UI-Tests jeden definierten Viewport pruefen und je Viewport einen eigenen Screenshot am Testlauf hinterlegen.

Beleg und Nachbereitung
- Fuer jeden einzelnen Testschritt unmittelbar nach der Ausfuehrung einen Screenshot als Anhang am Testlauf hinterlegen.
- Der Screenshot muss die relevante Ausgangslage bzw. Eingabe und das sichtbare Ergebnis des jeweiligen Schrittes nachvollziehbar zeigen.
- Alle Schritte des Tests muessen einen eigenen Nachweis besitzen; bei Eingabeschritten sind Eingabe und anschliessende Reaktion zu dokumentieren.
- PASS nur vergeben, wenn alle Schritte erfolgreich abgeschlossen und fuer alle Schritte Screenshots hinterlegt sind.
- FAIL oder BLOCKED ebenfalls mit Screenshot(s), tatsaechlichem Ergebnis, Datum, Tester und Umgebung dokumentieren; bei FAIL einen Bug mit Reproduktionsschritten und Verweis auf diesen Test anlegen.
- Passwoerter, Tokens, Zahlungsdaten und sonstige Geheimnisse niemals im Klartext speichern; vor dem Anhang maskieren oder schwaerzen."
KAN-835,E8-08 Ladezustände erkennen – Visueller Standardpfad,"Abgedeckte Story: KAN-100 – E8-08 Ladezustände erkennen
Testart: Visueller Standardpfad
Priorität der Story: High

Ziel
Die Oberfläche auf allen Zielbreiten prüfen

Vorbedingungen
- Die Anwendung ist erreichbar und die erforderlichen Testdaten sind vorbereitet.
- Der Test wird in einer isolierten Umgebung mit nachvollziehbaren Benutzerrollen ausgeführt.

Schritte
1. Relevante Seite mit Referenzdaten öffnen.
2. Desktop-, Tablet- und Smartphone-Breite verwenden.
3. Navigation und Kernaktion ausführen.
4. Screenshot oder Referenzabgleich erstellen.

Erwartetes Ergebnis
Layout, Typografie, Abstände, Bilder und primäre Aktionen entsprechen dem Designsystem ohne Überlauf.

Responsive Viewports
- Desktop: 1440 x 900 CSS-Pixel.
- Full HD: 1920 x 1080 CSS-Pixel.
- WQHD: 2560 x 1440 CSS-Pixel.
- Ultrawide: 3440 x 1440 CSS-Pixel.
- 4K: 3840 x 2160 CSS-Pixel.
- Tablet: 768 x 1024 CSS-Pixel.
- Smartphone: 390 x 844 CSS-Pixel.
- Bei UI-Tests jeden definierten Viewport pruefen und je Viewport einen eigenen Screenshot am Testlauf hinterlegen.

Beleg und Nachbereitung
- Fuer jeden einzelnen Testschritt unmittelbar nach der Ausfuehrung einen Screenshot als Anhang am Testlauf hinterlegen.
- Der Screenshot muss die relevante Ausgangslage bzw. Eingabe und das sichtbare Ergebnis des jeweiligen Schrittes nachvollziehbar zeigen.
- Alle Schritte des Tests muessen einen eigenen Nachweis besitzen; bei Eingabeschritten sind Eingabe und anschliessende Reaktion zu dokumentieren.
- PASS nur vergeben, wenn alle Schritte erfolgreich abgeschlossen und fuer alle Schritte Screenshots hinterlegt sind.
- FAIL oder BLOCKED ebenfalls mit Screenshot(s), tatsaechlichem Ergebnis, Datum, Tester und Umgebung dokumentieren; bei FAIL einen Bug mit Reproduktionsschritten und Verweis auf diesen Test anlegen.
- Passwoerter, Tokens, Zahlungsdaten und sonstige Geheimnisse niemals im Klartext speichern; vor dem Anhang maskieren oder schwaerzen."
KAN-836,E8-08 Ladezustände erkennen – Zustände und Formulare,"Abgedeckte Story: KAN-100 – E8-08 Ladezustände erkennen
Testart: Zustände und Formulare
Priorität der Story: High

Ziel
Loading, Leer, Fehler und Erfolg prüfen

Vorbedingungen
- Die Anwendung ist erreichbar und die erforderlichen Testdaten sind vorbereitet.
- Der Test wird in einer isolierten Umgebung mit nachvollziehbaren Benutzerrollen ausgeführt.

Schritte
1. Laden verzögern.
2. Keine Daten liefern.
3. Validierungs- und Serverfehler auslösen.
4. Erfolgreiche Aktion durchführen.

Erwartetes Ergebnis
Jeder Zustand ist eindeutig, verständlich und bietet die richtige nächste Aktion.

Responsive Viewports
- Desktop: 1440 x 900 CSS-Pixel.
- Full HD: 1920 x 1080 CSS-Pixel.
- WQHD: 2560 x 1440 CSS-Pixel.
- Ultrawide: 3440 x 1440 CSS-Pixel.
- 4K: 3840 x 2160 CSS-Pixel.
- Tablet: 768 x 1024 CSS-Pixel.
- Smartphone: 390 x 844 CSS-Pixel.
- Bei UI-Tests jeden definierten Viewport pruefen und je Viewport einen eigenen Screenshot am Testlauf hinterlegen.

Beleg und Nachbereitung
- Fuer jeden einzelnen Testschritt unmittelbar nach der Ausfuehrung einen Screenshot als Anhang am Testlauf hinterlegen.
- Der Screenshot muss die relevante Ausgangslage bzw. Eingabe und das sichtbare Ergebnis des jeweiligen Schrittes nachvollziehbar zeigen.
- Alle Schritte des Tests muessen einen eigenen Nachweis besitzen; bei Eingabeschritten sind Eingabe und anschliessende Reaktion zu dokumentieren.
- PASS nur vergeben, wenn alle Schritte erfolgreich abgeschlossen und fuer alle Schritte Screenshots hinterlegt sind.
- FAIL oder BLOCKED ebenfalls mit Screenshot(s), tatsaechlichem Ergebnis, Datum, Tester und Umgebung dokumentieren; bei FAIL einen Bug mit Reproduktionsschritten und Verweis auf diesen Test anlegen.
- Passwoerter, Tokens, Zahlungsdaten und sonstige Geheimnisse niemals im Klartext speichern; vor dem Anhang maskieren oder schwaerzen."
KAN-837,E8-08 Ladezustände erkennen – Accessibility und Auflösung,"Abgedeckte Story: KAN-100 – E8-08 Ladezustände erkennen
Testart: Accessibility und Auflösung
Priorität der Story: High

Ziel
Die Oberfläche ohne Maus und bei anderer Auflösung nutzen

Vorbedingungen
- Die Anwendung ist erreichbar und die erforderlichen Testdaten sind vorbereitet.
- Der Test wird in einer isolierten Umgebung mit nachvollziehbaren Benutzerrollen ausgeführt.

Schritte
1. Nur Tastatur verwenden.
2. Fokusreihenfolge und sichtbaren Fokus prüfen.
3. Screenreader-Struktur und Alternativtexte prüfen.
4. Zoom und hohe Auflösung verwenden.

Erwartetes Ergebnis
Alle Kernaktionen sind erreichbar; Fokus, Kontrast, Semantik und Text-/Bildqualität bleiben erhalten.

Responsive Viewports
- Desktop: 1440 x 900 CSS-Pixel.
- Full HD: 1920 x 1080 CSS-Pixel.
- WQHD: 2560 x 1440 CSS-Pixel.
- Ultrawide: 3440 x 1440 CSS-Pixel.
- 4K: 3840 x 2160 CSS-Pixel.
- Tablet: 768 x 1024 CSS-Pixel.
- Smartphone: 390 x 844 CSS-Pixel.
- Bei UI-Tests jeden definierten Viewport pruefen und je Viewport einen eigenen Screenshot am Testlauf hinterlegen.

Beleg und Nachbereitung
- Fuer jeden einzelnen Testschritt unmittelbar nach der Ausfuehrung einen Screenshot als Anhang am Testlauf hinterlegen.
- Der Screenshot muss die relevante Ausgangslage bzw. Eingabe und das sichtbare Ergebnis des jeweiligen Schrittes nachvollziehbar zeigen.
- Alle Schritte des Tests muessen einen eigenen Nachweis besitzen; bei Eingabeschritten sind Eingabe und anschliessende Reaktion zu dokumentieren.
- PASS nur vergeben, wenn alle Schritte erfolgreich abgeschlossen und fuer alle Schritte Screenshots hinterlegt sind.
- FAIL oder BLOCKED ebenfalls mit Screenshot(s), tatsaechlichem Ergebnis, Datum, Tester und Umgebung dokumentieren; bei FAIL einen Bug mit Reproduktionsschritten und Verweis auf diesen Test anlegen.
- Passwoerter, Tokens, Zahlungsdaten und sonstige Geheimnisse niemals im Klartext speichern; vor dem Anhang maskieren oder schwaerzen."
KAN-838,E8-09 Fehler- und Leerzustände verstehen – Visueller Standardpfad,"Abgedeckte Story: KAN-101 – E8-09 Fehler- und Leerzustände verstehen
Testart: Visueller Standardpfad
Priorität der Story: High

Ziel
Die Oberfläche auf allen Zielbreiten prüfen

Vorbedingungen
- Die Anwendung ist erreichbar und die erforderlichen Testdaten sind vorbereitet.
- Der Test wird in einer isolierten Umgebung mit nachvollziehbaren Benutzerrollen ausgeführt.

Schritte
1. Relevante Seite mit Referenzdaten öffnen.
2. Desktop-, Tablet- und Smartphone-Breite verwenden.
3. Navigation und Kernaktion ausführen.
4. Screenshot oder Referenzabgleich erstellen.

Erwartetes Ergebnis
Layout, Typografie, Abstände, Bilder und primäre Aktionen entsprechen dem Designsystem ohne Überlauf.

Responsive Viewports
- Desktop: 1440 x 900 CSS-Pixel.
- Full HD: 1920 x 1080 CSS-Pixel.
- WQHD: 2560 x 1440 CSS-Pixel.
- Ultrawide: 3440 x 1440 CSS-Pixel.
- 4K: 3840 x 2160 CSS-Pixel.
- Tablet: 768 x 1024 CSS-Pixel.
- Smartphone: 390 x 844 CSS-Pixel.
- Bei UI-Tests jeden definierten Viewport pruefen und je Viewport einen eigenen Screenshot am Testlauf hinterlegen.

Beleg und Nachbereitung
- Fuer jeden einzelnen Testschritt unmittelbar nach der Ausfuehrung einen Screenshot als Anhang am Testlauf hinterlegen.
- Der Screenshot muss die relevante Ausgangslage bzw. Eingabe und das sichtbare Ergebnis des jeweiligen Schrittes nachvollziehbar zeigen.
- Alle Schritte des Tests muessen einen eigenen Nachweis besitzen; bei Eingabeschritten sind Eingabe und anschliessende Reaktion zu dokumentieren.
- PASS nur vergeben, wenn alle Schritte erfolgreich abgeschlossen und fuer alle Schritte Screenshots hinterlegt sind.
- FAIL oder BLOCKED ebenfalls mit Screenshot(s), tatsaechlichem Ergebnis, Datum, Tester und Umgebung dokumentieren; bei FAIL einen Bug mit Reproduktionsschritten und Verweis auf diesen Test anlegen.
- Passwoerter, Tokens, Zahlungsdaten und sonstige Geheimnisse niemals im Klartext speichern; vor dem Anhang maskieren oder schwaerzen."
KAN-839,E8-09 Fehler- und Leerzustände verstehen – Zustände und Formulare,"Abgedeckte Story: KAN-101 – E8-09 Fehler- und Leerzustände verstehen
Testart: Zustände und Formulare
Priorität der Story: High

Ziel
Loading, Leer, Fehler und Erfolg prüfen

Vorbedingungen
- Die Anwendung ist erreichbar und die erforderlichen Testdaten sind vorbereitet.
- Der Test wird in einer isolierten Umgebung mit nachvollziehbaren Benutzerrollen ausgeführt.

Schritte
1. Laden verzögern.
2. Keine Daten liefern.
3. Validierungs- und Serverfehler auslösen.
4. Erfolgreiche Aktion durchführen.

Erwartetes Ergebnis
Jeder Zustand ist eindeutig, verständlich und bietet die richtige nächste Aktion.

Responsive Viewports
- Desktop: 1440 x 900 CSS-Pixel.
- Full HD: 1920 x 1080 CSS-Pixel.
- WQHD: 2560 x 1440 CSS-Pixel.
- Ultrawide: 3440 x 1440 CSS-Pixel.
- 4K: 3840 x 2160 CSS-Pixel.
- Tablet: 768 x 1024 CSS-Pixel.
- Smartphone: 390 x 844 CSS-Pixel.
- Bei UI-Tests jeden definierten Viewport pruefen und je Viewport einen eigenen Screenshot am Testlauf hinterlegen.

Beleg und Nachbereitung
- Fuer jeden einzelnen Testschritt unmittelbar nach der Ausfuehrung einen Screenshot als Anhang am Testlauf hinterlegen.
- Der Screenshot muss die relevante Ausgangslage bzw. Eingabe und das sichtbare Ergebnis des jeweiligen Schrittes nachvollziehbar zeigen.
- Alle Schritte des Tests muessen einen eigenen Nachweis besitzen; bei Eingabeschritten sind Eingabe und anschliessende Reaktion zu dokumentieren.
- PASS nur vergeben, wenn alle Schritte erfolgreich abgeschlossen und fuer alle Schritte Screenshots hinterlegt sind.
- FAIL oder BLOCKED ebenfalls mit Screenshot(s), tatsaechlichem Ergebnis, Datum, Tester und Umgebung dokumentieren; bei FAIL einen Bug mit Reproduktionsschritten und Verweis auf diesen Test anlegen.
- Passwoerter, Tokens, Zahlungsdaten und sonstige Geheimnisse niemals im Klartext speichern; vor dem Anhang maskieren oder schwaerzen."
KAN-840,E8-09 Fehler- und Leerzustände verstehen – Accessibility und Auflösung,"Abgedeckte Story: KAN-101 – E8-09 Fehler- und Leerzustände verstehen
Testart: Accessibility und Auflösung
Priorität der Story: High

Ziel
Die Oberfläche ohne Maus und bei anderer Auflösung nutzen

Vorbedingungen
- Die Anwendung ist erreichbar und die erforderlichen Testdaten sind vorbereitet.
- Der Test wird in einer isolierten Umgebung mit nachvollziehbaren Benutzerrollen ausgeführt.

Schritte
1. Nur Tastatur verwenden.
2. Fokusreihenfolge und sichtbaren Fokus prüfen.
3. Screenreader-Struktur und Alternativtexte prüfen.
4. Zoom und hohe Auflösung verwenden.

Erwartetes Ergebnis
Alle Kernaktionen sind erreichbar; Fokus, Kontrast, Semantik und Text-/Bildqualität bleiben erhalten.

Responsive Viewports
- Desktop: 1440 x 900 CSS-Pixel.
- Full HD: 1920 x 1080 CSS-Pixel.
- WQHD: 2560 x 1440 CSS-Pixel.
- Ultrawide: 3440 x 1440 CSS-Pixel.
- 4K: 3840 x 2160 CSS-Pixel.
- Tablet: 768 x 1024 CSS-Pixel.
- Smartphone: 390 x 844 CSS-Pixel.
- Bei UI-Tests jeden definierten Viewport pruefen und je Viewport einen eigenen Screenshot am Testlauf hinterlegen.

Beleg und Nachbereitung
- Fuer jeden einzelnen Testschritt unmittelbar nach der Ausfuehrung einen Screenshot als Anhang am Testlauf hinterlegen.
- Der Screenshot muss die relevante Ausgangslage bzw. Eingabe und das sichtbare Ergebnis des jeweiligen Schrittes nachvollziehbar zeigen.
- Alle Schritte des Tests muessen einen eigenen Nachweis besitzen; bei Eingabeschritten sind Eingabe und anschliessende Reaktion zu dokumentieren.
- PASS nur vergeben, wenn alle Schritte erfolgreich abgeschlossen und fuer alle Schritte Screenshots hinterlegt sind.
- FAIL oder BLOCKED ebenfalls mit Screenshot(s), tatsaechlichem Ergebnis, Datum, Tester und Umgebung dokumentieren; bei FAIL einen Bug mit Reproduktionsschritten und Verweis auf diesen Test anlegen.
- Passwoerter, Tokens, Zahlungsdaten und sonstige Geheimnisse niemals im Klartext speichern; vor dem Anhang maskieren oder schwaerzen."
KAN-841,E8-10 Shop per Tastatur bedienen – Visueller Standardpfad,"Abgedeckte Story: KAN-102 – E8-10 Shop per Tastatur bedienen
Testart: Visueller Standardpfad
Priorität der Story: High

Ziel
Die Oberfläche auf allen Zielbreiten prüfen

Vorbedingungen
- Die Anwendung ist erreichbar und die erforderlichen Testdaten sind vorbereitet.
- Der Test wird in einer isolierten Umgebung mit nachvollziehbaren Benutzerrollen ausgeführt.

Schritte
1. Relevante Seite mit Referenzdaten öffnen.
2. Desktop-, Tablet- und Smartphone-Breite verwenden.
3. Navigation und Kernaktion ausführen.
4. Screenshot oder Referenzabgleich erstellen.

Erwartetes Ergebnis
Layout, Typografie, Abstände, Bilder und primäre Aktionen entsprechen dem Designsystem ohne Überlauf.

Responsive Viewports
- Desktop: 1440 x 900 CSS-Pixel.
- Full HD: 1920 x 1080 CSS-Pixel.
- WQHD: 2560 x 1440 CSS-Pixel.
- Ultrawide: 3440 x 1440 CSS-Pixel.
- 4K: 3840 x 2160 CSS-Pixel.
- Tablet: 768 x 1024 CSS-Pixel.
- Smartphone: 390 x 844 CSS-Pixel.
- Bei UI-Tests jeden definierten Viewport pruefen und je Viewport einen eigenen Screenshot am Testlauf hinterlegen.

Beleg und Nachbereitung
- Fuer jeden einzelnen Testschritt unmittelbar nach der Ausfuehrung einen Screenshot als Anhang am Testlauf hinterlegen.
- Der Screenshot muss die relevante Ausgangslage bzw. Eingabe und das sichtbare Ergebnis des jeweiligen Schrittes nachvollziehbar zeigen.
- Alle Schritte des Tests muessen einen eigenen Nachweis besitzen; bei Eingabeschritten sind Eingabe und anschliessende Reaktion zu dokumentieren.
- PASS nur vergeben, wenn alle Schritte erfolgreich abgeschlossen und fuer alle Schritte Screenshots hinterlegt sind.
- FAIL oder BLOCKED ebenfalls mit Screenshot(s), tatsaechlichem Ergebnis, Datum, Tester und Umgebung dokumentieren; bei FAIL einen Bug mit Reproduktionsschritten und Verweis auf diesen Test anlegen.
- Passwoerter, Tokens, Zahlungsdaten und sonstige Geheimnisse niemals im Klartext speichern; vor dem Anhang maskieren oder schwaerzen."
KAN-842,E8-10 Shop per Tastatur bedienen – Zustände und Formulare,"Abgedeckte Story: KAN-102 – E8-10 Shop per Tastatur bedienen
Testart: Zustände und Formulare
Priorität der Story: High

Ziel
Loading, Leer, Fehler und Erfolg prüfen

Vorbedingungen
- Die Anwendung ist erreichbar und die erforderlichen Testdaten sind vorbereitet.
- Der Test wird in einer isolierten Umgebung mit nachvollziehbaren Benutzerrollen ausgeführt.

Schritte
1. Laden verzögern.
2. Keine Daten liefern.
3. Validierungs- und Serverfehler auslösen.
4. Erfolgreiche Aktion durchführen.

Erwartetes Ergebnis
Jeder Zustand ist eindeutig, verständlich und bietet die richtige nächste Aktion.

Responsive Viewports
- Desktop: 1440 x 900 CSS-Pixel.
- Full HD: 1920 x 1080 CSS-Pixel.
- WQHD: 2560 x 1440 CSS-Pixel.
- Ultrawide: 3440 x 1440 CSS-Pixel.
- 4K: 3840 x 2160 CSS-Pixel.
- Tablet: 768 x 1024 CSS-Pixel.
- Smartphone: 390 x 844 CSS-Pixel.
- Bei UI-Tests jeden definierten Viewport pruefen und je Viewport einen eigenen Screenshot am Testlauf hinterlegen.

Beleg und Nachbereitung
- Fuer jeden einzelnen Testschritt unmittelbar nach der Ausfuehrung einen Screenshot als Anhang am Testlauf hinterlegen.
- Der Screenshot muss die relevante Ausgangslage bzw. Eingabe und das sichtbare Ergebnis des jeweiligen Schrittes nachvollziehbar zeigen.
- Alle Schritte des Tests muessen einen eigenen Nachweis besitzen; bei Eingabeschritten sind Eingabe und anschliessende Reaktion zu dokumentieren.
- PASS nur vergeben, wenn alle Schritte erfolgreich abgeschlossen und fuer alle Schritte Screenshots hinterlegt sind.
- FAIL oder BLOCKED ebenfalls mit Screenshot(s), tatsaechlichem Ergebnis, Datum, Tester und Umgebung dokumentieren; bei FAIL einen Bug mit Reproduktionsschritten und Verweis auf diesen Test anlegen.
- Passwoerter, Tokens, Zahlungsdaten und sonstige Geheimnisse niemals im Klartext speichern; vor dem Anhang maskieren oder schwaerzen."
KAN-843,E8-10 Shop per Tastatur bedienen – Accessibility und Auflösung,"Abgedeckte Story: KAN-102 – E8-10 Shop per Tastatur bedienen
Testart: Accessibility und Auflösung
Priorität der Story: High

Ziel
Die Oberfläche ohne Maus und bei anderer Auflösung nutzen

Vorbedingungen
- Die Anwendung ist erreichbar und die erforderlichen Testdaten sind vorbereitet.
- Der Test wird in einer isolierten Umgebung mit nachvollziehbaren Benutzerrollen ausgeführt.

Schritte
1. Nur Tastatur verwenden.
2. Fokusreihenfolge und sichtbaren Fokus prüfen.
3. Screenreader-Struktur und Alternativtexte prüfen.
4. Zoom und hohe Auflösung verwenden.

Erwartetes Ergebnis
Alle Kernaktionen sind erreichbar; Fokus, Kontrast, Semantik und Text-/Bildqualität bleiben erhalten.

Responsive Viewports
- Desktop: 1440 x 900 CSS-Pixel.
- Full HD: 1920 x 1080 CSS-Pixel.
- WQHD: 2560 x 1440 CSS-Pixel.
- Ultrawide: 3440 x 1440 CSS-Pixel.
- 4K: 3840 x 2160 CSS-Pixel.
- Tablet: 768 x 1024 CSS-Pixel.
- Smartphone: 390 x 844 CSS-Pixel.
- Bei UI-Tests jeden definierten Viewport pruefen und je Viewport einen eigenen Screenshot am Testlauf hinterlegen.

Beleg und Nachbereitung
- Fuer jeden einzelnen Testschritt unmittelbar nach der Ausfuehrung einen Screenshot als Anhang am Testlauf hinterlegen.
- Der Screenshot muss die relevante Ausgangslage bzw. Eingabe und das sichtbare Ergebnis des jeweiligen Schrittes nachvollziehbar zeigen.
- Alle Schritte des Tests muessen einen eigenen Nachweis besitzen; bei Eingabeschritten sind Eingabe und anschliessende Reaktion zu dokumentieren.
- PASS nur vergeben, wenn alle Schritte erfolgreich abgeschlossen und fuer alle Schritte Screenshots hinterlegt sind.
- FAIL oder BLOCKED ebenfalls mit Screenshot(s), tatsaechlichem Ergebnis, Datum, Tester und Umgebung dokumentieren; bei FAIL einen Bug mit Reproduktionsschritten und Verweis auf diesen Test anlegen.
- Passwoerter, Tokens, Zahlungsdaten und sonstige Geheimnisse niemals im Klartext speichern; vor dem Anhang maskieren oder schwaerzen."
KAN-844,E8-11 Shop mit Screenreader nutzen – Visueller Standardpfad,"Abgedeckte Story: KAN-103 – E8-11 Shop mit Screenreader nutzen
Testart: Visueller Standardpfad
Priorität der Story: High

Ziel
Die Oberfläche auf allen Zielbreiten prüfen

Vorbedingungen
- Die Anwendung ist erreichbar und die erforderlichen Testdaten sind vorbereitet.
- Der Test wird in einer isolierten Umgebung mit nachvollziehbaren Benutzerrollen ausgeführt.

Schritte
1. Relevante Seite mit Referenzdaten öffnen.
2. Desktop-, Tablet- und Smartphone-Breite verwenden.
3. Navigation und Kernaktion ausführen.
4. Screenshot oder Referenzabgleich erstellen.

Erwartetes Ergebnis
Layout, Typografie, Abstände, Bilder und primäre Aktionen entsprechen dem Designsystem ohne Überlauf.

Responsive Viewports
- Desktop: 1440 x 900 CSS-Pixel.
- Full HD: 1920 x 1080 CSS-Pixel.
- WQHD: 2560 x 1440 CSS-Pixel.
- Ultrawide: 3440 x 1440 CSS-Pixel.
- 4K: 3840 x 2160 CSS-Pixel.
- Tablet: 768 x 1024 CSS-Pixel.
- Smartphone: 390 x 844 CSS-Pixel.
- Bei UI-Tests jeden definierten Viewport pruefen und je Viewport einen eigenen Screenshot am Testlauf hinterlegen.

Beleg und Nachbereitung
- Fuer jeden einzelnen Testschritt unmittelbar nach der Ausfuehrung einen Screenshot als Anhang am Testlauf hinterlegen.
- Der Screenshot muss die relevante Ausgangslage bzw. Eingabe und das sichtbare Ergebnis des jeweiligen Schrittes nachvollziehbar zeigen.
- Alle Schritte des Tests muessen einen eigenen Nachweis besitzen; bei Eingabeschritten sind Eingabe und anschliessende Reaktion zu dokumentieren.
- PASS nur vergeben, wenn alle Schritte erfolgreich abgeschlossen und fuer alle Schritte Screenshots hinterlegt sind.
- FAIL oder BLOCKED ebenfalls mit Screenshot(s), tatsaechlichem Ergebnis, Datum, Tester und Umgebung dokumentieren; bei FAIL einen Bug mit Reproduktionsschritten und Verweis auf diesen Test anlegen.
- Passwoerter, Tokens, Zahlungsdaten und sonstige Geheimnisse niemals im Klartext speichern; vor dem Anhang maskieren oder schwaerzen."
KAN-845,E8-11 Shop mit Screenreader nutzen – Zustände und Formulare,"Abgedeckte Story: KAN-103 – E8-11 Shop mit Screenreader nutzen
Testart: Zustände und Formulare
Priorität der Story: High

Ziel
Loading, Leer, Fehler und Erfolg prüfen

Vorbedingungen
- Die Anwendung ist erreichbar und die erforderlichen Testdaten sind vorbereitet.
- Der Test wird in einer isolierten Umgebung mit nachvollziehbaren Benutzerrollen ausgeführt.

Schritte
1. Laden verzögern.
2. Keine Daten liefern.
3. Validierungs- und Serverfehler auslösen.
4. Erfolgreiche Aktion durchführen.

Erwartetes Ergebnis
Jeder Zustand ist eindeutig, verständlich und bietet die richtige nächste Aktion.

Responsive Viewports
- Desktop: 1440 x 900 CSS-Pixel.
- Full HD: 1920 x 1080 CSS-Pixel.
- WQHD: 2560 x 1440 CSS-Pixel.
- Ultrawide: 3440 x 1440 CSS-Pixel.
- 4K: 3840 x 2160 CSS-Pixel.
- Tablet: 768 x 1024 CSS-Pixel.
- Smartphone: 390 x 844 CSS-Pixel.
- Bei UI-Tests jeden definierten Viewport pruefen und je Viewport einen eigenen Screenshot am Testlauf hinterlegen.

Beleg und Nachbereitung
- Fuer jeden einzelnen Testschritt unmittelbar nach der Ausfuehrung einen Screenshot als Anhang am Testlauf hinterlegen.
- Der Screenshot muss die relevante Ausgangslage bzw. Eingabe und das sichtbare Ergebnis des jeweiligen Schrittes nachvollziehbar zeigen.
- Alle Schritte des Tests muessen einen eigenen Nachweis besitzen; bei Eingabeschritten sind Eingabe und anschliessende Reaktion zu dokumentieren.
- PASS nur vergeben, wenn alle Schritte erfolgreich abgeschlossen und fuer alle Schritte Screenshots hinterlegt sind.
- FAIL oder BLOCKED ebenfalls mit Screenshot(s), tatsaechlichem Ergebnis, Datum, Tester und Umgebung dokumentieren; bei FAIL einen Bug mit Reproduktionsschritten und Verweis auf diesen Test anlegen.
- Passwoerter, Tokens, Zahlungsdaten und sonstige Geheimnisse niemals im Klartext speichern; vor dem Anhang maskieren oder schwaerzen."
KAN-846,E8-11 Shop mit Screenreader nutzen – Accessibility und Auflösung,"Abgedeckte Story: KAN-103 – E8-11 Shop mit Screenreader nutzen
Testart: Accessibility und Auflösung
Priorität der Story: High

Ziel
Die Oberfläche ohne Maus und bei anderer Auflösung nutzen

Vorbedingungen
- Die Anwendung ist erreichbar und die erforderlichen Testdaten sind vorbereitet.
- Der Test wird in einer isolierten Umgebung mit nachvollziehbaren Benutzerrollen ausgeführt.

Schritte
1. Nur Tastatur verwenden.
2. Fokusreihenfolge und sichtbaren Fokus prüfen.
3. Screenreader-Struktur und Alternativtexte prüfen.
4. Zoom und hohe Auflösung verwenden.

Erwartetes Ergebnis
Alle Kernaktionen sind erreichbar; Fokus, Kontrast, Semantik und Text-/Bildqualität bleiben erhalten.

Responsive Viewports
- Desktop: 1440 x 900 CSS-Pixel.
- Full HD: 1920 x 1080 CSS-Pixel.
- WQHD: 2560 x 1440 CSS-Pixel.
- Ultrawide: 3440 x 1440 CSS-Pixel.
- 4K: 3840 x 2160 CSS-Pixel.
- Tablet: 768 x 1024 CSS-Pixel.
- Smartphone: 390 x 844 CSS-Pixel.
- Bei UI-Tests jeden definierten Viewport pruefen und je Viewport einen eigenen Screenshot am Testlauf hinterlegen.

Beleg und Nachbereitung
- Fuer jeden einzelnen Testschritt unmittelbar nach der Ausfuehrung einen Screenshot als Anhang am Testlauf hinterlegen.
- Der Screenshot muss die relevante Ausgangslage bzw. Eingabe und das sichtbare Ergebnis des jeweiligen Schrittes nachvollziehbar zeigen.
- Alle Schritte des Tests muessen einen eigenen Nachweis besitzen; bei Eingabeschritten sind Eingabe und anschliessende Reaktion zu dokumentieren.
- PASS nur vergeben, wenn alle Schritte erfolgreich abgeschlossen und fuer alle Schritte Screenshots hinterlegt sind.
- FAIL oder BLOCKED ebenfalls mit Screenshot(s), tatsaechlichem Ergebnis, Datum, Tester und Umgebung dokumentieren; bei FAIL einen Bug mit Reproduktionsschritten und Verweis auf diesen Test anlegen.
- Passwoerter, Tokens, Zahlungsdaten und sonstige Geheimnisse niemals im Klartext speichern; vor dem Anhang maskieren oder schwaerzen."
KAN-847,E8-12 Fokus- und Aktivzustände sehen – Visueller Standardpfad,"Abgedeckte Story: KAN-104 – E8-12 Fokus- und Aktivzustände sehen
Testart: Visueller Standardpfad
Priorität der Story: High

Ziel
Die Oberfläche auf allen Zielbreiten prüfen

Vorbedingungen
- Die Anwendung ist erreichbar und die erforderlichen Testdaten sind vorbereitet.
- Der Test wird in einer isolierten Umgebung mit nachvollziehbaren Benutzerrollen ausgeführt.

Schritte
1. Relevante Seite mit Referenzdaten öffnen.
2. Desktop-, Tablet- und Smartphone-Breite verwenden.
3. Navigation und Kernaktion ausführen.
4. Screenshot oder Referenzabgleich erstellen.

Erwartetes Ergebnis
Layout, Typografie, Abstände, Bilder und primäre Aktionen entsprechen dem Designsystem ohne Überlauf.

Responsive Viewports
- Desktop: 1440 x 900 CSS-Pixel.
- Full HD: 1920 x 1080 CSS-Pixel.
- WQHD: 2560 x 1440 CSS-Pixel.
- Ultrawide: 3440 x 1440 CSS-Pixel.
- 4K: 3840 x 2160 CSS-Pixel.
- Tablet: 768 x 1024 CSS-Pixel.
- Smartphone: 390 x 844 CSS-Pixel.
- Bei UI-Tests jeden definierten Viewport pruefen und je Viewport einen eigenen Screenshot am Testlauf hinterlegen.

Beleg und Nachbereitung
- Fuer jeden einzelnen Testschritt unmittelbar nach der Ausfuehrung einen Screenshot als Anhang am Testlauf hinterlegen.
- Der Screenshot muss die relevante Ausgangslage bzw. Eingabe und das sichtbare Ergebnis des jeweiligen Schrittes nachvollziehbar zeigen.
- Alle Schritte des Tests muessen einen eigenen Nachweis besitzen; bei Eingabeschritten sind Eingabe und anschliessende Reaktion zu dokumentieren.
- PASS nur vergeben, wenn alle Schritte erfolgreich abgeschlossen und fuer alle Schritte Screenshots hinterlegt sind.
- FAIL oder BLOCKED ebenfalls mit Screenshot(s), tatsaechlichem Ergebnis, Datum, Tester und Umgebung dokumentieren; bei FAIL einen Bug mit Reproduktionsschritten und Verweis auf diesen Test anlegen.
- Passwoerter, Tokens, Zahlungsdaten und sonstige Geheimnisse niemals im Klartext speichern; vor dem Anhang maskieren oder schwaerzen."
KAN-848,E8-12 Fokus- und Aktivzustände sehen – Zustände und Formulare,"Abgedeckte Story: KAN-104 – E8-12 Fokus- und Aktivzustände sehen
Testart: Zustände und Formulare
Priorität der Story: High

Ziel
Loading, Leer, Fehler und Erfolg prüfen

Vorbedingungen
- Die Anwendung ist erreichbar und die erforderlichen Testdaten sind vorbereitet.
- Der Test wird in einer isolierten Umgebung mit nachvollziehbaren Benutzerrollen ausgeführt.

Schritte
1. Laden verzögern.
2. Keine Daten liefern.
3. Validierungs- und Serverfehler auslösen.
4. Erfolgreiche Aktion durchführen.

Erwartetes Ergebnis
Jeder Zustand ist eindeutig, verständlich und bietet die richtige nächste Aktion.

Responsive Viewports
- Desktop: 1440 x 900 CSS-Pixel.
- Full HD: 1920 x 1080 CSS-Pixel.
- WQHD: 2560 x 1440 CSS-Pixel.
- Ultrawide: 3440 x 1440 CSS-Pixel.
- 4K: 3840 x 2160 CSS-Pixel.
- Tablet: 768 x 1024 CSS-Pixel.
- Smartphone: 390 x 844 CSS-Pixel.
- Bei UI-Tests jeden definierten Viewport pruefen und je Viewport einen eigenen Screenshot am Testlauf hinterlegen.

Beleg und Nachbereitung
- Fuer jeden einzelnen Testschritt unmittelbar nach der Ausfuehrung einen Screenshot als Anhang am Testlauf hinterlegen.
- Der Screenshot muss die relevante Ausgangslage bzw. Eingabe und das sichtbare Ergebnis des jeweiligen Schrittes nachvollziehbar zeigen.
- Alle Schritte des Tests muessen einen eigenen Nachweis besitzen; bei Eingabeschritten sind Eingabe und anschliessende Reaktion zu dokumentieren.
- PASS nur vergeben, wenn alle Schritte erfolgreich abgeschlossen und fuer alle Schritte Screenshots hinterlegt sind.
- FAIL oder BLOCKED ebenfalls mit Screenshot(s), tatsaechlichem Ergebnis, Datum, Tester und Umgebung dokumentieren; bei FAIL einen Bug mit Reproduktionsschritten und Verweis auf diesen Test anlegen.
- Passwoerter, Tokens, Zahlungsdaten und sonstige Geheimnisse niemals im Klartext speichern; vor dem Anhang maskieren oder schwaerzen."
KAN-849,E8-12 Fokus- und Aktivzustände sehen – Accessibility und Auflösung,"Abgedeckte Story: KAN-104 – E8-12 Fokus- und Aktivzustände sehen
Testart: Accessibility und Auflösung
Priorität der Story: High

Ziel
Die Oberfläche ohne Maus und bei anderer Auflösung nutzen

Vorbedingungen
- Die Anwendung ist erreichbar und die erforderlichen Testdaten sind vorbereitet.
- Der Test wird in einer isolierten Umgebung mit nachvollziehbaren Benutzerrollen ausgeführt.

Schritte
1. Nur Tastatur verwenden.
2. Fokusreihenfolge und sichtbaren Fokus prüfen.
3. Screenreader-Struktur und Alternativtexte prüfen.
4. Zoom und hohe Auflösung verwenden.

Erwartetes Ergebnis
Alle Kernaktionen sind erreichbar; Fokus, Kontrast, Semantik und Text-/Bildqualität bleiben erhalten.

Responsive Viewports
- Desktop: 1440 x 900 CSS-Pixel.
- Full HD: 1920 x 1080 CSS-Pixel.
- WQHD: 2560 x 1440 CSS-Pixel.
- Ultrawide: 3440 x 1440 CSS-Pixel.
- 4K: 3840 x 2160 CSS-Pixel.
- Tablet: 768 x 1024 CSS-Pixel.
- Smartphone: 390 x 844 CSS-Pixel.
- Bei UI-Tests jeden definierten Viewport pruefen und je Viewport einen eigenen Screenshot am Testlauf hinterlegen.

Beleg und Nachbereitung
- Fuer jeden einzelnen Testschritt unmittelbar nach der Ausfuehrung einen Screenshot als Anhang am Testlauf hinterlegen.
- Der Screenshot muss die relevante Ausgangslage bzw. Eingabe und das sichtbare Ergebnis des jeweiligen Schrittes nachvollziehbar zeigen.
- Alle Schritte des Tests muessen einen eigenen Nachweis besitzen; bei Eingabeschritten sind Eingabe und anschliessende Reaktion zu dokumentieren.
- PASS nur vergeben, wenn alle Schritte erfolgreich abgeschlossen und fuer alle Schritte Screenshots hinterlegt sind.
- FAIL oder BLOCKED ebenfalls mit Screenshot(s), tatsaechlichem Ergebnis, Datum, Tester und Umgebung dokumentieren; bei FAIL einen Bug mit Reproduktionsschritten und Verweis auf diesen Test anlegen.
- Passwoerter, Tokens, Zahlungsdaten und sonstige Geheimnisse niemals im Klartext speichern; vor dem Anhang maskieren oder schwaerzen."
KAN-850,E8-13 Optimierte Produktbilder erhalten – Visueller Standardpfad,"Abgedeckte Story: KAN-105 – E8-13 Optimierte Produktbilder erhalten
Testart: Visueller Standardpfad
Priorität der Story: High

Ziel
Die Oberfläche auf allen Zielbreiten prüfen

Vorbedingungen
- Die Anwendung ist erreichbar und die erforderlichen Testdaten sind vorbereitet.
- Der Test wird in einer isolierten Umgebung mit nachvollziehbaren Benutzerrollen ausgeführt.

Schritte
1. Relevante Seite mit Referenzdaten öffnen.
2. Desktop-, Tablet- und Smartphone-Breite verwenden.
3. Navigation und Kernaktion ausführen.
4. Screenshot oder Referenzabgleich erstellen.

Erwartetes Ergebnis
Layout, Typografie, Abstände, Bilder und primäre Aktionen entsprechen dem Designsystem ohne Überlauf.

Responsive Viewports
- Desktop: 1440 x 900 CSS-Pixel.
- Full HD: 1920 x 1080 CSS-Pixel.
- WQHD: 2560 x 1440 CSS-Pixel.
- Ultrawide: 3440 x 1440 CSS-Pixel.
- 4K: 3840 x 2160 CSS-Pixel.
- Tablet: 768 x 1024 CSS-Pixel.
- Smartphone: 390 x 844 CSS-Pixel.
- Bei UI-Tests jeden definierten Viewport pruefen und je Viewport einen eigenen Screenshot am Testlauf hinterlegen.

Beleg und Nachbereitung
- Fuer jeden einzelnen Testschritt unmittelbar nach der Ausfuehrung einen Screenshot als Anhang am Testlauf hinterlegen.
- Der Screenshot muss die relevante Ausgangslage bzw. Eingabe und das sichtbare Ergebnis des jeweiligen Schrittes nachvollziehbar zeigen.
- Alle Schritte des Tests muessen einen eigenen Nachweis besitzen; bei Eingabeschritten sind Eingabe und anschliessende Reaktion zu dokumentieren.
- PASS nur vergeben, wenn alle Schritte erfolgreich abgeschlossen und fuer alle Schritte Screenshots hinterlegt sind.
- FAIL oder BLOCKED ebenfalls mit Screenshot(s), tatsaechlichem Ergebnis, Datum, Tester und Umgebung dokumentieren; bei FAIL einen Bug mit Reproduktionsschritten und Verweis auf diesen Test anlegen.
- Passwoerter, Tokens, Zahlungsdaten und sonstige Geheimnisse niemals im Klartext speichern; vor dem Anhang maskieren oder schwaerzen."
KAN-851,E8-13 Optimierte Produktbilder erhalten – Zustände und Formulare,"Abgedeckte Story: KAN-105 – E8-13 Optimierte Produktbilder erhalten
Testart: Zustände und Formulare
Priorität der Story: High

Ziel
Loading, Leer, Fehler und Erfolg prüfen

Vorbedingungen
- Die Anwendung ist erreichbar und die erforderlichen Testdaten sind vorbereitet.
- Der Test wird in einer isolierten Umgebung mit nachvollziehbaren Benutzerrollen ausgeführt.

Schritte
1. Laden verzögern.
2. Keine Daten liefern.
3. Validierungs- und Serverfehler auslösen.
4. Erfolgreiche Aktion durchführen.

Erwartetes Ergebnis
Jeder Zustand ist eindeutig, verständlich und bietet die richtige nächste Aktion.

Responsive Viewports
- Desktop: 1440 x 900 CSS-Pixel.
- Full HD: 1920 x 1080 CSS-Pixel.
- WQHD: 2560 x 1440 CSS-Pixel.
- Ultrawide: 3440 x 1440 CSS-Pixel.
- 4K: 3840 x 2160 CSS-Pixel.
- Tablet: 768 x 1024 CSS-Pixel.
- Smartphone: 390 x 844 CSS-Pixel.
- Bei UI-Tests jeden definierten Viewport pruefen und je Viewport einen eigenen Screenshot am Testlauf hinterlegen.

Beleg und Nachbereitung
- Fuer jeden einzelnen Testschritt unmittelbar nach der Ausfuehrung einen Screenshot als Anhang am Testlauf hinterlegen.
- Der Screenshot muss die relevante Ausgangslage bzw. Eingabe und das sichtbare Ergebnis des jeweiligen Schrittes nachvollziehbar zeigen.
- Alle Schritte des Tests muessen einen eigenen Nachweis besitzen; bei Eingabeschritten sind Eingabe und anschliessende Reaktion zu dokumentieren.
- PASS nur vergeben, wenn alle Schritte erfolgreich abgeschlossen und fuer alle Schritte Screenshots hinterlegt sind.
- FAIL oder BLOCKED ebenfalls mit Screenshot(s), tatsaechlichem Ergebnis, Datum, Tester und Umgebung dokumentieren; bei FAIL einen Bug mit Reproduktionsschritten und Verweis auf diesen Test anlegen.
- Passwoerter, Tokens, Zahlungsdaten und sonstige Geheimnisse niemals im Klartext speichern; vor dem Anhang maskieren oder schwaerzen."
KAN-852,E8-13 Optimierte Produktbilder erhalten – Accessibility und Auflösung,"Abgedeckte Story: KAN-105 – E8-13 Optimierte Produktbilder erhalten
Testart: Accessibility und Auflösung
Priorität der Story: High

Ziel
Die Oberfläche ohne Maus und bei anderer Auflösung nutzen

Vorbedingungen
- Die Anwendung ist erreichbar und die erforderlichen Testdaten sind vorbereitet.
- Der Test wird in einer isolierten Umgebung mit nachvollziehbaren Benutzerrollen ausgeführt.

Schritte
1. Nur Tastatur verwenden.
2. Fokusreihenfolge und sichtbaren Fokus prüfen.
3. Screenreader-Struktur und Alternativtexte prüfen.
4. Zoom und hohe Auflösung verwenden.

Erwartetes Ergebnis
Alle Kernaktionen sind erreichbar; Fokus, Kontrast, Semantik und Text-/Bildqualität bleiben erhalten.

Responsive Viewports
- Desktop: 1440 x 900 CSS-Pixel.
- Full HD: 1920 x 1080 CSS-Pixel.
- WQHD: 2560 x 1440 CSS-Pixel.
- Ultrawide: 3440 x 1440 CSS-Pixel.
- 4K: 3840 x 2160 CSS-Pixel.
- Tablet: 768 x 1024 CSS-Pixel.
- Smartphone: 390 x 844 CSS-Pixel.
- Bei UI-Tests jeden definierten Viewport pruefen und je Viewport einen eigenen Screenshot am Testlauf hinterlegen.

Beleg und Nachbereitung
- Fuer jeden einzelnen Testschritt unmittelbar nach der Ausfuehrung einen Screenshot als Anhang am Testlauf hinterlegen.
- Der Screenshot muss die relevante Ausgangslage bzw. Eingabe und das sichtbare Ergebnis des jeweiligen Schrittes nachvollziehbar zeigen.
- Alle Schritte des Tests muessen einen eigenen Nachweis besitzen; bei Eingabeschritten sind Eingabe und anschliessende Reaktion zu dokumentieren.
- PASS nur vergeben, wenn alle Schritte erfolgreich abgeschlossen und fuer alle Schritte Screenshots hinterlegt sind.
- FAIL oder BLOCKED ebenfalls mit Screenshot(s), tatsaechlichem Ergebnis, Datum, Tester und Umgebung dokumentieren; bei FAIL einen Bug mit Reproduktionsschritten und Verweis auf diesen Test anlegen.
- Passwoerter, Tokens, Zahlungsdaten und sonstige Geheimnisse niemals im Klartext speichern; vor dem Anhang maskieren oder schwaerzen."
KAN-853,E8-14 Auflösungsunabhängiges Design erleben – Visueller Standardpfad,"Abgedeckte Story: KAN-106 – E8-14 Auflösungsunabhängiges Design erleben
Testart: Visueller Standardpfad
Priorität der Story: High

Ziel
Die Oberfläche auf allen Zielbreiten prüfen

Vorbedingungen
- Die Anwendung ist erreichbar und die erforderlichen Testdaten sind vorbereitet.
- Der Test wird in einer isolierten Umgebung mit nachvollziehbaren Benutzerrollen ausgeführt.

Schritte
1. Relevante Seite mit Referenzdaten öffnen.
2. Desktop-, Tablet- und Smartphone-Breite verwenden.
3. Navigation und Kernaktion ausführen.
4. Screenshot oder Referenzabgleich erstellen.

Erwartetes Ergebnis
Layout, Typografie, Abstände, Bilder und primäre Aktionen entsprechen dem Designsystem ohne Überlauf.

Responsive Viewports
- Desktop: 1440 x 900 CSS-Pixel.
- Full HD: 1920 x 1080 CSS-Pixel.
- WQHD: 2560 x 1440 CSS-Pixel.
- Ultrawide: 3440 x 1440 CSS-Pixel.
- 4K: 3840 x 2160 CSS-Pixel.
- Tablet: 768 x 1024 CSS-Pixel.
- Smartphone: 390 x 844 CSS-Pixel.
- Bei UI-Tests jeden definierten Viewport pruefen und je Viewport einen eigenen Screenshot am Testlauf hinterlegen.

Beleg und Nachbereitung
- Fuer jeden einzelnen Testschritt unmittelbar nach der Ausfuehrung einen Screenshot als Anhang am Testlauf hinterlegen.
- Der Screenshot muss die relevante Ausgangslage bzw. Eingabe und das sichtbare Ergebnis des jeweiligen Schrittes nachvollziehbar zeigen.
- Alle Schritte des Tests muessen einen eigenen Nachweis besitzen; bei Eingabeschritten sind Eingabe und anschliessende Reaktion zu dokumentieren.
- PASS nur vergeben, wenn alle Schritte erfolgreich abgeschlossen und fuer alle Schritte Screenshots hinterlegt sind.
- FAIL oder BLOCKED ebenfalls mit Screenshot(s), tatsaechlichem Ergebnis, Datum, Tester und Umgebung dokumentieren; bei FAIL einen Bug mit Reproduktionsschritten und Verweis auf diesen Test anlegen.
- Passwoerter, Tokens, Zahlungsdaten und sonstige Geheimnisse niemals im Klartext speichern; vor dem Anhang maskieren oder schwaerzen."
KAN-854,E8-14 Auflösungsunabhängiges Design erleben – Zustände und Formulare,"Abgedeckte Story: KAN-106 – E8-14 Auflösungsunabhängiges Design erleben
Testart: Zustände und Formulare
Priorität der Story: High

Ziel
Loading, Leer, Fehler und Erfolg prüfen

Vorbedingungen
- Die Anwendung ist erreichbar und die erforderlichen Testdaten sind vorbereitet.
- Der Test wird in einer isolierten Umgebung mit nachvollziehbaren Benutzerrollen ausgeführt.

Schritte
1. Laden verzögern.
2. Keine Daten liefern.
3. Validierungs- und Serverfehler auslösen.
4. Erfolgreiche Aktion durchführen.

Erwartetes Ergebnis
Jeder Zustand ist eindeutig, verständlich und bietet die richtige nächste Aktion.

Responsive Viewports
- Desktop: 1440 x 900 CSS-Pixel.
- Full HD: 1920 x 1080 CSS-Pixel.
- WQHD: 2560 x 1440 CSS-Pixel.
- Ultrawide: 3440 x 1440 CSS-Pixel.
- 4K: 3840 x 2160 CSS-Pixel.
- Tablet: 768 x 1024 CSS-Pixel.
- Smartphone: 390 x 844 CSS-Pixel.
- Bei UI-Tests jeden definierten Viewport pruefen und je Viewport einen eigenen Screenshot am Testlauf hinterlegen.

Beleg und Nachbereitung
- Fuer jeden einzelnen Testschritt unmittelbar nach der Ausfuehrung einen Screenshot als Anhang am Testlauf hinterlegen.
- Der Screenshot muss die relevante Ausgangslage bzw. Eingabe und das sichtbare Ergebnis des jeweiligen Schrittes nachvollziehbar zeigen.
- Alle Schritte des Tests muessen einen eigenen Nachweis besitzen; bei Eingabeschritten sind Eingabe und anschliessende Reaktion zu dokumentieren.
- PASS nur vergeben, wenn alle Schritte erfolgreich abgeschlossen und fuer alle Schritte Screenshots hinterlegt sind.
- FAIL oder BLOCKED ebenfalls mit Screenshot(s), tatsaechlichem Ergebnis, Datum, Tester und Umgebung dokumentieren; bei FAIL einen Bug mit Reproduktionsschritten und Verweis auf diesen Test anlegen.
- Passwoerter, Tokens, Zahlungsdaten und sonstige Geheimnisse niemals im Klartext speichern; vor dem Anhang maskieren oder schwaerzen."
KAN-855,E8-14 Auflösungsunabhängiges Design erleben – Accessibility und Auflösung,"Abgedeckte Story: KAN-106 – E8-14 Auflösungsunabhängiges Design erleben
Testart: Accessibility und Auflösung
Priorität der Story: High

Ziel
Die Oberfläche ohne Maus und bei anderer Auflösung nutzen

Vorbedingungen
- Die Anwendung ist erreichbar und die erforderlichen Testdaten sind vorbereitet.
- Der Test wird in einer isolierten Umgebung mit nachvollziehbaren Benutzerrollen ausgeführt.

Schritte
1. Nur Tastatur verwenden.
2. Fokusreihenfolge und sichtbaren Fokus prüfen.
3. Screenreader-Struktur und Alternativtexte prüfen.
4. Zoom und hohe Auflösung verwenden.

Erwartetes Ergebnis
Alle Kernaktionen sind erreichbar; Fokus, Kontrast, Semantik und Text-/Bildqualität bleiben erhalten.

Responsive Viewports
- Desktop: 1440 x 900 CSS-Pixel.
- Full HD: 1920 x 1080 CSS-Pixel.
- WQHD: 2560 x 1440 CSS-Pixel.
- Ultrawide: 3440 x 1440 CSS-Pixel.
- 4K: 3840 x 2160 CSS-Pixel.
- Tablet: 768 x 1024 CSS-Pixel.
- Smartphone: 390 x 844 CSS-Pixel.
- Bei UI-Tests jeden definierten Viewport pruefen und je Viewport einen eigenen Screenshot am Testlauf hinterlegen.

Beleg und Nachbereitung
- Fuer jeden einzelnen Testschritt unmittelbar nach der Ausfuehrung einen Screenshot als Anhang am Testlauf hinterlegen.
- Der Screenshot muss die relevante Ausgangslage bzw. Eingabe und das sichtbare Ergebnis des jeweiligen Schrittes nachvollziehbar zeigen.
- Alle Schritte des Tests muessen einen eigenen Nachweis besitzen; bei Eingabeschritten sind Eingabe und anschliessende Reaktion zu dokumentieren.
- PASS nur vergeben, wenn alle Schritte erfolgreich abgeschlossen und fuer alle Schritte Screenshots hinterlegt sind.
- FAIL oder BLOCKED ebenfalls mit Screenshot(s), tatsaechlichem Ergebnis, Datum, Tester und Umgebung dokumentieren; bei FAIL einen Bug mit Reproduktionsschritten und Verweis auf diesen Test anlegen.
- Passwoerter, Tokens, Zahlungsdaten und sonstige Geheimnisse niemals im Klartext speichern; vor dem Anhang maskieren oder schwaerzen."
KAN-856,E9-01 Akzeptanzkriterien vereinheitlichen – Testfall ausführbar,"Abgedeckte Story: KAN-107 – E9-01 Akzeptanzkriterien vereinheitlichen
Testart: Testfall ausführbar
Priorität der Story: High

Ziel
Einen vollständigen Xray-Test ausführen

Vorbedingungen
- Die Anwendung ist erreichbar und die erforderlichen Testdaten sind vorbereitet.
- Der Test wird in einer isolierten Umgebung mit nachvollziehbaren Benutzerrollen ausgeführt.

Schritte
1. Test aus Repository öffnen.
2. Vorbedingungen und Testdaten herstellen.
3. Schritte in Reihenfolge ausführen.
4. Ergebnisse und Beleg speichern.

Erwartetes Ergebnis
Der Test ist ohne Rückfragen ausführbar und Ergebnis sowie Evidenz sind dem Lauf zugeordnet.

Responsive Viewports
- Desktop: 1440 x 900 CSS-Pixel.
- Full HD: 1920 x 1080 CSS-Pixel.
- WQHD: 2560 x 1440 CSS-Pixel.
- Ultrawide: 3440 x 1440 CSS-Pixel.
- 4K: 3840 x 2160 CSS-Pixel.
- Tablet: 768 x 1024 CSS-Pixel.
- Smartphone: 390 x 844 CSS-Pixel.
- Bei UI-Tests jeden definierten Viewport pruefen und je Viewport einen eigenen Screenshot am Testlauf hinterlegen.

Beleg und Nachbereitung
- Fuer jeden einzelnen Testschritt unmittelbar nach der Ausfuehrung einen Screenshot als Anhang am Testlauf hinterlegen.
- Der Screenshot muss die relevante Ausgangslage bzw. Eingabe und das sichtbare Ergebnis des jeweiligen Schrittes nachvollziehbar zeigen.
- Alle Schritte des Tests muessen einen eigenen Nachweis besitzen; bei Eingabeschritten sind Eingabe und anschliessende Reaktion zu dokumentieren.
- PASS nur vergeben, wenn alle Schritte erfolgreich abgeschlossen und fuer alle Schritte Screenshots hinterlegt sind.
- FAIL oder BLOCKED ebenfalls mit Screenshot(s), tatsaechlichem Ergebnis, Datum, Tester und Umgebung dokumentieren; bei FAIL einen Bug mit Reproduktionsschritten und Verweis auf diesen Test anlegen.
- Passwoerter, Tokens, Zahlungsdaten und sonstige Geheimnisse niemals im Klartext speichern; vor dem Anhang maskieren oder schwaerzen."
KAN-857,E9-01 Akzeptanzkriterien vereinheitlichen – Traceability und Abdeckung,"Abgedeckte Story: KAN-107 – E9-01 Akzeptanzkriterien vereinheitlichen
Testart: Traceability und Abdeckung
Priorität der Story: High

Ziel
Story, Test Set und Test Plan nachvollziehen

Vorbedingungen
- Die Anwendung ist erreichbar und die erforderlichen Testdaten sind vorbereitet.
- Der Test wird in einer isolierten Umgebung mit nachvollziehbaren Benutzerrollen ausgeführt.

Schritte
1. Test mit Story verknüpfen.
2. In Test Set und Plan aufnehmen.
3. Execution starten.
4. Coverage und Status prüfen.

Erwartetes Ergebnis
Die Story-Abdeckung ist sichtbar und der Teststatus fließt in Set, Plan und Release-Ansicht ein.

Responsive Viewports
- Desktop: 1440 x 900 CSS-Pixel.
- Full HD: 1920 x 1080 CSS-Pixel.
- WQHD: 2560 x 1440 CSS-Pixel.
- Ultrawide: 3440 x 1440 CSS-Pixel.
- 4K: 3840 x 2160 CSS-Pixel.
- Tablet: 768 x 1024 CSS-Pixel.
- Smartphone: 390 x 844 CSS-Pixel.
- Bei UI-Tests jeden definierten Viewport pruefen und je Viewport einen eigenen Screenshot am Testlauf hinterlegen.

Beleg und Nachbereitung
- Fuer jeden einzelnen Testschritt unmittelbar nach der Ausfuehrung einen Screenshot als Anhang am Testlauf hinterlegen.
- Der Screenshot muss die relevante Ausgangslage bzw. Eingabe und das sichtbare Ergebnis des jeweiligen Schrittes nachvollziehbar zeigen.
- Alle Schritte des Tests muessen einen eigenen Nachweis besitzen; bei Eingabeschritten sind Eingabe und anschliessende Reaktion zu dokumentieren.
- PASS nur vergeben, wenn alle Schritte erfolgreich abgeschlossen und fuer alle Schritte Screenshots hinterlegt sind.
- FAIL oder BLOCKED ebenfalls mit Screenshot(s), tatsaechlichem Ergebnis, Datum, Tester und Umgebung dokumentieren; bei FAIL einen Bug mit Reproduktionsschritten und Verweis auf diesen Test anlegen.
- Passwoerter, Tokens, Zahlungsdaten und sonstige Geheimnisse niemals im Klartext speichern; vor dem Anhang maskieren oder schwaerzen."
KAN-858,E9-01 Akzeptanzkriterien vereinheitlichen – Fehler und Regression,"Abgedeckte Story: KAN-107 – E9-01 Akzeptanzkriterien vereinheitlichen
Testart: Fehler und Regression
Priorität der Story: High

Ziel
Fehlgeschlagenen Test reproduzieren und zurücksetzen

Vorbedingungen
- Die Anwendung ist erreichbar und die erforderlichen Testdaten sind vorbereitet.
- Der Test wird in einer isolierten Umgebung mit nachvollziehbaren Benutzerrollen ausgeführt.

Schritte
1. Negativ- oder Regressionstest ausführen.
2. Fehlschlag mit Kontext dokumentieren.
3. Bug beziehungsweise Abweichung erfassen.
4. Korrektur erneut testen.

Erwartetes Ergebnis
Der Fehler ist reproduzierbar beschrieben; Retest und Regression aktualisieren die Abdeckung korrekt.

Responsive Viewports
- Desktop: 1440 x 900 CSS-Pixel.
- Full HD: 1920 x 1080 CSS-Pixel.
- WQHD: 2560 x 1440 CSS-Pixel.
- Ultrawide: 3440 x 1440 CSS-Pixel.
- 4K: 3840 x 2160 CSS-Pixel.
- Tablet: 768 x 1024 CSS-Pixel.
- Smartphone: 390 x 844 CSS-Pixel.
- Bei UI-Tests jeden definierten Viewport pruefen und je Viewport einen eigenen Screenshot am Testlauf hinterlegen.

Beleg und Nachbereitung
- Fuer jeden einzelnen Testschritt unmittelbar nach der Ausfuehrung einen Screenshot als Anhang am Testlauf hinterlegen.
- Der Screenshot muss die relevante Ausgangslage bzw. Eingabe und das sichtbare Ergebnis des jeweiligen Schrittes nachvollziehbar zeigen.
- Alle Schritte des Tests muessen einen eigenen Nachweis besitzen; bei Eingabeschritten sind Eingabe und anschliessende Reaktion zu dokumentieren.
- PASS nur vergeben, wenn alle Schritte erfolgreich abgeschlossen und fuer alle Schritte Screenshots hinterlegt sind.
- FAIL oder BLOCKED ebenfalls mit Screenshot(s), tatsaechlichem Ergebnis, Datum, Tester und Umgebung dokumentieren; bei FAIL einen Bug mit Reproduktionsschritten und Verweis auf diesen Test anlegen.
- Passwoerter, Tokens, Zahlungsdaten und sonstige Geheimnisse niemals im Klartext speichern; vor dem Anhang maskieren oder schwaerzen."
KAN-859,E9-02 Xray-Testrepository strukturieren – Testfall ausführbar,"Abgedeckte Story: KAN-108 – E9-02 Xray-Testrepository strukturieren
Testart: Testfall ausführbar
Priorität der Story: High

Ziel
Einen vollständigen Xray-Test ausführen

Vorbedingungen
- Die Anwendung ist erreichbar und die erforderlichen Testdaten sind vorbereitet.
- Der Test wird in einer isolierten Umgebung mit nachvollziehbaren Benutzerrollen ausgeführt.

Schritte
1. Test aus Repository öffnen.
2. Vorbedingungen und Testdaten herstellen.
3. Schritte in Reihenfolge ausführen.
4. Ergebnisse und Beleg speichern.

Erwartetes Ergebnis
Der Test ist ohne Rückfragen ausführbar und Ergebnis sowie Evidenz sind dem Lauf zugeordnet.

Responsive Viewports
- Desktop: 1440 x 900 CSS-Pixel.
- Full HD: 1920 x 1080 CSS-Pixel.
- WQHD: 2560 x 1440 CSS-Pixel.
- Ultrawide: 3440 x 1440 CSS-Pixel.
- 4K: 3840 x 2160 CSS-Pixel.
- Tablet: 768 x 1024 CSS-Pixel.
- Smartphone: 390 x 844 CSS-Pixel.
- Bei UI-Tests jeden definierten Viewport pruefen und je Viewport einen eigenen Screenshot am Testlauf hinterlegen.

Beleg und Nachbereitung
- Fuer jeden einzelnen Testschritt unmittelbar nach der Ausfuehrung einen Screenshot als Anhang am Testlauf hinterlegen.
- Der Screenshot muss die relevante Ausgangslage bzw. Eingabe und das sichtbare Ergebnis des jeweiligen Schrittes nachvollziehbar zeigen.
- Alle Schritte des Tests muessen einen eigenen Nachweis besitzen; bei Eingabeschritten sind Eingabe und anschliessende Reaktion zu dokumentieren.
- PASS nur vergeben, wenn alle Schritte erfolgreich abgeschlossen und fuer alle Schritte Screenshots hinterlegt sind.
- FAIL oder BLOCKED ebenfalls mit Screenshot(s), tatsaechlichem Ergebnis, Datum, Tester und Umgebung dokumentieren; bei FAIL einen Bug mit Reproduktionsschritten und Verweis auf diesen Test anlegen.
- Passwoerter, Tokens, Zahlungsdaten und sonstige Geheimnisse niemals im Klartext speichern; vor dem Anhang maskieren oder schwaerzen."
KAN-860,E9-02 Xray-Testrepository strukturieren – Traceability und Abdeckung,"Abgedeckte Story: KAN-108 – E9-02 Xray-Testrepository strukturieren
Testart: Traceability und Abdeckung
Priorität der Story: High

Ziel
Story, Test Set und Test Plan nachvollziehen

Vorbedingungen
- Die Anwendung ist erreichbar und die erforderlichen Testdaten sind vorbereitet.
- Der Test wird in einer isolierten Umgebung mit nachvollziehbaren Benutzerrollen ausgeführt.

Schritte
1. Test mit Story verknüpfen.
2. In Test Set und Plan aufnehmen.
3. Execution starten.
4. Coverage und Status prüfen.

Erwartetes Ergebnis
Die Story-Abdeckung ist sichtbar und der Teststatus fließt in Set, Plan und Release-Ansicht ein.

Responsive Viewports
- Desktop: 1440 x 900 CSS-Pixel.
- Full HD: 1920 x 1080 CSS-Pixel.
- WQHD: 2560 x 1440 CSS-Pixel.
- Ultrawide: 3440 x 1440 CSS-Pixel.
- 4K: 3840 x 2160 CSS-Pixel.
- Tablet: 768 x 1024 CSS-Pixel.
- Smartphone: 390 x 844 CSS-Pixel.
- Bei UI-Tests jeden definierten Viewport pruefen und je Viewport einen eigenen Screenshot am Testlauf hinterlegen.

Beleg und Nachbereitung
- Fuer jeden einzelnen Testschritt unmittelbar nach der Ausfuehrung einen Screenshot als Anhang am Testlauf hinterlegen.
- Der Screenshot muss die relevante Ausgangslage bzw. Eingabe und das sichtbare Ergebnis des jeweiligen Schrittes nachvollziehbar zeigen.
- Alle Schritte des Tests muessen einen eigenen Nachweis besitzen; bei Eingabeschritten sind Eingabe und anschliessende Reaktion zu dokumentieren.
- PASS nur vergeben, wenn alle Schritte erfolgreich abgeschlossen und fuer alle Schritte Screenshots hinterlegt sind.
- FAIL oder BLOCKED ebenfalls mit Screenshot(s), tatsaechlichem Ergebnis, Datum, Tester und Umgebung dokumentieren; bei FAIL einen Bug mit Reproduktionsschritten und Verweis auf diesen Test anlegen.
- Passwoerter, Tokens, Zahlungsdaten und sonstige Geheimnisse niemals im Klartext speichern; vor dem Anhang maskieren oder schwaerzen."
KAN-861,E9-02 Xray-Testrepository strukturieren – Fehler und Regression,"Abgedeckte Story: KAN-108 – E9-02 Xray-Testrepository strukturieren
Testart: Fehler und Regression
Priorität der Story: High

Ziel
Fehlgeschlagenen Test reproduzieren und zurücksetzen

Vorbedingungen
- Die Anwendung ist erreichbar und die erforderlichen Testdaten sind vorbereitet.
- Der Test wird in einer isolierten Umgebung mit nachvollziehbaren Benutzerrollen ausgeführt.

Schritte
1. Negativ- oder Regressionstest ausführen.
2. Fehlschlag mit Kontext dokumentieren.
3. Bug beziehungsweise Abweichung erfassen.
4. Korrektur erneut testen.

Erwartetes Ergebnis
Der Fehler ist reproduzierbar beschrieben; Retest und Regression aktualisieren die Abdeckung korrekt.

Responsive Viewports
- Desktop: 1440 x 900 CSS-Pixel.
- Full HD: 1920 x 1080 CSS-Pixel.
- WQHD: 2560 x 1440 CSS-Pixel.
- Ultrawide: 3440 x 1440 CSS-Pixel.
- 4K: 3840 x 2160 CSS-Pixel.
- Tablet: 768 x 1024 CSS-Pixel.
- Smartphone: 390 x 844 CSS-Pixel.
- Bei UI-Tests jeden definierten Viewport pruefen und je Viewport einen eigenen Screenshot am Testlauf hinterlegen.

Beleg und Nachbereitung
- Fuer jeden einzelnen Testschritt unmittelbar nach der Ausfuehrung einen Screenshot als Anhang am Testlauf hinterlegen.
- Der Screenshot muss die relevante Ausgangslage bzw. Eingabe und das sichtbare Ergebnis des jeweiligen Schrittes nachvollziehbar zeigen.
- Alle Schritte des Tests muessen einen eigenen Nachweis besitzen; bei Eingabeschritten sind Eingabe und anschliessende Reaktion zu dokumentieren.
- PASS nur vergeben, wenn alle Schritte erfolgreich abgeschlossen und fuer alle Schritte Screenshots hinterlegt sind.
- FAIL oder BLOCKED ebenfalls mit Screenshot(s), tatsaechlichem Ergebnis, Datum, Tester und Umgebung dokumentieren; bei FAIL einen Bug mit Reproduktionsschritten und Verweis auf diesen Test anlegen.
- Passwoerter, Tokens, Zahlungsdaten und sonstige Geheimnisse niemals im Klartext speichern; vor dem Anhang maskieren oder schwaerzen."
KAN-862,E9-03 Testfall-Template verwenden – Testfall ausführbar,"Abgedeckte Story: KAN-109 – E9-03 Testfall-Template verwenden
Testart: Testfall ausführbar
Priorität der Story: High

Ziel
Einen vollständigen Xray-Test ausführen

Vorbedingungen
- Die Anwendung ist erreichbar und die erforderlichen Testdaten sind vorbereitet.
- Der Test wird in einer isolierten Umgebung mit nachvollziehbaren Benutzerrollen ausgeführt.

Schritte
1. Test aus Repository öffnen.
2. Vorbedingungen und Testdaten herstellen.
3. Schritte in Reihenfolge ausführen.
4. Ergebnisse und Beleg speichern.

Erwartetes Ergebnis
Der Test ist ohne Rückfragen ausführbar und Ergebnis sowie Evidenz sind dem Lauf zugeordnet.

Responsive Viewports
- Desktop: 1440 x 900 CSS-Pixel.
- Full HD: 1920 x 1080 CSS-Pixel.
- WQHD: 2560 x 1440 CSS-Pixel.
- Ultrawide: 3440 x 1440 CSS-Pixel.
- 4K: 3840 x 2160 CSS-Pixel.
- Tablet: 768 x 1024 CSS-Pixel.
- Smartphone: 390 x 844 CSS-Pixel.
- Bei UI-Tests jeden definierten Viewport pruefen und je Viewport einen eigenen Screenshot am Testlauf hinterlegen.

Beleg und Nachbereitung
- Fuer jeden einzelnen Testschritt unmittelbar nach der Ausfuehrung einen Screenshot als Anhang am Testlauf hinterlegen.
- Der Screenshot muss die relevante Ausgangslage bzw. Eingabe und das sichtbare Ergebnis des jeweiligen Schrittes nachvollziehbar zeigen.
- Alle Schritte des Tests muessen einen eigenen Nachweis besitzen; bei Eingabeschritten sind Eingabe und anschliessende Reaktion zu dokumentieren.
- PASS nur vergeben, wenn alle Schritte erfolgreich abgeschlossen und fuer alle Schritte Screenshots hinterlegt sind.
- FAIL oder BLOCKED ebenfalls mit Screenshot(s), tatsaechlichem Ergebnis, Datum, Tester und Umgebung dokumentieren; bei FAIL einen Bug mit Reproduktionsschritten und Verweis auf diesen Test anlegen.
- Passwoerter, Tokens, Zahlungsdaten und sonstige Geheimnisse niemals im Klartext speichern; vor dem Anhang maskieren oder schwaerzen."
KAN-863,E9-03 Testfall-Template verwenden – Traceability und Abdeckung,"Abgedeckte Story: KAN-109 – E9-03 Testfall-Template verwenden
Testart: Traceability und Abdeckung
Priorität der Story: High

Ziel
Story, Test Set und Test Plan nachvollziehen

Vorbedingungen
- Die Anwendung ist erreichbar und die erforderlichen Testdaten sind vorbereitet.
- Der Test wird in einer isolierten Umgebung mit nachvollziehbaren Benutzerrollen ausgeführt.

Schritte
1. Test mit Story verknüpfen.
2. In Test Set und Plan aufnehmen.
3. Execution starten.
4. Coverage und Status prüfen.

Erwartetes Ergebnis
Die Story-Abdeckung ist sichtbar und der Teststatus fließt in Set, Plan und Release-Ansicht ein.

Responsive Viewports
- Desktop: 1440 x 900 CSS-Pixel.
- Full HD: 1920 x 1080 CSS-Pixel.
- WQHD: 2560 x 1440 CSS-Pixel.
- Ultrawide: 3440 x 1440 CSS-Pixel.
- 4K: 3840 x 2160 CSS-Pixel.
- Tablet: 768 x 1024 CSS-Pixel.
- Smartphone: 390 x 844 CSS-Pixel.
- Bei UI-Tests jeden definierten Viewport pruefen und je Viewport einen eigenen Screenshot am Testlauf hinterlegen.

Beleg und Nachbereitung
- Fuer jeden einzelnen Testschritt unmittelbar nach der Ausfuehrung einen Screenshot als Anhang am Testlauf hinterlegen.
- Der Screenshot muss die relevante Ausgangslage bzw. Eingabe und das sichtbare Ergebnis des jeweiligen Schrittes nachvollziehbar zeigen.
- Alle Schritte des Tests muessen einen eigenen Nachweis besitzen; bei Eingabeschritten sind Eingabe und anschliessende Reaktion zu dokumentieren.
- PASS nur vergeben, wenn alle Schritte erfolgreich abgeschlossen und fuer alle Schritte Screenshots hinterlegt sind.
- FAIL oder BLOCKED ebenfalls mit Screenshot(s), tatsaechlichem Ergebnis, Datum, Tester und Umgebung dokumentieren; bei FAIL einen Bug mit Reproduktionsschritten und Verweis auf diesen Test anlegen.
- Passwoerter, Tokens, Zahlungsdaten und sonstige Geheimnisse niemals im Klartext speichern; vor dem Anhang maskieren oder schwaerzen."
KAN-864,E9-03 Testfall-Template verwenden – Fehler und Regression,"Abgedeckte Story: KAN-109 – E9-03 Testfall-Template verwenden
Testart: Fehler und Regression
Priorität der Story: High

Ziel
Fehlgeschlagenen Test reproduzieren und zurücksetzen

Vorbedingungen
- Die Anwendung ist erreichbar und die erforderlichen Testdaten sind vorbereitet.
- Der Test wird in einer isolierten Umgebung mit nachvollziehbaren Benutzerrollen ausgeführt.

Schritte
1. Negativ- oder Regressionstest ausführen.
2. Fehlschlag mit Kontext dokumentieren.
3. Bug beziehungsweise Abweichung erfassen.
4. Korrektur erneut testen.

Erwartetes Ergebnis
Der Fehler ist reproduzierbar beschrieben; Retest und Regression aktualisieren die Abdeckung korrekt.

Responsive Viewports
- Desktop: 1440 x 900 CSS-Pixel.
- Full HD: 1920 x 1080 CSS-Pixel.
- WQHD: 2560 x 1440 CSS-Pixel.
- Ultrawide: 3440 x 1440 CSS-Pixel.
- 4K: 3840 x 2160 CSS-Pixel.
- Tablet: 768 x 1024 CSS-Pixel.
- Smartphone: 390 x 844 CSS-Pixel.
- Bei UI-Tests jeden definierten Viewport pruefen und je Viewport einen eigenen Screenshot am Testlauf hinterlegen.

Beleg und Nachbereitung
- Fuer jeden einzelnen Testschritt unmittelbar nach der Ausfuehrung einen Screenshot als Anhang am Testlauf hinterlegen.
- Der Screenshot muss die relevante Ausgangslage bzw. Eingabe und das sichtbare Ergebnis des jeweiligen Schrittes nachvollziehbar zeigen.
- Alle Schritte des Tests muessen einen eigenen Nachweis besitzen; bei Eingabeschritten sind Eingabe und anschliessende Reaktion zu dokumentieren.
- PASS nur vergeben, wenn alle Schritte erfolgreich abgeschlossen und fuer alle Schritte Screenshots hinterlegt sind.
- FAIL oder BLOCKED ebenfalls mit Screenshot(s), tatsaechlichem Ergebnis, Datum, Tester und Umgebung dokumentieren; bei FAIL einen Bug mit Reproduktionsschritten und Verweis auf diesen Test anlegen.
- Passwoerter, Tokens, Zahlungsdaten und sonstige Geheimnisse niemals im Klartext speichern; vor dem Anhang maskieren oder schwaerzen."
KAN-865,E9-04 Testvorbedingungen definieren – Testfall ausführbar,"Abgedeckte Story: KAN-110 – E9-04 Testvorbedingungen definieren
Testart: Testfall ausführbar
Priorität der Story: High

Ziel
Einen vollständigen Xray-Test ausführen

Vorbedingungen
- Die Anwendung ist erreichbar und die erforderlichen Testdaten sind vorbereitet.
- Der Test wird in einer isolierten Umgebung mit nachvollziehbaren Benutzerrollen ausgeführt.

Schritte
1. Test aus Repository öffnen.
2. Vorbedingungen und Testdaten herstellen.
3. Schritte in Reihenfolge ausführen.
4. Ergebnisse und Beleg speichern.

Erwartetes Ergebnis
Der Test ist ohne Rückfragen ausführbar und Ergebnis sowie Evidenz sind dem Lauf zugeordnet.

Responsive Viewports
- Desktop: 1440 x 900 CSS-Pixel.
- Full HD: 1920 x 1080 CSS-Pixel.
- WQHD: 2560 x 1440 CSS-Pixel.
- Ultrawide: 3440 x 1440 CSS-Pixel.
- 4K: 3840 x 2160 CSS-Pixel.
- Tablet: 768 x 1024 CSS-Pixel.
- Smartphone: 390 x 844 CSS-Pixel.
- Bei UI-Tests jeden definierten Viewport pruefen und je Viewport einen eigenen Screenshot am Testlauf hinterlegen.

Beleg und Nachbereitung
- Fuer jeden einzelnen Testschritt unmittelbar nach der Ausfuehrung einen Screenshot als Anhang am Testlauf hinterlegen.
- Der Screenshot muss die relevante Ausgangslage bzw. Eingabe und das sichtbare Ergebnis des jeweiligen Schrittes nachvollziehbar zeigen.
- Alle Schritte des Tests muessen einen eigenen Nachweis besitzen; bei Eingabeschritten sind Eingabe und anschliessende Reaktion zu dokumentieren.
- PASS nur vergeben, wenn alle Schritte erfolgreich abgeschlossen und fuer alle Schritte Screenshots hinterlegt sind.
- FAIL oder BLOCKED ebenfalls mit Screenshot(s), tatsaechlichem Ergebnis, Datum, Tester und Umgebung dokumentieren; bei FAIL einen Bug mit Reproduktionsschritten und Verweis auf diesen Test anlegen.
- Passwoerter, Tokens, Zahlungsdaten und sonstige Geheimnisse niemals im Klartext speichern; vor dem Anhang maskieren oder schwaerzen."
KAN-866,E9-04 Testvorbedingungen definieren – Traceability und Abdeckung,"Abgedeckte Story: KAN-110 – E9-04 Testvorbedingungen definieren
Testart: Traceability und Abdeckung
Priorität der Story: High

Ziel
Story, Test Set und Test Plan nachvollziehen

Vorbedingungen
- Die Anwendung ist erreichbar und die erforderlichen Testdaten sind vorbereitet.
- Der Test wird in einer isolierten Umgebung mit nachvollziehbaren Benutzerrollen ausgeführt.

Schritte
1. Test mit Story verknüpfen.
2. In Test Set und Plan aufnehmen.
3. Execution starten.
4. Coverage und Status prüfen.

Erwartetes Ergebnis
Die Story-Abdeckung ist sichtbar und der Teststatus fließt in Set, Plan und Release-Ansicht ein.

Responsive Viewports
- Desktop: 1440 x 900 CSS-Pixel.
- Full HD: 1920 x 1080 CSS-Pixel.
- WQHD: 2560 x 1440 CSS-Pixel.
- Ultrawide: 3440 x 1440 CSS-Pixel.
- 4K: 3840 x 2160 CSS-Pixel.
- Tablet: 768 x 1024 CSS-Pixel.
- Smartphone: 390 x 844 CSS-Pixel.
- Bei UI-Tests jeden definierten Viewport pruefen und je Viewport einen eigenen Screenshot am Testlauf hinterlegen.

Beleg und Nachbereitung
- Fuer jeden einzelnen Testschritt unmittelbar nach der Ausfuehrung einen Screenshot als Anhang am Testlauf hinterlegen.
- Der Screenshot muss die relevante Ausgangslage bzw. Eingabe und das sichtbare Ergebnis des jeweiligen Schrittes nachvollziehbar zeigen.
- Alle Schritte des Tests muessen einen eigenen Nachweis besitzen; bei Eingabeschritten sind Eingabe und anschliessende Reaktion zu dokumentieren.
- PASS nur vergeben, wenn alle Schritte erfolgreich abgeschlossen und fuer alle Schritte Screenshots hinterlegt sind.
- FAIL oder BLOCKED ebenfalls mit Screenshot(s), tatsaechlichem Ergebnis, Datum, Tester und Umgebung dokumentieren; bei FAIL einen Bug mit Reproduktionsschritten und Verweis auf diesen Test anlegen.
- Passwoerter, Tokens, Zahlungsdaten und sonstige Geheimnisse niemals im Klartext speichern; vor dem Anhang maskieren oder schwaerzen."
KAN-867,E9-04 Testvorbedingungen definieren – Fehler und Regression,"Abgedeckte Story: KAN-110 – E9-04 Testvorbedingungen definieren
Testart: Fehler und Regression
Priorität der Story: High

Ziel
Fehlgeschlagenen Test reproduzieren und zurücksetzen

Vorbedingungen
- Die Anwendung ist erreichbar und die erforderlichen Testdaten sind vorbereitet.
- Der Test wird in einer isolierten Umgebung mit nachvollziehbaren Benutzerrollen ausgeführt.

Schritte
1. Negativ- oder Regressionstest ausführen.
2. Fehlschlag mit Kontext dokumentieren.
3. Bug beziehungsweise Abweichung erfassen.
4. Korrektur erneut testen.

Erwartetes Ergebnis
Der Fehler ist reproduzierbar beschrieben; Retest und Regression aktualisieren die Abdeckung korrekt.

Responsive Viewports
- Desktop: 1440 x 900 CSS-Pixel.
- Full HD: 1920 x 1080 CSS-Pixel.
- WQHD: 2560 x 1440 CSS-Pixel.
- Ultrawide: 3440 x 1440 CSS-Pixel.
- 4K: 3840 x 2160 CSS-Pixel.
- Tablet: 768 x 1024 CSS-Pixel.
- Smartphone: 390 x 844 CSS-Pixel.
- Bei UI-Tests jeden definierten Viewport pruefen und je Viewport einen eigenen Screenshot am Testlauf hinterlegen.

Beleg und Nachbereitung
- Fuer jeden einzelnen Testschritt unmittelbar nach der Ausfuehrung einen Screenshot als Anhang am Testlauf hinterlegen.
- Der Screenshot muss die relevante Ausgangslage bzw. Eingabe und das sichtbare Ergebnis des jeweiligen Schrittes nachvollziehbar zeigen.
- Alle Schritte des Tests muessen einen eigenen Nachweis besitzen; bei Eingabeschritten sind Eingabe und anschliessende Reaktion zu dokumentieren.
- PASS nur vergeben, wenn alle Schritte erfolgreich abgeschlossen und fuer alle Schritte Screenshots hinterlegt sind.
- FAIL oder BLOCKED ebenfalls mit Screenshot(s), tatsaechlichem Ergebnis, Datum, Tester und Umgebung dokumentieren; bei FAIL einen Bug mit Reproduktionsschritten und Verweis auf diesen Test anlegen.
- Passwoerter, Tokens, Zahlungsdaten und sonstige Geheimnisse niemals im Klartext speichern; vor dem Anhang maskieren oder schwaerzen."
KAN-868,E9-05 Tests zu Test Sets bündeln – Testfall ausführbar,"Abgedeckte Story: KAN-111 – E9-05 Tests zu Test Sets bündeln
Testart: Testfall ausführbar
Priorität der Story: High

Ziel
Einen vollständigen Xray-Test ausführen

Vorbedingungen
- Die Anwendung ist erreichbar und die erforderlichen Testdaten sind vorbereitet.
- Der Test wird in einer isolierten Umgebung mit nachvollziehbaren Benutzerrollen ausgeführt.

Schritte
1. Test aus Repository öffnen.
2. Vorbedingungen und Testdaten herstellen.
3. Schritte in Reihenfolge ausführen.
4. Ergebnisse und Beleg speichern.

Erwartetes Ergebnis
Der Test ist ohne Rückfragen ausführbar und Ergebnis sowie Evidenz sind dem Lauf zugeordnet.

Responsive Viewports
- Desktop: 1440 x 900 CSS-Pixel.
- Full HD: 1920 x 1080 CSS-Pixel.
- WQHD: 2560 x 1440 CSS-Pixel.
- Ultrawide: 3440 x 1440 CSS-Pixel.
- 4K: 3840 x 2160 CSS-Pixel.
- Tablet: 768 x 1024 CSS-Pixel.
- Smartphone: 390 x 844 CSS-Pixel.
- Bei UI-Tests jeden definierten Viewport pruefen und je Viewport einen eigenen Screenshot am Testlauf hinterlegen.

Beleg und Nachbereitung
- Fuer jeden einzelnen Testschritt unmittelbar nach der Ausfuehrung einen Screenshot als Anhang am Testlauf hinterlegen.
- Der Screenshot muss die relevante Ausgangslage bzw. Eingabe und das sichtbare Ergebnis des jeweiligen Schrittes nachvollziehbar zeigen.
- Alle Schritte des Tests muessen einen eigenen Nachweis besitzen; bei Eingabeschritten sind Eingabe und anschliessende Reaktion zu dokumentieren.
- PASS nur vergeben, wenn alle Schritte erfolgreich abgeschlossen und fuer alle Schritte Screenshots hinterlegt sind.
- FAIL oder BLOCKED ebenfalls mit Screenshot(s), tatsaechlichem Ergebnis, Datum, Tester und Umgebung dokumentieren; bei FAIL einen Bug mit Reproduktionsschritten und Verweis auf diesen Test anlegen.
- Passwoerter, Tokens, Zahlungsdaten und sonstige Geheimnisse niemals im Klartext speichern; vor dem Anhang maskieren oder schwaerzen."
KAN-869,E9-05 Tests zu Test Sets bündeln – Traceability und Abdeckung,"Abgedeckte Story: KAN-111 – E9-05 Tests zu Test Sets bündeln
Testart: Traceability und Abdeckung
Priorität der Story: High

Ziel
Story, Test Set und Test Plan nachvollziehen

Vorbedingungen
- Die Anwendung ist erreichbar und die erforderlichen Testdaten sind vorbereitet.
- Der Test wird in einer isolierten Umgebung mit nachvollziehbaren Benutzerrollen ausgeführt.

Schritte
1. Test mit Story verknüpfen.
2. In Test Set und Plan aufnehmen.
3. Execution starten.
4. Coverage und Status prüfen.

Erwartetes Ergebnis
Die Story-Abdeckung ist sichtbar und der Teststatus fließt in Set, Plan und Release-Ansicht ein.

Responsive Viewports
- Desktop: 1440 x 900 CSS-Pixel.
- Full HD: 1920 x 1080 CSS-Pixel.
- WQHD: 2560 x 1440 CSS-Pixel.
- Ultrawide: 3440 x 1440 CSS-Pixel.
- 4K: 3840 x 2160 CSS-Pixel.
- Tablet: 768 x 1024 CSS-Pixel.
- Smartphone: 390 x 844 CSS-Pixel.
- Bei UI-Tests jeden definierten Viewport pruefen und je Viewport einen eigenen Screenshot am Testlauf hinterlegen.

Beleg und Nachbereitung
- Fuer jeden einzelnen Testschritt unmittelbar nach der Ausfuehrung einen Screenshot als Anhang am Testlauf hinterlegen.
- Der Screenshot muss die relevante Ausgangslage bzw. Eingabe und das sichtbare Ergebnis des jeweiligen Schrittes nachvollziehbar zeigen.
- Alle Schritte des Tests muessen einen eigenen Nachweis besitzen; bei Eingabeschritten sind Eingabe und anschliessende Reaktion zu dokumentieren.
- PASS nur vergeben, wenn alle Schritte erfolgreich abgeschlossen und fuer alle Schritte Screenshots hinterlegt sind.
- FAIL oder BLOCKED ebenfalls mit Screenshot(s), tatsaechlichem Ergebnis, Datum, Tester und Umgebung dokumentieren; bei FAIL einen Bug mit Reproduktionsschritten und Verweis auf diesen Test anlegen.
- Passwoerter, Tokens, Zahlungsdaten und sonstige Geheimnisse niemals im Klartext speichern; vor dem Anhang maskieren oder schwaerzen."
KAN-870,E9-05 Tests zu Test Sets bündeln – Fehler und Regression,"Abgedeckte Story: KAN-111 – E9-05 Tests zu Test Sets bündeln
Testart: Fehler und Regression
Priorität der Story: High

Ziel
Fehlgeschlagenen Test reproduzieren und zurücksetzen

Vorbedingungen
- Die Anwendung ist erreichbar und die erforderlichen Testdaten sind vorbereitet.
- Der Test wird in einer isolierten Umgebung mit nachvollziehbaren Benutzerrollen ausgeführt.

Schritte
1. Negativ- oder Regressionstest ausführen.
2. Fehlschlag mit Kontext dokumentieren.
3. Bug beziehungsweise Abweichung erfassen.
4. Korrektur erneut testen.

Erwartetes Ergebnis
Der Fehler ist reproduzierbar beschrieben; Retest und Regression aktualisieren die Abdeckung korrekt.

Responsive Viewports
- Desktop: 1440 x 900 CSS-Pixel.
- Full HD: 1920 x 1080 CSS-Pixel.
- WQHD: 2560 x 1440 CSS-Pixel.
- Ultrawide: 3440 x 1440 CSS-Pixel.
- 4K: 3840 x 2160 CSS-Pixel.
- Tablet: 768 x 1024 CSS-Pixel.
- Smartphone: 390 x 844 CSS-Pixel.
- Bei UI-Tests jeden definierten Viewport pruefen und je Viewport einen eigenen Screenshot am Testlauf hinterlegen.

Beleg und Nachbereitung
- Fuer jeden einzelnen Testschritt unmittelbar nach der Ausfuehrung einen Screenshot als Anhang am Testlauf hinterlegen.
- Der Screenshot muss die relevante Ausgangslage bzw. Eingabe und das sichtbare Ergebnis des jeweiligen Schrittes nachvollziehbar zeigen.
- Alle Schritte des Tests muessen einen eigenen Nachweis besitzen; bei Eingabeschritten sind Eingabe und anschliessende Reaktion zu dokumentieren.
- PASS nur vergeben, wenn alle Schritte erfolgreich abgeschlossen und fuer alle Schritte Screenshots hinterlegt sind.
- FAIL oder BLOCKED ebenfalls mit Screenshot(s), tatsaechlichem Ergebnis, Datum, Tester und Umgebung dokumentieren; bei FAIL einen Bug mit Reproduktionsschritten und Verweis auf diesen Test anlegen.
- Passwoerter, Tokens, Zahlungsdaten und sonstige Geheimnisse niemals im Klartext speichern; vor dem Anhang maskieren oder schwaerzen."
KAN-871,E9-06 Testpläne für Releases erstellen – Testfall ausführbar,"Abgedeckte Story: KAN-112 – E9-06 Testpläne für Releases erstellen
Testart: Testfall ausführbar
Priorität der Story: High

Ziel
Einen vollständigen Xray-Test ausführen

Vorbedingungen
- Die Anwendung ist erreichbar und die erforderlichen Testdaten sind vorbereitet.
- Der Test wird in einer isolierten Umgebung mit nachvollziehbaren Benutzerrollen ausgeführt.

Schritte
1. Test aus Repository öffnen.
2. Vorbedingungen und Testdaten herstellen.
3. Schritte in Reihenfolge ausführen.
4. Ergebnisse und Beleg speichern.

Erwartetes Ergebnis
Der Test ist ohne Rückfragen ausführbar und Ergebnis sowie Evidenz sind dem Lauf zugeordnet.

Responsive Viewports
- Desktop: 1440 x 900 CSS-Pixel.
- Full HD: 1920 x 1080 CSS-Pixel.
- WQHD: 2560 x 1440 CSS-Pixel.
- Ultrawide: 3440 x 1440 CSS-Pixel.
- 4K: 3840 x 2160 CSS-Pixel.
- Tablet: 768 x 1024 CSS-Pixel.
- Smartphone: 390 x 844 CSS-Pixel.
- Bei UI-Tests jeden definierten Viewport pruefen und je Viewport einen eigenen Screenshot am Testlauf hinterlegen.

Beleg und Nachbereitung
- Fuer jeden einzelnen Testschritt unmittelbar nach der Ausfuehrung einen Screenshot als Anhang am Testlauf hinterlegen.
- Der Screenshot muss die relevante Ausgangslage bzw. Eingabe und das sichtbare Ergebnis des jeweiligen Schrittes nachvollziehbar zeigen.
- Alle Schritte des Tests muessen einen eigenen Nachweis besitzen; bei Eingabeschritten sind Eingabe und anschliessende Reaktion zu dokumentieren.
- PASS nur vergeben, wenn alle Schritte erfolgreich abgeschlossen und fuer alle Schritte Screenshots hinterlegt sind.
- FAIL oder BLOCKED ebenfalls mit Screenshot(s), tatsaechlichem Ergebnis, Datum, Tester und Umgebung dokumentieren; bei FAIL einen Bug mit Reproduktionsschritten und Verweis auf diesen Test anlegen.
- Passwoerter, Tokens, Zahlungsdaten und sonstige Geheimnisse niemals im Klartext speichern; vor dem Anhang maskieren oder schwaerzen."
KAN-872,E9-06 Testpläne für Releases erstellen – Traceability und Abdeckung,"Abgedeckte Story: KAN-112 – E9-06 Testpläne für Releases erstellen
Testart: Traceability und Abdeckung
Priorität der Story: High

Ziel
Story, Test Set und Test Plan nachvollziehen

Vorbedingungen
- Die Anwendung ist erreichbar und die erforderlichen Testdaten sind vorbereitet.
- Der Test wird in einer isolierten Umgebung mit nachvollziehbaren Benutzerrollen ausgeführt.

Schritte
1. Test mit Story verknüpfen.
2. In Test Set und Plan aufnehmen.
3. Execution starten.
4. Coverage und Status prüfen.

Erwartetes Ergebnis
Die Story-Abdeckung ist sichtbar und der Teststatus fließt in Set, Plan und Release-Ansicht ein.

Responsive Viewports
- Desktop: 1440 x 900 CSS-Pixel.
- Full HD: 1920 x 1080 CSS-Pixel.
- WQHD: 2560 x 1440 CSS-Pixel.
- Ultrawide: 3440 x 1440 CSS-Pixel.
- 4K: 3840 x 2160 CSS-Pixel.
- Tablet: 768 x 1024 CSS-Pixel.
- Smartphone: 390 x 844 CSS-Pixel.
- Bei UI-Tests jeden definierten Viewport pruefen und je Viewport einen eigenen Screenshot am Testlauf hinterlegen.

Beleg und Nachbereitung
- Fuer jeden einzelnen Testschritt unmittelbar nach der Ausfuehrung einen Screenshot als Anhang am Testlauf hinterlegen.
- Der Screenshot muss die relevante Ausgangslage bzw. Eingabe und das sichtbare Ergebnis des jeweiligen Schrittes nachvollziehbar zeigen.
- Alle Schritte des Tests muessen einen eigenen Nachweis besitzen; bei Eingabeschritten sind Eingabe und anschliessende Reaktion zu dokumentieren.
- PASS nur vergeben, wenn alle Schritte erfolgreich abgeschlossen und fuer alle Schritte Screenshots hinterlegt sind.
- FAIL oder BLOCKED ebenfalls mit Screenshot(s), tatsaechlichem Ergebnis, Datum, Tester und Umgebung dokumentieren; bei FAIL einen Bug mit Reproduktionsschritten und Verweis auf diesen Test anlegen.
- Passwoerter, Tokens, Zahlungsdaten und sonstige Geheimnisse niemals im Klartext speichern; vor dem Anhang maskieren oder schwaerzen."
KAN-873,E9-06 Testpläne für Releases erstellen – Fehler und Regression,"Abgedeckte Story: KAN-112 – E9-06 Testpläne für Releases erstellen
Testart: Fehler und Regression
Priorität der Story: High

Ziel
Fehlgeschlagenen Test reproduzieren und zurücksetzen

Vorbedingungen
- Die Anwendung ist erreichbar und die erforderlichen Testdaten sind vorbereitet.
- Der Test wird in einer isolierten Umgebung mit nachvollziehbaren Benutzerrollen ausgeführt.

Schritte
1. Negativ- oder Regressionstest ausführen.
2. Fehlschlag mit Kontext dokumentieren.
3. Bug beziehungsweise Abweichung erfassen.
4. Korrektur erneut testen.

Erwartetes Ergebnis
Der Fehler ist reproduzierbar beschrieben; Retest und Regression aktualisieren die Abdeckung korrekt.

Responsive Viewports
- Desktop: 1440 x 900 CSS-Pixel.
- Full HD: 1920 x 1080 CSS-Pixel.
- WQHD: 2560 x 1440 CSS-Pixel.
- Ultrawide: 3440 x 1440 CSS-Pixel.
- 4K: 3840 x 2160 CSS-Pixel.
- Tablet: 768 x 1024 CSS-Pixel.
- Smartphone: 390 x 844 CSS-Pixel.
- Bei UI-Tests jeden definierten Viewport pruefen und je Viewport einen eigenen Screenshot am Testlauf hinterlegen.

Beleg und Nachbereitung
- Fuer jeden einzelnen Testschritt unmittelbar nach der Ausfuehrung einen Screenshot als Anhang am Testlauf hinterlegen.
- Der Screenshot muss die relevante Ausgangslage bzw. Eingabe und das sichtbare Ergebnis des jeweiligen Schrittes nachvollziehbar zeigen.
- Alle Schritte des Tests muessen einen eigenen Nachweis besitzen; bei Eingabeschritten sind Eingabe und anschliessende Reaktion zu dokumentieren.
- PASS nur vergeben, wenn alle Schritte erfolgreich abgeschlossen und fuer alle Schritte Screenshots hinterlegt sind.
- FAIL oder BLOCKED ebenfalls mit Screenshot(s), tatsaechlichem Ergebnis, Datum, Tester und Umgebung dokumentieren; bei FAIL einen Bug mit Reproduktionsschritten und Verweis auf diesen Test anlegen.
- Passwoerter, Tokens, Zahlungsdaten und sonstige Geheimnisse niemals im Klartext speichern; vor dem Anhang maskieren oder schwaerzen."
KAN-874,E9-07 Testausführungen starten – Testfall ausführbar,"Abgedeckte Story: KAN-113 – E9-07 Testausführungen starten
Testart: Testfall ausführbar
Priorität der Story: High

Ziel
Einen vollständigen Xray-Test ausführen

Vorbedingungen
- Die Anwendung ist erreichbar und die erforderlichen Testdaten sind vorbereitet.
- Der Test wird in einer isolierten Umgebung mit nachvollziehbaren Benutzerrollen ausgeführt.

Schritte
1. Test aus Repository öffnen.
2. Vorbedingungen und Testdaten herstellen.
3. Schritte in Reihenfolge ausführen.
4. Ergebnisse und Beleg speichern.

Erwartetes Ergebnis
Der Test ist ohne Rückfragen ausführbar und Ergebnis sowie Evidenz sind dem Lauf zugeordnet.

Responsive Viewports
- Desktop: 1440 x 900 CSS-Pixel.
- Full HD: 1920 x 1080 CSS-Pixel.
- WQHD: 2560 x 1440 CSS-Pixel.
- Ultrawide: 3440 x 1440 CSS-Pixel.
- 4K: 3840 x 2160 CSS-Pixel.
- Tablet: 768 x 1024 CSS-Pixel.
- Smartphone: 390 x 844 CSS-Pixel.
- Bei UI-Tests jeden definierten Viewport pruefen und je Viewport einen eigenen Screenshot am Testlauf hinterlegen.

Beleg und Nachbereitung
- Fuer jeden einzelnen Testschritt unmittelbar nach der Ausfuehrung einen Screenshot als Anhang am Testlauf hinterlegen.
- Der Screenshot muss die relevante Ausgangslage bzw. Eingabe und das sichtbare Ergebnis des jeweiligen Schrittes nachvollziehbar zeigen.
- Alle Schritte des Tests muessen einen eigenen Nachweis besitzen; bei Eingabeschritten sind Eingabe und anschliessende Reaktion zu dokumentieren.
- PASS nur vergeben, wenn alle Schritte erfolgreich abgeschlossen und fuer alle Schritte Screenshots hinterlegt sind.
- FAIL oder BLOCKED ebenfalls mit Screenshot(s), tatsaechlichem Ergebnis, Datum, Tester und Umgebung dokumentieren; bei FAIL einen Bug mit Reproduktionsschritten und Verweis auf diesen Test anlegen.
- Passwoerter, Tokens, Zahlungsdaten und sonstige Geheimnisse niemals im Klartext speichern; vor dem Anhang maskieren oder schwaerzen."
KAN-875,E9-07 Testausführungen starten – Traceability und Abdeckung,"Abgedeckte Story: KAN-113 – E9-07 Testausführungen starten
Testart: Traceability und Abdeckung
Priorität der Story: High

Ziel
Story, Test Set und Test Plan nachvollziehen

Vorbedingungen
- Die Anwendung ist erreichbar und die erforderlichen Testdaten sind vorbereitet.
- Der Test wird in einer isolierten Umgebung mit nachvollziehbaren Benutzerrollen ausgeführt.

Schritte
1. Test mit Story verknüpfen.
2. In Test Set und Plan aufnehmen.
3. Execution starten.
4. Coverage und Status prüfen.

Erwartetes Ergebnis
Die Story-Abdeckung ist sichtbar und der Teststatus fließt in Set, Plan und Release-Ansicht ein.

Responsive Viewports
- Desktop: 1440 x 900 CSS-Pixel.
- Full HD: 1920 x 1080 CSS-Pixel.
- WQHD: 2560 x 1440 CSS-Pixel.
- Ultrawide: 3440 x 1440 CSS-Pixel.
- 4K: 3840 x 2160 CSS-Pixel.
- Tablet: 768 x 1024 CSS-Pixel.
- Smartphone: 390 x 844 CSS-Pixel.
- Bei UI-Tests jeden definierten Viewport pruefen und je Viewport einen eigenen Screenshot am Testlauf hinterlegen.

Beleg und Nachbereitung
- Fuer jeden einzelnen Testschritt unmittelbar nach der Ausfuehrung einen Screenshot als Anhang am Testlauf hinterlegen.
- Der Screenshot muss die relevante Ausgangslage bzw. Eingabe und das sichtbare Ergebnis des jeweiligen Schrittes nachvollziehbar zeigen.
- Alle Schritte des Tests muessen einen eigenen Nachweis besitzen; bei Eingabeschritten sind Eingabe und anschliessende Reaktion zu dokumentieren.
- PASS nur vergeben, wenn alle Schritte erfolgreich abgeschlossen und fuer alle Schritte Screenshots hinterlegt sind.
- FAIL oder BLOCKED ebenfalls mit Screenshot(s), tatsaechlichem Ergebnis, Datum, Tester und Umgebung dokumentieren; bei FAIL einen Bug mit Reproduktionsschritten und Verweis auf diesen Test anlegen.
- Passwoerter, Tokens, Zahlungsdaten und sonstige Geheimnisse niemals im Klartext speichern; vor dem Anhang maskieren oder schwaerzen."
KAN-876,E9-07 Testausführungen starten – Fehler und Regression,"Abgedeckte Story: KAN-113 – E9-07 Testausführungen starten
Testart: Fehler und Regression
Priorität der Story: High

Ziel
Fehlgeschlagenen Test reproduzieren und zurücksetzen

Vorbedingungen
- Die Anwendung ist erreichbar und die erforderlichen Testdaten sind vorbereitet.
- Der Test wird in einer isolierten Umgebung mit nachvollziehbaren Benutzerrollen ausgeführt.

Schritte
1. Negativ- oder Regressionstest ausführen.
2. Fehlschlag mit Kontext dokumentieren.
3. Bug beziehungsweise Abweichung erfassen.
4. Korrektur erneut testen.

Erwartetes Ergebnis
Der Fehler ist reproduzierbar beschrieben; Retest und Regression aktualisieren die Abdeckung korrekt.

Responsive Viewports
- Desktop: 1440 x 900 CSS-Pixel.
- Full HD: 1920 x 1080 CSS-Pixel.
- WQHD: 2560 x 1440 CSS-Pixel.
- Ultrawide: 3440 x 1440 CSS-Pixel.
- 4K: 3840 x 2160 CSS-Pixel.
- Tablet: 768 x 1024 CSS-Pixel.
- Smartphone: 390 x 844 CSS-Pixel.
- Bei UI-Tests jeden definierten Viewport pruefen und je Viewport einen eigenen Screenshot am Testlauf hinterlegen.

Beleg und Nachbereitung
- Fuer jeden einzelnen Testschritt unmittelbar nach der Ausfuehrung einen Screenshot als Anhang am Testlauf hinterlegen.
- Der Screenshot muss die relevante Ausgangslage bzw. Eingabe und das sichtbare Ergebnis des jeweiligen Schrittes nachvollziehbar zeigen.
- Alle Schritte des Tests muessen einen eigenen Nachweis besitzen; bei Eingabeschritten sind Eingabe und anschliessende Reaktion zu dokumentieren.
- PASS nur vergeben, wenn alle Schritte erfolgreich abgeschlossen und fuer alle Schritte Screenshots hinterlegt sind.
- FAIL oder BLOCKED ebenfalls mit Screenshot(s), tatsaechlichem Ergebnis, Datum, Tester und Umgebung dokumentieren; bei FAIL einen Bug mit Reproduktionsschritten und Verweis auf diesen Test anlegen.
- Passwoerter, Tokens, Zahlungsdaten und sonstige Geheimnisse niemals im Klartext speichern; vor dem Anhang maskieren oder schwaerzen."
KAN-877,E9-08 Tests mit Stories verknüpfen – Testfall ausführbar,"Abgedeckte Story: KAN-114 – E9-08 Tests mit Stories verknüpfen
Testart: Testfall ausführbar
Priorität der Story: High

Ziel
Einen vollständigen Xray-Test ausführen

Vorbedingungen
- Die Anwendung ist erreichbar und die erforderlichen Testdaten sind vorbereitet.
- Der Test wird in einer isolierten Umgebung mit nachvollziehbaren Benutzerrollen ausgeführt.

Schritte
1. Test aus Repository öffnen.
2. Vorbedingungen und Testdaten herstellen.
3. Schritte in Reihenfolge ausführen.
4. Ergebnisse und Beleg speichern.

Erwartetes Ergebnis
Der Test ist ohne Rückfragen ausführbar und Ergebnis sowie Evidenz sind dem Lauf zugeordnet.

Responsive Viewports
- Desktop: 1440 x 900 CSS-Pixel.
- Full HD: 1920 x 1080 CSS-Pixel.
- WQHD: 2560 x 1440 CSS-Pixel.
- Ultrawide: 3440 x 1440 CSS-Pixel.
- 4K: 3840 x 2160 CSS-Pixel.
- Tablet: 768 x 1024 CSS-Pixel.
- Smartphone: 390 x 844 CSS-Pixel.
- Bei UI-Tests jeden definierten Viewport pruefen und je Viewport einen eigenen Screenshot am Testlauf hinterlegen.

Beleg und Nachbereitung
- Fuer jeden einzelnen Testschritt unmittelbar nach der Ausfuehrung einen Screenshot als Anhang am Testlauf hinterlegen.
- Der Screenshot muss die relevante Ausgangslage bzw. Eingabe und das sichtbare Ergebnis des jeweiligen Schrittes nachvollziehbar zeigen.
- Alle Schritte des Tests muessen einen eigenen Nachweis besitzen; bei Eingabeschritten sind Eingabe und anschliessende Reaktion zu dokumentieren.
- PASS nur vergeben, wenn alle Schritte erfolgreich abgeschlossen und fuer alle Schritte Screenshots hinterlegt sind.
- FAIL oder BLOCKED ebenfalls mit Screenshot(s), tatsaechlichem Ergebnis, Datum, Tester und Umgebung dokumentieren; bei FAIL einen Bug mit Reproduktionsschritten und Verweis auf diesen Test anlegen.
- Passwoerter, Tokens, Zahlungsdaten und sonstige Geheimnisse niemals im Klartext speichern; vor dem Anhang maskieren oder schwaerzen."
KAN-878,E9-08 Tests mit Stories verknüpfen – Traceability und Abdeckung,"Abgedeckte Story: KAN-114 – E9-08 Tests mit Stories verknüpfen
Testart: Traceability und Abdeckung
Priorität der Story: High

Ziel
Story, Test Set und Test Plan nachvollziehen

Vorbedingungen
- Die Anwendung ist erreichbar und die erforderlichen Testdaten sind vorbereitet.
- Der Test wird in einer isolierten Umgebung mit nachvollziehbaren Benutzerrollen ausgeführt.

Schritte
1. Test mit Story verknüpfen.
2. In Test Set und Plan aufnehmen.
3. Execution starten.
4. Coverage und Status prüfen.

Erwartetes Ergebnis
Die Story-Abdeckung ist sichtbar und der Teststatus fließt in Set, Plan und Release-Ansicht ein.

Responsive Viewports
- Desktop: 1440 x 900 CSS-Pixel.
- Full HD: 1920 x 1080 CSS-Pixel.
- WQHD: 2560 x 1440 CSS-Pixel.
- Ultrawide: 3440 x 1440 CSS-Pixel.
- 4K: 3840 x 2160 CSS-Pixel.
- Tablet: 768 x 1024 CSS-Pixel.
- Smartphone: 390 x 844 CSS-Pixel.
- Bei UI-Tests jeden definierten Viewport pruefen und je Viewport einen eigenen Screenshot am Testlauf hinterlegen.

Beleg und Nachbereitung
- Fuer jeden einzelnen Testschritt unmittelbar nach der Ausfuehrung einen Screenshot als Anhang am Testlauf hinterlegen.
- Der Screenshot muss die relevante Ausgangslage bzw. Eingabe und das sichtbare Ergebnis des jeweiligen Schrittes nachvollziehbar zeigen.
- Alle Schritte des Tests muessen einen eigenen Nachweis besitzen; bei Eingabeschritten sind Eingabe und anschliessende Reaktion zu dokumentieren.
- PASS nur vergeben, wenn alle Schritte erfolgreich abgeschlossen und fuer alle Schritte Screenshots hinterlegt sind.
- FAIL oder BLOCKED ebenfalls mit Screenshot(s), tatsaechlichem Ergebnis, Datum, Tester und Umgebung dokumentieren; bei FAIL einen Bug mit Reproduktionsschritten und Verweis auf diesen Test anlegen.
- Passwoerter, Tokens, Zahlungsdaten und sonstige Geheimnisse niemals im Klartext speichern; vor dem Anhang maskieren oder schwaerzen."
KAN-879,E9-08 Tests mit Stories verknüpfen – Fehler und Regression,"Abgedeckte Story: KAN-114 – E9-08 Tests mit Stories verknüpfen
Testart: Fehler und Regression
Priorität der Story: High

Ziel
Fehlgeschlagenen Test reproduzieren und zurücksetzen

Vorbedingungen
- Die Anwendung ist erreichbar und die erforderlichen Testdaten sind vorbereitet.
- Der Test wird in einer isolierten Umgebung mit nachvollziehbaren Benutzerrollen ausgeführt.

Schritte
1. Negativ- oder Regressionstest ausführen.
2. Fehlschlag mit Kontext dokumentieren.
3. Bug beziehungsweise Abweichung erfassen.
4. Korrektur erneut testen.

Erwartetes Ergebnis
Der Fehler ist reproduzierbar beschrieben; Retest und Regression aktualisieren die Abdeckung korrekt.

Responsive Viewports
- Desktop: 1440 x 900 CSS-Pixel.
- Full HD: 1920 x 1080 CSS-Pixel.
- WQHD: 2560 x 1440 CSS-Pixel.
- Ultrawide: 3440 x 1440 CSS-Pixel.
- 4K: 3840 x 2160 CSS-Pixel.
- Tablet: 768 x 1024 CSS-Pixel.
- Smartphone: 390 x 844 CSS-Pixel.
- Bei UI-Tests jeden definierten Viewport pruefen und je Viewport einen eigenen Screenshot am Testlauf hinterlegen.

Beleg und Nachbereitung
- Fuer jeden einzelnen Testschritt unmittelbar nach der Ausfuehrung einen Screenshot als Anhang am Testlauf hinterlegen.
- Der Screenshot muss die relevante Ausgangslage bzw. Eingabe und das sichtbare Ergebnis des jeweiligen Schrittes nachvollziehbar zeigen.
- Alle Schritte des Tests muessen einen eigenen Nachweis besitzen; bei Eingabeschritten sind Eingabe und anschliessende Reaktion zu dokumentieren.
- PASS nur vergeben, wenn alle Schritte erfolgreich abgeschlossen und fuer alle Schritte Screenshots hinterlegt sind.
- FAIL oder BLOCKED ebenfalls mit Screenshot(s), tatsaechlichem Ergebnis, Datum, Tester und Umgebung dokumentieren; bei FAIL einen Bug mit Reproduktionsschritten und Verweis auf diesen Test anlegen.
- Passwoerter, Tokens, Zahlungsdaten und sonstige Geheimnisse niemals im Klartext speichern; vor dem Anhang maskieren oder schwaerzen."
KAN-880,E9-09 Regressionstestsuite pflegen – Testfall ausführbar,"Abgedeckte Story: KAN-115 – E9-09 Regressionstestsuite pflegen
Testart: Testfall ausführbar
Priorität der Story: High

Ziel
Einen vollständigen Xray-Test ausführen

Vorbedingungen
- Die Anwendung ist erreichbar und die erforderlichen Testdaten sind vorbereitet.
- Der Test wird in einer isolierten Umgebung mit nachvollziehbaren Benutzerrollen ausgeführt.

Schritte
1. Test aus Repository öffnen.
2. Vorbedingungen und Testdaten herstellen.
3. Schritte in Reihenfolge ausführen.
4. Ergebnisse und Beleg speichern.

Erwartetes Ergebnis
Der Test ist ohne Rückfragen ausführbar und Ergebnis sowie Evidenz sind dem Lauf zugeordnet.

Responsive Viewports
- Desktop: 1440 x 900 CSS-Pixel.
- Full HD: 1920 x 1080 CSS-Pixel.
- WQHD: 2560 x 1440 CSS-Pixel.
- Ultrawide: 3440 x 1440 CSS-Pixel.
- 4K: 3840 x 2160 CSS-Pixel.
- Tablet: 768 x 1024 CSS-Pixel.
- Smartphone: 390 x 844 CSS-Pixel.
- Bei UI-Tests jeden definierten Viewport pruefen und je Viewport einen eigenen Screenshot am Testlauf hinterlegen.

Beleg und Nachbereitung
- Fuer jeden einzelnen Testschritt unmittelbar nach der Ausfuehrung einen Screenshot als Anhang am Testlauf hinterlegen.
- Der Screenshot muss die relevante Ausgangslage bzw. Eingabe und das sichtbare Ergebnis des jeweiligen Schrittes nachvollziehbar zeigen.
- Alle Schritte des Tests muessen einen eigenen Nachweis besitzen; bei Eingabeschritten sind Eingabe und anschliessende Reaktion zu dokumentieren.
- PASS nur vergeben, wenn alle Schritte erfolgreich abgeschlossen und fuer alle Schritte Screenshots hinterlegt sind.
- FAIL oder BLOCKED ebenfalls mit Screenshot(s), tatsaechlichem Ergebnis, Datum, Tester und Umgebung dokumentieren; bei FAIL einen Bug mit Reproduktionsschritten und Verweis auf diesen Test anlegen.
- Passwoerter, Tokens, Zahlungsdaten und sonstige Geheimnisse niemals im Klartext speichern; vor dem Anhang maskieren oder schwaerzen."
KAN-881,E9-09 Regressionstestsuite pflegen – Traceability und Abdeckung,"Abgedeckte Story: KAN-115 – E9-09 Regressionstestsuite pflegen
Testart: Traceability und Abdeckung
Priorität der Story: High

Ziel
Story, Test Set und Test Plan nachvollziehen

Vorbedingungen
- Die Anwendung ist erreichbar und die erforderlichen Testdaten sind vorbereitet.
- Der Test wird in einer isolierten Umgebung mit nachvollziehbaren Benutzerrollen ausgeführt.

Schritte
1. Test mit Story verknüpfen.
2. In Test Set und Plan aufnehmen.
3. Execution starten.
4. Coverage und Status prüfen.

Erwartetes Ergebnis
Die Story-Abdeckung ist sichtbar und der Teststatus fließt in Set, Plan und Release-Ansicht ein.

Responsive Viewports
- Desktop: 1440 x 900 CSS-Pixel.
- Full HD: 1920 x 1080 CSS-Pixel.
- WQHD: 2560 x 1440 CSS-Pixel.
- Ultrawide: 3440 x 1440 CSS-Pixel.
- 4K: 3840 x 2160 CSS-Pixel.
- Tablet: 768 x 1024 CSS-Pixel.
- Smartphone: 390 x 844 CSS-Pixel.
- Bei UI-Tests jeden definierten Viewport pruefen und je Viewport einen eigenen Screenshot am Testlauf hinterlegen.

Beleg und Nachbereitung
- Fuer jeden einzelnen Testschritt unmittelbar nach der Ausfuehrung einen Screenshot als Anhang am Testlauf hinterlegen.
- Der Screenshot muss die relevante Ausgangslage bzw. Eingabe und das sichtbare Ergebnis des jeweiligen Schrittes nachvollziehbar zeigen.
- Alle Schritte des Tests muessen einen eigenen Nachweis besitzen; bei Eingabeschritten sind Eingabe und anschliessende Reaktion zu dokumentieren.
- PASS nur vergeben, wenn alle Schritte erfolgreich abgeschlossen und fuer alle Schritte Screenshots hinterlegt sind.
- FAIL oder BLOCKED ebenfalls mit Screenshot(s), tatsaechlichem Ergebnis, Datum, Tester und Umgebung dokumentieren; bei FAIL einen Bug mit Reproduktionsschritten und Verweis auf diesen Test anlegen.
- Passwoerter, Tokens, Zahlungsdaten und sonstige Geheimnisse niemals im Klartext speichern; vor dem Anhang maskieren oder schwaerzen."
KAN-882,E9-09 Regressionstestsuite pflegen – Fehler und Regression,"Abgedeckte Story: KAN-115 – E9-09 Regressionstestsuite pflegen
Testart: Fehler und Regression
Priorität der Story: High

Ziel
Fehlgeschlagenen Test reproduzieren und zurücksetzen

Vorbedingungen
- Die Anwendung ist erreichbar und die erforderlichen Testdaten sind vorbereitet.
- Der Test wird in einer isolierten Umgebung mit nachvollziehbaren Benutzerrollen ausgeführt.

Schritte
1. Negativ- oder Regressionstest ausführen.
2. Fehlschlag mit Kontext dokumentieren.
3. Bug beziehungsweise Abweichung erfassen.
4. Korrektur erneut testen.

Erwartetes Ergebnis
Der Fehler ist reproduzierbar beschrieben; Retest und Regression aktualisieren die Abdeckung korrekt.

Responsive Viewports
- Desktop: 1440 x 900 CSS-Pixel.
- Full HD: 1920 x 1080 CSS-Pixel.
- WQHD: 2560 x 1440 CSS-Pixel.
- Ultrawide: 3440 x 1440 CSS-Pixel.
- 4K: 3840 x 2160 CSS-Pixel.
- Tablet: 768 x 1024 CSS-Pixel.
- Smartphone: 390 x 844 CSS-Pixel.
- Bei UI-Tests jeden definierten Viewport pruefen und je Viewport einen eigenen Screenshot am Testlauf hinterlegen.

Beleg und Nachbereitung
- Fuer jeden einzelnen Testschritt unmittelbar nach der Ausfuehrung einen Screenshot als Anhang am Testlauf hinterlegen.
- Der Screenshot muss die relevante Ausgangslage bzw. Eingabe und das sichtbare Ergebnis des jeweiligen Schrittes nachvollziehbar zeigen.
- Alle Schritte des Tests muessen einen eigenen Nachweis besitzen; bei Eingabeschritten sind Eingabe und anschliessende Reaktion zu dokumentieren.
- PASS nur vergeben, wenn alle Schritte erfolgreich abgeschlossen und fuer alle Schritte Screenshots hinterlegt sind.
- FAIL oder BLOCKED ebenfalls mit Screenshot(s), tatsaechlichem Ergebnis, Datum, Tester und Umgebung dokumentieren; bei FAIL einen Bug mit Reproduktionsschritten und Verweis auf diesen Test anlegen.
- Passwoerter, Tokens, Zahlungsdaten und sonstige Geheimnisse niemals im Klartext speichern; vor dem Anhang maskieren oder schwaerzen."
KAN-883,E9-10 Browser- und Gerätetests durchführen – Testfall ausführbar,"Abgedeckte Story: KAN-116 – E9-10 Browser- und Gerätetests durchführen
Testart: Testfall ausführbar
Priorität der Story: High

Ziel
Einen vollständigen Xray-Test ausführen

Vorbedingungen
- Die Anwendung ist erreichbar und die erforderlichen Testdaten sind vorbereitet.
- Der Test wird in einer isolierten Umgebung mit nachvollziehbaren Benutzerrollen ausgeführt.

Schritte
1. Test aus Repository öffnen.
2. Vorbedingungen und Testdaten herstellen.
3. Schritte in Reihenfolge ausführen.
4. Ergebnisse und Beleg speichern.

Erwartetes Ergebnis
Der Test ist ohne Rückfragen ausführbar und Ergebnis sowie Evidenz sind dem Lauf zugeordnet.

Responsive Viewports
- Desktop: 1440 x 900 CSS-Pixel.
- Full HD: 1920 x 1080 CSS-Pixel.
- WQHD: 2560 x 1440 CSS-Pixel.
- Ultrawide: 3440 x 1440 CSS-Pixel.
- 4K: 3840 x 2160 CSS-Pixel.
- Tablet: 768 x 1024 CSS-Pixel.
- Smartphone: 390 x 844 CSS-Pixel.
- Bei UI-Tests jeden definierten Viewport pruefen und je Viewport einen eigenen Screenshot am Testlauf hinterlegen.

Beleg und Nachbereitung
- Fuer jeden einzelnen Testschritt unmittelbar nach der Ausfuehrung einen Screenshot als Anhang am Testlauf hinterlegen.
- Der Screenshot muss die relevante Ausgangslage bzw. Eingabe und das sichtbare Ergebnis des jeweiligen Schrittes nachvollziehbar zeigen.
- Alle Schritte des Tests muessen einen eigenen Nachweis besitzen; bei Eingabeschritten sind Eingabe und anschliessende Reaktion zu dokumentieren.
- PASS nur vergeben, wenn alle Schritte erfolgreich abgeschlossen und fuer alle Schritte Screenshots hinterlegt sind.
- FAIL oder BLOCKED ebenfalls mit Screenshot(s), tatsaechlichem Ergebnis, Datum, Tester und Umgebung dokumentieren; bei FAIL einen Bug mit Reproduktionsschritten und Verweis auf diesen Test anlegen.
- Passwoerter, Tokens, Zahlungsdaten und sonstige Geheimnisse niemals im Klartext speichern; vor dem Anhang maskieren oder schwaerzen."
KAN-884,E9-10 Browser- und Gerätetests durchführen – Traceability und Abdeckung,"Abgedeckte Story: KAN-116 – E9-10 Browser- und Gerätetests durchführen
Testart: Traceability und Abdeckung
Priorität der Story: High

Ziel
Story, Test Set und Test Plan nachvollziehen

Vorbedingungen
- Die Anwendung ist erreichbar und die erforderlichen Testdaten sind vorbereitet.
- Der Test wird in einer isolierten Umgebung mit nachvollziehbaren Benutzerrollen ausgeführt.

Schritte
1. Test mit Story verknüpfen.
2. In Test Set und Plan aufnehmen.
3. Execution starten.
4. Coverage und Status prüfen.

Erwartetes Ergebnis
Die Story-Abdeckung ist sichtbar und der Teststatus fließt in Set, Plan und Release-Ansicht ein.

Responsive Viewports
- Desktop: 1440 x 900 CSS-Pixel.
- Full HD: 1920 x 1080 CSS-Pixel.
- WQHD: 2560 x 1440 CSS-Pixel.
- Ultrawide: 3440 x 1440 CSS-Pixel.
- 4K: 3840 x 2160 CSS-Pixel.
- Tablet: 768 x 1024 CSS-Pixel.
- Smartphone: 390 x 844 CSS-Pixel.
- Bei UI-Tests jeden definierten Viewport pruefen und je Viewport einen eigenen Screenshot am Testlauf hinterlegen.

Beleg und Nachbereitung
- Fuer jeden einzelnen Testschritt unmittelbar nach der Ausfuehrung einen Screenshot als Anhang am Testlauf hinterlegen.
- Der Screenshot muss die relevante Ausgangslage bzw. Eingabe und das sichtbare Ergebnis des jeweiligen Schrittes nachvollziehbar zeigen.
- Alle Schritte des Tests muessen einen eigenen Nachweis besitzen; bei Eingabeschritten sind Eingabe und anschliessende Reaktion zu dokumentieren.
- PASS nur vergeben, wenn alle Schritte erfolgreich abgeschlossen und fuer alle Schritte Screenshots hinterlegt sind.
- FAIL oder BLOCKED ebenfalls mit Screenshot(s), tatsaechlichem Ergebnis, Datum, Tester und Umgebung dokumentieren; bei FAIL einen Bug mit Reproduktionsschritten und Verweis auf diesen Test anlegen.
- Passwoerter, Tokens, Zahlungsdaten und sonstige Geheimnisse niemals im Klartext speichern; vor dem Anhang maskieren oder schwaerzen."
KAN-885,E9-10 Browser- und Gerätetests durchführen – Fehler und Regression,"Abgedeckte Story: KAN-116 – E9-10 Browser- und Gerätetests durchführen
Testart: Fehler und Regression
Priorität der Story: High

Ziel
Fehlgeschlagenen Test reproduzieren und zurücksetzen

Vorbedingungen
- Die Anwendung ist erreichbar und die erforderlichen Testdaten sind vorbereitet.
- Der Test wird in einer isolierten Umgebung mit nachvollziehbaren Benutzerrollen ausgeführt.

Schritte
1. Negativ- oder Regressionstest ausführen.
2. Fehlschlag mit Kontext dokumentieren.
3. Bug beziehungsweise Abweichung erfassen.
4. Korrektur erneut testen.

Erwartetes Ergebnis
Der Fehler ist reproduzierbar beschrieben; Retest und Regression aktualisieren die Abdeckung korrekt.

Responsive Viewports
- Desktop: 1440 x 900 CSS-Pixel.
- Full HD: 1920 x 1080 CSS-Pixel.
- WQHD: 2560 x 1440 CSS-Pixel.
- Ultrawide: 3440 x 1440 CSS-Pixel.
- 4K: 3840 x 2160 CSS-Pixel.
- Tablet: 768 x 1024 CSS-Pixel.
- Smartphone: 390 x 844 CSS-Pixel.
- Bei UI-Tests jeden definierten Viewport pruefen und je Viewport einen eigenen Screenshot am Testlauf hinterlegen.

Beleg und Nachbereitung
- Fuer jeden einzelnen Testschritt unmittelbar nach der Ausfuehrung einen Screenshot als Anhang am Testlauf hinterlegen.
- Der Screenshot muss die relevante Ausgangslage bzw. Eingabe und das sichtbare Ergebnis des jeweiligen Schrittes nachvollziehbar zeigen.
- Alle Schritte des Tests muessen einen eigenen Nachweis besitzen; bei Eingabeschritten sind Eingabe und anschliessende Reaktion zu dokumentieren.
- PASS nur vergeben, wenn alle Schritte erfolgreich abgeschlossen und fuer alle Schritte Screenshots hinterlegt sind.
- FAIL oder BLOCKED ebenfalls mit Screenshot(s), tatsaechlichem Ergebnis, Datum, Tester und Umgebung dokumentieren; bei FAIL einen Bug mit Reproduktionsschritten und Verweis auf diesen Test anlegen.
- Passwoerter, Tokens, Zahlungsdaten und sonstige Geheimnisse niemals im Klartext speichern; vor dem Anhang maskieren oder schwaerzen."
KAN-886,E9-11 Testergebnisse dokumentieren – Testfall ausführbar,"Abgedeckte Story: KAN-117 – E9-11 Testergebnisse dokumentieren
Testart: Testfall ausführbar
Priorität der Story: High

Ziel
Einen vollständigen Xray-Test ausführen

Vorbedingungen
- Die Anwendung ist erreichbar und die erforderlichen Testdaten sind vorbereitet.
- Der Test wird in einer isolierten Umgebung mit nachvollziehbaren Benutzerrollen ausgeführt.

Schritte
1. Test aus Repository öffnen.
2. Vorbedingungen und Testdaten herstellen.
3. Schritte in Reihenfolge ausführen.
4. Ergebnisse und Beleg speichern.

Erwartetes Ergebnis
Der Test ist ohne Rückfragen ausführbar und Ergebnis sowie Evidenz sind dem Lauf zugeordnet.

Responsive Viewports
- Desktop: 1440 x 900 CSS-Pixel.
- Full HD: 1920 x 1080 CSS-Pixel.
- WQHD: 2560 x 1440 CSS-Pixel.
- Ultrawide: 3440 x 1440 CSS-Pixel.
- 4K: 3840 x 2160 CSS-Pixel.
- Tablet: 768 x 1024 CSS-Pixel.
- Smartphone: 390 x 844 CSS-Pixel.
- Bei UI-Tests jeden definierten Viewport pruefen und je Viewport einen eigenen Screenshot am Testlauf hinterlegen.

Beleg und Nachbereitung
- Fuer jeden einzelnen Testschritt unmittelbar nach der Ausfuehrung einen Screenshot als Anhang am Testlauf hinterlegen.
- Der Screenshot muss die relevante Ausgangslage bzw. Eingabe und das sichtbare Ergebnis des jeweiligen Schrittes nachvollziehbar zeigen.
- Alle Schritte des Tests muessen einen eigenen Nachweis besitzen; bei Eingabeschritten sind Eingabe und anschliessende Reaktion zu dokumentieren.
- PASS nur vergeben, wenn alle Schritte erfolgreich abgeschlossen und fuer alle Schritte Screenshots hinterlegt sind.
- FAIL oder BLOCKED ebenfalls mit Screenshot(s), tatsaechlichem Ergebnis, Datum, Tester und Umgebung dokumentieren; bei FAIL einen Bug mit Reproduktionsschritten und Verweis auf diesen Test anlegen.
- Passwoerter, Tokens, Zahlungsdaten und sonstige Geheimnisse niemals im Klartext speichern; vor dem Anhang maskieren oder schwaerzen."
KAN-887,E9-11 Testergebnisse dokumentieren – Traceability und Abdeckung,"Abgedeckte Story: KAN-117 – E9-11 Testergebnisse dokumentieren
Testart: Traceability und Abdeckung
Priorität der Story: High

Ziel
Story, Test Set und Test Plan nachvollziehen

Vorbedingungen
- Die Anwendung ist erreichbar und die erforderlichen Testdaten sind vorbereitet.
- Der Test wird in einer isolierten Umgebung mit nachvollziehbaren Benutzerrollen ausgeführt.

Schritte
1. Test mit Story verknüpfen.
2. In Test Set und Plan aufnehmen.
3. Execution starten.
4. Coverage und Status prüfen.

Erwartetes Ergebnis
Die Story-Abdeckung ist sichtbar und der Teststatus fließt in Set, Plan und Release-Ansicht ein.

Responsive Viewports
- Desktop: 1440 x 900 CSS-Pixel.
- Full HD: 1920 x 1080 CSS-Pixel.
- WQHD: 2560 x 1440 CSS-Pixel.
- Ultrawide: 3440 x 1440 CSS-Pixel.
- 4K: 3840 x 2160 CSS-Pixel.
- Tablet: 768 x 1024 CSS-Pixel.
- Smartphone: 390 x 844 CSS-Pixel.
- Bei UI-Tests jeden definierten Viewport pruefen und je Viewport einen eigenen Screenshot am Testlauf hinterlegen.

Beleg und Nachbereitung
- Fuer jeden einzelnen Testschritt unmittelbar nach der Ausfuehrung einen Screenshot als Anhang am Testlauf hinterlegen.
- Der Screenshot muss die relevante Ausgangslage bzw. Eingabe und das sichtbare Ergebnis des jeweiligen Schrittes nachvollziehbar zeigen.
- Alle Schritte des Tests muessen einen eigenen Nachweis besitzen; bei Eingabeschritten sind Eingabe und anschliessende Reaktion zu dokumentieren.
- PASS nur vergeben, wenn alle Schritte erfolgreich abgeschlossen und fuer alle Schritte Screenshots hinterlegt sind.
- FAIL oder BLOCKED ebenfalls mit Screenshot(s), tatsaechlichem Ergebnis, Datum, Tester und Umgebung dokumentieren; bei FAIL einen Bug mit Reproduktionsschritten und Verweis auf diesen Test anlegen.
- Passwoerter, Tokens, Zahlungsdaten und sonstige Geheimnisse niemals im Klartext speichern; vor dem Anhang maskieren oder schwaerzen."
KAN-888,E9-11 Testergebnisse dokumentieren – Fehler und Regression,"Abgedeckte Story: KAN-117 – E9-11 Testergebnisse dokumentieren
Testart: Fehler und Regression
Priorität der Story: High

Ziel
Fehlgeschlagenen Test reproduzieren und zurücksetzen

Vorbedingungen
- Die Anwendung ist erreichbar und die erforderlichen Testdaten sind vorbereitet.
- Der Test wird in einer isolierten Umgebung mit nachvollziehbaren Benutzerrollen ausgeführt.

Schritte
1. Negativ- oder Regressionstest ausführen.
2. Fehlschlag mit Kontext dokumentieren.
3. Bug beziehungsweise Abweichung erfassen.
4. Korrektur erneut testen.

Erwartetes Ergebnis
Der Fehler ist reproduzierbar beschrieben; Retest und Regression aktualisieren die Abdeckung korrekt.

Responsive Viewports
- Desktop: 1440 x 900 CSS-Pixel.
- Full HD: 1920 x 1080 CSS-Pixel.
- WQHD: 2560 x 1440 CSS-Pixel.
- Ultrawide: 3440 x 1440 CSS-Pixel.
- 4K: 3840 x 2160 CSS-Pixel.
- Tablet: 768 x 1024 CSS-Pixel.
- Smartphone: 390 x 844 CSS-Pixel.
- Bei UI-Tests jeden definierten Viewport pruefen und je Viewport einen eigenen Screenshot am Testlauf hinterlegen.

Beleg und Nachbereitung
- Fuer jeden einzelnen Testschritt unmittelbar nach der Ausfuehrung einen Screenshot als Anhang am Testlauf hinterlegen.
- Der Screenshot muss die relevante Ausgangslage bzw. Eingabe und das sichtbare Ergebnis des jeweiligen Schrittes nachvollziehbar zeigen.
- Alle Schritte des Tests muessen einen eigenen Nachweis besitzen; bei Eingabeschritten sind Eingabe und anschliessende Reaktion zu dokumentieren.
- PASS nur vergeben, wenn alle Schritte erfolgreich abgeschlossen und fuer alle Schritte Screenshots hinterlegt sind.
- FAIL oder BLOCKED ebenfalls mit Screenshot(s), tatsaechlichem Ergebnis, Datum, Tester und Umgebung dokumentieren; bei FAIL einen Bug mit Reproduktionsschritten und Verweis auf diesen Test anlegen.
- Passwoerter, Tokens, Zahlungsdaten und sonstige Geheimnisse niemals im Klartext speichern; vor dem Anhang maskieren oder schwaerzen."
KAN-889,E9-12 Fehler aus Tests erfassen – Testfall ausführbar,"Abgedeckte Story: KAN-118 – E9-12 Fehler aus Tests erfassen
Testart: Testfall ausführbar
Priorität der Story: High

Ziel
Einen vollständigen Xray-Test ausführen

Vorbedingungen
- Die Anwendung ist erreichbar und die erforderlichen Testdaten sind vorbereitet.
- Der Test wird in einer isolierten Umgebung mit nachvollziehbaren Benutzerrollen ausgeführt.

Schritte
1. Test aus Repository öffnen.
2. Vorbedingungen und Testdaten herstellen.
3. Schritte in Reihenfolge ausführen.
4. Ergebnisse und Beleg speichern.

Erwartetes Ergebnis
Der Test ist ohne Rückfragen ausführbar und Ergebnis sowie Evidenz sind dem Lauf zugeordnet.

Responsive Viewports
- Desktop: 1440 x 900 CSS-Pixel.
- Full HD: 1920 x 1080 CSS-Pixel.
- WQHD: 2560 x 1440 CSS-Pixel.
- Ultrawide: 3440 x 1440 CSS-Pixel.
- 4K: 3840 x 2160 CSS-Pixel.
- Tablet: 768 x 1024 CSS-Pixel.
- Smartphone: 390 x 844 CSS-Pixel.
- Bei UI-Tests jeden definierten Viewport pruefen und je Viewport einen eigenen Screenshot am Testlauf hinterlegen.

Beleg und Nachbereitung
- Fuer jeden einzelnen Testschritt unmittelbar nach der Ausfuehrung einen Screenshot als Anhang am Testlauf hinterlegen.
- Der Screenshot muss die relevante Ausgangslage bzw. Eingabe und das sichtbare Ergebnis des jeweiligen Schrittes nachvollziehbar zeigen.
- Alle Schritte des Tests muessen einen eigenen Nachweis besitzen; bei Eingabeschritten sind Eingabe und anschliessende Reaktion zu dokumentieren.
- PASS nur vergeben, wenn alle Schritte erfolgreich abgeschlossen und fuer alle Schritte Screenshots hinterlegt sind.
- FAIL oder BLOCKED ebenfalls mit Screenshot(s), tatsaechlichem Ergebnis, Datum, Tester und Umgebung dokumentieren; bei FAIL einen Bug mit Reproduktionsschritten und Verweis auf diesen Test anlegen.
- Passwoerter, Tokens, Zahlungsdaten und sonstige Geheimnisse niemals im Klartext speichern; vor dem Anhang maskieren oder schwaerzen."
KAN-890,E9-12 Fehler aus Tests erfassen – Traceability und Abdeckung,"Abgedeckte Story: KAN-118 – E9-12 Fehler aus Tests erfassen
Testart: Traceability und Abdeckung
Priorität der Story: High

Ziel
Story, Test Set und Test Plan nachvollziehen

Vorbedingungen
- Die Anwendung ist erreichbar und die erforderlichen Testdaten sind vorbereitet.
- Der Test wird in einer isolierten Umgebung mit nachvollziehbaren Benutzerrollen ausgeführt.

Schritte
1. Test mit Story verknüpfen.
2. In Test Set und Plan aufnehmen.
3. Execution starten.
4. Coverage und Status prüfen.

Erwartetes Ergebnis
Die Story-Abdeckung ist sichtbar und der Teststatus fließt in Set, Plan und Release-Ansicht ein.

Responsive Viewports
- Desktop: 1440 x 900 CSS-Pixel.
- Full HD: 1920 x 1080 CSS-Pixel.
- WQHD: 2560 x 1440 CSS-Pixel.
- Ultrawide: 3440 x 1440 CSS-Pixel.
- 4K: 3840 x 2160 CSS-Pixel.
- Tablet: 768 x 1024 CSS-Pixel.
- Smartphone: 390 x 844 CSS-Pixel.
- Bei UI-Tests jeden definierten Viewport pruefen und je Viewport einen eigenen Screenshot am Testlauf hinterlegen.

Beleg und Nachbereitung
- Fuer jeden einzelnen Testschritt unmittelbar nach der Ausfuehrung einen Screenshot als Anhang am Testlauf hinterlegen.
- Der Screenshot muss die relevante Ausgangslage bzw. Eingabe und das sichtbare Ergebnis des jeweiligen Schrittes nachvollziehbar zeigen.
- Alle Schritte des Tests muessen einen eigenen Nachweis besitzen; bei Eingabeschritten sind Eingabe und anschliessende Reaktion zu dokumentieren.
- PASS nur vergeben, wenn alle Schritte erfolgreich abgeschlossen und fuer alle Schritte Screenshots hinterlegt sind.
- FAIL oder BLOCKED ebenfalls mit Screenshot(s), tatsaechlichem Ergebnis, Datum, Tester und Umgebung dokumentieren; bei FAIL einen Bug mit Reproduktionsschritten und Verweis auf diesen Test anlegen.
- Passwoerter, Tokens, Zahlungsdaten und sonstige Geheimnisse niemals im Klartext speichern; vor dem Anhang maskieren oder schwaerzen."
KAN-891,E9-12 Fehler aus Tests erfassen – Fehler und Regression,"Abgedeckte Story: KAN-118 – E9-12 Fehler aus Tests erfassen
Testart: Fehler und Regression
Priorität der Story: High

Ziel
Fehlgeschlagenen Test reproduzieren und zurücksetzen

Vorbedingungen
- Die Anwendung ist erreichbar und die erforderlichen Testdaten sind vorbereitet.
- Der Test wird in einer isolierten Umgebung mit nachvollziehbaren Benutzerrollen ausgeführt.

Schritte
1. Negativ- oder Regressionstest ausführen.
2. Fehlschlag mit Kontext dokumentieren.
3. Bug beziehungsweise Abweichung erfassen.
4. Korrektur erneut testen.

Erwartetes Ergebnis
Der Fehler ist reproduzierbar beschrieben; Retest und Regression aktualisieren die Abdeckung korrekt.

Responsive Viewports
- Desktop: 1440 x 900 CSS-Pixel.
- Full HD: 1920 x 1080 CSS-Pixel.
- WQHD: 2560 x 1440 CSS-Pixel.
- Ultrawide: 3440 x 1440 CSS-Pixel.
- 4K: 3840 x 2160 CSS-Pixel.
- Tablet: 768 x 1024 CSS-Pixel.
- Smartphone: 390 x 844 CSS-Pixel.
- Bei UI-Tests jeden definierten Viewport pruefen und je Viewport einen eigenen Screenshot am Testlauf hinterlegen.

Beleg und Nachbereitung
- Fuer jeden einzelnen Testschritt unmittelbar nach der Ausfuehrung einen Screenshot als Anhang am Testlauf hinterlegen.
- Der Screenshot muss die relevante Ausgangslage bzw. Eingabe und das sichtbare Ergebnis des jeweiligen Schrittes nachvollziehbar zeigen.
- Alle Schritte des Tests muessen einen eigenen Nachweis besitzen; bei Eingabeschritten sind Eingabe und anschliessende Reaktion zu dokumentieren.
- PASS nur vergeben, wenn alle Schritte erfolgreich abgeschlossen und fuer alle Schritte Screenshots hinterlegt sind.
- FAIL oder BLOCKED ebenfalls mit Screenshot(s), tatsaechlichem Ergebnis, Datum, Tester und Umgebung dokumentieren; bei FAIL einen Bug mit Reproduktionsschritten und Verweis auf diesen Test anlegen.
- Passwoerter, Tokens, Zahlungsdaten und sonstige Geheimnisse niemals im Klartext speichern; vor dem Anhang maskieren oder schwaerzen."
KAN-892,E9-13 Testabdeckung sehen – Testfall ausführbar,"Abgedeckte Story: KAN-119 – E9-13 Testabdeckung sehen
Testart: Testfall ausführbar
Priorität der Story: High

Ziel
Einen vollständigen Xray-Test ausführen

Vorbedingungen
- Die Anwendung ist erreichbar und die erforderlichen Testdaten sind vorbereitet.
- Der Test wird in einer isolierten Umgebung mit nachvollziehbaren Benutzerrollen ausgeführt.

Schritte
1. Test aus Repository öffnen.
2. Vorbedingungen und Testdaten herstellen.
3. Schritte in Reihenfolge ausführen.
4. Ergebnisse und Beleg speichern.

Erwartetes Ergebnis
Der Test ist ohne Rückfragen ausführbar und Ergebnis sowie Evidenz sind dem Lauf zugeordnet.

Responsive Viewports
- Desktop: 1440 x 900 CSS-Pixel.
- Full HD: 1920 x 1080 CSS-Pixel.
- WQHD: 2560 x 1440 CSS-Pixel.
- Ultrawide: 3440 x 1440 CSS-Pixel.
- 4K: 3840 x 2160 CSS-Pixel.
- Tablet: 768 x 1024 CSS-Pixel.
- Smartphone: 390 x 844 CSS-Pixel.
- Bei UI-Tests jeden definierten Viewport pruefen und je Viewport einen eigenen Screenshot am Testlauf hinterlegen.

Beleg und Nachbereitung
- Fuer jeden einzelnen Testschritt unmittelbar nach der Ausfuehrung einen Screenshot als Anhang am Testlauf hinterlegen.
- Der Screenshot muss die relevante Ausgangslage bzw. Eingabe und das sichtbare Ergebnis des jeweiligen Schrittes nachvollziehbar zeigen.
- Alle Schritte des Tests muessen einen eigenen Nachweis besitzen; bei Eingabeschritten sind Eingabe und anschliessende Reaktion zu dokumentieren.
- PASS nur vergeben, wenn alle Schritte erfolgreich abgeschlossen und fuer alle Schritte Screenshots hinterlegt sind.
- FAIL oder BLOCKED ebenfalls mit Screenshot(s), tatsaechlichem Ergebnis, Datum, Tester und Umgebung dokumentieren; bei FAIL einen Bug mit Reproduktionsschritten und Verweis auf diesen Test anlegen.
- Passwoerter, Tokens, Zahlungsdaten und sonstige Geheimnisse niemals im Klartext speichern; vor dem Anhang maskieren oder schwaerzen."
KAN-893,E9-13 Testabdeckung sehen – Traceability und Abdeckung,"Abgedeckte Story: KAN-119 – E9-13 Testabdeckung sehen
Testart: Traceability und Abdeckung
Priorität der Story: High

Ziel
Story, Test Set und Test Plan nachvollziehen

Vorbedingungen
- Die Anwendung ist erreichbar und die erforderlichen Testdaten sind vorbereitet.
- Der Test wird in einer isolierten Umgebung mit nachvollziehbaren Benutzerrollen ausgeführt.

Schritte
1. Test mit Story verknüpfen.
2. In Test Set und Plan aufnehmen.
3. Execution starten.
4. Coverage und Status prüfen.

Erwartetes Ergebnis
Die Story-Abdeckung ist sichtbar und der Teststatus fließt in Set, Plan und Release-Ansicht ein.

Responsive Viewports
- Desktop: 1440 x 900 CSS-Pixel.
- Full HD: 1920 x 1080 CSS-Pixel.
- WQHD: 2560 x 1440 CSS-Pixel.
- Ultrawide: 3440 x 1440 CSS-Pixel.
- 4K: 3840 x 2160 CSS-Pixel.
- Tablet: 768 x 1024 CSS-Pixel.
- Smartphone: 390 x 844 CSS-Pixel.
- Bei UI-Tests jeden definierten Viewport pruefen und je Viewport einen eigenen Screenshot am Testlauf hinterlegen.

Beleg und Nachbereitung
- Fuer jeden einzelnen Testschritt unmittelbar nach der Ausfuehrung einen Screenshot als Anhang am Testlauf hinterlegen.
- Der Screenshot muss die relevante Ausgangslage bzw. Eingabe und das sichtbare Ergebnis des jeweiligen Schrittes nachvollziehbar zeigen.
- Alle Schritte des Tests muessen einen eigenen Nachweis besitzen; bei Eingabeschritten sind Eingabe und anschliessende Reaktion zu dokumentieren.
- PASS nur vergeben, wenn alle Schritte erfolgreich abgeschlossen und fuer alle Schritte Screenshots hinterlegt sind.
- FAIL oder BLOCKED ebenfalls mit Screenshot(s), tatsaechlichem Ergebnis, Datum, Tester und Umgebung dokumentieren; bei FAIL einen Bug mit Reproduktionsschritten und Verweis auf diesen Test anlegen.
- Passwoerter, Tokens, Zahlungsdaten und sonstige Geheimnisse niemals im Klartext speichern; vor dem Anhang maskieren oder schwaerzen."
KAN-894,E9-13 Testabdeckung sehen – Fehler und Regression,"Abgedeckte Story: KAN-119 – E9-13 Testabdeckung sehen
Testart: Fehler und Regression
Priorität der Story: High

Ziel
Fehlgeschlagenen Test reproduzieren und zurücksetzen

Vorbedingungen
- Die Anwendung ist erreichbar und die erforderlichen Testdaten sind vorbereitet.
- Der Test wird in einer isolierten Umgebung mit nachvollziehbaren Benutzerrollen ausgeführt.

Schritte
1. Negativ- oder Regressionstest ausführen.
2. Fehlschlag mit Kontext dokumentieren.
3. Bug beziehungsweise Abweichung erfassen.
4. Korrektur erneut testen.

Erwartetes Ergebnis
Der Fehler ist reproduzierbar beschrieben; Retest und Regression aktualisieren die Abdeckung korrekt.

Responsive Viewports
- Desktop: 1440 x 900 CSS-Pixel.
- Full HD: 1920 x 1080 CSS-Pixel.
- WQHD: 2560 x 1440 CSS-Pixel.
- Ultrawide: 3440 x 1440 CSS-Pixel.
- 4K: 3840 x 2160 CSS-Pixel.
- Tablet: 768 x 1024 CSS-Pixel.
- Smartphone: 390 x 844 CSS-Pixel.
- Bei UI-Tests jeden definierten Viewport pruefen und je Viewport einen eigenen Screenshot am Testlauf hinterlegen.

Beleg und Nachbereitung
- Fuer jeden einzelnen Testschritt unmittelbar nach der Ausfuehrung einen Screenshot als Anhang am Testlauf hinterlegen.
- Der Screenshot muss die relevante Ausgangslage bzw. Eingabe und das sichtbare Ergebnis des jeweiligen Schrittes nachvollziehbar zeigen.
- Alle Schritte des Tests muessen einen eigenen Nachweis besitzen; bei Eingabeschritten sind Eingabe und anschliessende Reaktion zu dokumentieren.
- PASS nur vergeben, wenn alle Schritte erfolgreich abgeschlossen und fuer alle Schritte Screenshots hinterlegt sind.
- FAIL oder BLOCKED ebenfalls mit Screenshot(s), tatsaechlichem Ergebnis, Datum, Tester und Umgebung dokumentieren; bei FAIL einen Bug mit Reproduktionsschritten und Verweis auf diesen Test anlegen.
- Passwoerter, Tokens, Zahlungsdaten und sonstige Geheimnisse niemals im Klartext speichern; vor dem Anhang maskieren oder schwaerzen."
KAN-895,E9-14 Release-Abnahmekriterien definieren – Testfall ausführbar,"Abgedeckte Story: KAN-120 – E9-14 Release-Abnahmekriterien definieren
Testart: Testfall ausführbar
Priorität der Story: High

Ziel
Einen vollständigen Xray-Test ausführen

Vorbedingungen
- Die Anwendung ist erreichbar und die erforderlichen Testdaten sind vorbereitet.
- Der Test wird in einer isolierten Umgebung mit nachvollziehbaren Benutzerrollen ausgeführt.

Schritte
1. Test aus Repository öffnen.
2. Vorbedingungen und Testdaten herstellen.
3. Schritte in Reihenfolge ausführen.
4. Ergebnisse und Beleg speichern.

Erwartetes Ergebnis
Der Test ist ohne Rückfragen ausführbar und Ergebnis sowie Evidenz sind dem Lauf zugeordnet.

Responsive Viewports
- Desktop: 1440 x 900 CSS-Pixel.
- Full HD: 1920 x 1080 CSS-Pixel.
- WQHD: 2560 x 1440 CSS-Pixel.
- Ultrawide: 3440 x 1440 CSS-Pixel.
- 4K: 3840 x 2160 CSS-Pixel.
- Tablet: 768 x 1024 CSS-Pixel.
- Smartphone: 390 x 844 CSS-Pixel.
- Bei UI-Tests jeden definierten Viewport pruefen und je Viewport einen eigenen Screenshot am Testlauf hinterlegen.

Beleg und Nachbereitung
- Fuer jeden einzelnen Testschritt unmittelbar nach der Ausfuehrung einen Screenshot als Anhang am Testlauf hinterlegen.
- Der Screenshot muss die relevante Ausgangslage bzw. Eingabe und das sichtbare Ergebnis des jeweiligen Schrittes nachvollziehbar zeigen.
- Alle Schritte des Tests muessen einen eigenen Nachweis besitzen; bei Eingabeschritten sind Eingabe und anschliessende Reaktion zu dokumentieren.
- PASS nur vergeben, wenn alle Schritte erfolgreich abgeschlossen und fuer alle Schritte Screenshots hinterlegt sind.
- FAIL oder BLOCKED ebenfalls mit Screenshot(s), tatsaechlichem Ergebnis, Datum, Tester und Umgebung dokumentieren; bei FAIL einen Bug mit Reproduktionsschritten und Verweis auf diesen Test anlegen.
- Passwoerter, Tokens, Zahlungsdaten und sonstige Geheimnisse niemals im Klartext speichern; vor dem Anhang maskieren oder schwaerzen."
KAN-896,E9-14 Release-Abnahmekriterien definieren – Traceability und Abdeckung,"Abgedeckte Story: KAN-120 – E9-14 Release-Abnahmekriterien definieren
Testart: Traceability und Abdeckung
Priorität der Story: High

Ziel
Story, Test Set und Test Plan nachvollziehen

Vorbedingungen
- Die Anwendung ist erreichbar und die erforderlichen Testdaten sind vorbereitet.
- Der Test wird in einer isolierten Umgebung mit nachvollziehbaren Benutzerrollen ausgeführt.

Schritte
1. Test mit Story verknüpfen.
2. In Test Set und Plan aufnehmen.
3. Execution starten.
4. Coverage und Status prüfen.

Erwartetes Ergebnis
Die Story-Abdeckung ist sichtbar und der Teststatus fließt in Set, Plan und Release-Ansicht ein.

Responsive Viewports
- Desktop: 1440 x 900 CSS-Pixel.
- Full HD: 1920 x 1080 CSS-Pixel.
- WQHD: 2560 x 1440 CSS-Pixel.
- Ultrawide: 3440 x 1440 CSS-Pixel.
- 4K: 3840 x 2160 CSS-Pixel.
- Tablet: 768 x 1024 CSS-Pixel.
- Smartphone: 390 x 844 CSS-Pixel.
- Bei UI-Tests jeden definierten Viewport pruefen und je Viewport einen eigenen Screenshot am Testlauf hinterlegen.

Beleg und Nachbereitung
- Fuer jeden einzelnen Testschritt unmittelbar nach der Ausfuehrung einen Screenshot als Anhang am Testlauf hinterlegen.
- Der Screenshot muss die relevante Ausgangslage bzw. Eingabe und das sichtbare Ergebnis des jeweiligen Schrittes nachvollziehbar zeigen.
- Alle Schritte des Tests muessen einen eigenen Nachweis besitzen; bei Eingabeschritten sind Eingabe und anschliessende Reaktion zu dokumentieren.
- PASS nur vergeben, wenn alle Schritte erfolgreich abgeschlossen und fuer alle Schritte Screenshots hinterlegt sind.
- FAIL oder BLOCKED ebenfalls mit Screenshot(s), tatsaechlichem Ergebnis, Datum, Tester und Umgebung dokumentieren; bei FAIL einen Bug mit Reproduktionsschritten und Verweis auf diesen Test anlegen.
- Passwoerter, Tokens, Zahlungsdaten und sonstige Geheimnisse niemals im Klartext speichern; vor dem Anhang maskieren oder schwaerzen."
KAN-897,E9-14 Release-Abnahmekriterien definieren – Fehler und Regression,"Abgedeckte Story: KAN-120 – E9-14 Release-Abnahmekriterien definieren
Testart: Fehler und Regression
Priorität der Story: High

Ziel
Fehlgeschlagenen Test reproduzieren und zurücksetzen

Vorbedingungen
- Die Anwendung ist erreichbar und die erforderlichen Testdaten sind vorbereitet.
- Der Test wird in einer isolierten Umgebung mit nachvollziehbaren Benutzerrollen ausgeführt.

Schritte
1. Negativ- oder Regressionstest ausführen.
2. Fehlschlag mit Kontext dokumentieren.
3. Bug beziehungsweise Abweichung erfassen.
4. Korrektur erneut testen.

Erwartetes Ergebnis
Der Fehler ist reproduzierbar beschrieben; Retest und Regression aktualisieren die Abdeckung korrekt.

Responsive Viewports
- Desktop: 1440 x 900 CSS-Pixel.
- Full HD: 1920 x 1080 CSS-Pixel.
- WQHD: 2560 x 1440 CSS-Pixel.
- Ultrawide: 3440 x 1440 CSS-Pixel.
- 4K: 3840 x 2160 CSS-Pixel.
- Tablet: 768 x 1024 CSS-Pixel.
- Smartphone: 390 x 844 CSS-Pixel.
- Bei UI-Tests jeden definierten Viewport pruefen und je Viewport einen eigenen Screenshot am Testlauf hinterlegen.

Beleg und Nachbereitung
- Fuer jeden einzelnen Testschritt unmittelbar nach der Ausfuehrung einen Screenshot als Anhang am Testlauf hinterlegen.
- Der Screenshot muss die relevante Ausgangslage bzw. Eingabe und das sichtbare Ergebnis des jeweiligen Schrittes nachvollziehbar zeigen.
- Alle Schritte des Tests muessen einen eigenen Nachweis besitzen; bei Eingabeschritten sind Eingabe und anschliessende Reaktion zu dokumentieren.
- PASS nur vergeben, wenn alle Schritte erfolgreich abgeschlossen und fuer alle Schritte Screenshots hinterlegt sind.
- FAIL oder BLOCKED ebenfalls mit Screenshot(s), tatsaechlichem Ergebnis, Datum, Tester und Umgebung dokumentieren; bei FAIL einen Bug mit Reproduktionsschritten und Verweis auf diesen Test anlegen.
- Passwoerter, Tokens, Zahlungsdaten und sonstige Geheimnisse niemals im Klartext speichern; vor dem Anhang maskieren oder schwaerzen."
