Issue Key,Summary,Description
KAN-565,E1-01 Karte anlegen – Happy Path,"Abgedeckte Story: KAN-10 – E1-01 Karte anlegen
Testart: Happy Path
Priorität der Story: Highest

Ziel
Mit gültigen Pflichtdaten arbeiten

Vorbedingungen
- Die Anwendung ist erreichbar und die erforderlichen Testdaten sind vorbereitet.
- Der Test wird in einer isolierten Umgebung mit nachvollziehbaren Benutzerrollen ausgeführt.

Schritte
1. Mit berechtigtem Nutzer anmelden.
2. Gültige Story-Daten erfassen.
3. Vorgang speichern oder ausführen.
4. Ergebnis erneut laden.

Erwartetes Ergebnis
Der Vorgang wird einmalig erfolgreich verarbeitet; alle relevanten Daten sind konsistent sichtbar.

Responsive Viewports
- Desktop: 1440 x 900 CSS-Pixel.
- Full HD: 1920 x 1080 CSS-Pixel.
- WQHD: 2560 x 1440 CSS-Pixel.
- Ultrawide: 3440 x 1440 CSS-Pixel.
- 4K: 3840 x 2160 CSS-Pixel.
- Tablet: 768 x 1024 CSS-Pixel.
- Smartphone: 390 x 844 CSS-Pixel.
- Bei UI-Tests jeden definierten Viewport pruefen und je Viewport einen eigenen Screenshot am Testlauf hinterlegen.

Beleg und Nachbereitung
- Fuer jeden einzelnen Testschritt unmittelbar nach der Ausfuehrung einen Screenshot als Anhang am Testlauf hinterlegen.
- Der Screenshot muss die relevante Ausgangslage bzw. Eingabe und das sichtbare Ergebnis des jeweiligen Schrittes nachvollziehbar zeigen.
- Alle Schritte des Tests muessen einen eigenen Nachweis besitzen; bei Eingabeschritten sind Eingabe und anschliessende Reaktion zu dokumentieren.
- PASS nur vergeben, wenn alle Schritte erfolgreich abgeschlossen und fuer alle Schritte Screenshots hinterlegt sind.
- FAIL oder BLOCKED ebenfalls mit Screenshot(s), tatsaechlichem Ergebnis, Datum, Tester und Umgebung dokumentieren; bei FAIL einen Bug mit Reproduktionsschritten und Verweis auf diesen Test anlegen.
- Passwoerter, Tokens, Zahlungsdaten und sonstige Geheimnisse niemals im Klartext speichern; vor dem Anhang maskieren oder schwaerzen."
KAN-566,E1-01 Karte anlegen – Negative und Grenzwerte,"Abgedeckte Story: KAN-10 – E1-01 Karte anlegen
Testart: Negative und Grenzwerte
Priorität der Story: Highest

Ziel
Ungültige Eingaben und Grenzwerte prüfen

Vorbedingungen
- Die Anwendung ist erreichbar und die erforderlichen Testdaten sind vorbereitet.
- Der Test wird in einer isolierten Umgebung mit nachvollziehbaren Benutzerrollen ausgeführt.

Schritte
1. Pflichtfelder leer lassen.
2. Ungültige Formate und Grenzwerte verwenden.
3. Dubletten- oder Konfliktfall simulieren.
4. Aktion erneut ausführen.

Erwartetes Ergebnis
Jeder Fehler wird am richtigen Feld erklärt; es entsteht kein halbfertiger oder doppelter Datensatz.

Responsive Viewports
- Desktop: 1440 x 900 CSS-Pixel.
- Full HD: 1920 x 1080 CSS-Pixel.
- WQHD: 2560 x 1440 CSS-Pixel.
- Ultrawide: 3440 x 1440 CSS-Pixel.
- 4K: 3840 x 2160 CSS-Pixel.
- Tablet: 768 x 1024 CSS-Pixel.
- Smartphone: 390 x 844 CSS-Pixel.
- Bei UI-Tests jeden definierten Viewport pruefen und je Viewport einen eigenen Screenshot am Testlauf hinterlegen.

Beleg und Nachbereitung
- Fuer jeden einzelnen Testschritt unmittelbar nach der Ausfuehrung einen Screenshot als Anhang am Testlauf hinterlegen.
- Der Screenshot muss die relevante Ausgangslage bzw. Eingabe und das sichtbare Ergebnis des jeweiligen Schrittes nachvollziehbar zeigen.
- Alle Schritte des Tests muessen einen eigenen Nachweis besitzen; bei Eingabeschritten sind Eingabe und anschliessende Reaktion zu dokumentieren.
- PASS nur vergeben, wenn alle Schritte erfolgreich abgeschlossen und fuer alle Schritte Screenshots hinterlegt sind.
- FAIL oder BLOCKED ebenfalls mit Screenshot(s), tatsaechlichem Ergebnis, Datum, Tester und Umgebung dokumentieren; bei FAIL einen Bug mit Reproduktionsschritten und Verweis auf diesen Test anlegen.
- Passwoerter, Tokens, Zahlungsdaten und sonstige Geheimnisse niemals im Klartext speichern; vor dem Anhang maskieren oder schwaerzen."
KAN-567,E1-01 Karte anlegen – Berechtigung und Betrieb,"Abgedeckte Story: KAN-10 – E1-01 Karte anlegen
Testart: Berechtigung und Betrieb
Priorität der Story: Highest

Ziel
Rollen, Reload und Fehlerwiederaufnahme prüfen

Vorbedingungen
- Die Anwendung ist erreichbar und die erforderlichen Testdaten sind vorbereitet.
- Der Test wird in einer isolierten Umgebung mit nachvollziehbaren Benutzerrollen ausgeführt.

Schritte
1. Mit nicht berechtigter Rolle aufrufen.
2. Direkten Endpunkt beziehungsweise Deep Link verwenden.
3. Technischen Fehler simulieren und erneut laden.
4. Änderungsverlauf oder Log prüfen.

Erwartetes Ergebnis
Nicht berechtigte Zugriffe werden abgewiesen; nach einem Fehler bleibt der Zustand nachvollziehbar und wiederholbar.

Responsive Viewports
- Desktop: 1440 x 900 CSS-Pixel.
- Full HD: 1920 x 1080 CSS-Pixel.
- WQHD: 2560 x 1440 CSS-Pixel.
- Ultrawide: 3440 x 1440 CSS-Pixel.
- 4K: 3840 x 2160 CSS-Pixel.
- Tablet: 768 x 1024 CSS-Pixel.
- Smartphone: 390 x 844 CSS-Pixel.
- Bei UI-Tests jeden definierten Viewport pruefen und je Viewport einen eigenen Screenshot am Testlauf hinterlegen.

Beleg und Nachbereitung
- Fuer jeden einzelnen Testschritt unmittelbar nach der Ausfuehrung einen Screenshot als Anhang am Testlauf hinterlegen.
- Der Screenshot muss die relevante Ausgangslage bzw. Eingabe und das sichtbare Ergebnis des jeweiligen Schrittes nachvollziehbar zeigen.
- Alle Schritte des Tests muessen einen eigenen Nachweis besitzen; bei Eingabeschritten sind Eingabe und anschliessende Reaktion zu dokumentieren.
- PASS nur vergeben, wenn alle Schritte erfolgreich abgeschlossen und fuer alle Schritte Screenshots hinterlegt sind.
- FAIL oder BLOCKED ebenfalls mit Screenshot(s), tatsaechlichem Ergebnis, Datum, Tester und Umgebung dokumentieren; bei FAIL einen Bug mit Reproduktionsschritten und Verweis auf diesen Test anlegen.
- Passwoerter, Tokens, Zahlungsdaten und sonstige Geheimnisse niemals im Klartext speichern; vor dem Anhang maskieren oder schwaerzen."
KAN-568,E1-02 Kartendaten bearbeiten – Happy Path,"Abgedeckte Story: KAN-11 – E1-02 Kartendaten bearbeiten
Testart: Happy Path
Priorität der Story: Highest

Ziel
Mit gültigen Pflichtdaten arbeiten

Vorbedingungen
- Die Anwendung ist erreichbar und die erforderlichen Testdaten sind vorbereitet.
- Der Test wird in einer isolierten Umgebung mit nachvollziehbaren Benutzerrollen ausgeführt.

Schritte
1. Mit berechtigtem Nutzer anmelden.
2. Gültige Story-Daten erfassen.
3. Vorgang speichern oder ausführen.
4. Ergebnis erneut laden.

Erwartetes Ergebnis
Der Vorgang wird einmalig erfolgreich verarbeitet; alle relevanten Daten sind konsistent sichtbar.

Responsive Viewports
- Desktop: 1440 x 900 CSS-Pixel.
- Full HD: 1920 x 1080 CSS-Pixel.
- WQHD: 2560 x 1440 CSS-Pixel.
- Ultrawide: 3440 x 1440 CSS-Pixel.
- 4K: 3840 x 2160 CSS-Pixel.
- Tablet: 768 x 1024 CSS-Pixel.
- Smartphone: 390 x 844 CSS-Pixel.
- Bei UI-Tests jeden definierten Viewport pruefen und je Viewport einen eigenen Screenshot am Testlauf hinterlegen.

Beleg und Nachbereitung
- Fuer jeden einzelnen Testschritt unmittelbar nach der Ausfuehrung einen Screenshot als Anhang am Testlauf hinterlegen.
- Der Screenshot muss die relevante Ausgangslage bzw. Eingabe und das sichtbare Ergebnis des jeweiligen Schrittes nachvollziehbar zeigen.
- Alle Schritte des Tests muessen einen eigenen Nachweis besitzen; bei Eingabeschritten sind Eingabe und anschliessende Reaktion zu dokumentieren.
- PASS nur vergeben, wenn alle Schritte erfolgreich abgeschlossen und fuer alle Schritte Screenshots hinterlegt sind.
- FAIL oder BLOCKED ebenfalls mit Screenshot(s), tatsaechlichem Ergebnis, Datum, Tester und Umgebung dokumentieren; bei FAIL einen Bug mit Reproduktionsschritten und Verweis auf diesen Test anlegen.
- Passwoerter, Tokens, Zahlungsdaten und sonstige Geheimnisse niemals im Klartext speichern; vor dem Anhang maskieren oder schwaerzen."
KAN-569,E1-02 Kartendaten bearbeiten – Negative und Grenzwerte,"Abgedeckte Story: KAN-11 – E1-02 Kartendaten bearbeiten
Testart: Negative und Grenzwerte
Priorität der Story: Highest

Ziel
Ungültige Eingaben und Grenzwerte prüfen

Vorbedingungen
- Die Anwendung ist erreichbar und die erforderlichen Testdaten sind vorbereitet.
- Der Test wird in einer isolierten Umgebung mit nachvollziehbaren Benutzerrollen ausgeführt.

Schritte
1. Pflichtfelder leer lassen.
2. Ungültige Formate und Grenzwerte verwenden.
3. Dubletten- oder Konfliktfall simulieren.
4. Aktion erneut ausführen.

Erwartetes Ergebnis
Jeder Fehler wird am richtigen Feld erklärt; es entsteht kein halbfertiger oder doppelter Datensatz.

Responsive Viewports
- Desktop: 1440 x 900 CSS-Pixel.
- Full HD: 1920 x 1080 CSS-Pixel.
- WQHD: 2560 x 1440 CSS-Pixel.
- Ultrawide: 3440 x 1440 CSS-Pixel.
- 4K: 3840 x 2160 CSS-Pixel.
- Tablet: 768 x 1024 CSS-Pixel.
- Smartphone: 390 x 844 CSS-Pixel.
- Bei UI-Tests jeden definierten Viewport pruefen und je Viewport einen eigenen Screenshot am Testlauf hinterlegen.

Beleg und Nachbereitung
- Fuer jeden einzelnen Testschritt unmittelbar nach der Ausfuehrung einen Screenshot als Anhang am Testlauf hinterlegen.
- Der Screenshot muss die relevante Ausgangslage bzw. Eingabe und das sichtbare Ergebnis des jeweiligen Schrittes nachvollziehbar zeigen.
- Alle Schritte des Tests muessen einen eigenen Nachweis besitzen; bei Eingabeschritten sind Eingabe und anschliessende Reaktion zu dokumentieren.
- PASS nur vergeben, wenn alle Schritte erfolgreich abgeschlossen und fuer alle Schritte Screenshots hinterlegt sind.
- FAIL oder BLOCKED ebenfalls mit Screenshot(s), tatsaechlichem Ergebnis, Datum, Tester und Umgebung dokumentieren; bei FAIL einen Bug mit Reproduktionsschritten und Verweis auf diesen Test anlegen.
- Passwoerter, Tokens, Zahlungsdaten und sonstige Geheimnisse niemals im Klartext speichern; vor dem Anhang maskieren oder schwaerzen."
KAN-570,E1-02 Kartendaten bearbeiten – Berechtigung und Betrieb,"Abgedeckte Story: KAN-11 – E1-02 Kartendaten bearbeiten
Testart: Berechtigung und Betrieb
Priorität der Story: Highest

Ziel
Rollen, Reload und Fehlerwiederaufnahme prüfen

Vorbedingungen
- Die Anwendung ist erreichbar und die erforderlichen Testdaten sind vorbereitet.
- Der Test wird in einer isolierten Umgebung mit nachvollziehbaren Benutzerrollen ausgeführt.

Schritte
1. Mit nicht berechtigter Rolle aufrufen.
2. Direkten Endpunkt beziehungsweise Deep Link verwenden.
3. Technischen Fehler simulieren und erneut laden.
4. Änderungsverlauf oder Log prüfen.

Erwartetes Ergebnis
Nicht berechtigte Zugriffe werden abgewiesen; nach einem Fehler bleibt der Zustand nachvollziehbar und wiederholbar.

Responsive Viewports
- Desktop: 1440 x 900 CSS-Pixel.
- Full HD: 1920 x 1080 CSS-Pixel.
- WQHD: 2560 x 1440 CSS-Pixel.
- Ultrawide: 3440 x 1440 CSS-Pixel.
- 4K: 3840 x 2160 CSS-Pixel.
- Tablet: 768 x 1024 CSS-Pixel.
- Smartphone: 390 x 844 CSS-Pixel.
- Bei UI-Tests jeden definierten Viewport pruefen und je Viewport einen eigenen Screenshot am Testlauf hinterlegen.

Beleg und Nachbereitung
- Fuer jeden einzelnen Testschritt unmittelbar nach der Ausfuehrung einen Screenshot als Anhang am Testlauf hinterlegen.
- Der Screenshot muss die relevante Ausgangslage bzw. Eingabe und das sichtbare Ergebnis des jeweiligen Schrittes nachvollziehbar zeigen.
- Alle Schritte des Tests muessen einen eigenen Nachweis besitzen; bei Eingabeschritten sind Eingabe und anschliessende Reaktion zu dokumentieren.
- PASS nur vergeben, wenn alle Schritte erfolgreich abgeschlossen und fuer alle Schritte Screenshots hinterlegt sind.
- FAIL oder BLOCKED ebenfalls mit Screenshot(s), tatsaechlichem Ergebnis, Datum, Tester und Umgebung dokumentieren; bei FAIL einen Bug mit Reproduktionsschritten und Verweis auf diesen Test anlegen.
- Passwoerter, Tokens, Zahlungsdaten und sonstige Geheimnisse niemals im Klartext speichern; vor dem Anhang maskieren oder schwaerzen."
KAN-571,E1-03 Karten klassifizieren – Happy Path,"Abgedeckte Story: KAN-12 – E1-03 Karten klassifizieren
Testart: Happy Path
Priorität der Story: Highest

Ziel
Mit gültigen Pflichtdaten arbeiten

Vorbedingungen
- Die Anwendung ist erreichbar und die erforderlichen Testdaten sind vorbereitet.
- Der Test wird in einer isolierten Umgebung mit nachvollziehbaren Benutzerrollen ausgeführt.

Schritte
1. Mit berechtigtem Nutzer anmelden.
2. Gültige Story-Daten erfassen.
3. Vorgang speichern oder ausführen.
4. Ergebnis erneut laden.

Erwartetes Ergebnis
Der Vorgang wird einmalig erfolgreich verarbeitet; alle relevanten Daten sind konsistent sichtbar.

Responsive Viewports
- Desktop: 1440 x 900 CSS-Pixel.
- Full HD: 1920 x 1080 CSS-Pixel.
- WQHD: 2560 x 1440 CSS-Pixel.
- Ultrawide: 3440 x 1440 CSS-Pixel.
- 4K: 3840 x 2160 CSS-Pixel.
- Tablet: 768 x 1024 CSS-Pixel.
- Smartphone: 390 x 844 CSS-Pixel.
- Bei UI-Tests jeden definierten Viewport pruefen und je Viewport einen eigenen Screenshot am Testlauf hinterlegen.

Beleg und Nachbereitung
- Fuer jeden einzelnen Testschritt unmittelbar nach der Ausfuehrung einen Screenshot als Anhang am Testlauf hinterlegen.
- Der Screenshot muss die relevante Ausgangslage bzw. Eingabe und das sichtbare Ergebnis des jeweiligen Schrittes nachvollziehbar zeigen.
- Alle Schritte des Tests muessen einen eigenen Nachweis besitzen; bei Eingabeschritten sind Eingabe und anschliessende Reaktion zu dokumentieren.
- PASS nur vergeben, wenn alle Schritte erfolgreich abgeschlossen und fuer alle Schritte Screenshots hinterlegt sind.
- FAIL oder BLOCKED ebenfalls mit Screenshot(s), tatsaechlichem Ergebnis, Datum, Tester und Umgebung dokumentieren; bei FAIL einen Bug mit Reproduktionsschritten und Verweis auf diesen Test anlegen.
- Passwoerter, Tokens, Zahlungsdaten und sonstige Geheimnisse niemals im Klartext speichern; vor dem Anhang maskieren oder schwaerzen."
KAN-572,E1-03 Karten klassifizieren – Negative und Grenzwerte,"Abgedeckte Story: KAN-12 – E1-03 Karten klassifizieren
Testart: Negative und Grenzwerte
Priorität der Story: Highest

Ziel
Ungültige Eingaben und Grenzwerte prüfen

Vorbedingungen
- Die Anwendung ist erreichbar und die erforderlichen Testdaten sind vorbereitet.
- Der Test wird in einer isolierten Umgebung mit nachvollziehbaren Benutzerrollen ausgeführt.

Schritte
1. Pflichtfelder leer lassen.
2. Ungültige Formate und Grenzwerte verwenden.
3. Dubletten- oder Konfliktfall simulieren.
4. Aktion erneut ausführen.

Erwartetes Ergebnis
Jeder Fehler wird am richtigen Feld erklärt; es entsteht kein halbfertiger oder doppelter Datensatz.

Responsive Viewports
- Desktop: 1440 x 900 CSS-Pixel.
- Full HD: 1920 x 1080 CSS-Pixel.
- WQHD: 2560 x 1440 CSS-Pixel.
- Ultrawide: 3440 x 1440 CSS-Pixel.
- 4K: 3840 x 2160 CSS-Pixel.
- Tablet: 768 x 1024 CSS-Pixel.
- Smartphone: 390 x 844 CSS-Pixel.
- Bei UI-Tests jeden definierten Viewport pruefen und je Viewport einen eigenen Screenshot am Testlauf hinterlegen.

Beleg und Nachbereitung
- Fuer jeden einzelnen Testschritt unmittelbar nach der Ausfuehrung einen Screenshot als Anhang am Testlauf hinterlegen.
- Der Screenshot muss die relevante Ausgangslage bzw. Eingabe und das sichtbare Ergebnis des jeweiligen Schrittes nachvollziehbar zeigen.
- Alle Schritte des Tests muessen einen eigenen Nachweis besitzen; bei Eingabeschritten sind Eingabe und anschliessende Reaktion zu dokumentieren.
- PASS nur vergeben, wenn alle Schritte erfolgreich abgeschlossen und fuer alle Schritte Screenshots hinterlegt sind.
- FAIL oder BLOCKED ebenfalls mit Screenshot(s), tatsaechlichem Ergebnis, Datum, Tester und Umgebung dokumentieren; bei FAIL einen Bug mit Reproduktionsschritten und Verweis auf diesen Test anlegen.
- Passwoerter, Tokens, Zahlungsdaten und sonstige Geheimnisse niemals im Klartext speichern; vor dem Anhang maskieren oder schwaerzen."
KAN-573,E1-03 Karten klassifizieren – Berechtigung und Betrieb,"Abgedeckte Story: KAN-12 – E1-03 Karten klassifizieren
Testart: Berechtigung und Betrieb
Priorität der Story: Highest

Ziel
Rollen, Reload und Fehlerwiederaufnahme prüfen

Vorbedingungen
- Die Anwendung ist erreichbar und die erforderlichen Testdaten sind vorbereitet.
- Der Test wird in einer isolierten Umgebung mit nachvollziehbaren Benutzerrollen ausgeführt.

Schritte
1. Mit nicht berechtigter Rolle aufrufen.
2. Direkten Endpunkt beziehungsweise Deep Link verwenden.
3. Technischen Fehler simulieren und erneut laden.
4. Änderungsverlauf oder Log prüfen.

Erwartetes Ergebnis
Nicht berechtigte Zugriffe werden abgewiesen; nach einem Fehler bleibt der Zustand nachvollziehbar und wiederholbar.

Responsive Viewports
- Desktop: 1440 x 900 CSS-Pixel.
- Full HD: 1920 x 1080 CSS-Pixel.
- WQHD: 2560 x 1440 CSS-Pixel.
- Ultrawide: 3440 x 1440 CSS-Pixel.
- 4K: 3840 x 2160 CSS-Pixel.
- Tablet: 768 x 1024 CSS-Pixel.
- Smartphone: 390 x 844 CSS-Pixel.
- Bei UI-Tests jeden definierten Viewport pruefen und je Viewport einen eigenen Screenshot am Testlauf hinterlegen.

Beleg und Nachbereitung
- Fuer jeden einzelnen Testschritt unmittelbar nach der Ausfuehrung einen Screenshot als Anhang am Testlauf hinterlegen.
- Der Screenshot muss die relevante Ausgangslage bzw. Eingabe und das sichtbare Ergebnis des jeweiligen Schrittes nachvollziehbar zeigen.
- Alle Schritte des Tests muessen einen eigenen Nachweis besitzen; bei Eingabeschritten sind Eingabe und anschliessende Reaktion zu dokumentieren.
- PASS nur vergeben, wenn alle Schritte erfolgreich abgeschlossen und fuer alle Schritte Screenshots hinterlegt sind.
- FAIL oder BLOCKED ebenfalls mit Screenshot(s), tatsaechlichem Ergebnis, Datum, Tester und Umgebung dokumentieren; bei FAIL einen Bug mit Reproduktionsschritten und Verweis auf diesen Test anlegen.
- Passwoerter, Tokens, Zahlungsdaten und sonstige Geheimnisse niemals im Klartext speichern; vor dem Anhang maskieren oder schwaerzen."
KAN-574,E1-04 Serien und Sets verwalten – Happy Path,"Abgedeckte Story: KAN-13 – E1-04 Serien und Sets verwalten
Testart: Happy Path
Priorität der Story: Highest

Ziel
Mit gültigen Pflichtdaten arbeiten

Vorbedingungen
- Die Anwendung ist erreichbar und die erforderlichen Testdaten sind vorbereitet.
- Der Test wird in einer isolierten Umgebung mit nachvollziehbaren Benutzerrollen ausgeführt.

Schritte
1. Mit berechtigtem Nutzer anmelden.
2. Gültige Story-Daten erfassen.
3. Vorgang speichern oder ausführen.
4. Ergebnis erneut laden.

Erwartetes Ergebnis
Der Vorgang wird einmalig erfolgreich verarbeitet; alle relevanten Daten sind konsistent sichtbar.

Responsive Viewports
- Desktop: 1440 x 900 CSS-Pixel.
- Full HD: 1920 x 1080 CSS-Pixel.
- WQHD: 2560 x 1440 CSS-Pixel.
- Ultrawide: 3440 x 1440 CSS-Pixel.
- 4K: 3840 x 2160 CSS-Pixel.
- Tablet: 768 x 1024 CSS-Pixel.
- Smartphone: 390 x 844 CSS-Pixel.
- Bei UI-Tests jeden definierten Viewport pruefen und je Viewport einen eigenen Screenshot am Testlauf hinterlegen.

Beleg und Nachbereitung
- Fuer jeden einzelnen Testschritt unmittelbar nach der Ausfuehrung einen Screenshot als Anhang am Testlauf hinterlegen.
- Der Screenshot muss die relevante Ausgangslage bzw. Eingabe und das sichtbare Ergebnis des jeweiligen Schrittes nachvollziehbar zeigen.
- Alle Schritte des Tests muessen einen eigenen Nachweis besitzen; bei Eingabeschritten sind Eingabe und anschliessende Reaktion zu dokumentieren.
- PASS nur vergeben, wenn alle Schritte erfolgreich abgeschlossen und fuer alle Schritte Screenshots hinterlegt sind.
- FAIL oder BLOCKED ebenfalls mit Screenshot(s), tatsaechlichem Ergebnis, Datum, Tester und Umgebung dokumentieren; bei FAIL einen Bug mit Reproduktionsschritten und Verweis auf diesen Test anlegen.
- Passwoerter, Tokens, Zahlungsdaten und sonstige Geheimnisse niemals im Klartext speichern; vor dem Anhang maskieren oder schwaerzen."
KAN-575,E1-04 Serien und Sets verwalten – Negative und Grenzwerte,"Abgedeckte Story: KAN-13 – E1-04 Serien und Sets verwalten
Testart: Negative und Grenzwerte
Priorität der Story: Highest

Ziel
Ungültige Eingaben und Grenzwerte prüfen

Vorbedingungen
- Die Anwendung ist erreichbar und die erforderlichen Testdaten sind vorbereitet.
- Der Test wird in einer isolierten Umgebung mit nachvollziehbaren Benutzerrollen ausgeführt.

Schritte
1. Pflichtfelder leer lassen.
2. Ungültige Formate und Grenzwerte verwenden.
3. Dubletten- oder Konfliktfall simulieren.
4. Aktion erneut ausführen.

Erwartetes Ergebnis
Jeder Fehler wird am richtigen Feld erklärt; es entsteht kein halbfertiger oder doppelter Datensatz.

Responsive Viewports
- Desktop: 1440 x 900 CSS-Pixel.
- Full HD: 1920 x 1080 CSS-Pixel.
- WQHD: 2560 x 1440 CSS-Pixel.
- Ultrawide: 3440 x 1440 CSS-Pixel.
- 4K: 3840 x 2160 CSS-Pixel.
- Tablet: 768 x 1024 CSS-Pixel.
- Smartphone: 390 x 844 CSS-Pixel.
- Bei UI-Tests jeden definierten Viewport pruefen und je Viewport einen eigenen Screenshot am Testlauf hinterlegen.

Beleg und Nachbereitung
- Fuer jeden einzelnen Testschritt unmittelbar nach der Ausfuehrung einen Screenshot als Anhang am Testlauf hinterlegen.
- Der Screenshot muss die relevante Ausgangslage bzw. Eingabe und das sichtbare Ergebnis des jeweiligen Schrittes nachvollziehbar zeigen.
- Alle Schritte des Tests muessen einen eigenen Nachweis besitzen; bei Eingabeschritten sind Eingabe und anschliessende Reaktion zu dokumentieren.
- PASS nur vergeben, wenn alle Schritte erfolgreich abgeschlossen und fuer alle Schritte Screenshots hinterlegt sind.
- FAIL oder BLOCKED ebenfalls mit Screenshot(s), tatsaechlichem Ergebnis, Datum, Tester und Umgebung dokumentieren; bei FAIL einen Bug mit Reproduktionsschritten und Verweis auf diesen Test anlegen.
- Passwoerter, Tokens, Zahlungsdaten und sonstige Geheimnisse niemals im Klartext speichern; vor dem Anhang maskieren oder schwaerzen."
KAN-576,E1-04 Serien und Sets verwalten – Berechtigung und Betrieb,"Abgedeckte Story: KAN-13 – E1-04 Serien und Sets verwalten
Testart: Berechtigung und Betrieb
Priorität der Story: Highest

Ziel
Rollen, Reload und Fehlerwiederaufnahme prüfen

Vorbedingungen
- Die Anwendung ist erreichbar und die erforderlichen Testdaten sind vorbereitet.
- Der Test wird in einer isolierten Umgebung mit nachvollziehbaren Benutzerrollen ausgeführt.

Schritte
1. Mit nicht berechtigter Rolle aufrufen.
2. Direkten Endpunkt beziehungsweise Deep Link verwenden.
3. Technischen Fehler simulieren und erneut laden.
4. Änderungsverlauf oder Log prüfen.

Erwartetes Ergebnis
Nicht berechtigte Zugriffe werden abgewiesen; nach einem Fehler bleibt der Zustand nachvollziehbar und wiederholbar.

Responsive Viewports
- Desktop: 1440 x 900 CSS-Pixel.
- Full HD: 1920 x 1080 CSS-Pixel.
- WQHD: 2560 x 1440 CSS-Pixel.
- Ultrawide: 3440 x 1440 CSS-Pixel.
- 4K: 3840 x 2160 CSS-Pixel.
- Tablet: 768 x 1024 CSS-Pixel.
- Smartphone: 390 x 844 CSS-Pixel.
- Bei UI-Tests jeden definierten Viewport pruefen und je Viewport einen eigenen Screenshot am Testlauf hinterlegen.

Beleg und Nachbereitung
- Fuer jeden einzelnen Testschritt unmittelbar nach der Ausfuehrung einen Screenshot als Anhang am Testlauf hinterlegen.
- Der Screenshot muss die relevante Ausgangslage bzw. Eingabe und das sichtbare Ergebnis des jeweiligen Schrittes nachvollziehbar zeigen.
- Alle Schritte des Tests muessen einen eigenen Nachweis besitzen; bei Eingabeschritten sind Eingabe und anschliessende Reaktion zu dokumentieren.
- PASS nur vergeben, wenn alle Schritte erfolgreich abgeschlossen und fuer alle Schritte Screenshots hinterlegt sind.
- FAIL oder BLOCKED ebenfalls mit Screenshot(s), tatsaechlichem Ergebnis, Datum, Tester und Umgebung dokumentieren; bei FAIL einen Bug mit Reproduktionsschritten und Verweis auf diesen Test anlegen.
- Passwoerter, Tokens, Zahlungsdaten und sonstige Geheimnisse niemals im Klartext speichern; vor dem Anhang maskieren oder schwaerzen."
KAN-577,E1-05 Zustand und Grading erfassen – Happy Path,"Abgedeckte Story: KAN-14 – E1-05 Zustand und Grading erfassen
Testart: Happy Path
Priorität der Story: Highest

Ziel
Mit gültigen Pflichtdaten arbeiten

Vorbedingungen
- Die Anwendung ist erreichbar und die erforderlichen Testdaten sind vorbereitet.
- Der Test wird in einer isolierten Umgebung mit nachvollziehbaren Benutzerrollen ausgeführt.

Schritte
1. Mit berechtigtem Nutzer anmelden.
2. Gültige Story-Daten erfassen.
3. Vorgang speichern oder ausführen.
4. Ergebnis erneut laden.

Erwartetes Ergebnis
Der Vorgang wird einmalig erfolgreich verarbeitet; alle relevanten Daten sind konsistent sichtbar.

Responsive Viewports
- Desktop: 1440 x 900 CSS-Pixel.
- Full HD: 1920 x 1080 CSS-Pixel.
- WQHD: 2560 x 1440 CSS-Pixel.
- Ultrawide: 3440 x 1440 CSS-Pixel.
- 4K: 3840 x 2160 CSS-Pixel.
- Tablet: 768 x 1024 CSS-Pixel.
- Smartphone: 390 x 844 CSS-Pixel.
- Bei UI-Tests jeden definierten Viewport pruefen und je Viewport einen eigenen Screenshot am Testlauf hinterlegen.

Beleg und Nachbereitung
- Fuer jeden einzelnen Testschritt unmittelbar nach der Ausfuehrung einen Screenshot als Anhang am Testlauf hinterlegen.
- Der Screenshot muss die relevante Ausgangslage bzw. Eingabe und das sichtbare Ergebnis des jeweiligen Schrittes nachvollziehbar zeigen.
- Alle Schritte des Tests muessen einen eigenen Nachweis besitzen; bei Eingabeschritten sind Eingabe und anschliessende Reaktion zu dokumentieren.
- PASS nur vergeben, wenn alle Schritte erfolgreich abgeschlossen und fuer alle Schritte Screenshots hinterlegt sind.
- FAIL oder BLOCKED ebenfalls mit Screenshot(s), tatsaechlichem Ergebnis, Datum, Tester und Umgebung dokumentieren; bei FAIL einen Bug mit Reproduktionsschritten und Verweis auf diesen Test anlegen.
- Passwoerter, Tokens, Zahlungsdaten und sonstige Geheimnisse niemals im Klartext speichern; vor dem Anhang maskieren oder schwaerzen."
KAN-578,E1-05 Zustand und Grading erfassen – Negative und Grenzwerte,"Abgedeckte Story: KAN-14 – E1-05 Zustand und Grading erfassen
Testart: Negative und Grenzwerte
Priorität der Story: Highest

Ziel
Ungültige Eingaben und Grenzwerte prüfen

Vorbedingungen
- Die Anwendung ist erreichbar und die erforderlichen Testdaten sind vorbereitet.
- Der Test wird in einer isolierten Umgebung mit nachvollziehbaren Benutzerrollen ausgeführt.

Schritte
1. Pflichtfelder leer lassen.
2. Ungültige Formate und Grenzwerte verwenden.
3. Dubletten- oder Konfliktfall simulieren.
4. Aktion erneut ausführen.

Erwartetes Ergebnis
Jeder Fehler wird am richtigen Feld erklärt; es entsteht kein halbfertiger oder doppelter Datensatz.

Responsive Viewports
- Desktop: 1440 x 900 CSS-Pixel.
- Full HD: 1920 x 1080 CSS-Pixel.
- WQHD: 2560 x 1440 CSS-Pixel.
- Ultrawide: 3440 x 1440 CSS-Pixel.
- 4K: 3840 x 2160 CSS-Pixel.
- Tablet: 768 x 1024 CSS-Pixel.
- Smartphone: 390 x 844 CSS-Pixel.
- Bei UI-Tests jeden definierten Viewport pruefen und je Viewport einen eigenen Screenshot am Testlauf hinterlegen.

Beleg und Nachbereitung
- Fuer jeden einzelnen Testschritt unmittelbar nach der Ausfuehrung einen Screenshot als Anhang am Testlauf hinterlegen.
- Der Screenshot muss die relevante Ausgangslage bzw. Eingabe und das sichtbare Ergebnis des jeweiligen Schrittes nachvollziehbar zeigen.
- Alle Schritte des Tests muessen einen eigenen Nachweis besitzen; bei Eingabeschritten sind Eingabe und anschliessende Reaktion zu dokumentieren.
- PASS nur vergeben, wenn alle Schritte erfolgreich abgeschlossen und fuer alle Schritte Screenshots hinterlegt sind.
- FAIL oder BLOCKED ebenfalls mit Screenshot(s), tatsaechlichem Ergebnis, Datum, Tester und Umgebung dokumentieren; bei FAIL einen Bug mit Reproduktionsschritten und Verweis auf diesen Test anlegen.
- Passwoerter, Tokens, Zahlungsdaten und sonstige Geheimnisse niemals im Klartext speichern; vor dem Anhang maskieren oder schwaerzen."
KAN-579,E1-05 Zustand und Grading erfassen – Berechtigung und Betrieb,"Abgedeckte Story: KAN-14 – E1-05 Zustand und Grading erfassen
Testart: Berechtigung und Betrieb
Priorität der Story: Highest

Ziel
Rollen, Reload und Fehlerwiederaufnahme prüfen

Vorbedingungen
- Die Anwendung ist erreichbar und die erforderlichen Testdaten sind vorbereitet.
- Der Test wird in einer isolierten Umgebung mit nachvollziehbaren Benutzerrollen ausgeführt.

Schritte
1. Mit nicht berechtigter Rolle aufrufen.
2. Direkten Endpunkt beziehungsweise Deep Link verwenden.
3. Technischen Fehler simulieren und erneut laden.
4. Änderungsverlauf oder Log prüfen.

Erwartetes Ergebnis
Nicht berechtigte Zugriffe werden abgewiesen; nach einem Fehler bleibt der Zustand nachvollziehbar und wiederholbar.

Responsive Viewports
- Desktop: 1440 x 900 CSS-Pixel.
- Full HD: 1920 x 1080 CSS-Pixel.
- WQHD: 2560 x 1440 CSS-Pixel.
- Ultrawide: 3440 x 1440 CSS-Pixel.
- 4K: 3840 x 2160 CSS-Pixel.
- Tablet: 768 x 1024 CSS-Pixel.
- Smartphone: 390 x 844 CSS-Pixel.
- Bei UI-Tests jeden definierten Viewport pruefen und je Viewport einen eigenen Screenshot am Testlauf hinterlegen.

Beleg und Nachbereitung
- Fuer jeden einzelnen Testschritt unmittelbar nach der Ausfuehrung einen Screenshot als Anhang am Testlauf hinterlegen.
- Der Screenshot muss die relevante Ausgangslage bzw. Eingabe und das sichtbare Ergebnis des jeweiligen Schrittes nachvollziehbar zeigen.
- Alle Schritte des Tests muessen einen eigenen Nachweis besitzen; bei Eingabeschritten sind Eingabe und anschliessende Reaktion zu dokumentieren.
- PASS nur vergeben, wenn alle Schritte erfolgreich abgeschlossen und fuer alle Schritte Screenshots hinterlegt sind.
- FAIL oder BLOCKED ebenfalls mit Screenshot(s), tatsaechlichem Ergebnis, Datum, Tester und Umgebung dokumentieren; bei FAIL einen Bug mit Reproduktionsschritten und Verweis auf diesen Test anlegen.
- Passwoerter, Tokens, Zahlungsdaten und sonstige Geheimnisse niemals im Klartext speichern; vor dem Anhang maskieren oder schwaerzen."
KAN-580,E1-06 Kartenbilder verwalten – Happy Path,"Abgedeckte Story: KAN-15 – E1-06 Kartenbilder verwalten
Testart: Happy Path
Priorität der Story: Highest

Ziel
Mit gültigen Pflichtdaten arbeiten

Vorbedingungen
- Die Anwendung ist erreichbar und die erforderlichen Testdaten sind vorbereitet.
- Der Test wird in einer isolierten Umgebung mit nachvollziehbaren Benutzerrollen ausgeführt.

Schritte
1. Mit berechtigtem Nutzer anmelden.
2. Gültige Story-Daten erfassen.
3. Vorgang speichern oder ausführen.
4. Ergebnis erneut laden.

Erwartetes Ergebnis
Der Vorgang wird einmalig erfolgreich verarbeitet; alle relevanten Daten sind konsistent sichtbar.

Responsive Viewports
- Desktop: 1440 x 900 CSS-Pixel.
- Full HD: 1920 x 1080 CSS-Pixel.
- WQHD: 2560 x 1440 CSS-Pixel.
- Ultrawide: 3440 x 1440 CSS-Pixel.
- 4K: 3840 x 2160 CSS-Pixel.
- Tablet: 768 x 1024 CSS-Pixel.
- Smartphone: 390 x 844 CSS-Pixel.
- Bei UI-Tests jeden definierten Viewport pruefen und je Viewport einen eigenen Screenshot am Testlauf hinterlegen.

Beleg und Nachbereitung
- Fuer jeden einzelnen Testschritt unmittelbar nach der Ausfuehrung einen Screenshot als Anhang am Testlauf hinterlegen.
- Der Screenshot muss die relevante Ausgangslage bzw. Eingabe und das sichtbare Ergebnis des jeweiligen Schrittes nachvollziehbar zeigen.
- Alle Schritte des Tests muessen einen eigenen Nachweis besitzen; bei Eingabeschritten sind Eingabe und anschliessende Reaktion zu dokumentieren.
- PASS nur vergeben, wenn alle Schritte erfolgreich abgeschlossen und fuer alle Schritte Screenshots hinterlegt sind.
- FAIL oder BLOCKED ebenfalls mit Screenshot(s), tatsaechlichem Ergebnis, Datum, Tester und Umgebung dokumentieren; bei FAIL einen Bug mit Reproduktionsschritten und Verweis auf diesen Test anlegen.
- Passwoerter, Tokens, Zahlungsdaten und sonstige Geheimnisse niemals im Klartext speichern; vor dem Anhang maskieren oder schwaerzen."
KAN-581,E1-06 Kartenbilder verwalten – Negative und Grenzwerte,"Abgedeckte Story: KAN-15 – E1-06 Kartenbilder verwalten
Testart: Negative und Grenzwerte
Priorität der Story: Highest

Ziel
Ungültige Eingaben und Grenzwerte prüfen

Vorbedingungen
- Die Anwendung ist erreichbar und die erforderlichen Testdaten sind vorbereitet.
- Der Test wird in einer isolierten Umgebung mit nachvollziehbaren Benutzerrollen ausgeführt.

Schritte
1. Pflichtfelder leer lassen.
2. Ungültige Formate und Grenzwerte verwenden.
3. Dubletten- oder Konfliktfall simulieren.
4. Aktion erneut ausführen.

Erwartetes Ergebnis
Jeder Fehler wird am richtigen Feld erklärt; es entsteht kein halbfertiger oder doppelter Datensatz.

Responsive Viewports
- Desktop: 1440 x 900 CSS-Pixel.
- Full HD: 1920 x 1080 CSS-Pixel.
- WQHD: 2560 x 1440 CSS-Pixel.
- Ultrawide: 3440 x 1440 CSS-Pixel.
- 4K: 3840 x 2160 CSS-Pixel.
- Tablet: 768 x 1024 CSS-Pixel.
- Smartphone: 390 x 844 CSS-Pixel.
- Bei UI-Tests jeden definierten Viewport pruefen und je Viewport einen eigenen Screenshot am Testlauf hinterlegen.

Beleg und Nachbereitung
- Fuer jeden einzelnen Testschritt unmittelbar nach der Ausfuehrung einen Screenshot als Anhang am Testlauf hinterlegen.
- Der Screenshot muss die relevante Ausgangslage bzw. Eingabe und das sichtbare Ergebnis des jeweiligen Schrittes nachvollziehbar zeigen.
- Alle Schritte des Tests muessen einen eigenen Nachweis besitzen; bei Eingabeschritten sind Eingabe und anschliessende Reaktion zu dokumentieren.
- PASS nur vergeben, wenn alle Schritte erfolgreich abgeschlossen und fuer alle Schritte Screenshots hinterlegt sind.
- FAIL oder BLOCKED ebenfalls mit Screenshot(s), tatsaechlichem Ergebnis, Datum, Tester und Umgebung dokumentieren; bei FAIL einen Bug mit Reproduktionsschritten und Verweis auf diesen Test anlegen.
- Passwoerter, Tokens, Zahlungsdaten und sonstige Geheimnisse niemals im Klartext speichern; vor dem Anhang maskieren oder schwaerzen."
KAN-582,E1-06 Kartenbilder verwalten – Berechtigung und Betrieb,"Abgedeckte Story: KAN-15 – E1-06 Kartenbilder verwalten
Testart: Berechtigung und Betrieb
Priorität der Story: Highest

Ziel
Rollen, Reload und Fehlerwiederaufnahme prüfen

Vorbedingungen
- Die Anwendung ist erreichbar und die erforderlichen Testdaten sind vorbereitet.
- Der Test wird in einer isolierten Umgebung mit nachvollziehbaren Benutzerrollen ausgeführt.

Schritte
1. Mit nicht berechtigter Rolle aufrufen.
2. Direkten Endpunkt beziehungsweise Deep Link verwenden.
3. Technischen Fehler simulieren und erneut laden.
4. Änderungsverlauf oder Log prüfen.

Erwartetes Ergebnis
Nicht berechtigte Zugriffe werden abgewiesen; nach einem Fehler bleibt der Zustand nachvollziehbar und wiederholbar.

Responsive Viewports
- Desktop: 1440 x 900 CSS-Pixel.
- Full HD: 1920 x 1080 CSS-Pixel.
- WQHD: 2560 x 1440 CSS-Pixel.
- Ultrawide: 3440 x 1440 CSS-Pixel.
- 4K: 3840 x 2160 CSS-Pixel.
- Tablet: 768 x 1024 CSS-Pixel.
- Smartphone: 390 x 844 CSS-Pixel.
- Bei UI-Tests jeden definierten Viewport pruefen und je Viewport einen eigenen Screenshot am Testlauf hinterlegen.

Beleg und Nachbereitung
- Fuer jeden einzelnen Testschritt unmittelbar nach der Ausfuehrung einen Screenshot als Anhang am Testlauf hinterlegen.
- Der Screenshot muss die relevante Ausgangslage bzw. Eingabe und das sichtbare Ergebnis des jeweiligen Schrittes nachvollziehbar zeigen.
- Alle Schritte des Tests muessen einen eigenen Nachweis besitzen; bei Eingabeschritten sind Eingabe und anschliessende Reaktion zu dokumentieren.
- PASS nur vergeben, wenn alle Schritte erfolgreich abgeschlossen und fuer alle Schritte Screenshots hinterlegt sind.
- FAIL oder BLOCKED ebenfalls mit Screenshot(s), tatsaechlichem Ergebnis, Datum, Tester und Umgebung dokumentieren; bei FAIL einen Bug mit Reproduktionsschritten und Verweis auf diesen Test anlegen.
- Passwoerter, Tokens, Zahlungsdaten und sonstige Geheimnisse niemals im Klartext speichern; vor dem Anhang maskieren oder schwaerzen."
KAN-583,E1-07 Kartenpreise verwalten – Happy Path,"Abgedeckte Story: KAN-16 – E1-07 Kartenpreise verwalten
Testart: Happy Path
Priorität der Story: Highest

Ziel
Mit gültigen Pflichtdaten arbeiten

Vorbedingungen
- Die Anwendung ist erreichbar und die erforderlichen Testdaten sind vorbereitet.
- Der Test wird in einer isolierten Umgebung mit nachvollziehbaren Benutzerrollen ausgeführt.

Schritte
1. Mit berechtigtem Nutzer anmelden.
2. Gültige Story-Daten erfassen.
3. Vorgang speichern oder ausführen.
4. Ergebnis erneut laden.

Erwartetes Ergebnis
Der Vorgang wird einmalig erfolgreich verarbeitet; alle relevanten Daten sind konsistent sichtbar.

Responsive Viewports
- Desktop: 1440 x 900 CSS-Pixel.
- Full HD: 1920 x 1080 CSS-Pixel.
- WQHD: 2560 x 1440 CSS-Pixel.
- Ultrawide: 3440 x 1440 CSS-Pixel.
- 4K: 3840 x 2160 CSS-Pixel.
- Tablet: 768 x 1024 CSS-Pixel.
- Smartphone: 390 x 844 CSS-Pixel.
- Bei UI-Tests jeden definierten Viewport pruefen und je Viewport einen eigenen Screenshot am Testlauf hinterlegen.

Beleg und Nachbereitung
- Fuer jeden einzelnen Testschritt unmittelbar nach der Ausfuehrung einen Screenshot als Anhang am Testlauf hinterlegen.
- Der Screenshot muss die relevante Ausgangslage bzw. Eingabe und das sichtbare Ergebnis des jeweiligen Schrittes nachvollziehbar zeigen.
- Alle Schritte des Tests muessen einen eigenen Nachweis besitzen; bei Eingabeschritten sind Eingabe und anschliessende Reaktion zu dokumentieren.
- PASS nur vergeben, wenn alle Schritte erfolgreich abgeschlossen und fuer alle Schritte Screenshots hinterlegt sind.
- FAIL oder BLOCKED ebenfalls mit Screenshot(s), tatsaechlichem Ergebnis, Datum, Tester und Umgebung dokumentieren; bei FAIL einen Bug mit Reproduktionsschritten und Verweis auf diesen Test anlegen.
- Passwoerter, Tokens, Zahlungsdaten und sonstige Geheimnisse niemals im Klartext speichern; vor dem Anhang maskieren oder schwaerzen."
KAN-584,E1-07 Kartenpreise verwalten – Negative und Grenzwerte,"Abgedeckte Story: KAN-16 – E1-07 Kartenpreise verwalten
Testart: Negative und Grenzwerte
Priorität der Story: Highest

Ziel
Ungültige Eingaben und Grenzwerte prüfen

Vorbedingungen
- Die Anwendung ist erreichbar und die erforderlichen Testdaten sind vorbereitet.
- Der Test wird in einer isolierten Umgebung mit nachvollziehbaren Benutzerrollen ausgeführt.

Schritte
1. Pflichtfelder leer lassen.
2. Ungültige Formate und Grenzwerte verwenden.
3. Dubletten- oder Konfliktfall simulieren.
4. Aktion erneut ausführen.

Erwartetes Ergebnis
Jeder Fehler wird am richtigen Feld erklärt; es entsteht kein halbfertiger oder doppelter Datensatz.

Responsive Viewports
- Desktop: 1440 x 900 CSS-Pixel.
- Full HD: 1920 x 1080 CSS-Pixel.
- WQHD: 2560 x 1440 CSS-Pixel.
- Ultrawide: 3440 x 1440 CSS-Pixel.
- 4K: 3840 x 2160 CSS-Pixel.
- Tablet: 768 x 1024 CSS-Pixel.
- Smartphone: 390 x 844 CSS-Pixel.
- Bei UI-Tests jeden definierten Viewport pruefen und je Viewport einen eigenen Screenshot am Testlauf hinterlegen.

Beleg und Nachbereitung
- Fuer jeden einzelnen Testschritt unmittelbar nach der Ausfuehrung einen Screenshot als Anhang am Testlauf hinterlegen.
- Der Screenshot muss die relevante Ausgangslage bzw. Eingabe und das sichtbare Ergebnis des jeweiligen Schrittes nachvollziehbar zeigen.
- Alle Schritte des Tests muessen einen eigenen Nachweis besitzen; bei Eingabeschritten sind Eingabe und anschliessende Reaktion zu dokumentieren.
- PASS nur vergeben, wenn alle Schritte erfolgreich abgeschlossen und fuer alle Schritte Screenshots hinterlegt sind.
- FAIL oder BLOCKED ebenfalls mit Screenshot(s), tatsaechlichem Ergebnis, Datum, Tester und Umgebung dokumentieren; bei FAIL einen Bug mit Reproduktionsschritten und Verweis auf diesen Test anlegen.
- Passwoerter, Tokens, Zahlungsdaten und sonstige Geheimnisse niemals im Klartext speichern; vor dem Anhang maskieren oder schwaerzen."
KAN-585,E1-07 Kartenpreise verwalten – Berechtigung und Betrieb,"Abgedeckte Story: KAN-16 – E1-07 Kartenpreise verwalten
Testart: Berechtigung und Betrieb
Priorität der Story: Highest

Ziel
Rollen, Reload und Fehlerwiederaufnahme prüfen

Vorbedingungen
- Die Anwendung ist erreichbar und die erforderlichen Testdaten sind vorbereitet.
- Der Test wird in einer isolierten Umgebung mit nachvollziehbaren Benutzerrollen ausgeführt.

Schritte
1. Mit nicht berechtigter Rolle aufrufen.
2. Direkten Endpunkt beziehungsweise Deep Link verwenden.
3. Technischen Fehler simulieren und erneut laden.
4. Änderungsverlauf oder Log prüfen.

Erwartetes Ergebnis
Nicht berechtigte Zugriffe werden abgewiesen; nach einem Fehler bleibt der Zustand nachvollziehbar und wiederholbar.

Responsive Viewports
- Desktop: 1440 x 900 CSS-Pixel.
- Full HD: 1920 x 1080 CSS-Pixel.
- WQHD: 2560 x 1440 CSS-Pixel.
- Ultrawide: 3440 x 1440 CSS-Pixel.
- 4K: 3840 x 2160 CSS-Pixel.
- Tablet: 768 x 1024 CSS-Pixel.
- Smartphone: 390 x 844 CSS-Pixel.
- Bei UI-Tests jeden definierten Viewport pruefen und je Viewport einen eigenen Screenshot am Testlauf hinterlegen.

Beleg und Nachbereitung
- Fuer jeden einzelnen Testschritt unmittelbar nach der Ausfuehrung einen Screenshot als Anhang am Testlauf hinterlegen.
- Der Screenshot muss die relevante Ausgangslage bzw. Eingabe und das sichtbare Ergebnis des jeweiligen Schrittes nachvollziehbar zeigen.
- Alle Schritte des Tests muessen einen eigenen Nachweis besitzen; bei Eingabeschritten sind Eingabe und anschliessende Reaktion zu dokumentieren.
- PASS nur vergeben, wenn alle Schritte erfolgreich abgeschlossen und fuer alle Schritte Screenshots hinterlegt sind.
- FAIL oder BLOCKED ebenfalls mit Screenshot(s), tatsaechlichem Ergebnis, Datum, Tester und Umgebung dokumentieren; bei FAIL einen Bug mit Reproduktionsschritten und Verweis auf diesen Test anlegen.
- Passwoerter, Tokens, Zahlungsdaten und sonstige Geheimnisse niemals im Klartext speichern; vor dem Anhang maskieren oder schwaerzen."
KAN-586,E1-08 Kartenbestand verwalten – Happy Path,"Abgedeckte Story: KAN-17 – E1-08 Kartenbestand verwalten
Testart: Happy Path
Priorität der Story: Highest

Ziel
Mit gültigen Pflichtdaten arbeiten

Vorbedingungen
- Die Anwendung ist erreichbar und die erforderlichen Testdaten sind vorbereitet.
- Der Test wird in einer isolierten Umgebung mit nachvollziehbaren Benutzerrollen ausgeführt.

Schritte
1. Mit berechtigtem Nutzer anmelden.
2. Gültige Story-Daten erfassen.
3. Vorgang speichern oder ausführen.
4. Ergebnis erneut laden.

Erwartetes Ergebnis
Der Vorgang wird einmalig erfolgreich verarbeitet; alle relevanten Daten sind konsistent sichtbar.

Responsive Viewports
- Desktop: 1440 x 900 CSS-Pixel.
- Full HD: 1920 x 1080 CSS-Pixel.
- WQHD: 2560 x 1440 CSS-Pixel.
- Ultrawide: 3440 x 1440 CSS-Pixel.
- 4K: 3840 x 2160 CSS-Pixel.
- Tablet: 768 x 1024 CSS-Pixel.
- Smartphone: 390 x 844 CSS-Pixel.
- Bei UI-Tests jeden definierten Viewport pruefen und je Viewport einen eigenen Screenshot am Testlauf hinterlegen.

Beleg und Nachbereitung
- Fuer jeden einzelnen Testschritt unmittelbar nach der Ausfuehrung einen Screenshot als Anhang am Testlauf hinterlegen.
- Der Screenshot muss die relevante Ausgangslage bzw. Eingabe und das sichtbare Ergebnis des jeweiligen Schrittes nachvollziehbar zeigen.
- Alle Schritte des Tests muessen einen eigenen Nachweis besitzen; bei Eingabeschritten sind Eingabe und anschliessende Reaktion zu dokumentieren.
- PASS nur vergeben, wenn alle Schritte erfolgreich abgeschlossen und fuer alle Schritte Screenshots hinterlegt sind.
- FAIL oder BLOCKED ebenfalls mit Screenshot(s), tatsaechlichem Ergebnis, Datum, Tester und Umgebung dokumentieren; bei FAIL einen Bug mit Reproduktionsschritten und Verweis auf diesen Test anlegen.
- Passwoerter, Tokens, Zahlungsdaten und sonstige Geheimnisse niemals im Klartext speichern; vor dem Anhang maskieren oder schwaerzen."
KAN-587,E1-08 Kartenbestand verwalten – Negative und Grenzwerte,"Abgedeckte Story: KAN-17 – E1-08 Kartenbestand verwalten
Testart: Negative und Grenzwerte
Priorität der Story: Highest

Ziel
Ungültige Eingaben und Grenzwerte prüfen

Vorbedingungen
- Die Anwendung ist erreichbar und die erforderlichen Testdaten sind vorbereitet.
- Der Test wird in einer isolierten Umgebung mit nachvollziehbaren Benutzerrollen ausgeführt.

Schritte
1. Pflichtfelder leer lassen.
2. Ungültige Formate und Grenzwerte verwenden.
3. Dubletten- oder Konfliktfall simulieren.
4. Aktion erneut ausführen.

Erwartetes Ergebnis
Jeder Fehler wird am richtigen Feld erklärt; es entsteht kein halbfertiger oder doppelter Datensatz.

Responsive Viewports
- Desktop: 1440 x 900 CSS-Pixel.
- Full HD: 1920 x 1080 CSS-Pixel.
- WQHD: 2560 x 1440 CSS-Pixel.
- Ultrawide: 3440 x 1440 CSS-Pixel.
- 4K: 3840 x 2160 CSS-Pixel.
- Tablet: 768 x 1024 CSS-Pixel.
- Smartphone: 390 x 844 CSS-Pixel.
- Bei UI-Tests jeden definierten Viewport pruefen und je Viewport einen eigenen Screenshot am Testlauf hinterlegen.

Beleg und Nachbereitung
- Fuer jeden einzelnen Testschritt unmittelbar nach der Ausfuehrung einen Screenshot als Anhang am Testlauf hinterlegen.
- Der Screenshot muss die relevante Ausgangslage bzw. Eingabe und das sichtbare Ergebnis des jeweiligen Schrittes nachvollziehbar zeigen.
- Alle Schritte des Tests muessen einen eigenen Nachweis besitzen; bei Eingabeschritten sind Eingabe und anschliessende Reaktion zu dokumentieren.
- PASS nur vergeben, wenn alle Schritte erfolgreich abgeschlossen und fuer alle Schritte Screenshots hinterlegt sind.
- FAIL oder BLOCKED ebenfalls mit Screenshot(s), tatsaechlichem Ergebnis, Datum, Tester und Umgebung dokumentieren; bei FAIL einen Bug mit Reproduktionsschritten und Verweis auf diesen Test anlegen.
- Passwoerter, Tokens, Zahlungsdaten und sonstige Geheimnisse niemals im Klartext speichern; vor dem Anhang maskieren oder schwaerzen."
KAN-588,E1-08 Kartenbestand verwalten – Berechtigung und Betrieb,"Abgedeckte Story: KAN-17 – E1-08 Kartenbestand verwalten
Testart: Berechtigung und Betrieb
Priorität der Story: Highest

Ziel
Rollen, Reload und Fehlerwiederaufnahme prüfen

Vorbedingungen
- Die Anwendung ist erreichbar und die erforderlichen Testdaten sind vorbereitet.
- Der Test wird in einer isolierten Umgebung mit nachvollziehbaren Benutzerrollen ausgeführt.

Schritte
1. Mit nicht berechtigter Rolle aufrufen.
2. Direkten Endpunkt beziehungsweise Deep Link verwenden.
3. Technischen Fehler simulieren und erneut laden.
4. Änderungsverlauf oder Log prüfen.

Erwartetes Ergebnis
Nicht berechtigte Zugriffe werden abgewiesen; nach einem Fehler bleibt der Zustand nachvollziehbar und wiederholbar.

Responsive Viewports
- Desktop: 1440 x 900 CSS-Pixel.
- Full HD: 1920 x 1080 CSS-Pixel.
- WQHD: 2560 x 1440 CSS-Pixel.
- Ultrawide: 3440 x 1440 CSS-Pixel.
- 4K: 3840 x 2160 CSS-Pixel.
- Tablet: 768 x 1024 CSS-Pixel.
- Smartphone: 390 x 844 CSS-Pixel.
- Bei UI-Tests jeden definierten Viewport pruefen und je Viewport einen eigenen Screenshot am Testlauf hinterlegen.

Beleg und Nachbereitung
- Fuer jeden einzelnen Testschritt unmittelbar nach der Ausfuehrung einen Screenshot als Anhang am Testlauf hinterlegen.
- Der Screenshot muss die relevante Ausgangslage bzw. Eingabe und das sichtbare Ergebnis des jeweiligen Schrittes nachvollziehbar zeigen.
- Alle Schritte des Tests muessen einen eigenen Nachweis besitzen; bei Eingabeschritten sind Eingabe und anschliessende Reaktion zu dokumentieren.
- PASS nur vergeben, wenn alle Schritte erfolgreich abgeschlossen und fuer alle Schritte Screenshots hinterlegt sind.
- FAIL oder BLOCKED ebenfalls mit Screenshot(s), tatsaechlichem Ergebnis, Datum, Tester und Umgebung dokumentieren; bei FAIL einen Bug mit Reproduktionsschritten und Verweis auf diesen Test anlegen.
- Passwoerter, Tokens, Zahlungsdaten und sonstige Geheimnisse niemals im Klartext speichern; vor dem Anhang maskieren oder schwaerzen."
KAN-589,E1-09 Bundles und Sammlungen verwalten – Happy Path,"Abgedeckte Story: KAN-18 – E1-09 Bundles und Sammlungen verwalten
Testart: Happy Path
Priorität der Story: High

Ziel
Mit gültigen Pflichtdaten arbeiten

Vorbedingungen
- Die Anwendung ist erreichbar und die erforderlichen Testdaten sind vorbereitet.
- Der Test wird in einer isolierten Umgebung mit nachvollziehbaren Benutzerrollen ausgeführt.

Schritte
1. Mit berechtigtem Nutzer anmelden.
2. Gültige Story-Daten erfassen.
3. Vorgang speichern oder ausführen.
4. Ergebnis erneut laden.

Erwartetes Ergebnis
Der Vorgang wird einmalig erfolgreich verarbeitet; alle relevanten Daten sind konsistent sichtbar.

Responsive Viewports
- Desktop: 1440 x 900 CSS-Pixel.
- Full HD: 1920 x 1080 CSS-Pixel.
- WQHD: 2560 x 1440 CSS-Pixel.
- Ultrawide: 3440 x 1440 CSS-Pixel.
- 4K: 3840 x 2160 CSS-Pixel.
- Tablet: 768 x 1024 CSS-Pixel.
- Smartphone: 390 x 844 CSS-Pixel.
- Bei UI-Tests jeden definierten Viewport pruefen und je Viewport einen eigenen Screenshot am Testlauf hinterlegen.

Beleg und Nachbereitung
- Fuer jeden einzelnen Testschritt unmittelbar nach der Ausfuehrung einen Screenshot als Anhang am Testlauf hinterlegen.
- Der Screenshot muss die relevante Ausgangslage bzw. Eingabe und das sichtbare Ergebnis des jeweiligen Schrittes nachvollziehbar zeigen.
- Alle Schritte des Tests muessen einen eigenen Nachweis besitzen; bei Eingabeschritten sind Eingabe und anschliessende Reaktion zu dokumentieren.
- PASS nur vergeben, wenn alle Schritte erfolgreich abgeschlossen und fuer alle Schritte Screenshots hinterlegt sind.
- FAIL oder BLOCKED ebenfalls mit Screenshot(s), tatsaechlichem Ergebnis, Datum, Tester und Umgebung dokumentieren; bei FAIL einen Bug mit Reproduktionsschritten und Verweis auf diesen Test anlegen.
- Passwoerter, Tokens, Zahlungsdaten und sonstige Geheimnisse niemals im Klartext speichern; vor dem Anhang maskieren oder schwaerzen."
KAN-590,E1-09 Bundles und Sammlungen verwalten – Negative und Grenzwerte,"Abgedeckte Story: KAN-18 – E1-09 Bundles und Sammlungen verwalten
Testart: Negative und Grenzwerte
Priorität der Story: High

Ziel
Ungültige Eingaben und Grenzwerte prüfen

Vorbedingungen
- Die Anwendung ist erreichbar und die erforderlichen Testdaten sind vorbereitet.
- Der Test wird in einer isolierten Umgebung mit nachvollziehbaren Benutzerrollen ausgeführt.

Schritte
1. Pflichtfelder leer lassen.
2. Ungültige Formate und Grenzwerte verwenden.
3. Dubletten- oder Konfliktfall simulieren.
4. Aktion erneut ausführen.

Erwartetes Ergebnis
Jeder Fehler wird am richtigen Feld erklärt; es entsteht kein halbfertiger oder doppelter Datensatz.

Responsive Viewports
- Desktop: 1440 x 900 CSS-Pixel.
- Full HD: 1920 x 1080 CSS-Pixel.
- WQHD: 2560 x 1440 CSS-Pixel.
- Ultrawide: 3440 x 1440 CSS-Pixel.
- 4K: 3840 x 2160 CSS-Pixel.
- Tablet: 768 x 1024 CSS-Pixel.
- Smartphone: 390 x 844 CSS-Pixel.
- Bei UI-Tests jeden definierten Viewport pruefen und je Viewport einen eigenen Screenshot am Testlauf hinterlegen.

Beleg und Nachbereitung
- Fuer jeden einzelnen Testschritt unmittelbar nach der Ausfuehrung einen Screenshot als Anhang am Testlauf hinterlegen.
- Der Screenshot muss die relevante Ausgangslage bzw. Eingabe und das sichtbare Ergebnis des jeweiligen Schrittes nachvollziehbar zeigen.
- Alle Schritte des Tests muessen einen eigenen Nachweis besitzen; bei Eingabeschritten sind Eingabe und anschliessende Reaktion zu dokumentieren.
- PASS nur vergeben, wenn alle Schritte erfolgreich abgeschlossen und fuer alle Schritte Screenshots hinterlegt sind.
- FAIL oder BLOCKED ebenfalls mit Screenshot(s), tatsaechlichem Ergebnis, Datum, Tester und Umgebung dokumentieren; bei FAIL einen Bug mit Reproduktionsschritten und Verweis auf diesen Test anlegen.
- Passwoerter, Tokens, Zahlungsdaten und sonstige Geheimnisse niemals im Klartext speichern; vor dem Anhang maskieren oder schwaerzen."
KAN-591,E1-09 Bundles und Sammlungen verwalten – Berechtigung und Betrieb,"Abgedeckte Story: KAN-18 – E1-09 Bundles und Sammlungen verwalten
Testart: Berechtigung und Betrieb
Priorität der Story: High

Ziel
Rollen, Reload und Fehlerwiederaufnahme prüfen

Vorbedingungen
- Die Anwendung ist erreichbar und die erforderlichen Testdaten sind vorbereitet.
- Der Test wird in einer isolierten Umgebung mit nachvollziehbaren Benutzerrollen ausgeführt.

Schritte
1. Mit nicht berechtigter Rolle aufrufen.
2. Direkten Endpunkt beziehungsweise Deep Link verwenden.
3. Technischen Fehler simulieren und erneut laden.
4. Änderungsverlauf oder Log prüfen.

Erwartetes Ergebnis
Nicht berechtigte Zugriffe werden abgewiesen; nach einem Fehler bleibt der Zustand nachvollziehbar und wiederholbar.

Responsive Viewports
- Desktop: 1440 x 900 CSS-Pixel.
- Full HD: 1920 x 1080 CSS-Pixel.
- WQHD: 2560 x 1440 CSS-Pixel.
- Ultrawide: 3440 x 1440 CSS-Pixel.
- 4K: 3840 x 2160 CSS-Pixel.
- Tablet: 768 x 1024 CSS-Pixel.
- Smartphone: 390 x 844 CSS-Pixel.
- Bei UI-Tests jeden definierten Viewport pruefen und je Viewport einen eigenen Screenshot am Testlauf hinterlegen.

Beleg und Nachbereitung
- Fuer jeden einzelnen Testschritt unmittelbar nach der Ausfuehrung einen Screenshot als Anhang am Testlauf hinterlegen.
- Der Screenshot muss die relevante Ausgangslage bzw. Eingabe und das sichtbare Ergebnis des jeweiligen Schrittes nachvollziehbar zeigen.
- Alle Schritte des Tests muessen einen eigenen Nachweis besitzen; bei Eingabeschritten sind Eingabe und anschliessende Reaktion zu dokumentieren.
- PASS nur vergeben, wenn alle Schritte erfolgreich abgeschlossen und fuer alle Schritte Screenshots hinterlegt sind.
- FAIL oder BLOCKED ebenfalls mit Screenshot(s), tatsaechlichem Ergebnis, Datum, Tester und Umgebung dokumentieren; bei FAIL einen Bug mit Reproduktionsschritten und Verweis auf diesen Test anlegen.
- Passwoerter, Tokens, Zahlungsdaten und sonstige Geheimnisse niemals im Klartext speichern; vor dem Anhang maskieren oder schwaerzen."
KAN-592,E1-10 Kartenstatus verwalten – Happy Path,"Abgedeckte Story: KAN-19 – E1-10 Kartenstatus verwalten
Testart: Happy Path
Priorität der Story: Highest

Ziel
Mit gültigen Pflichtdaten arbeiten

Vorbedingungen
- Die Anwendung ist erreichbar und die erforderlichen Testdaten sind vorbereitet.
- Der Test wird in einer isolierten Umgebung mit nachvollziehbaren Benutzerrollen ausgeführt.

Schritte
1. Mit berechtigtem Nutzer anmelden.
2. Gültige Story-Daten erfassen.
3. Vorgang speichern oder ausführen.
4. Ergebnis erneut laden.

Erwartetes Ergebnis
Der Vorgang wird einmalig erfolgreich verarbeitet; alle relevanten Daten sind konsistent sichtbar.

Responsive Viewports
- Desktop: 1440 x 900 CSS-Pixel.
- Full HD: 1920 x 1080 CSS-Pixel.
- WQHD: 2560 x 1440 CSS-Pixel.
- Ultrawide: 3440 x 1440 CSS-Pixel.
- 4K: 3840 x 2160 CSS-Pixel.
- Tablet: 768 x 1024 CSS-Pixel.
- Smartphone: 390 x 844 CSS-Pixel.
- Bei UI-Tests jeden definierten Viewport pruefen und je Viewport einen eigenen Screenshot am Testlauf hinterlegen.

Beleg und Nachbereitung
- Fuer jeden einzelnen Testschritt unmittelbar nach der Ausfuehrung einen Screenshot als Anhang am Testlauf hinterlegen.
- Der Screenshot muss die relevante Ausgangslage bzw. Eingabe und das sichtbare Ergebnis des jeweiligen Schrittes nachvollziehbar zeigen.
- Alle Schritte des Tests muessen einen eigenen Nachweis besitzen; bei Eingabeschritten sind Eingabe und anschliessende Reaktion zu dokumentieren.
- PASS nur vergeben, wenn alle Schritte erfolgreich abgeschlossen und fuer alle Schritte Screenshots hinterlegt sind.
- FAIL oder BLOCKED ebenfalls mit Screenshot(s), tatsaechlichem Ergebnis, Datum, Tester und Umgebung dokumentieren; bei FAIL einen Bug mit Reproduktionsschritten und Verweis auf diesen Test anlegen.
- Passwoerter, Tokens, Zahlungsdaten und sonstige Geheimnisse niemals im Klartext speichern; vor dem Anhang maskieren oder schwaerzen."
KAN-593,E1-10 Kartenstatus verwalten – Negative und Grenzwerte,"Abgedeckte Story: KAN-19 – E1-10 Kartenstatus verwalten
Testart: Negative und Grenzwerte
Priorität der Story: Highest

Ziel
Ungültige Eingaben und Grenzwerte prüfen

Vorbedingungen
- Die Anwendung ist erreichbar und die erforderlichen Testdaten sind vorbereitet.
- Der Test wird in einer isolierten Umgebung mit nachvollziehbaren Benutzerrollen ausgeführt.

Schritte
1. Pflichtfelder leer lassen.
2. Ungültige Formate und Grenzwerte verwenden.
3. Dubletten- oder Konfliktfall simulieren.
4. Aktion erneut ausführen.

Erwartetes Ergebnis
Jeder Fehler wird am richtigen Feld erklärt; es entsteht kein halbfertiger oder doppelter Datensatz.

Responsive Viewports
- Desktop: 1440 x 900 CSS-Pixel.
- Full HD: 1920 x 1080 CSS-Pixel.
- WQHD: 2560 x 1440 CSS-Pixel.
- Ultrawide: 3440 x 1440 CSS-Pixel.
- 4K: 3840 x 2160 CSS-Pixel.
- Tablet: 768 x 1024 CSS-Pixel.
- Smartphone: 390 x 844 CSS-Pixel.
- Bei UI-Tests jeden definierten Viewport pruefen und je Viewport einen eigenen Screenshot am Testlauf hinterlegen.

Beleg und Nachbereitung
- Fuer jeden einzelnen Testschritt unmittelbar nach der Ausfuehrung einen Screenshot als Anhang am Testlauf hinterlegen.
- Der Screenshot muss die relevante Ausgangslage bzw. Eingabe und das sichtbare Ergebnis des jeweiligen Schrittes nachvollziehbar zeigen.
- Alle Schritte des Tests muessen einen eigenen Nachweis besitzen; bei Eingabeschritten sind Eingabe und anschliessende Reaktion zu dokumentieren.
- PASS nur vergeben, wenn alle Schritte erfolgreich abgeschlossen und fuer alle Schritte Screenshots hinterlegt sind.
- FAIL oder BLOCKED ebenfalls mit Screenshot(s), tatsaechlichem Ergebnis, Datum, Tester und Umgebung dokumentieren; bei FAIL einen Bug mit Reproduktionsschritten und Verweis auf diesen Test anlegen.
- Passwoerter, Tokens, Zahlungsdaten und sonstige Geheimnisse niemals im Klartext speichern; vor dem Anhang maskieren oder schwaerzen."
KAN-594,E1-10 Kartenstatus verwalten – Berechtigung und Betrieb,"Abgedeckte Story: KAN-19 – E1-10 Kartenstatus verwalten
Testart: Berechtigung und Betrieb
Priorität der Story: Highest

Ziel
Rollen, Reload und Fehlerwiederaufnahme prüfen

Vorbedingungen
- Die Anwendung ist erreichbar und die erforderlichen Testdaten sind vorbereitet.
- Der Test wird in einer isolierten Umgebung mit nachvollziehbaren Benutzerrollen ausgeführt.

Schritte
1. Mit nicht berechtigter Rolle aufrufen.
2. Direkten Endpunkt beziehungsweise Deep Link verwenden.
3. Technischen Fehler simulieren und erneut laden.
4. Änderungsverlauf oder Log prüfen.

Erwartetes Ergebnis
Nicht berechtigte Zugriffe werden abgewiesen; nach einem Fehler bleibt der Zustand nachvollziehbar und wiederholbar.

Responsive Viewports
- Desktop: 1440 x 900 CSS-Pixel.
- Full HD: 1920 x 1080 CSS-Pixel.
- WQHD: 2560 x 1440 CSS-Pixel.
- Ultrawide: 3440 x 1440 CSS-Pixel.
- 4K: 3840 x 2160 CSS-Pixel.
- Tablet: 768 x 1024 CSS-Pixel.
- Smartphone: 390 x 844 CSS-Pixel.
- Bei UI-Tests jeden definierten Viewport pruefen und je Viewport einen eigenen Screenshot am Testlauf hinterlegen.

Beleg und Nachbereitung
- Fuer jeden einzelnen Testschritt unmittelbar nach der Ausfuehrung einen Screenshot als Anhang am Testlauf hinterlegen.
- Der Screenshot muss die relevante Ausgangslage bzw. Eingabe und das sichtbare Ergebnis des jeweiligen Schrittes nachvollziehbar zeigen.
- Alle Schritte des Tests muessen einen eigenen Nachweis besitzen; bei Eingabeschritten sind Eingabe und anschliessende Reaktion zu dokumentieren.
- PASS nur vergeben, wenn alle Schritte erfolgreich abgeschlossen und fuer alle Schritte Screenshots hinterlegt sind.
- FAIL oder BLOCKED ebenfalls mit Screenshot(s), tatsaechlichem Ergebnis, Datum, Tester und Umgebung dokumentieren; bei FAIL einen Bug mit Reproduktionsschritten und Verweis auf diesen Test anlegen.
- Passwoerter, Tokens, Zahlungsdaten und sonstige Geheimnisse niemals im Klartext speichern; vor dem Anhang maskieren oder schwaerzen."
KAN-595,E1-11 Karten importieren und synchronisieren – Happy Path,"Abgedeckte Story: KAN-20 – E1-11 Karten importieren und synchronisieren
Testart: Happy Path
Priorität der Story: Highest

Ziel
Mit gültigen Pflichtdaten arbeiten

Vorbedingungen
- Die Anwendung ist erreichbar und die erforderlichen Testdaten sind vorbereitet.
- Der Test wird in einer isolierten Umgebung mit nachvollziehbaren Benutzerrollen ausgeführt.

Schritte
1. Mit berechtigtem Nutzer anmelden.
2. Gültige Story-Daten erfassen.
3. Vorgang speichern oder ausführen.
4. Ergebnis erneut laden.

Erwartetes Ergebnis
Der Vorgang wird einmalig erfolgreich verarbeitet; alle relevanten Daten sind konsistent sichtbar.

Responsive Viewports
- Desktop: 1440 x 900 CSS-Pixel.
- Full HD: 1920 x 1080 CSS-Pixel.
- WQHD: 2560 x 1440 CSS-Pixel.
- Ultrawide: 3440 x 1440 CSS-Pixel.
- 4K: 3840 x 2160 CSS-Pixel.
- Tablet: 768 x 1024 CSS-Pixel.
- Smartphone: 390 x 844 CSS-Pixel.
- Bei UI-Tests jeden definierten Viewport pruefen und je Viewport einen eigenen Screenshot am Testlauf hinterlegen.

Beleg und Nachbereitung
- Fuer jeden einzelnen Testschritt unmittelbar nach der Ausfuehrung einen Screenshot als Anhang am Testlauf hinterlegen.
- Der Screenshot muss die relevante Ausgangslage bzw. Eingabe und das sichtbare Ergebnis des jeweiligen Schrittes nachvollziehbar zeigen.
- Alle Schritte des Tests muessen einen eigenen Nachweis besitzen; bei Eingabeschritten sind Eingabe und anschliessende Reaktion zu dokumentieren.
- PASS nur vergeben, wenn alle Schritte erfolgreich abgeschlossen und fuer alle Schritte Screenshots hinterlegt sind.
- FAIL oder BLOCKED ebenfalls mit Screenshot(s), tatsaechlichem Ergebnis, Datum, Tester und Umgebung dokumentieren; bei FAIL einen Bug mit Reproduktionsschritten und Verweis auf diesen Test anlegen.
- Passwoerter, Tokens, Zahlungsdaten und sonstige Geheimnisse niemals im Klartext speichern; vor dem Anhang maskieren oder schwaerzen."
KAN-596,E1-11 Karten importieren und synchronisieren – Negative und Grenzwerte,"Abgedeckte Story: KAN-20 – E1-11 Karten importieren und synchronisieren
Testart: Negative und Grenzwerte
Priorität der Story: Highest

Ziel
Ungültige Eingaben und Grenzwerte prüfen

Vorbedingungen
- Die Anwendung ist erreichbar und die erforderlichen Testdaten sind vorbereitet.
- Der Test wird in einer isolierten Umgebung mit nachvollziehbaren Benutzerrollen ausgeführt.

Schritte
1. Pflichtfelder leer lassen.
2. Ungültige Formate und Grenzwerte verwenden.
3. Dubletten- oder Konfliktfall simulieren.
4. Aktion erneut ausführen.

Erwartetes Ergebnis
Jeder Fehler wird am richtigen Feld erklärt; es entsteht kein halbfertiger oder doppelter Datensatz.

Responsive Viewports
- Desktop: 1440 x 900 CSS-Pixel.
- Full HD: 1920 x 1080 CSS-Pixel.
- WQHD: 2560 x 1440 CSS-Pixel.
- Ultrawide: 3440 x 1440 CSS-Pixel.
- 4K: 3840 x 2160 CSS-Pixel.
- Tablet: 768 x 1024 CSS-Pixel.
- Smartphone: 390 x 844 CSS-Pixel.
- Bei UI-Tests jeden definierten Viewport pruefen und je Viewport einen eigenen Screenshot am Testlauf hinterlegen.

Beleg und Nachbereitung
- Fuer jeden einzelnen Testschritt unmittelbar nach der Ausfuehrung einen Screenshot als Anhang am Testlauf hinterlegen.
- Der Screenshot muss die relevante Ausgangslage bzw. Eingabe und das sichtbare Ergebnis des jeweiligen Schrittes nachvollziehbar zeigen.
- Alle Schritte des Tests muessen einen eigenen Nachweis besitzen; bei Eingabeschritten sind Eingabe und anschliessende Reaktion zu dokumentieren.
- PASS nur vergeben, wenn alle Schritte erfolgreich abgeschlossen und fuer alle Schritte Screenshots hinterlegt sind.
- FAIL oder BLOCKED ebenfalls mit Screenshot(s), tatsaechlichem Ergebnis, Datum, Tester und Umgebung dokumentieren; bei FAIL einen Bug mit Reproduktionsschritten und Verweis auf diesen Test anlegen.
- Passwoerter, Tokens, Zahlungsdaten und sonstige Geheimnisse niemals im Klartext speichern; vor dem Anhang maskieren oder schwaerzen."
KAN-597,E1-11 Karten importieren und synchronisieren – Berechtigung und Betrieb,"Abgedeckte Story: KAN-20 – E1-11 Karten importieren und synchronisieren
Testart: Berechtigung und Betrieb
Priorität der Story: Highest

Ziel
Rollen, Reload und Fehlerwiederaufnahme prüfen

Vorbedingungen
- Die Anwendung ist erreichbar und die erforderlichen Testdaten sind vorbereitet.
- Der Test wird in einer isolierten Umgebung mit nachvollziehbaren Benutzerrollen ausgeführt.

Schritte
1. Mit nicht berechtigter Rolle aufrufen.
2. Direkten Endpunkt beziehungsweise Deep Link verwenden.
3. Technischen Fehler simulieren und erneut laden.
4. Änderungsverlauf oder Log prüfen.

Erwartetes Ergebnis
Nicht berechtigte Zugriffe werden abgewiesen; nach einem Fehler bleibt der Zustand nachvollziehbar und wiederholbar.

Responsive Viewports
- Desktop: 1440 x 900 CSS-Pixel.
- Full HD: 1920 x 1080 CSS-Pixel.
- WQHD: 2560 x 1440 CSS-Pixel.
- Ultrawide: 3440 x 1440 CSS-Pixel.
- 4K: 3840 x 2160 CSS-Pixel.
- Tablet: 768 x 1024 CSS-Pixel.
- Smartphone: 390 x 844 CSS-Pixel.
- Bei UI-Tests jeden definierten Viewport pruefen und je Viewport einen eigenen Screenshot am Testlauf hinterlegen.

Beleg und Nachbereitung
- Fuer jeden einzelnen Testschritt unmittelbar nach der Ausfuehrung einen Screenshot als Anhang am Testlauf hinterlegen.
- Der Screenshot muss die relevante Ausgangslage bzw. Eingabe und das sichtbare Ergebnis des jeweiligen Schrittes nachvollziehbar zeigen.
- Alle Schritte des Tests muessen einen eigenen Nachweis besitzen; bei Eingabeschritten sind Eingabe und anschliessende Reaktion zu dokumentieren.
- PASS nur vergeben, wenn alle Schritte erfolgreich abgeschlossen und fuer alle Schritte Screenshots hinterlegt sind.
- FAIL oder BLOCKED ebenfalls mit Screenshot(s), tatsaechlichem Ergebnis, Datum, Tester und Umgebung dokumentieren; bei FAIL einen Bug mit Reproduktionsschritten und Verweis auf diesen Test anlegen.
- Passwoerter, Tokens, Zahlungsdaten und sonstige Geheimnisse niemals im Klartext speichern; vor dem Anhang maskieren oder schwaerzen."
KAN-598,E2-01 Karten suchen – Treffer und Navigation,"Abgedeckte Story: KAN-21 – E2-01 Karten suchen
Testart: Treffer und Navigation
Priorität der Story: Highest

Ziel
Relevante Produkte finden und öffnen

Vorbedingungen
- Die Anwendung ist erreichbar und die erforderlichen Testdaten sind vorbereitet.
- Der Test wird in einer isolierten Umgebung mit nachvollziehbaren Benutzerrollen ausgeführt.

Schritte
1. Repräsentative Produktdaten vorbereiten.
2. Such- oder Filterkriterien eingeben.
3. Sortierung und Pagination verwenden.
4. Detailansicht öffnen und zurück navigieren.

Erwartetes Ergebnis
Die richtigen Treffer erscheinen in stabiler Reihenfolge; der Zustand und die Produktdetails stimmen.

Responsive Viewports
- Desktop: 1440 x 900 CSS-Pixel.
- Full HD: 1920 x 1080 CSS-Pixel.
- WQHD: 2560 x 1440 CSS-Pixel.
- Ultrawide: 3440 x 1440 CSS-Pixel.
- 4K: 3840 x 2160 CSS-Pixel.
- Tablet: 768 x 1024 CSS-Pixel.
- Smartphone: 390 x 844 CSS-Pixel.
- Bei UI-Tests jeden definierten Viewport pruefen und je Viewport einen eigenen Screenshot am Testlauf hinterlegen.

Beleg und Nachbereitung
- Fuer jeden einzelnen Testschritt unmittelbar nach der Ausfuehrung einen Screenshot als Anhang am Testlauf hinterlegen.
- Der Screenshot muss die relevante Ausgangslage bzw. Eingabe und das sichtbare Ergebnis des jeweiligen Schrittes nachvollziehbar zeigen.
- Alle Schritte des Tests muessen einen eigenen Nachweis besitzen; bei Eingabeschritten sind Eingabe und anschliessende Reaktion zu dokumentieren.
- PASS nur vergeben, wenn alle Schritte erfolgreich abgeschlossen und fuer alle Schritte Screenshots hinterlegt sind.
- FAIL oder BLOCKED ebenfalls mit Screenshot(s), tatsaechlichem Ergebnis, Datum, Tester und Umgebung dokumentieren; bei FAIL einen Bug mit Reproduktionsschritten und Verweis auf diesen Test anlegen.
- Passwoerter, Tokens, Zahlungsdaten und sonstige Geheimnisse niemals im Klartext speichern; vor dem Anhang maskieren oder schwaerzen."
KAN-599,E2-01 Karten suchen – Keine Treffer und Fehler,"Abgedeckte Story: KAN-21 – E2-01 Karten suchen
Testart: Keine Treffer und Fehler
Priorität der Story: Highest

Ziel
Leere und technische Ergebnisse unterscheiden

Vorbedingungen
- Die Anwendung ist erreichbar und die erforderlichen Testdaten sind vorbereitet.
- Der Test wird in einer isolierten Umgebung mit nachvollziehbaren Benutzerrollen ausgeführt.

Schritte
1. Kriterium ohne Treffer verwenden.
2. Ungültige Eingabe senden.
3. Langsame oder fehlerhafte Antwort simulieren.
4. Wiederholen oder Filter zurücksetzen.

Erwartetes Ergebnis
Leere und technische Zustände sind verständlich getrennt; die angebotenen Folgeaktionen funktionieren.

Responsive Viewports
- Desktop: 1440 x 900 CSS-Pixel.
- Full HD: 1920 x 1080 CSS-Pixel.
- WQHD: 2560 x 1440 CSS-Pixel.
- Ultrawide: 3440 x 1440 CSS-Pixel.
- 4K: 3840 x 2160 CSS-Pixel.
- Tablet: 768 x 1024 CSS-Pixel.
- Smartphone: 390 x 844 CSS-Pixel.
- Bei UI-Tests jeden definierten Viewport pruefen und je Viewport einen eigenen Screenshot am Testlauf hinterlegen.

Beleg und Nachbereitung
- Fuer jeden einzelnen Testschritt unmittelbar nach der Ausfuehrung einen Screenshot als Anhang am Testlauf hinterlegen.
- Der Screenshot muss die relevante Ausgangslage bzw. Eingabe und das sichtbare Ergebnis des jeweiligen Schrittes nachvollziehbar zeigen.
- Alle Schritte des Tests muessen einen eigenen Nachweis besitzen; bei Eingabeschritten sind Eingabe und anschliessende Reaktion zu dokumentieren.
- PASS nur vergeben, wenn alle Schritte erfolgreich abgeschlossen und fuer alle Schritte Screenshots hinterlegt sind.
- FAIL oder BLOCKED ebenfalls mit Screenshot(s), tatsaechlichem Ergebnis, Datum, Tester und Umgebung dokumentieren; bei FAIL einen Bug mit Reproduktionsschritten und Verweis auf diesen Test anlegen.
- Passwoerter, Tokens, Zahlungsdaten und sonstige Geheimnisse niemals im Klartext speichern; vor dem Anhang maskieren oder schwaerzen."
KAN-600,E2-01 Karten suchen – Responsive und Accessibility,"Abgedeckte Story: KAN-21 – E2-01 Karten suchen
Testart: Responsive und Accessibility
Priorität der Story: Highest

Ziel
Suche und Detailansicht ohne Maus nutzen

Vorbedingungen
- Die Anwendung ist erreichbar und die erforderlichen Testdaten sind vorbereitet.
- Der Test wird in einer isolierten Umgebung mit nachvollziehbaren Benutzerrollen ausgeführt.

Schritte
1. Desktop-, Tablet- und Smartphone-Breite testen.
2. Nur Tastatur verwenden.
3. Fokus und Screenreader-Namen prüfen.
4. Bilder und Text bei anderer Auflösung prüfen.

Erwartetes Ergebnis
Kein Überlauf oder Fokusverlust tritt auf; Inhalte und Aktionen bleiben wahrnehmbar und bedienbar.

Responsive Viewports
- Desktop: 1440 x 900 CSS-Pixel.
- Full HD: 1920 x 1080 CSS-Pixel.
- WQHD: 2560 x 1440 CSS-Pixel.
- Ultrawide: 3440 x 1440 CSS-Pixel.
- 4K: 3840 x 2160 CSS-Pixel.
- Tablet: 768 x 1024 CSS-Pixel.
- Smartphone: 390 x 844 CSS-Pixel.
- Bei UI-Tests jeden definierten Viewport pruefen und je Viewport einen eigenen Screenshot am Testlauf hinterlegen.

Beleg und Nachbereitung
- Fuer jeden einzelnen Testschritt unmittelbar nach der Ausfuehrung einen Screenshot als Anhang am Testlauf hinterlegen.
- Der Screenshot muss die relevante Ausgangslage bzw. Eingabe und das sichtbare Ergebnis des jeweiligen Schrittes nachvollziehbar zeigen.
- Alle Schritte des Tests muessen einen eigenen Nachweis besitzen; bei Eingabeschritten sind Eingabe und anschliessende Reaktion zu dokumentieren.
- PASS nur vergeben, wenn alle Schritte erfolgreich abgeschlossen und fuer alle Schritte Screenshots hinterlegt sind.
- FAIL oder BLOCKED ebenfalls mit Screenshot(s), tatsaechlichem Ergebnis, Datum, Tester und Umgebung dokumentieren; bei FAIL einen Bug mit Reproduktionsschritten und Verweis auf diesen Test anlegen.
- Passwoerter, Tokens, Zahlungsdaten und sonstige Geheimnisse niemals im Klartext speichern; vor dem Anhang maskieren oder schwaerzen."
KAN-601,E2-02 Suchvorschläge erhalten – Treffer und Navigation,"Abgedeckte Story: KAN-22 – E2-02 Suchvorschläge erhalten
Testart: Treffer und Navigation
Priorität der Story: High

Ziel
Relevante Produkte finden und öffnen

Vorbedingungen
- Die Anwendung ist erreichbar und die erforderlichen Testdaten sind vorbereitet.
- Der Test wird in einer isolierten Umgebung mit nachvollziehbaren Benutzerrollen ausgeführt.

Schritte
1. Repräsentative Produktdaten vorbereiten.
2. Such- oder Filterkriterien eingeben.
3. Sortierung und Pagination verwenden.
4. Detailansicht öffnen und zurück navigieren.

Erwartetes Ergebnis
Die richtigen Treffer erscheinen in stabiler Reihenfolge; der Zustand und die Produktdetails stimmen.

Responsive Viewports
- Desktop: 1440 x 900 CSS-Pixel.
- Full HD: 1920 x 1080 CSS-Pixel.
- WQHD: 2560 x 1440 CSS-Pixel.
- Ultrawide: 3440 x 1440 CSS-Pixel.
- 4K: 3840 x 2160 CSS-Pixel.
- Tablet: 768 x 1024 CSS-Pixel.
- Smartphone: 390 x 844 CSS-Pixel.
- Bei UI-Tests jeden definierten Viewport pruefen und je Viewport einen eigenen Screenshot am Testlauf hinterlegen.

Beleg und Nachbereitung
- Fuer jeden einzelnen Testschritt unmittelbar nach der Ausfuehrung einen Screenshot als Anhang am Testlauf hinterlegen.
- Der Screenshot muss die relevante Ausgangslage bzw. Eingabe und das sichtbare Ergebnis des jeweiligen Schrittes nachvollziehbar zeigen.
- Alle Schritte des Tests muessen einen eigenen Nachweis besitzen; bei Eingabeschritten sind Eingabe und anschliessende Reaktion zu dokumentieren.
- PASS nur vergeben, wenn alle Schritte erfolgreich abgeschlossen und fuer alle Schritte Screenshots hinterlegt sind.
- FAIL oder BLOCKED ebenfalls mit Screenshot(s), tatsaechlichem Ergebnis, Datum, Tester und Umgebung dokumentieren; bei FAIL einen Bug mit Reproduktionsschritten und Verweis auf diesen Test anlegen.
- Passwoerter, Tokens, Zahlungsdaten und sonstige Geheimnisse niemals im Klartext speichern; vor dem Anhang maskieren oder schwaerzen."
KAN-602,E2-02 Suchvorschläge erhalten – Keine Treffer und Fehler,"Abgedeckte Story: KAN-22 – E2-02 Suchvorschläge erhalten
Testart: Keine Treffer und Fehler
Priorität der Story: High

Ziel
Leere und technische Ergebnisse unterscheiden

Vorbedingungen
- Die Anwendung ist erreichbar und die erforderlichen Testdaten sind vorbereitet.
- Der Test wird in einer isolierten Umgebung mit nachvollziehbaren Benutzerrollen ausgeführt.

Schritte
1. Kriterium ohne Treffer verwenden.
2. Ungültige Eingabe senden.
3. Langsame oder fehlerhafte Antwort simulieren.
4. Wiederholen oder Filter zurücksetzen.

Erwartetes Ergebnis
Leere und technische Zustände sind verständlich getrennt; die angebotenen Folgeaktionen funktionieren.

Responsive Viewports
- Desktop: 1440 x 900 CSS-Pixel.
- Full HD: 1920 x 1080 CSS-Pixel.
- WQHD: 2560 x 1440 CSS-Pixel.
- Ultrawide: 3440 x 1440 CSS-Pixel.
- 4K: 3840 x 2160 CSS-Pixel.
- Tablet: 768 x 1024 CSS-Pixel.
- Smartphone: 390 x 844 CSS-Pixel.
- Bei UI-Tests jeden definierten Viewport pruefen und je Viewport einen eigenen Screenshot am Testlauf hinterlegen.

Beleg und Nachbereitung
- Fuer jeden einzelnen Testschritt unmittelbar nach der Ausfuehrung einen Screenshot als Anhang am Testlauf hinterlegen.
- Der Screenshot muss die relevante Ausgangslage bzw. Eingabe und das sichtbare Ergebnis des jeweiligen Schrittes nachvollziehbar zeigen.
- Alle Schritte des Tests muessen einen eigenen Nachweis besitzen; bei Eingabeschritten sind Eingabe und anschliessende Reaktion zu dokumentieren.
- PASS nur vergeben, wenn alle Schritte erfolgreich abgeschlossen und fuer alle Schritte Screenshots hinterlegt sind.
- FAIL oder BLOCKED ebenfalls mit Screenshot(s), tatsaechlichem Ergebnis, Datum, Tester und Umgebung dokumentieren; bei FAIL einen Bug mit Reproduktionsschritten und Verweis auf diesen Test anlegen.
- Passwoerter, Tokens, Zahlungsdaten und sonstige Geheimnisse niemals im Klartext speichern; vor dem Anhang maskieren oder schwaerzen."
KAN-603,E2-02 Suchvorschläge erhalten – Responsive und Accessibility,"Abgedeckte Story: KAN-22 – E2-02 Suchvorschläge erhalten
Testart: Responsive und Accessibility
Priorität der Story: High

Ziel
Suche und Detailansicht ohne Maus nutzen

Vorbedingungen
- Die Anwendung ist erreichbar und die erforderlichen Testdaten sind vorbereitet.
- Der Test wird in einer isolierten Umgebung mit nachvollziehbaren Benutzerrollen ausgeführt.

Schritte
1. Desktop-, Tablet- und Smartphone-Breite testen.
2. Nur Tastatur verwenden.
3. Fokus und Screenreader-Namen prüfen.
4. Bilder und Text bei anderer Auflösung prüfen.

Erwartetes Ergebnis
Kein Überlauf oder Fokusverlust tritt auf; Inhalte und Aktionen bleiben wahrnehmbar und bedienbar.

Responsive Viewports
- Desktop: 1440 x 900 CSS-Pixel.
- Full HD: 1920 x 1080 CSS-Pixel.
- WQHD: 2560 x 1440 CSS-Pixel.
- Ultrawide: 3440 x 1440 CSS-Pixel.
- 4K: 3840 x 2160 CSS-Pixel.
- Tablet: 768 x 1024 CSS-Pixel.
- Smartphone: 390 x 844 CSS-Pixel.
- Bei UI-Tests jeden definierten Viewport pruefen und je Viewport einen eigenen Screenshot am Testlauf hinterlegen.

Beleg und Nachbereitung
- Fuer jeden einzelnen Testschritt unmittelbar nach der Ausfuehrung einen Screenshot als Anhang am Testlauf hinterlegen.
- Der Screenshot muss die relevante Ausgangslage bzw. Eingabe und das sichtbare Ergebnis des jeweiligen Schrittes nachvollziehbar zeigen.
- Alle Schritte des Tests muessen einen eigenen Nachweis besitzen; bei Eingabeschritten sind Eingabe und anschliessende Reaktion zu dokumentieren.
- PASS nur vergeben, wenn alle Schritte erfolgreich abgeschlossen und fuer alle Schritte Screenshots hinterlegt sind.
- FAIL oder BLOCKED ebenfalls mit Screenshot(s), tatsaechlichem Ergebnis, Datum, Tester und Umgebung dokumentieren; bei FAIL einen Bug mit Reproduktionsschritten und Verweis auf diesen Test anlegen.
- Passwoerter, Tokens, Zahlungsdaten und sonstige Geheimnisse niemals im Klartext speichern; vor dem Anhang maskieren oder schwaerzen."
KAN-604,E2-03 Nach Sportart und Saison filtern – Treffer und Navigation,"Abgedeckte Story: KAN-23 – E2-03 Nach Sportart und Saison filtern
Testart: Treffer und Navigation
Priorität der Story: Highest

Ziel
Relevante Produkte finden und öffnen

Vorbedingungen
- Die Anwendung ist erreichbar und die erforderlichen Testdaten sind vorbereitet.
- Der Test wird in einer isolierten Umgebung mit nachvollziehbaren Benutzerrollen ausgeführt.

Schritte
1. Repräsentative Produktdaten vorbereiten.
2. Such- oder Filterkriterien eingeben.
3. Sortierung und Pagination verwenden.
4. Detailansicht öffnen und zurück navigieren.

Erwartetes Ergebnis
Die richtigen Treffer erscheinen in stabiler Reihenfolge; der Zustand und die Produktdetails stimmen.

Responsive Viewports
- Desktop: 1440 x 900 CSS-Pixel.
- Full HD: 1920 x 1080 CSS-Pixel.
- WQHD: 2560 x 1440 CSS-Pixel.
- Ultrawide: 3440 x 1440 CSS-Pixel.
- 4K: 3840 x 2160 CSS-Pixel.
- Tablet: 768 x 1024 CSS-Pixel.
- Smartphone: 390 x 844 CSS-Pixel.
- Bei UI-Tests jeden definierten Viewport pruefen und je Viewport einen eigenen Screenshot am Testlauf hinterlegen.

Beleg und Nachbereitung
- Fuer jeden einzelnen Testschritt unmittelbar nach der Ausfuehrung einen Screenshot als Anhang am Testlauf hinterlegen.
- Der Screenshot muss die relevante Ausgangslage bzw. Eingabe und das sichtbare Ergebnis des jeweiligen Schrittes nachvollziehbar zeigen.
- Alle Schritte des Tests muessen einen eigenen Nachweis besitzen; bei Eingabeschritten sind Eingabe und anschliessende Reaktion zu dokumentieren.
- PASS nur vergeben, wenn alle Schritte erfolgreich abgeschlossen und fuer alle Schritte Screenshots hinterlegt sind.
- FAIL oder BLOCKED ebenfalls mit Screenshot(s), tatsaechlichem Ergebnis, Datum, Tester und Umgebung dokumentieren; bei FAIL einen Bug mit Reproduktionsschritten und Verweis auf diesen Test anlegen.
- Passwoerter, Tokens, Zahlungsdaten und sonstige Geheimnisse niemals im Klartext speichern; vor dem Anhang maskieren oder schwaerzen."
KAN-605,E2-03 Nach Sportart und Saison filtern – Keine Treffer und Fehler,"Abgedeckte Story: KAN-23 – E2-03 Nach Sportart und Saison filtern
Testart: Keine Treffer und Fehler
Priorität der Story: Highest

Ziel
Leere und technische Ergebnisse unterscheiden

Vorbedingungen
- Die Anwendung ist erreichbar und die erforderlichen Testdaten sind vorbereitet.
- Der Test wird in einer isolierten Umgebung mit nachvollziehbaren Benutzerrollen ausgeführt.

Schritte
1. Kriterium ohne Treffer verwenden.
2. Ungültige Eingabe senden.
3. Langsame oder fehlerhafte Antwort simulieren.
4. Wiederholen oder Filter zurücksetzen.

Erwartetes Ergebnis
Leere und technische Zustände sind verständlich getrennt; die angebotenen Folgeaktionen funktionieren.

Responsive Viewports
- Desktop: 1440 x 900 CSS-Pixel.
- Full HD: 1920 x 1080 CSS-Pixel.
- WQHD: 2560 x 1440 CSS-Pixel.
- Ultrawide: 3440 x 1440 CSS-Pixel.
- 4K: 3840 x 2160 CSS-Pixel.
- Tablet: 768 x 1024 CSS-Pixel.
- Smartphone: 390 x 844 CSS-Pixel.
- Bei UI-Tests jeden definierten Viewport pruefen und je Viewport einen eigenen Screenshot am Testlauf hinterlegen.

Beleg und Nachbereitung
- Fuer jeden einzelnen Testschritt unmittelbar nach der Ausfuehrung einen Screenshot als Anhang am Testlauf hinterlegen.
- Der Screenshot muss die relevante Ausgangslage bzw. Eingabe und das sichtbare Ergebnis des jeweiligen Schrittes nachvollziehbar zeigen.
- Alle Schritte des Tests muessen einen eigenen Nachweis besitzen; bei Eingabeschritten sind Eingabe und anschliessende Reaktion zu dokumentieren.
- PASS nur vergeben, wenn alle Schritte erfolgreich abgeschlossen und fuer alle Schritte Screenshots hinterlegt sind.
- FAIL oder BLOCKED ebenfalls mit Screenshot(s), tatsaechlichem Ergebnis, Datum, Tester und Umgebung dokumentieren; bei FAIL einen Bug mit Reproduktionsschritten und Verweis auf diesen Test anlegen.
- Passwoerter, Tokens, Zahlungsdaten und sonstige Geheimnisse niemals im Klartext speichern; vor dem Anhang maskieren oder schwaerzen."
KAN-606,E2-03 Nach Sportart und Saison filtern – Responsive und Accessibility,"Abgedeckte Story: KAN-23 – E2-03 Nach Sportart und Saison filtern
Testart: Responsive und Accessibility
Priorität der Story: Highest

Ziel
Suche und Detailansicht ohne Maus nutzen

Vorbedingungen
- Die Anwendung ist erreichbar und die erforderlichen Testdaten sind vorbereitet.
- Der Test wird in einer isolierten Umgebung mit nachvollziehbaren Benutzerrollen ausgeführt.

Schritte
1. Desktop-, Tablet- und Smartphone-Breite testen.
2. Nur Tastatur verwenden.
3. Fokus und Screenreader-Namen prüfen.
4. Bilder und Text bei anderer Auflösung prüfen.

Erwartetes Ergebnis
Kein Überlauf oder Fokusverlust tritt auf; Inhalte und Aktionen bleiben wahrnehmbar und bedienbar.

Responsive Viewports
- Desktop: 1440 x 900 CSS-Pixel.
- Full HD: 1920 x 1080 CSS-Pixel.
- WQHD: 2560 x 1440 CSS-Pixel.
- Ultrawide: 3440 x 1440 CSS-Pixel.
- 4K: 3840 x 2160 CSS-Pixel.
- Tablet: 768 x 1024 CSS-Pixel.
- Smartphone: 390 x 844 CSS-Pixel.
- Bei UI-Tests jeden definierten Viewport pruefen und je Viewport einen eigenen Screenshot am Testlauf hinterlegen.

Beleg und Nachbereitung
- Fuer jeden einzelnen Testschritt unmittelbar nach der Ausfuehrung einen Screenshot als Anhang am Testlauf hinterlegen.
- Der Screenshot muss die relevante Ausgangslage bzw. Eingabe und das sichtbare Ergebnis des jeweiligen Schrittes nachvollziehbar zeigen.
- Alle Schritte des Tests muessen einen eigenen Nachweis besitzen; bei Eingabeschritten sind Eingabe und anschliessende Reaktion zu dokumentieren.
- PASS nur vergeben, wenn alle Schritte erfolgreich abgeschlossen und fuer alle Schritte Screenshots hinterlegt sind.
- FAIL oder BLOCKED ebenfalls mit Screenshot(s), tatsaechlichem Ergebnis, Datum, Tester und Umgebung dokumentieren; bei FAIL einen Bug mit Reproduktionsschritten und Verweis auf diesen Test anlegen.
- Passwoerter, Tokens, Zahlungsdaten und sonstige Geheimnisse niemals im Klartext speichern; vor dem Anhang maskieren oder schwaerzen."
KAN-607,E2-04 Nach Kartentyp und Set filtern – Treffer und Navigation,"Abgedeckte Story: KAN-24 – E2-04 Nach Kartentyp und Set filtern
Testart: Treffer und Navigation
Priorität der Story: Highest

Ziel
Relevante Produkte finden und öffnen

Vorbedingungen
- Die Anwendung ist erreichbar und die erforderlichen Testdaten sind vorbereitet.
- Der Test wird in einer isolierten Umgebung mit nachvollziehbaren Benutzerrollen ausgeführt.

Schritte
1. Repräsentative Produktdaten vorbereiten.
2. Such- oder Filterkriterien eingeben.
3. Sortierung und Pagination verwenden.
4. Detailansicht öffnen und zurück navigieren.

Erwartetes Ergebnis
Die richtigen Treffer erscheinen in stabiler Reihenfolge; der Zustand und die Produktdetails stimmen.

Responsive Viewports
- Desktop: 1440 x 900 CSS-Pixel.
- Full HD: 1920 x 1080 CSS-Pixel.
- WQHD: 2560 x 1440 CSS-Pixel.
- Ultrawide: 3440 x 1440 CSS-Pixel.
- 4K: 3840 x 2160 CSS-Pixel.
- Tablet: 768 x 1024 CSS-Pixel.
- Smartphone: 390 x 844 CSS-Pixel.
- Bei UI-Tests jeden definierten Viewport pruefen und je Viewport einen eigenen Screenshot am Testlauf hinterlegen.

Beleg und Nachbereitung
- Fuer jeden einzelnen Testschritt unmittelbar nach der Ausfuehrung einen Screenshot als Anhang am Testlauf hinterlegen.
- Der Screenshot muss die relevante Ausgangslage bzw. Eingabe und das sichtbare Ergebnis des jeweiligen Schrittes nachvollziehbar zeigen.
- Alle Schritte des Tests muessen einen eigenen Nachweis besitzen; bei Eingabeschritten sind Eingabe und anschliessende Reaktion zu dokumentieren.
- PASS nur vergeben, wenn alle Schritte erfolgreich abgeschlossen und fuer alle Schritte Screenshots hinterlegt sind.
- FAIL oder BLOCKED ebenfalls mit Screenshot(s), tatsaechlichem Ergebnis, Datum, Tester und Umgebung dokumentieren; bei FAIL einen Bug mit Reproduktionsschritten und Verweis auf diesen Test anlegen.
- Passwoerter, Tokens, Zahlungsdaten und sonstige Geheimnisse niemals im Klartext speichern; vor dem Anhang maskieren oder schwaerzen."
KAN-608,E2-04 Nach Kartentyp und Set filtern – Keine Treffer und Fehler,"Abgedeckte Story: KAN-24 – E2-04 Nach Kartentyp und Set filtern
Testart: Keine Treffer und Fehler
Priorität der Story: Highest

Ziel
Leere und technische Ergebnisse unterscheiden

Vorbedingungen
- Die Anwendung ist erreichbar und die erforderlichen Testdaten sind vorbereitet.
- Der Test wird in einer isolierten Umgebung mit nachvollziehbaren Benutzerrollen ausgeführt.

Schritte
1. Kriterium ohne Treffer verwenden.
2. Ungültige Eingabe senden.
3. Langsame oder fehlerhafte Antwort simulieren.
4. Wiederholen oder Filter zurücksetzen.

Erwartetes Ergebnis
Leere und technische Zustände sind verständlich getrennt; die angebotenen Folgeaktionen funktionieren.

Responsive Viewports
- Desktop: 1440 x 900 CSS-Pixel.
- Full HD: 1920 x 1080 CSS-Pixel.
- WQHD: 2560 x 1440 CSS-Pixel.
- Ultrawide: 3440 x 1440 CSS-Pixel.
- 4K: 3840 x 2160 CSS-Pixel.
- Tablet: 768 x 1024 CSS-Pixel.
- Smartphone: 390 x 844 CSS-Pixel.
- Bei UI-Tests jeden definierten Viewport pruefen und je Viewport einen eigenen Screenshot am Testlauf hinterlegen.

Beleg und Nachbereitung
- Fuer jeden einzelnen Testschritt unmittelbar nach der Ausfuehrung einen Screenshot als Anhang am Testlauf hinterlegen.
- Der Screenshot muss die relevante Ausgangslage bzw. Eingabe und das sichtbare Ergebnis des jeweiligen Schrittes nachvollziehbar zeigen.
- Alle Schritte des Tests muessen einen eigenen Nachweis besitzen; bei Eingabeschritten sind Eingabe und anschliessende Reaktion zu dokumentieren.
- PASS nur vergeben, wenn alle Schritte erfolgreich abgeschlossen und fuer alle Schritte Screenshots hinterlegt sind.
- FAIL oder BLOCKED ebenfalls mit Screenshot(s), tatsaechlichem Ergebnis, Datum, Tester und Umgebung dokumentieren; bei FAIL einen Bug mit Reproduktionsschritten und Verweis auf diesen Test anlegen.
- Passwoerter, Tokens, Zahlungsdaten und sonstige Geheimnisse niemals im Klartext speichern; vor dem Anhang maskieren oder schwaerzen."
KAN-609,E2-04 Nach Kartentyp und Set filtern – Responsive und Accessibility,"Abgedeckte Story: KAN-24 – E2-04 Nach Kartentyp und Set filtern
Testart: Responsive und Accessibility
Priorität der Story: Highest

Ziel
Suche und Detailansicht ohne Maus nutzen

Vorbedingungen
- Die Anwendung ist erreichbar und die erforderlichen Testdaten sind vorbereitet.
- Der Test wird in einer isolierten Umgebung mit nachvollziehbaren Benutzerrollen ausgeführt.

Schritte
1. Desktop-, Tablet- und Smartphone-Breite testen.
2. Nur Tastatur verwenden.
3. Fokus und Screenreader-Namen prüfen.
4. Bilder und Text bei anderer Auflösung prüfen.

Erwartetes Ergebnis
Kein Überlauf oder Fokusverlust tritt auf; Inhalte und Aktionen bleiben wahrnehmbar und bedienbar.

Responsive Viewports
- Desktop: 1440 x 900 CSS-Pixel.
- Full HD: 1920 x 1080 CSS-Pixel.
- WQHD: 2560 x 1440 CSS-Pixel.
- Ultrawide: 3440 x 1440 CSS-Pixel.
- 4K: 3840 x 2160 CSS-Pixel.
- Tablet: 768 x 1024 CSS-Pixel.
- Smartphone: 390 x 844 CSS-Pixel.
- Bei UI-Tests jeden definierten Viewport pruefen und je Viewport einen eigenen Screenshot am Testlauf hinterlegen.

Beleg und Nachbereitung
- Fuer jeden einzelnen Testschritt unmittelbar nach der Ausfuehrung einen Screenshot als Anhang am Testlauf hinterlegen.
- Der Screenshot muss die relevante Ausgangslage bzw. Eingabe und das sichtbare Ergebnis des jeweiligen Schrittes nachvollziehbar zeigen.
- Alle Schritte des Tests muessen einen eigenen Nachweis besitzen; bei Eingabeschritten sind Eingabe und anschliessende Reaktion zu dokumentieren.
- PASS nur vergeben, wenn alle Schritte erfolgreich abgeschlossen und fuer alle Schritte Screenshots hinterlegt sind.
- FAIL oder BLOCKED ebenfalls mit Screenshot(s), tatsaechlichem Ergebnis, Datum, Tester und Umgebung dokumentieren; bei FAIL einen Bug mit Reproduktionsschritten und Verweis auf diesen Test anlegen.
- Passwoerter, Tokens, Zahlungsdaten und sonstige Geheimnisse niemals im Klartext speichern; vor dem Anhang maskieren oder schwaerzen."
KAN-610,E2-05 Nach Zustand filtern – Treffer und Navigation,"Abgedeckte Story: KAN-25 – E2-05 Nach Zustand filtern
Testart: Treffer und Navigation
Priorität der Story: Highest

Ziel
Relevante Produkte finden und öffnen

Vorbedingungen
- Die Anwendung ist erreichbar und die erforderlichen Testdaten sind vorbereitet.
- Der Test wird in einer isolierten Umgebung mit nachvollziehbaren Benutzerrollen ausgeführt.

Schritte
1. Repräsentative Produktdaten vorbereiten.
2. Such- oder Filterkriterien eingeben.
3. Sortierung und Pagination verwenden.
4. Detailansicht öffnen und zurück navigieren.

Erwartetes Ergebnis
Die richtigen Treffer erscheinen in stabiler Reihenfolge; der Zustand und die Produktdetails stimmen.

Responsive Viewports
- Desktop: 1440 x 900 CSS-Pixel.
- Full HD: 1920 x 1080 CSS-Pixel.
- WQHD: 2560 x 1440 CSS-Pixel.
- Ultrawide: 3440 x 1440 CSS-Pixel.
- 4K: 3840 x 2160 CSS-Pixel.
- Tablet: 768 x 1024 CSS-Pixel.
- Smartphone: 390 x 844 CSS-Pixel.
- Bei UI-Tests jeden definierten Viewport pruefen und je Viewport einen eigenen Screenshot am Testlauf hinterlegen.

Beleg und Nachbereitung
- Fuer jeden einzelnen Testschritt unmittelbar nach der Ausfuehrung einen Screenshot als Anhang am Testlauf hinterlegen.
- Der Screenshot muss die relevante Ausgangslage bzw. Eingabe und das sichtbare Ergebnis des jeweiligen Schrittes nachvollziehbar zeigen.
- Alle Schritte des Tests muessen einen eigenen Nachweis besitzen; bei Eingabeschritten sind Eingabe und anschliessende Reaktion zu dokumentieren.
- PASS nur vergeben, wenn alle Schritte erfolgreich abgeschlossen und fuer alle Schritte Screenshots hinterlegt sind.
- FAIL oder BLOCKED ebenfalls mit Screenshot(s), tatsaechlichem Ergebnis, Datum, Tester und Umgebung dokumentieren; bei FAIL einen Bug mit Reproduktionsschritten und Verweis auf diesen Test anlegen.
- Passwoerter, Tokens, Zahlungsdaten und sonstige Geheimnisse niemals im Klartext speichern; vor dem Anhang maskieren oder schwaerzen."
KAN-611,E2-05 Nach Zustand filtern – Keine Treffer und Fehler,"Abgedeckte Story: KAN-25 – E2-05 Nach Zustand filtern
Testart: Keine Treffer und Fehler
Priorität der Story: Highest

Ziel
Leere und technische Ergebnisse unterscheiden

Vorbedingungen
- Die Anwendung ist erreichbar und die erforderlichen Testdaten sind vorbereitet.
- Der Test wird in einer isolierten Umgebung mit nachvollziehbaren Benutzerrollen ausgeführt.

Schritte
1. Kriterium ohne Treffer verwenden.
2. Ungültige Eingabe senden.
3. Langsame oder fehlerhafte Antwort simulieren.
4. Wiederholen oder Filter zurücksetzen.

Erwartetes Ergebnis
Leere und technische Zustände sind verständlich getrennt; die angebotenen Folgeaktionen funktionieren.

Responsive Viewports
- Desktop: 1440 x 900 CSS-Pixel.
- Full HD: 1920 x 1080 CSS-Pixel.
- WQHD: 2560 x 1440 CSS-Pixel.
- Ultrawide: 3440 x 1440 CSS-Pixel.
- 4K: 3840 x 2160 CSS-Pixel.
- Tablet: 768 x 1024 CSS-Pixel.
- Smartphone: 390 x 844 CSS-Pixel.
- Bei UI-Tests jeden definierten Viewport pruefen und je Viewport einen eigenen Screenshot am Testlauf hinterlegen.

Beleg und Nachbereitung
- Fuer jeden einzelnen Testschritt unmittelbar nach der Ausfuehrung einen Screenshot als Anhang am Testlauf hinterlegen.
- Der Screenshot muss die relevante Ausgangslage bzw. Eingabe und das sichtbare Ergebnis des jeweiligen Schrittes nachvollziehbar zeigen.
- Alle Schritte des Tests muessen einen eigenen Nachweis besitzen; bei Eingabeschritten sind Eingabe und anschliessende Reaktion zu dokumentieren.
- PASS nur vergeben, wenn alle Schritte erfolgreich abgeschlossen und fuer alle Schritte Screenshots hinterlegt sind.
- FAIL oder BLOCKED ebenfalls mit Screenshot(s), tatsaechlichem Ergebnis, Datum, Tester und Umgebung dokumentieren; bei FAIL einen Bug mit Reproduktionsschritten und Verweis auf diesen Test anlegen.
- Passwoerter, Tokens, Zahlungsdaten und sonstige Geheimnisse niemals im Klartext speichern; vor dem Anhang maskieren oder schwaerzen."
KAN-612,E2-05 Nach Zustand filtern – Responsive und Accessibility,"Abgedeckte Story: KAN-25 – E2-05 Nach Zustand filtern
Testart: Responsive und Accessibility
Priorität der Story: Highest

Ziel
Suche und Detailansicht ohne Maus nutzen

Vorbedingungen
- Die Anwendung ist erreichbar und die erforderlichen Testdaten sind vorbereitet.
- Der Test wird in einer isolierten Umgebung mit nachvollziehbaren Benutzerrollen ausgeführt.

Schritte
1. Desktop-, Tablet- und Smartphone-Breite testen.
2. Nur Tastatur verwenden.
3. Fokus und Screenreader-Namen prüfen.
4. Bilder und Text bei anderer Auflösung prüfen.

Erwartetes Ergebnis
Kein Überlauf oder Fokusverlust tritt auf; Inhalte und Aktionen bleiben wahrnehmbar und bedienbar.

Responsive Viewports
- Desktop: 1440 x 900 CSS-Pixel.
- Full HD: 1920 x 1080 CSS-Pixel.
- WQHD: 2560 x 1440 CSS-Pixel.
- Ultrawide: 3440 x 1440 CSS-Pixel.
- 4K: 3840 x 2160 CSS-Pixel.
- Tablet: 768 x 1024 CSS-Pixel.
- Smartphone: 390 x 844 CSS-Pixel.
- Bei UI-Tests jeden definierten Viewport pruefen und je Viewport einen eigenen Screenshot am Testlauf hinterlegen.

Beleg und Nachbereitung
- Fuer jeden einzelnen Testschritt unmittelbar nach der Ausfuehrung einen Screenshot als Anhang am Testlauf hinterlegen.
- Der Screenshot muss die relevante Ausgangslage bzw. Eingabe und das sichtbare Ergebnis des jeweiligen Schrittes nachvollziehbar zeigen.
- Alle Schritte des Tests muessen einen eigenen Nachweis besitzen; bei Eingabeschritten sind Eingabe und anschliessende Reaktion zu dokumentieren.
- PASS nur vergeben, wenn alle Schritte erfolgreich abgeschlossen und fuer alle Schritte Screenshots hinterlegt sind.
- FAIL oder BLOCKED ebenfalls mit Screenshot(s), tatsaechlichem Ergebnis, Datum, Tester und Umgebung dokumentieren; bei FAIL einen Bug mit Reproduktionsschritten und Verweis auf diesen Test anlegen.
- Passwoerter, Tokens, Zahlungsdaten und sonstige Geheimnisse niemals im Klartext speichern; vor dem Anhang maskieren oder schwaerzen."
KAN-613,E2-06 Nach Preis und Verfügbarkeit filtern – Treffer und Navigation,"Abgedeckte Story: KAN-26 – E2-06 Nach Preis und Verfügbarkeit filtern
Testart: Treffer und Navigation
Priorität der Story: Highest

Ziel
Relevante Produkte finden und öffnen

Vorbedingungen
- Die Anwendung ist erreichbar und die erforderlichen Testdaten sind vorbereitet.
- Der Test wird in einer isolierten Umgebung mit nachvollziehbaren Benutzerrollen ausgeführt.

Schritte
1. Repräsentative Produktdaten vorbereiten.
2. Such- oder Filterkriterien eingeben.
3. Sortierung und Pagination verwenden.
4. Detailansicht öffnen und zurück navigieren.

Erwartetes Ergebnis
Die richtigen Treffer erscheinen in stabiler Reihenfolge; der Zustand und die Produktdetails stimmen.

Responsive Viewports
- Desktop: 1440 x 900 CSS-Pixel.
- Full HD: 1920 x 1080 CSS-Pixel.
- WQHD: 2560 x 1440 CSS-Pixel.
- Ultrawide: 3440 x 1440 CSS-Pixel.
- 4K: 3840 x 2160 CSS-Pixel.
- Tablet: 768 x 1024 CSS-Pixel.
- Smartphone: 390 x 844 CSS-Pixel.
- Bei UI-Tests jeden definierten Viewport pruefen und je Viewport einen eigenen Screenshot am Testlauf hinterlegen.

Beleg und Nachbereitung
- Fuer jeden einzelnen Testschritt unmittelbar nach der Ausfuehrung einen Screenshot als Anhang am Testlauf hinterlegen.
- Der Screenshot muss die relevante Ausgangslage bzw. Eingabe und das sichtbare Ergebnis des jeweiligen Schrittes nachvollziehbar zeigen.
- Alle Schritte des Tests muessen einen eigenen Nachweis besitzen; bei Eingabeschritten sind Eingabe und anschliessende Reaktion zu dokumentieren.
- PASS nur vergeben, wenn alle Schritte erfolgreich abgeschlossen und fuer alle Schritte Screenshots hinterlegt sind.
- FAIL oder BLOCKED ebenfalls mit Screenshot(s), tatsaechlichem Ergebnis, Datum, Tester und Umgebung dokumentieren; bei FAIL einen Bug mit Reproduktionsschritten und Verweis auf diesen Test anlegen.
- Passwoerter, Tokens, Zahlungsdaten und sonstige Geheimnisse niemals im Klartext speichern; vor dem Anhang maskieren oder schwaerzen."
KAN-614,E2-06 Nach Preis und Verfügbarkeit filtern – Keine Treffer und Fehler,"Abgedeckte Story: KAN-26 – E2-06 Nach Preis und Verfügbarkeit filtern
Testart: Keine Treffer und Fehler
Priorität der Story: Highest

Ziel
Leere und technische Ergebnisse unterscheiden

Vorbedingungen
- Die Anwendung ist erreichbar und die erforderlichen Testdaten sind vorbereitet.
- Der Test wird in einer isolierten Umgebung mit nachvollziehbaren Benutzerrollen ausgeführt.

Schritte
1. Kriterium ohne Treffer verwenden.
2. Ungültige Eingabe senden.
3. Langsame oder fehlerhafte Antwort simulieren.
4. Wiederholen oder Filter zurücksetzen.

Erwartetes Ergebnis
Leere und technische Zustände sind verständlich getrennt; die angebotenen Folgeaktionen funktionieren.

Responsive Viewports
- Desktop: 1440 x 900 CSS-Pixel.
- Full HD: 1920 x 1080 CSS-Pixel.
- WQHD: 2560 x 1440 CSS-Pixel.
- Ultrawide: 3440 x 1440 CSS-Pixel.
- 4K: 3840 x 2160 CSS-Pixel.
- Tablet: 768 x 1024 CSS-Pixel.
- Smartphone: 390 x 844 CSS-Pixel.
- Bei UI-Tests jeden definierten Viewport pruefen und je Viewport einen eigenen Screenshot am Testlauf hinterlegen.

Beleg und Nachbereitung
- Fuer jeden einzelnen Testschritt unmittelbar nach der Ausfuehrung einen Screenshot als Anhang am Testlauf hinterlegen.
- Der Screenshot muss die relevante Ausgangslage bzw. Eingabe und das sichtbare Ergebnis des jeweiligen Schrittes nachvollziehbar zeigen.
- Alle Schritte des Tests muessen einen eigenen Nachweis besitzen; bei Eingabeschritten sind Eingabe und anschliessende Reaktion zu dokumentieren.
- PASS nur vergeben, wenn alle Schritte erfolgreich abgeschlossen und fuer alle Schritte Screenshots hinterlegt sind.
- FAIL oder BLOCKED ebenfalls mit Screenshot(s), tatsaechlichem Ergebnis, Datum, Tester und Umgebung dokumentieren; bei FAIL einen Bug mit Reproduktionsschritten und Verweis auf diesen Test anlegen.
- Passwoerter, Tokens, Zahlungsdaten und sonstige Geheimnisse niemals im Klartext speichern; vor dem Anhang maskieren oder schwaerzen."
KAN-615,E2-06 Nach Preis und Verfügbarkeit filtern – Responsive und Accessibility,"Abgedeckte Story: KAN-26 – E2-06 Nach Preis und Verfügbarkeit filtern
Testart: Responsive und Accessibility
Priorität der Story: Highest

Ziel
Suche und Detailansicht ohne Maus nutzen

Vorbedingungen
- Die Anwendung ist erreichbar und die erforderlichen Testdaten sind vorbereitet.
- Der Test wird in einer isolierten Umgebung mit nachvollziehbaren Benutzerrollen ausgeführt.

Schritte
1. Desktop-, Tablet- und Smartphone-Breite testen.
2. Nur Tastatur verwenden.
3. Fokus und Screenreader-Namen prüfen.
4. Bilder und Text bei anderer Auflösung prüfen.

Erwartetes Ergebnis
Kein Überlauf oder Fokusverlust tritt auf; Inhalte und Aktionen bleiben wahrnehmbar und bedienbar.

Responsive Viewports
- Desktop: 1440 x 900 CSS-Pixel.
- Full HD: 1920 x 1080 CSS-Pixel.
- WQHD: 2560 x 1440 CSS-Pixel.
- Ultrawide: 3440 x 1440 CSS-Pixel.
- 4K: 3840 x 2160 CSS-Pixel.
- Tablet: 768 x 1024 CSS-Pixel.
- Smartphone: 390 x 844 CSS-Pixel.
- Bei UI-Tests jeden definierten Viewport pruefen und je Viewport einen eigenen Screenshot am Testlauf hinterlegen.

Beleg und Nachbereitung
- Fuer jeden einzelnen Testschritt unmittelbar nach der Ausfuehrung einen Screenshot als Anhang am Testlauf hinterlegen.
- Der Screenshot muss die relevante Ausgangslage bzw. Eingabe und das sichtbare Ergebnis des jeweiligen Schrittes nachvollziehbar zeigen.
- Alle Schritte des Tests muessen einen eigenen Nachweis besitzen; bei Eingabeschritten sind Eingabe und anschliessende Reaktion zu dokumentieren.
- PASS nur vergeben, wenn alle Schritte erfolgreich abgeschlossen und fuer alle Schritte Screenshots hinterlegt sind.
- FAIL oder BLOCKED ebenfalls mit Screenshot(s), tatsaechlichem Ergebnis, Datum, Tester und Umgebung dokumentieren; bei FAIL einen Bug mit Reproduktionsschritten und Verweis auf diesen Test anlegen.
- Passwoerter, Tokens, Zahlungsdaten und sonstige Geheimnisse niemals im Klartext speichern; vor dem Anhang maskieren oder schwaerzen."
KAN-616,E2-07 Filter kombinieren – Treffer und Navigation,"Abgedeckte Story: KAN-27 – E2-07 Filter kombinieren
Testart: Treffer und Navigation
Priorität der Story: Highest

Ziel
Relevante Produkte finden und öffnen

Vorbedingungen
- Die Anwendung ist erreichbar und die erforderlichen Testdaten sind vorbereitet.
- Der Test wird in einer isolierten Umgebung mit nachvollziehbaren Benutzerrollen ausgeführt.

Schritte
1. Repräsentative Produktdaten vorbereiten.
2. Such- oder Filterkriterien eingeben.
3. Sortierung und Pagination verwenden.
4. Detailansicht öffnen und zurück navigieren.

Erwartetes Ergebnis
Die richtigen Treffer erscheinen in stabiler Reihenfolge; der Zustand und die Produktdetails stimmen.

Responsive Viewports
- Desktop: 1440 x 900 CSS-Pixel.
- Full HD: 1920 x 1080 CSS-Pixel.
- WQHD: 2560 x 1440 CSS-Pixel.
- Ultrawide: 3440 x 1440 CSS-Pixel.
- 4K: 3840 x 2160 CSS-Pixel.
- Tablet: 768 x 1024 CSS-Pixel.
- Smartphone: 390 x 844 CSS-Pixel.
- Bei UI-Tests jeden definierten Viewport pruefen und je Viewport einen eigenen Screenshot am Testlauf hinterlegen.

Beleg und Nachbereitung
- Fuer jeden einzelnen Testschritt unmittelbar nach der Ausfuehrung einen Screenshot als Anhang am Testlauf hinterlegen.
- Der Screenshot muss die relevante Ausgangslage bzw. Eingabe und das sichtbare Ergebnis des jeweiligen Schrittes nachvollziehbar zeigen.
- Alle Schritte des Tests muessen einen eigenen Nachweis besitzen; bei Eingabeschritten sind Eingabe und anschliessende Reaktion zu dokumentieren.
- PASS nur vergeben, wenn alle Schritte erfolgreich abgeschlossen und fuer alle Schritte Screenshots hinterlegt sind.
- FAIL oder BLOCKED ebenfalls mit Screenshot(s), tatsaechlichem Ergebnis, Datum, Tester und Umgebung dokumentieren; bei FAIL einen Bug mit Reproduktionsschritten und Verweis auf diesen Test anlegen.
- Passwoerter, Tokens, Zahlungsdaten und sonstige Geheimnisse niemals im Klartext speichern; vor dem Anhang maskieren oder schwaerzen."
KAN-617,E2-07 Filter kombinieren – Keine Treffer und Fehler,"Abgedeckte Story: KAN-27 – E2-07 Filter kombinieren
Testart: Keine Treffer und Fehler
Priorität der Story: Highest

Ziel
Leere und technische Ergebnisse unterscheiden

Vorbedingungen
- Die Anwendung ist erreichbar und die erforderlichen Testdaten sind vorbereitet.
- Der Test wird in einer isolierten Umgebung mit nachvollziehbaren Benutzerrollen ausgeführt.

Schritte
1. Kriterium ohne Treffer verwenden.
2. Ungültige Eingabe senden.
3. Langsame oder fehlerhafte Antwort simulieren.
4. Wiederholen oder Filter zurücksetzen.

Erwartetes Ergebnis
Leere und technische Zustände sind verständlich getrennt; die angebotenen Folgeaktionen funktionieren.

Responsive Viewports
- Desktop: 1440 x 900 CSS-Pixel.
- Full HD: 1920 x 1080 CSS-Pixel.
- WQHD: 2560 x 1440 CSS-Pixel.
- Ultrawide: 3440 x 1440 CSS-Pixel.
- 4K: 3840 x 2160 CSS-Pixel.
- Tablet: 768 x 1024 CSS-Pixel.
- Smartphone: 390 x 844 CSS-Pixel.
- Bei UI-Tests jeden definierten Viewport pruefen und je Viewport einen eigenen Screenshot am Testlauf hinterlegen.

Beleg und Nachbereitung
- Fuer jeden einzelnen Testschritt unmittelbar nach der Ausfuehrung einen Screenshot als Anhang am Testlauf hinterlegen.
- Der Screenshot muss die relevante Ausgangslage bzw. Eingabe und das sichtbare Ergebnis des jeweiligen Schrittes nachvollziehbar zeigen.
- Alle Schritte des Tests muessen einen eigenen Nachweis besitzen; bei Eingabeschritten sind Eingabe und anschliessende Reaktion zu dokumentieren.
- PASS nur vergeben, wenn alle Schritte erfolgreich abgeschlossen und fuer alle Schritte Screenshots hinterlegt sind.
- FAIL oder BLOCKED ebenfalls mit Screenshot(s), tatsaechlichem Ergebnis, Datum, Tester und Umgebung dokumentieren; bei FAIL einen Bug mit Reproduktionsschritten und Verweis auf diesen Test anlegen.
- Passwoerter, Tokens, Zahlungsdaten und sonstige Geheimnisse niemals im Klartext speichern; vor dem Anhang maskieren oder schwaerzen."
KAN-618,E2-07 Filter kombinieren – Responsive und Accessibility,"Abgedeckte Story: KAN-27 – E2-07 Filter kombinieren
Testart: Responsive und Accessibility
Priorität der Story: Highest

Ziel
Suche und Detailansicht ohne Maus nutzen

Vorbedingungen
- Die Anwendung ist erreichbar und die erforderlichen Testdaten sind vorbereitet.
- Der Test wird in einer isolierten Umgebung mit nachvollziehbaren Benutzerrollen ausgeführt.

Schritte
1. Desktop-, Tablet- und Smartphone-Breite testen.
2. Nur Tastatur verwenden.
3. Fokus und Screenreader-Namen prüfen.
4. Bilder und Text bei anderer Auflösung prüfen.

Erwartetes Ergebnis
Kein Überlauf oder Fokusverlust tritt auf; Inhalte und Aktionen bleiben wahrnehmbar und bedienbar.

Responsive Viewports
- Desktop: 1440 x 900 CSS-Pixel.
- Full HD: 1920 x 1080 CSS-Pixel.
- WQHD: 2560 x 1440 CSS-Pixel.
- Ultrawide: 3440 x 1440 CSS-Pixel.
- 4K: 3840 x 2160 CSS-Pixel.
- Tablet: 768 x 1024 CSS-Pixel.
- Smartphone: 390 x 844 CSS-Pixel.
- Bei UI-Tests jeden definierten Viewport pruefen und je Viewport einen eigenen Screenshot am Testlauf hinterlegen.

Beleg und Nachbereitung
- Fuer jeden einzelnen Testschritt unmittelbar nach der Ausfuehrung einen Screenshot als Anhang am Testlauf hinterlegen.
- Der Screenshot muss die relevante Ausgangslage bzw. Eingabe und das sichtbare Ergebnis des jeweiligen Schrittes nachvollziehbar zeigen.
- Alle Schritte des Tests muessen einen eigenen Nachweis besitzen; bei Eingabeschritten sind Eingabe und anschliessende Reaktion zu dokumentieren.
- PASS nur vergeben, wenn alle Schritte erfolgreich abgeschlossen und fuer alle Schritte Screenshots hinterlegt sind.
- FAIL oder BLOCKED ebenfalls mit Screenshot(s), tatsaechlichem Ergebnis, Datum, Tester und Umgebung dokumentieren; bei FAIL einen Bug mit Reproduktionsschritten und Verweis auf diesen Test anlegen.
- Passwoerter, Tokens, Zahlungsdaten und sonstige Geheimnisse niemals im Klartext speichern; vor dem Anhang maskieren oder schwaerzen."
KAN-619,E2-08 Ergebnisse sortieren – Treffer und Navigation,"Abgedeckte Story: KAN-28 – E2-08 Ergebnisse sortieren
Testart: Treffer und Navigation
Priorität der Story: Highest

Ziel
Relevante Produkte finden und öffnen

Vorbedingungen
- Die Anwendung ist erreichbar und die erforderlichen Testdaten sind vorbereitet.
- Der Test wird in einer isolierten Umgebung mit nachvollziehbaren Benutzerrollen ausgeführt.

Schritte
1. Repräsentative Produktdaten vorbereiten.
2. Such- oder Filterkriterien eingeben.
3. Sortierung und Pagination verwenden.
4. Detailansicht öffnen und zurück navigieren.

Erwartetes Ergebnis
Die richtigen Treffer erscheinen in stabiler Reihenfolge; der Zustand und die Produktdetails stimmen.

Responsive Viewports
- Desktop: 1440 x 900 CSS-Pixel.
- Full HD: 1920 x 1080 CSS-Pixel.
- WQHD: 2560 x 1440 CSS-Pixel.
- Ultrawide: 3440 x 1440 CSS-Pixel.
- 4K: 3840 x 2160 CSS-Pixel.
- Tablet: 768 x 1024 CSS-Pixel.
- Smartphone: 390 x 844 CSS-Pixel.
- Bei UI-Tests jeden definierten Viewport pruefen und je Viewport einen eigenen Screenshot am Testlauf hinterlegen.

Beleg und Nachbereitung
- Fuer jeden einzelnen Testschritt unmittelbar nach der Ausfuehrung einen Screenshot als Anhang am Testlauf hinterlegen.
- Der Screenshot muss die relevante Ausgangslage bzw. Eingabe und das sichtbare Ergebnis des jeweiligen Schrittes nachvollziehbar zeigen.
- Alle Schritte des Tests muessen einen eigenen Nachweis besitzen; bei Eingabeschritten sind Eingabe und anschliessende Reaktion zu dokumentieren.
- PASS nur vergeben, wenn alle Schritte erfolgreich abgeschlossen und fuer alle Schritte Screenshots hinterlegt sind.
- FAIL oder BLOCKED ebenfalls mit Screenshot(s), tatsaechlichem Ergebnis, Datum, Tester und Umgebung dokumentieren; bei FAIL einen Bug mit Reproduktionsschritten und Verweis auf diesen Test anlegen.
- Passwoerter, Tokens, Zahlungsdaten und sonstige Geheimnisse niemals im Klartext speichern; vor dem Anhang maskieren oder schwaerzen."
KAN-620,E2-08 Ergebnisse sortieren – Keine Treffer und Fehler,"Abgedeckte Story: KAN-28 – E2-08 Ergebnisse sortieren
Testart: Keine Treffer und Fehler
Priorität der Story: Highest

Ziel
Leere und technische Ergebnisse unterscheiden

Vorbedingungen
- Die Anwendung ist erreichbar und die erforderlichen Testdaten sind vorbereitet.
- Der Test wird in einer isolierten Umgebung mit nachvollziehbaren Benutzerrollen ausgeführt.

Schritte
1. Kriterium ohne Treffer verwenden.
2. Ungültige Eingabe senden.
3. Langsame oder fehlerhafte Antwort simulieren.
4. Wiederholen oder Filter zurücksetzen.

Erwartetes Ergebnis
Leere und technische Zustände sind verständlich getrennt; die angebotenen Folgeaktionen funktionieren.

Responsive Viewports
- Desktop: 1440 x 900 CSS-Pixel.
- Full HD: 1920 x 1080 CSS-Pixel.
- WQHD: 2560 x 1440 CSS-Pixel.
- Ultrawide: 3440 x 1440 CSS-Pixel.
- 4K: 3840 x 2160 CSS-Pixel.
- Tablet: 768 x 1024 CSS-Pixel.
- Smartphone: 390 x 844 CSS-Pixel.
- Bei UI-Tests jeden definierten Viewport pruefen und je Viewport einen eigenen Screenshot am Testlauf hinterlegen.

Beleg und Nachbereitung
- Fuer jeden einzelnen Testschritt unmittelbar nach der Ausfuehrung einen Screenshot als Anhang am Testlauf hinterlegen.
- Der Screenshot muss die relevante Ausgangslage bzw. Eingabe und das sichtbare Ergebnis des jeweiligen Schrittes nachvollziehbar zeigen.
- Alle Schritte des Tests muessen einen eigenen Nachweis besitzen; bei Eingabeschritten sind Eingabe und anschliessende Reaktion zu dokumentieren.
- PASS nur vergeben, wenn alle Schritte erfolgreich abgeschlossen und fuer alle Schritte Screenshots hinterlegt sind.
- FAIL oder BLOCKED ebenfalls mit Screenshot(s), tatsaechlichem Ergebnis, Datum, Tester und Umgebung dokumentieren; bei FAIL einen Bug mit Reproduktionsschritten und Verweis auf diesen Test anlegen.
- Passwoerter, Tokens, Zahlungsdaten und sonstige Geheimnisse niemals im Klartext speichern; vor dem Anhang maskieren oder schwaerzen."
KAN-621,E2-08 Ergebnisse sortieren – Responsive und Accessibility,"Abgedeckte Story: KAN-28 – E2-08 Ergebnisse sortieren
Testart: Responsive und Accessibility
Priorität der Story: Highest

Ziel
Suche und Detailansicht ohne Maus nutzen

Vorbedingungen
- Die Anwendung ist erreichbar und die erforderlichen Testdaten sind vorbereitet.
- Der Test wird in einer isolierten Umgebung mit nachvollziehbaren Benutzerrollen ausgeführt.

Schritte
1. Desktop-, Tablet- und Smartphone-Breite testen.
2. Nur Tastatur verwenden.
3. Fokus und Screenreader-Namen prüfen.
4. Bilder und Text bei anderer Auflösung prüfen.

Erwartetes Ergebnis
Kein Überlauf oder Fokusverlust tritt auf; Inhalte und Aktionen bleiben wahrnehmbar und bedienbar.

Responsive Viewports
- Desktop: 1440 x 900 CSS-Pixel.
- Full HD: 1920 x 1080 CSS-Pixel.
- WQHD: 2560 x 1440 CSS-Pixel.
- Ultrawide: 3440 x 1440 CSS-Pixel.
- 4K: 3840 x 2160 CSS-Pixel.
- Tablet: 768 x 1024 CSS-Pixel.
- Smartphone: 390 x 844 CSS-Pixel.
- Bei UI-Tests jeden definierten Viewport pruefen und je Viewport einen eigenen Screenshot am Testlauf hinterlegen.

Beleg und Nachbereitung
- Fuer jeden einzelnen Testschritt unmittelbar nach der Ausfuehrung einen Screenshot als Anhang am Testlauf hinterlegen.
- Der Screenshot muss die relevante Ausgangslage bzw. Eingabe und das sichtbare Ergebnis des jeweiligen Schrittes nachvollziehbar zeigen.
- Alle Schritte des Tests muessen einen eigenen Nachweis besitzen; bei Eingabeschritten sind Eingabe und anschliessende Reaktion zu dokumentieren.
- PASS nur vergeben, wenn alle Schritte erfolgreich abgeschlossen und fuer alle Schritte Screenshots hinterlegt sind.
- FAIL oder BLOCKED ebenfalls mit Screenshot(s), tatsaechlichem Ergebnis, Datum, Tester und Umgebung dokumentieren; bei FAIL einen Bug mit Reproduktionsschritten und Verweis auf diesen Test anlegen.
- Passwoerter, Tokens, Zahlungsdaten und sonstige Geheimnisse niemals im Klartext speichern; vor dem Anhang maskieren oder schwaerzen."
KAN-622,E2-09 Ergebnisse paginieren – Treffer und Navigation,"Abgedeckte Story: KAN-29 – E2-09 Ergebnisse paginieren
Testart: Treffer und Navigation
Priorität der Story: Highest

Ziel
Relevante Produkte finden und öffnen

Vorbedingungen
- Die Anwendung ist erreichbar und die erforderlichen Testdaten sind vorbereitet.
- Der Test wird in einer isolierten Umgebung mit nachvollziehbaren Benutzerrollen ausgeführt.

Schritte
1. Repräsentative Produktdaten vorbereiten.
2. Such- oder Filterkriterien eingeben.
3. Sortierung und Pagination verwenden.
4. Detailansicht öffnen und zurück navigieren.

Erwartetes Ergebnis
Die richtigen Treffer erscheinen in stabiler Reihenfolge; der Zustand und die Produktdetails stimmen.

Responsive Viewports
- Desktop: 1440 x 900 CSS-Pixel.
- Full HD: 1920 x 1080 CSS-Pixel.
- WQHD: 2560 x 1440 CSS-Pixel.
- Ultrawide: 3440 x 1440 CSS-Pixel.
- 4K: 3840 x 2160 CSS-Pixel.
- Tablet: 768 x 1024 CSS-Pixel.
- Smartphone: 390 x 844 CSS-Pixel.
- Bei UI-Tests jeden definierten Viewport pruefen und je Viewport einen eigenen Screenshot am Testlauf hinterlegen.

Beleg und Nachbereitung
- Fuer jeden einzelnen Testschritt unmittelbar nach der Ausfuehrung einen Screenshot als Anhang am Testlauf hinterlegen.
- Der Screenshot muss die relevante Ausgangslage bzw. Eingabe und das sichtbare Ergebnis des jeweiligen Schrittes nachvollziehbar zeigen.
- Alle Schritte des Tests muessen einen eigenen Nachweis besitzen; bei Eingabeschritten sind Eingabe und anschliessende Reaktion zu dokumentieren.
- PASS nur vergeben, wenn alle Schritte erfolgreich abgeschlossen und fuer alle Schritte Screenshots hinterlegt sind.
- FAIL oder BLOCKED ebenfalls mit Screenshot(s), tatsaechlichem Ergebnis, Datum, Tester und Umgebung dokumentieren; bei FAIL einen Bug mit Reproduktionsschritten und Verweis auf diesen Test anlegen.
- Passwoerter, Tokens, Zahlungsdaten und sonstige Geheimnisse niemals im Klartext speichern; vor dem Anhang maskieren oder schwaerzen."
KAN-623,E2-09 Ergebnisse paginieren – Keine Treffer und Fehler,"Abgedeckte Story: KAN-29 – E2-09 Ergebnisse paginieren
Testart: Keine Treffer und Fehler
Priorität der Story: Highest

Ziel
Leere und technische Ergebnisse unterscheiden

Vorbedingungen
- Die Anwendung ist erreichbar und die erforderlichen Testdaten sind vorbereitet.
- Der Test wird in einer isolierten Umgebung mit nachvollziehbaren Benutzerrollen ausgeführt.

Schritte
1. Kriterium ohne Treffer verwenden.
2. Ungültige Eingabe senden.
3. Langsame oder fehlerhafte Antwort simulieren.
4. Wiederholen oder Filter zurücksetzen.

Erwartetes Ergebnis
Leere und technische Zustände sind verständlich getrennt; die angebotenen Folgeaktionen funktionieren.

Responsive Viewports
- Desktop: 1440 x 900 CSS-Pixel.
- Full HD: 1920 x 1080 CSS-Pixel.
- WQHD: 2560 x 1440 CSS-Pixel.
- Ultrawide: 3440 x 1440 CSS-Pixel.
- 4K: 3840 x 2160 CSS-Pixel.
- Tablet: 768 x 1024 CSS-Pixel.
- Smartphone: 390 x 844 CSS-Pixel.
- Bei UI-Tests jeden definierten Viewport pruefen und je Viewport einen eigenen Screenshot am Testlauf hinterlegen.

Beleg und Nachbereitung
- Fuer jeden einzelnen Testschritt unmittelbar nach der Ausfuehrung einen Screenshot als Anhang am Testlauf hinterlegen.
- Der Screenshot muss die relevante Ausgangslage bzw. Eingabe und das sichtbare Ergebnis des jeweiligen Schrittes nachvollziehbar zeigen.
- Alle Schritte des Tests muessen einen eigenen Nachweis besitzen; bei Eingabeschritten sind Eingabe und anschliessende Reaktion zu dokumentieren.
- PASS nur vergeben, wenn alle Schritte erfolgreich abgeschlossen und fuer alle Schritte Screenshots hinterlegt sind.
- FAIL oder BLOCKED ebenfalls mit Screenshot(s), tatsaechlichem Ergebnis, Datum, Tester und Umgebung dokumentieren; bei FAIL einen Bug mit Reproduktionsschritten und Verweis auf diesen Test anlegen.
- Passwoerter, Tokens, Zahlungsdaten und sonstige Geheimnisse niemals im Klartext speichern; vor dem Anhang maskieren oder schwaerzen."
KAN-624,E2-09 Ergebnisse paginieren – Responsive und Accessibility,"Abgedeckte Story: KAN-29 – E2-09 Ergebnisse paginieren
Testart: Responsive und Accessibility
Priorität der Story: Highest

Ziel
Suche und Detailansicht ohne Maus nutzen

Vorbedingungen
- Die Anwendung ist erreichbar und die erforderlichen Testdaten sind vorbereitet.
- Der Test wird in einer isolierten Umgebung mit nachvollziehbaren Benutzerrollen ausgeführt.

Schritte
1. Desktop-, Tablet- und Smartphone-Breite testen.
2. Nur Tastatur verwenden.
3. Fokus und Screenreader-Namen prüfen.
4. Bilder und Text bei anderer Auflösung prüfen.

Erwartetes Ergebnis
Kein Überlauf oder Fokusverlust tritt auf; Inhalte und Aktionen bleiben wahrnehmbar und bedienbar.

Responsive Viewports
- Desktop: 1440 x 900 CSS-Pixel.
- Full HD: 1920 x 1080 CSS-Pixel.
- WQHD: 2560 x 1440 CSS-Pixel.
- Ultrawide: 3440 x 1440 CSS-Pixel.
- 4K: 3840 x 2160 CSS-Pixel.
- Tablet: 768 x 1024 CSS-Pixel.
- Smartphone: 390 x 844 CSS-Pixel.
- Bei UI-Tests jeden definierten Viewport pruefen und je Viewport einen eigenen Screenshot am Testlauf hinterlegen.

Beleg und Nachbereitung
- Fuer jeden einzelnen Testschritt unmittelbar nach der Ausfuehrung einen Screenshot als Anhang am Testlauf hinterlegen.
- Der Screenshot muss die relevante Ausgangslage bzw. Eingabe und das sichtbare Ergebnis des jeweiligen Schrittes nachvollziehbar zeigen.
- Alle Schritte des Tests muessen einen eigenen Nachweis besitzen; bei Eingabeschritten sind Eingabe und anschliessende Reaktion zu dokumentieren.
- PASS nur vergeben, wenn alle Schritte erfolgreich abgeschlossen und fuer alle Schritte Screenshots hinterlegt sind.
- FAIL oder BLOCKED ebenfalls mit Screenshot(s), tatsaechlichem Ergebnis, Datum, Tester und Umgebung dokumentieren; bei FAIL einen Bug mit Reproduktionsschritten und Verweis auf diesen Test anlegen.
- Passwoerter, Tokens, Zahlungsdaten und sonstige Geheimnisse niemals im Klartext speichern; vor dem Anhang maskieren oder schwaerzen."
KAN-625,E2-10 Produktdetailseite anzeigen – Treffer und Navigation,"Abgedeckte Story: KAN-30 – E2-10 Produktdetailseite anzeigen
Testart: Treffer und Navigation
Priorität der Story: Highest

Ziel
Relevante Produkte finden und öffnen

Vorbedingungen
- Die Anwendung ist erreichbar und die erforderlichen Testdaten sind vorbereitet.
- Der Test wird in einer isolierten Umgebung mit nachvollziehbaren Benutzerrollen ausgeführt.

Schritte
1. Repräsentative Produktdaten vorbereiten.
2. Such- oder Filterkriterien eingeben.
3. Sortierung und Pagination verwenden.
4. Detailansicht öffnen und zurück navigieren.

Erwartetes Ergebnis
Die richtigen Treffer erscheinen in stabiler Reihenfolge; der Zustand und die Produktdetails stimmen.

Responsive Viewports
- Desktop: 1440 x 900 CSS-Pixel.
- Full HD: 1920 x 1080 CSS-Pixel.
- WQHD: 2560 x 1440 CSS-Pixel.
- Ultrawide: 3440 x 1440 CSS-Pixel.
- 4K: 3840 x 2160 CSS-Pixel.
- Tablet: 768 x 1024 CSS-Pixel.
- Smartphone: 390 x 844 CSS-Pixel.
- Bei UI-Tests jeden definierten Viewport pruefen und je Viewport einen eigenen Screenshot am Testlauf hinterlegen.

Beleg und Nachbereitung
- Fuer jeden einzelnen Testschritt unmittelbar nach der Ausfuehrung einen Screenshot als Anhang am Testlauf hinterlegen.
- Der Screenshot muss die relevante Ausgangslage bzw. Eingabe und das sichtbare Ergebnis des jeweiligen Schrittes nachvollziehbar zeigen.
- Alle Schritte des Tests muessen einen eigenen Nachweis besitzen; bei Eingabeschritten sind Eingabe und anschliessende Reaktion zu dokumentieren.
- PASS nur vergeben, wenn alle Schritte erfolgreich abgeschlossen und fuer alle Schritte Screenshots hinterlegt sind.
- FAIL oder BLOCKED ebenfalls mit Screenshot(s), tatsaechlichem Ergebnis, Datum, Tester und Umgebung dokumentieren; bei FAIL einen Bug mit Reproduktionsschritten und Verweis auf diesen Test anlegen.
- Passwoerter, Tokens, Zahlungsdaten und sonstige Geheimnisse niemals im Klartext speichern; vor dem Anhang maskieren oder schwaerzen."
KAN-626,E2-10 Produktdetailseite anzeigen – Keine Treffer und Fehler,"Abgedeckte Story: KAN-30 – E2-10 Produktdetailseite anzeigen
Testart: Keine Treffer und Fehler
Priorität der Story: Highest

Ziel
Leere und technische Ergebnisse unterscheiden

Vorbedingungen
- Die Anwendung ist erreichbar und die erforderlichen Testdaten sind vorbereitet.
- Der Test wird in einer isolierten Umgebung mit nachvollziehbaren Benutzerrollen ausgeführt.

Schritte
1. Kriterium ohne Treffer verwenden.
2. Ungültige Eingabe senden.
3. Langsame oder fehlerhafte Antwort simulieren.
4. Wiederholen oder Filter zurücksetzen.

Erwartetes Ergebnis
Leere und technische Zustände sind verständlich getrennt; die angebotenen Folgeaktionen funktionieren.

Responsive Viewports
- Desktop: 1440 x 900 CSS-Pixel.
- Full HD: 1920 x 1080 CSS-Pixel.
- WQHD: 2560 x 1440 CSS-Pixel.
- Ultrawide: 3440 x 1440 CSS-Pixel.
- 4K: 3840 x 2160 CSS-Pixel.
- Tablet: 768 x 1024 CSS-Pixel.
- Smartphone: 390 x 844 CSS-Pixel.
- Bei UI-Tests jeden definierten Viewport pruefen und je Viewport einen eigenen Screenshot am Testlauf hinterlegen.

Beleg und Nachbereitung
- Fuer jeden einzelnen Testschritt unmittelbar nach der Ausfuehrung einen Screenshot als Anhang am Testlauf hinterlegen.
- Der Screenshot muss die relevante Ausgangslage bzw. Eingabe und das sichtbare Ergebnis des jeweiligen Schrittes nachvollziehbar zeigen.
- Alle Schritte des Tests muessen einen eigenen Nachweis besitzen; bei Eingabeschritten sind Eingabe und anschliessende Reaktion zu dokumentieren.
- PASS nur vergeben, wenn alle Schritte erfolgreich abgeschlossen und fuer alle Schritte Screenshots hinterlegt sind.
- FAIL oder BLOCKED ebenfalls mit Screenshot(s), tatsaechlichem Ergebnis, Datum, Tester und Umgebung dokumentieren; bei FAIL einen Bug mit Reproduktionsschritten und Verweis auf diesen Test anlegen.
- Passwoerter, Tokens, Zahlungsdaten und sonstige Geheimnisse niemals im Klartext speichern; vor dem Anhang maskieren oder schwaerzen."
KAN-627,E2-10 Produktdetailseite anzeigen – Responsive und Accessibility,"Abgedeckte Story: KAN-30 – E2-10 Produktdetailseite anzeigen
Testart: Responsive und Accessibility
Priorität der Story: Highest

Ziel
Suche und Detailansicht ohne Maus nutzen

Vorbedingungen
- Die Anwendung ist erreichbar und die erforderlichen Testdaten sind vorbereitet.
- Der Test wird in einer isolierten Umgebung mit nachvollziehbaren Benutzerrollen ausgeführt.

Schritte
1. Desktop-, Tablet- und Smartphone-Breite testen.
2. Nur Tastatur verwenden.
3. Fokus und Screenreader-Namen prüfen.
4. Bilder und Text bei anderer Auflösung prüfen.

Erwartetes Ergebnis
Kein Überlauf oder Fokusverlust tritt auf; Inhalte und Aktionen bleiben wahrnehmbar und bedienbar.

Responsive Viewports
- Desktop: 1440 x 900 CSS-Pixel.
- Full HD: 1920 x 1080 CSS-Pixel.
- WQHD: 2560 x 1440 CSS-Pixel.
- Ultrawide: 3440 x 1440 CSS-Pixel.
- 4K: 3840 x 2160 CSS-Pixel.
- Tablet: 768 x 1024 CSS-Pixel.
- Smartphone: 390 x 844 CSS-Pixel.
- Bei UI-Tests jeden definierten Viewport pruefen und je Viewport einen eigenen Screenshot am Testlauf hinterlegen.

Beleg und Nachbereitung
- Fuer jeden einzelnen Testschritt unmittelbar nach der Ausfuehrung einen Screenshot als Anhang am Testlauf hinterlegen.
- Der Screenshot muss die relevante Ausgangslage bzw. Eingabe und das sichtbare Ergebnis des jeweiligen Schrittes nachvollziehbar zeigen.
- Alle Schritte des Tests muessen einen eigenen Nachweis besitzen; bei Eingabeschritten sind Eingabe und anschliessende Reaktion zu dokumentieren.
- PASS nur vergeben, wenn alle Schritte erfolgreich abgeschlossen und fuer alle Schritte Screenshots hinterlegt sind.
- FAIL oder BLOCKED ebenfalls mit Screenshot(s), tatsaechlichem Ergebnis, Datum, Tester und Umgebung dokumentieren; bei FAIL einen Bug mit Reproduktionsschritten und Verweis auf diesen Test anlegen.
- Passwoerter, Tokens, Zahlungsdaten und sonstige Geheimnisse niemals im Klartext speichern; vor dem Anhang maskieren oder schwaerzen."
KAN-628,E2-11 Produktbilder vergrößern – Treffer und Navigation,"Abgedeckte Story: KAN-31 – E2-11 Produktbilder vergrößern
Testart: Treffer und Navigation
Priorität der Story: Highest

Ziel
Relevante Produkte finden und öffnen

Vorbedingungen
- Die Anwendung ist erreichbar und die erforderlichen Testdaten sind vorbereitet.
- Der Test wird in einer isolierten Umgebung mit nachvollziehbaren Benutzerrollen ausgeführt.

Schritte
1. Repräsentative Produktdaten vorbereiten.
2. Such- oder Filterkriterien eingeben.
3. Sortierung und Pagination verwenden.
4. Detailansicht öffnen und zurück navigieren.

Erwartetes Ergebnis
Die richtigen Treffer erscheinen in stabiler Reihenfolge; der Zustand und die Produktdetails stimmen.

Responsive Viewports
- Desktop: 1440 x 900 CSS-Pixel.
- Full HD: 1920 x 1080 CSS-Pixel.
- WQHD: 2560 x 1440 CSS-Pixel.
- Ultrawide: 3440 x 1440 CSS-Pixel.
- 4K: 3840 x 2160 CSS-Pixel.
- Tablet: 768 x 1024 CSS-Pixel.
- Smartphone: 390 x 844 CSS-Pixel.
- Bei UI-Tests jeden definierten Viewport pruefen und je Viewport einen eigenen Screenshot am Testlauf hinterlegen.

Beleg und Nachbereitung
- Fuer jeden einzelnen Testschritt unmittelbar nach der Ausfuehrung einen Screenshot als Anhang am Testlauf hinterlegen.
- Der Screenshot muss die relevante Ausgangslage bzw. Eingabe und das sichtbare Ergebnis des jeweiligen Schrittes nachvollziehbar zeigen.
- Alle Schritte des Tests muessen einen eigenen Nachweis besitzen; bei Eingabeschritten sind Eingabe und anschliessende Reaktion zu dokumentieren.
- PASS nur vergeben, wenn alle Schritte erfolgreich abgeschlossen und fuer alle Schritte Screenshots hinterlegt sind.
- FAIL oder BLOCKED ebenfalls mit Screenshot(s), tatsaechlichem Ergebnis, Datum, Tester und Umgebung dokumentieren; bei FAIL einen Bug mit Reproduktionsschritten und Verweis auf diesen Test anlegen.
- Passwoerter, Tokens, Zahlungsdaten und sonstige Geheimnisse niemals im Klartext speichern; vor dem Anhang maskieren oder schwaerzen."
KAN-629,E2-11 Produktbilder vergrößern – Keine Treffer und Fehler,"Abgedeckte Story: KAN-31 – E2-11 Produktbilder vergrößern
Testart: Keine Treffer und Fehler
Priorität der Story: Highest

Ziel
Leere und technische Ergebnisse unterscheiden

Vorbedingungen
- Die Anwendung ist erreichbar und die erforderlichen Testdaten sind vorbereitet.
- Der Test wird in einer isolierten Umgebung mit nachvollziehbaren Benutzerrollen ausgeführt.

Schritte
1. Kriterium ohne Treffer verwenden.
2. Ungültige Eingabe senden.
3. Langsame oder fehlerhafte Antwort simulieren.
4. Wiederholen oder Filter zurücksetzen.

Erwartetes Ergebnis
Leere und technische Zustände sind verständlich getrennt; die angebotenen Folgeaktionen funktionieren.

Responsive Viewports
- Desktop: 1440 x 900 CSS-Pixel.
- Full HD: 1920 x 1080 CSS-Pixel.
- WQHD: 2560 x 1440 CSS-Pixel.
- Ultrawide: 3440 x 1440 CSS-Pixel.
- 4K: 3840 x 2160 CSS-Pixel.
- Tablet: 768 x 1024 CSS-Pixel.
- Smartphone: 390 x 844 CSS-Pixel.
- Bei UI-Tests jeden definierten Viewport pruefen und je Viewport einen eigenen Screenshot am Testlauf hinterlegen.

Beleg und Nachbereitung
- Fuer jeden einzelnen Testschritt unmittelbar nach der Ausfuehrung einen Screenshot als Anhang am Testlauf hinterlegen.
- Der Screenshot muss die relevante Ausgangslage bzw. Eingabe und das sichtbare Ergebnis des jeweiligen Schrittes nachvollziehbar zeigen.
- Alle Schritte des Tests muessen einen eigenen Nachweis besitzen; bei Eingabeschritten sind Eingabe und anschliessende Reaktion zu dokumentieren.
- PASS nur vergeben, wenn alle Schritte erfolgreich abgeschlossen und fuer alle Schritte Screenshots hinterlegt sind.
- FAIL oder BLOCKED ebenfalls mit Screenshot(s), tatsaechlichem Ergebnis, Datum, Tester und Umgebung dokumentieren; bei FAIL einen Bug mit Reproduktionsschritten und Verweis auf diesen Test anlegen.
- Passwoerter, Tokens, Zahlungsdaten und sonstige Geheimnisse niemals im Klartext speichern; vor dem Anhang maskieren oder schwaerzen."
KAN-630,E2-11 Produktbilder vergrößern – Responsive und Accessibility,"Abgedeckte Story: KAN-31 – E2-11 Produktbilder vergrößern
Testart: Responsive und Accessibility
Priorität der Story: Highest

Ziel
Suche und Detailansicht ohne Maus nutzen

Vorbedingungen
- Die Anwendung ist erreichbar und die erforderlichen Testdaten sind vorbereitet.
- Der Test wird in einer isolierten Umgebung mit nachvollziehbaren Benutzerrollen ausgeführt.

Schritte
1. Desktop-, Tablet- und Smartphone-Breite testen.
2. Nur Tastatur verwenden.
3. Fokus und Screenreader-Namen prüfen.
4. Bilder und Text bei anderer Auflösung prüfen.

Erwartetes Ergebnis
Kein Überlauf oder Fokusverlust tritt auf; Inhalte und Aktionen bleiben wahrnehmbar und bedienbar.

Responsive Viewports
- Desktop: 1440 x 900 CSS-Pixel.
- Full HD: 1920 x 1080 CSS-Pixel.
- WQHD: 2560 x 1440 CSS-Pixel.
- Ultrawide: 3440 x 1440 CSS-Pixel.
- 4K: 3840 x 2160 CSS-Pixel.
- Tablet: 768 x 1024 CSS-Pixel.
- Smartphone: 390 x 844 CSS-Pixel.
- Bei UI-Tests jeden definierten Viewport pruefen und je Viewport einen eigenen Screenshot am Testlauf hinterlegen.

Beleg und Nachbereitung
- Fuer jeden einzelnen Testschritt unmittelbar nach der Ausfuehrung einen Screenshot als Anhang am Testlauf hinterlegen.
- Der Screenshot muss die relevante Ausgangslage bzw. Eingabe und das sichtbare Ergebnis des jeweiligen Schrittes nachvollziehbar zeigen.
- Alle Schritte des Tests muessen einen eigenen Nachweis besitzen; bei Eingabeschritten sind Eingabe und anschliessende Reaktion zu dokumentieren.
- PASS nur vergeben, wenn alle Schritte erfolgreich abgeschlossen und fuer alle Schritte Screenshots hinterlegt sind.
- FAIL oder BLOCKED ebenfalls mit Screenshot(s), tatsaechlichem Ergebnis, Datum, Tester und Umgebung dokumentieren; bei FAIL einen Bug mit Reproduktionsschritten und Verweis auf diesen Test anlegen.
- Passwoerter, Tokens, Zahlungsdaten und sonstige Geheimnisse niemals im Klartext speichern; vor dem Anhang maskieren oder schwaerzen."
KAN-631,E2-12 Ähnliche Karten anzeigen – Treffer und Navigation,"Abgedeckte Story: KAN-32 – E2-12 Ähnliche Karten anzeigen
Testart: Treffer und Navigation
Priorität der Story: High

Ziel
Relevante Produkte finden und öffnen

Vorbedingungen
- Die Anwendung ist erreichbar und die erforderlichen Testdaten sind vorbereitet.
- Der Test wird in einer isolierten Umgebung mit nachvollziehbaren Benutzerrollen ausgeführt.

Schritte
1. Repräsentative Produktdaten vorbereiten.
2. Such- oder Filterkriterien eingeben.
3. Sortierung und Pagination verwenden.
4. Detailansicht öffnen und zurück navigieren.

Erwartetes Ergebnis
Die richtigen Treffer erscheinen in stabiler Reihenfolge; der Zustand und die Produktdetails stimmen.

Responsive Viewports
- Desktop: 1440 x 900 CSS-Pixel.
- Full HD: 1920 x 1080 CSS-Pixel.
- WQHD: 2560 x 1440 CSS-Pixel.
- Ultrawide: 3440 x 1440 CSS-Pixel.
- 4K: 3840 x 2160 CSS-Pixel.
- Tablet: 768 x 1024 CSS-Pixel.
- Smartphone: 390 x 844 CSS-Pixel.
- Bei UI-Tests jeden definierten Viewport pruefen und je Viewport einen eigenen Screenshot am Testlauf hinterlegen.

Beleg und Nachbereitung
- Fuer jeden einzelnen Testschritt unmittelbar nach der Ausfuehrung einen Screenshot als Anhang am Testlauf hinterlegen.
- Der Screenshot muss die relevante Ausgangslage bzw. Eingabe und das sichtbare Ergebnis des jeweiligen Schrittes nachvollziehbar zeigen.
- Alle Schritte des Tests muessen einen eigenen Nachweis besitzen; bei Eingabeschritten sind Eingabe und anschliessende Reaktion zu dokumentieren.
- PASS nur vergeben, wenn alle Schritte erfolgreich abgeschlossen und fuer alle Schritte Screenshots hinterlegt sind.
- FAIL oder BLOCKED ebenfalls mit Screenshot(s), tatsaechlichem Ergebnis, Datum, Tester und Umgebung dokumentieren; bei FAIL einen Bug mit Reproduktionsschritten und Verweis auf diesen Test anlegen.
- Passwoerter, Tokens, Zahlungsdaten und sonstige Geheimnisse niemals im Klartext speichern; vor dem Anhang maskieren oder schwaerzen."
KAN-632,E2-12 Ähnliche Karten anzeigen – Keine Treffer und Fehler,"Abgedeckte Story: KAN-32 – E2-12 Ähnliche Karten anzeigen
Testart: Keine Treffer und Fehler
Priorität der Story: High

Ziel
Leere und technische Ergebnisse unterscheiden

Vorbedingungen
- Die Anwendung ist erreichbar und die erforderlichen Testdaten sind vorbereitet.
- Der Test wird in einer isolierten Umgebung mit nachvollziehbaren Benutzerrollen ausgeführt.

Schritte
1. Kriterium ohne Treffer verwenden.
2. Ungültige Eingabe senden.
3. Langsame oder fehlerhafte Antwort simulieren.
4. Wiederholen oder Filter zurücksetzen.

Erwartetes Ergebnis
Leere und technische Zustände sind verständlich getrennt; die angebotenen Folgeaktionen funktionieren.

Responsive Viewports
- Desktop: 1440 x 900 CSS-Pixel.
- Full HD: 1920 x 1080 CSS-Pixel.
- WQHD: 2560 x 1440 CSS-Pixel.
- Ultrawide: 3440 x 1440 CSS-Pixel.
- 4K: 3840 x 2160 CSS-Pixel.
- Tablet: 768 x 1024 CSS-Pixel.
- Smartphone: 390 x 844 CSS-Pixel.
- Bei UI-Tests jeden definierten Viewport pruefen und je Viewport einen eigenen Screenshot am Testlauf hinterlegen.

Beleg und Nachbereitung
- Fuer jeden einzelnen Testschritt unmittelbar nach der Ausfuehrung einen Screenshot als Anhang am Testlauf hinterlegen.
- Der Screenshot muss die relevante Ausgangslage bzw. Eingabe und das sichtbare Ergebnis des jeweiligen Schrittes nachvollziehbar zeigen.
- Alle Schritte des Tests muessen einen eigenen Nachweis besitzen; bei Eingabeschritten sind Eingabe und anschliessende Reaktion zu dokumentieren.
- PASS nur vergeben, wenn alle Schritte erfolgreich abgeschlossen und fuer alle Schritte Screenshots hinterlegt sind.
- FAIL oder BLOCKED ebenfalls mit Screenshot(s), tatsaechlichem Ergebnis, Datum, Tester und Umgebung dokumentieren; bei FAIL einen Bug mit Reproduktionsschritten und Verweis auf diesen Test anlegen.
- Passwoerter, Tokens, Zahlungsdaten und sonstige Geheimnisse niemals im Klartext speichern; vor dem Anhang maskieren oder schwaerzen."
KAN-633,E2-12 Ähnliche Karten anzeigen – Responsive und Accessibility,"Abgedeckte Story: KAN-32 – E2-12 Ähnliche Karten anzeigen
Testart: Responsive und Accessibility
Priorität der Story: High

Ziel
Suche und Detailansicht ohne Maus nutzen

Vorbedingungen
- Die Anwendung ist erreichbar und die erforderlichen Testdaten sind vorbereitet.
- Der Test wird in einer isolierten Umgebung mit nachvollziehbaren Benutzerrollen ausgeführt.

Schritte
1. Desktop-, Tablet- und Smartphone-Breite testen.
2. Nur Tastatur verwenden.
3. Fokus und Screenreader-Namen prüfen.
4. Bilder und Text bei anderer Auflösung prüfen.

Erwartetes Ergebnis
Kein Überlauf oder Fokusverlust tritt auf; Inhalte und Aktionen bleiben wahrnehmbar und bedienbar.

Responsive Viewports
- Desktop: 1440 x 900 CSS-Pixel.
- Full HD: 1920 x 1080 CSS-Pixel.
- WQHD: 2560 x 1440 CSS-Pixel.
- Ultrawide: 3440 x 1440 CSS-Pixel.
- 4K: 3840 x 2160 CSS-Pixel.
- Tablet: 768 x 1024 CSS-Pixel.
- Smartphone: 390 x 844 CSS-Pixel.
- Bei UI-Tests jeden definierten Viewport pruefen und je Viewport einen eigenen Screenshot am Testlauf hinterlegen.

Beleg und Nachbereitung
- Fuer jeden einzelnen Testschritt unmittelbar nach der Ausfuehrung einen Screenshot als Anhang am Testlauf hinterlegen.
- Der Screenshot muss die relevante Ausgangslage bzw. Eingabe und das sichtbare Ergebnis des jeweiligen Schrittes nachvollziehbar zeigen.
- Alle Schritte des Tests muessen einen eigenen Nachweis besitzen; bei Eingabeschritten sind Eingabe und anschliessende Reaktion zu dokumentieren.
- PASS nur vergeben, wenn alle Schritte erfolgreich abgeschlossen und fuer alle Schritte Screenshots hinterlegt sind.
- FAIL oder BLOCKED ebenfalls mit Screenshot(s), tatsaechlichem Ergebnis, Datum, Tester und Umgebung dokumentieren; bei FAIL einen Bug mit Reproduktionsschritten und Verweis auf diesen Test anlegen.
- Passwoerter, Tokens, Zahlungsdaten und sonstige Geheimnisse niemals im Klartext speichern; vor dem Anhang maskieren oder schwaerzen."
KAN-634,E2-13 Leere und fehlerhafte Ergebnisse verstehen – Treffer und Navigation,"Abgedeckte Story: KAN-33 – E2-13 Leere und fehlerhafte Ergebnisse verstehen
Testart: Treffer und Navigation
Priorität der Story: Highest

Ziel
Relevante Produkte finden und öffnen

Vorbedingungen
- Die Anwendung ist erreichbar und die erforderlichen Testdaten sind vorbereitet.
- Der Test wird in einer isolierten Umgebung mit nachvollziehbaren Benutzerrollen ausgeführt.

Schritte
1. Repräsentative Produktdaten vorbereiten.
2. Such- oder Filterkriterien eingeben.
3. Sortierung und Pagination verwenden.
4. Detailansicht öffnen und zurück navigieren.

Erwartetes Ergebnis
Die richtigen Treffer erscheinen in stabiler Reihenfolge; der Zustand und die Produktdetails stimmen.

Responsive Viewports
- Desktop: 1440 x 900 CSS-Pixel.
- Full HD: 1920 x 1080 CSS-Pixel.
- WQHD: 2560 x 1440 CSS-Pixel.
- Ultrawide: 3440 x 1440 CSS-Pixel.
- 4K: 3840 x 2160 CSS-Pixel.
- Tablet: 768 x 1024 CSS-Pixel.
- Smartphone: 390 x 844 CSS-Pixel.
- Bei UI-Tests jeden definierten Viewport pruefen und je Viewport einen eigenen Screenshot am Testlauf hinterlegen.

Beleg und Nachbereitung
- Fuer jeden einzelnen Testschritt unmittelbar nach der Ausfuehrung einen Screenshot als Anhang am Testlauf hinterlegen.
- Der Screenshot muss die relevante Ausgangslage bzw. Eingabe und das sichtbare Ergebnis des jeweiligen Schrittes nachvollziehbar zeigen.
- Alle Schritte des Tests muessen einen eigenen Nachweis besitzen; bei Eingabeschritten sind Eingabe und anschliessende Reaktion zu dokumentieren.
- PASS nur vergeben, wenn alle Schritte erfolgreich abgeschlossen und fuer alle Schritte Screenshots hinterlegt sind.
- FAIL oder BLOCKED ebenfalls mit Screenshot(s), tatsaechlichem Ergebnis, Datum, Tester und Umgebung dokumentieren; bei FAIL einen Bug mit Reproduktionsschritten und Verweis auf diesen Test anlegen.
- Passwoerter, Tokens, Zahlungsdaten und sonstige Geheimnisse niemals im Klartext speichern; vor dem Anhang maskieren oder schwaerzen."
KAN-635,E2-13 Leere und fehlerhafte Ergebnisse verstehen – Keine Treffer und Fehler,"Abgedeckte Story: KAN-33 – E2-13 Leere und fehlerhafte Ergebnisse verstehen
Testart: Keine Treffer und Fehler
Priorität der Story: Highest

Ziel
Leere und technische Ergebnisse unterscheiden

Vorbedingungen
- Die Anwendung ist erreichbar und die erforderlichen Testdaten sind vorbereitet.
- Der Test wird in einer isolierten Umgebung mit nachvollziehbaren Benutzerrollen ausgeführt.

Schritte
1. Kriterium ohne Treffer verwenden.
2. Ungültige Eingabe senden.
3. Langsame oder fehlerhafte Antwort simulieren.
4. Wiederholen oder Filter zurücksetzen.

Erwartetes Ergebnis
Leere und technische Zustände sind verständlich getrennt; die angebotenen Folgeaktionen funktionieren.

Responsive Viewports
- Desktop: 1440 x 900 CSS-Pixel.
- Full HD: 1920 x 1080 CSS-Pixel.
- WQHD: 2560 x 1440 CSS-Pixel.
- Ultrawide: 3440 x 1440 CSS-Pixel.
- 4K: 3840 x 2160 CSS-Pixel.
- Tablet: 768 x 1024 CSS-Pixel.
- Smartphone: 390 x 844 CSS-Pixel.
- Bei UI-Tests jeden definierten Viewport pruefen und je Viewport einen eigenen Screenshot am Testlauf hinterlegen.

Beleg und Nachbereitung
- Fuer jeden einzelnen Testschritt unmittelbar nach der Ausfuehrung einen Screenshot als Anhang am Testlauf hinterlegen.
- Der Screenshot muss die relevante Ausgangslage bzw. Eingabe und das sichtbare Ergebnis des jeweiligen Schrittes nachvollziehbar zeigen.
- Alle Schritte des Tests muessen einen eigenen Nachweis besitzen; bei Eingabeschritten sind Eingabe und anschliessende Reaktion zu dokumentieren.
- PASS nur vergeben, wenn alle Schritte erfolgreich abgeschlossen und fuer alle Schritte Screenshots hinterlegt sind.
- FAIL oder BLOCKED ebenfalls mit Screenshot(s), tatsaechlichem Ergebnis, Datum, Tester und Umgebung dokumentieren; bei FAIL einen Bug mit Reproduktionsschritten und Verweis auf diesen Test anlegen.
- Passwoerter, Tokens, Zahlungsdaten und sonstige Geheimnisse niemals im Klartext speichern; vor dem Anhang maskieren oder schwaerzen."
KAN-636,E2-13 Leere und fehlerhafte Ergebnisse verstehen – Responsive und Accessibility,"Abgedeckte Story: KAN-33 – E2-13 Leere und fehlerhafte Ergebnisse verstehen
Testart: Responsive und Accessibility
Priorität der Story: Highest

Ziel
Suche und Detailansicht ohne Maus nutzen

Vorbedingungen
- Die Anwendung ist erreichbar und die erforderlichen Testdaten sind vorbereitet.
- Der Test wird in einer isolierten Umgebung mit nachvollziehbaren Benutzerrollen ausgeführt.

Schritte
1. Desktop-, Tablet- und Smartphone-Breite testen.
2. Nur Tastatur verwenden.
3. Fokus und Screenreader-Namen prüfen.
4. Bilder und Text bei anderer Auflösung prüfen.

Erwartetes Ergebnis
Kein Überlauf oder Fokusverlust tritt auf; Inhalte und Aktionen bleiben wahrnehmbar und bedienbar.

Responsive Viewports
- Desktop: 1440 x 900 CSS-Pixel.
- Full HD: 1920 x 1080 CSS-Pixel.
- WQHD: 2560 x 1440 CSS-Pixel.
- Ultrawide: 3440 x 1440 CSS-Pixel.
- 4K: 3840 x 2160 CSS-Pixel.
- Tablet: 768 x 1024 CSS-Pixel.
- Smartphone: 390 x 844 CSS-Pixel.
- Bei UI-Tests jeden definierten Viewport pruefen und je Viewport einen eigenen Screenshot am Testlauf hinterlegen.

Beleg und Nachbereitung
- Fuer jeden einzelnen Testschritt unmittelbar nach der Ausfuehrung einen Screenshot als Anhang am Testlauf hinterlegen.
- Der Screenshot muss die relevante Ausgangslage bzw. Eingabe und das sichtbare Ergebnis des jeweiligen Schrittes nachvollziehbar zeigen.
- Alle Schritte des Tests muessen einen eigenen Nachweis besitzen; bei Eingabeschritten sind Eingabe und anschliessende Reaktion zu dokumentieren.
- PASS nur vergeben, wenn alle Schritte erfolgreich abgeschlossen und fuer alle Schritte Screenshots hinterlegt sind.
- FAIL oder BLOCKED ebenfalls mit Screenshot(s), tatsaechlichem Ergebnis, Datum, Tester und Umgebung dokumentieren; bei FAIL einen Bug mit Reproduktionsschritten und Verweis auf diesen Test anlegen.
- Passwoerter, Tokens, Zahlungsdaten und sonstige Geheimnisse niemals im Klartext speichern; vor dem Anhang maskieren oder schwaerzen."
KAN-637,E3-01 Karte in den Warenkorb legen – Kauf erfolgreich,"Abgedeckte Story: KAN-34 – E3-01 Karte in den Warenkorb legen
Testart: Kauf erfolgreich
Priorität der Story: Highest

Ziel
Ein Produkt als Gast durch den Checkout führen

Vorbedingungen
- Die Anwendung ist erreichbar und die erforderlichen Testdaten sind vorbereitet.
- Der Test wird in einer isolierten Umgebung mit nachvollziehbaren Benutzerrollen ausgeführt.

Schritte
1. Verfügbares Produkt auswählen.
2. In den Warenkorb legen und Menge prüfen.
3. Gastdaten, Adresse und Versandart eingeben.
4. Zusammenfassung prüfen und Bestellung absenden.

Erwartetes Ergebnis
Warenkorb, Versand, Gesamtbetrag und Bestellung stimmen; der Artikel ist reserviert beziehungsweise verarbeitet.

Responsive Viewports
- Desktop: 1440 x 900 CSS-Pixel.
- Full HD: 1920 x 1080 CSS-Pixel.
- WQHD: 2560 x 1440 CSS-Pixel.
- Ultrawide: 3440 x 1440 CSS-Pixel.
- 4K: 3840 x 2160 CSS-Pixel.
- Tablet: 768 x 1024 CSS-Pixel.
- Smartphone: 390 x 844 CSS-Pixel.
- Bei UI-Tests jeden definierten Viewport pruefen und je Viewport einen eigenen Screenshot am Testlauf hinterlegen.

Beleg und Nachbereitung
- Fuer jeden einzelnen Testschritt unmittelbar nach der Ausfuehrung einen Screenshot als Anhang am Testlauf hinterlegen.
- Der Screenshot muss die relevante Ausgangslage bzw. Eingabe und das sichtbare Ergebnis des jeweiligen Schrittes nachvollziehbar zeigen.
- Alle Schritte des Tests muessen einen eigenen Nachweis besitzen; bei Eingabeschritten sind Eingabe und anschliessende Reaktion zu dokumentieren.
- PASS nur vergeben, wenn alle Schritte erfolgreich abgeschlossen und fuer alle Schritte Screenshots hinterlegt sind.
- FAIL oder BLOCKED ebenfalls mit Screenshot(s), tatsaechlichem Ergebnis, Datum, Tester und Umgebung dokumentieren; bei FAIL einen Bug mit Reproduktionsschritten und Verweis auf diesen Test anlegen.
- Passwoerter, Tokens, Zahlungsdaten und sonstige Geheimnisse niemals im Klartext speichern; vor dem Anhang maskieren oder schwaerzen."
KAN-638,E3-01 Karte in den Warenkorb legen – Abbruch und Nichtverfügbarkeit,"Abgedeckte Story: KAN-34 – E3-01 Karte in den Warenkorb legen
Testart: Abbruch und Nichtverfügbarkeit
Priorität der Story: Highest

Ziel
Checkout bei Fehlern sicher abbrechen

Vorbedingungen
- Die Anwendung ist erreichbar und die erforderlichen Testdaten sind vorbereitet.
- Der Test wird in einer isolierten Umgebung mit nachvollziehbaren Benutzerrollen ausgeführt.

Schritte
1. Artikel zwischen zwei Schritten unverfügbar machen.
2. Pflichtfeld und ungültige Adresse verwenden.
3. Zurück navigieren und Daten ändern.
4. Checkout erneut laden.

Erwartetes Ergebnis
Die Ursache wird verständlich angezeigt; es entsteht keine falsche Bestellung und gültige Eingaben bleiben erhalten.

Responsive Viewports
- Desktop: 1440 x 900 CSS-Pixel.
- Full HD: 1920 x 1080 CSS-Pixel.
- WQHD: 2560 x 1440 CSS-Pixel.
- Ultrawide: 3440 x 1440 CSS-Pixel.
- 4K: 3840 x 2160 CSS-Pixel.
- Tablet: 768 x 1024 CSS-Pixel.
- Smartphone: 390 x 844 CSS-Pixel.
- Bei UI-Tests jeden definierten Viewport pruefen und je Viewport einen eigenen Screenshot am Testlauf hinterlegen.

Beleg und Nachbereitung
- Fuer jeden einzelnen Testschritt unmittelbar nach der Ausfuehrung einen Screenshot als Anhang am Testlauf hinterlegen.
- Der Screenshot muss die relevante Ausgangslage bzw. Eingabe und das sichtbare Ergebnis des jeweiligen Schrittes nachvollziehbar zeigen.
- Alle Schritte des Tests muessen einen eigenen Nachweis besitzen; bei Eingabeschritten sind Eingabe und anschliessende Reaktion zu dokumentieren.
- PASS nur vergeben, wenn alle Schritte erfolgreich abgeschlossen und fuer alle Schritte Screenshots hinterlegt sind.
- FAIL oder BLOCKED ebenfalls mit Screenshot(s), tatsaechlichem Ergebnis, Datum, Tester und Umgebung dokumentieren; bei FAIL einen Bug mit Reproduktionsschritten und Verweis auf diesen Test anlegen.
- Passwoerter, Tokens, Zahlungsdaten und sonstige Geheimnisse niemals im Klartext speichern; vor dem Anhang maskieren oder schwaerzen."
KAN-639,E3-01 Karte in den Warenkorb legen – Doppelte Aktion und Kontoflow,"Abgedeckte Story: KAN-34 – E3-01 Karte in den Warenkorb legen
Testart: Doppelte Aktion und Kontoflow
Priorität der Story: Highest

Ziel
Wiederholung und Kundenkonto prüfen

Vorbedingungen
- Die Anwendung ist erreichbar und die erforderlichen Testdaten sind vorbereitet.
- Der Test wird in einer isolierten Umgebung mit nachvollziehbaren Benutzerrollen ausgeführt.

Schritte
1. Submit beziehungsweise Reload mehrfach auslösen.
2. Mit Kundenkonto denselben Kauf starten.
3. Bestellstatus und Warenkorb danach prüfen.
4. Serverseitige Datensätze abgleichen.

Erwartetes Ergebnis
Es gibt genau eine fachliche Bestellung; Gast- und Kontoflow verwenden identische Preis- und Bestandsregeln.

Responsive Viewports
- Desktop: 1440 x 900 CSS-Pixel.
- Full HD: 1920 x 1080 CSS-Pixel.
- WQHD: 2560 x 1440 CSS-Pixel.
- Ultrawide: 3440 x 1440 CSS-Pixel.
- 4K: 3840 x 2160 CSS-Pixel.
- Tablet: 768 x 1024 CSS-Pixel.
- Smartphone: 390 x 844 CSS-Pixel.
- Bei UI-Tests jeden definierten Viewport pruefen und je Viewport einen eigenen Screenshot am Testlauf hinterlegen.

Beleg und Nachbereitung
- Fuer jeden einzelnen Testschritt unmittelbar nach der Ausfuehrung einen Screenshot als Anhang am Testlauf hinterlegen.
- Der Screenshot muss die relevante Ausgangslage bzw. Eingabe und das sichtbare Ergebnis des jeweiligen Schrittes nachvollziehbar zeigen.
- Alle Schritte des Tests muessen einen eigenen Nachweis besitzen; bei Eingabeschritten sind Eingabe und anschliessende Reaktion zu dokumentieren.
- PASS nur vergeben, wenn alle Schritte erfolgreich abgeschlossen und fuer alle Schritte Screenshots hinterlegt sind.
- FAIL oder BLOCKED ebenfalls mit Screenshot(s), tatsaechlichem Ergebnis, Datum, Tester und Umgebung dokumentieren; bei FAIL einen Bug mit Reproduktionsschritten und Verweis auf diesen Test anlegen.
- Passwoerter, Tokens, Zahlungsdaten und sonstige Geheimnisse niemals im Klartext speichern; vor dem Anhang maskieren oder schwaerzen."
KAN-640,E3-02 Warenkorbmenge ändern – Kauf erfolgreich,"Abgedeckte Story: KAN-35 – E3-02 Warenkorbmenge ändern
Testart: Kauf erfolgreich
Priorität der Story: Highest

Ziel
Ein Produkt als Gast durch den Checkout führen

Vorbedingungen
- Die Anwendung ist erreichbar und die erforderlichen Testdaten sind vorbereitet.
- Der Test wird in einer isolierten Umgebung mit nachvollziehbaren Benutzerrollen ausgeführt.

Schritte
1. Verfügbares Produkt auswählen.
2. In den Warenkorb legen und Menge prüfen.
3. Gastdaten, Adresse und Versandart eingeben.
4. Zusammenfassung prüfen und Bestellung absenden.

Erwartetes Ergebnis
Warenkorb, Versand, Gesamtbetrag und Bestellung stimmen; der Artikel ist reserviert beziehungsweise verarbeitet.

Responsive Viewports
- Desktop: 1440 x 900 CSS-Pixel.
- Full HD: 1920 x 1080 CSS-Pixel.
- WQHD: 2560 x 1440 CSS-Pixel.
- Ultrawide: 3440 x 1440 CSS-Pixel.
- 4K: 3840 x 2160 CSS-Pixel.
- Tablet: 768 x 1024 CSS-Pixel.
- Smartphone: 390 x 844 CSS-Pixel.
- Bei UI-Tests jeden definierten Viewport pruefen und je Viewport einen eigenen Screenshot am Testlauf hinterlegen.

Beleg und Nachbereitung
- Fuer jeden einzelnen Testschritt unmittelbar nach der Ausfuehrung einen Screenshot als Anhang am Testlauf hinterlegen.
- Der Screenshot muss die relevante Ausgangslage bzw. Eingabe und das sichtbare Ergebnis des jeweiligen Schrittes nachvollziehbar zeigen.
- Alle Schritte des Tests muessen einen eigenen Nachweis besitzen; bei Eingabeschritten sind Eingabe und anschliessende Reaktion zu dokumentieren.
- PASS nur vergeben, wenn alle Schritte erfolgreich abgeschlossen und fuer alle Schritte Screenshots hinterlegt sind.
- FAIL oder BLOCKED ebenfalls mit Screenshot(s), tatsaechlichem Ergebnis, Datum, Tester und Umgebung dokumentieren; bei FAIL einen Bug mit Reproduktionsschritten und Verweis auf diesen Test anlegen.
- Passwoerter, Tokens, Zahlungsdaten und sonstige Geheimnisse niemals im Klartext speichern; vor dem Anhang maskieren oder schwaerzen."
KAN-641,E3-02 Warenkorbmenge ändern – Abbruch und Nichtverfügbarkeit,"Abgedeckte Story: KAN-35 – E3-02 Warenkorbmenge ändern
Testart: Abbruch und Nichtverfügbarkeit
Priorität der Story: Highest

Ziel
Checkout bei Fehlern sicher abbrechen

Vorbedingungen
- Die Anwendung ist erreichbar und die erforderlichen Testdaten sind vorbereitet.
- Der Test wird in einer isolierten Umgebung mit nachvollziehbaren Benutzerrollen ausgeführt.

Schritte
1. Artikel zwischen zwei Schritten unverfügbar machen.
2. Pflichtfeld und ungültige Adresse verwenden.
3. Zurück navigieren und Daten ändern.
4. Checkout erneut laden.

Erwartetes Ergebnis
Die Ursache wird verständlich angezeigt; es entsteht keine falsche Bestellung und gültige Eingaben bleiben erhalten.

Responsive Viewports
- Desktop: 1440 x 900 CSS-Pixel.
- Full HD: 1920 x 1080 CSS-Pixel.
- WQHD: 2560 x 1440 CSS-Pixel.
- Ultrawide: 3440 x 1440 CSS-Pixel.
- 4K: 3840 x 2160 CSS-Pixel.
- Tablet: 768 x 1024 CSS-Pixel.
- Smartphone: 390 x 844 CSS-Pixel.
- Bei UI-Tests jeden definierten Viewport pruefen und je Viewport einen eigenen Screenshot am Testlauf hinterlegen.

Beleg und Nachbereitung
- Fuer jeden einzelnen Testschritt unmittelbar nach der Ausfuehrung einen Screenshot als Anhang am Testlauf hinterlegen.
- Der Screenshot muss die relevante Ausgangslage bzw. Eingabe und das sichtbare Ergebnis des jeweiligen Schrittes nachvollziehbar zeigen.
- Alle Schritte des Tests muessen einen eigenen Nachweis besitzen; bei Eingabeschritten sind Eingabe und anschliessende Reaktion zu dokumentieren.
- PASS nur vergeben, wenn alle Schritte erfolgreich abgeschlossen und fuer alle Schritte Screenshots hinterlegt sind.
- FAIL oder BLOCKED ebenfalls mit Screenshot(s), tatsaechlichem Ergebnis, Datum, Tester und Umgebung dokumentieren; bei FAIL einen Bug mit Reproduktionsschritten und Verweis auf diesen Test anlegen.
- Passwoerter, Tokens, Zahlungsdaten und sonstige Geheimnisse niemals im Klartext speichern; vor dem Anhang maskieren oder schwaerzen."
KAN-642,E3-02 Warenkorbmenge ändern – Doppelte Aktion und Kontoflow,"Abgedeckte Story: KAN-35 – E3-02 Warenkorbmenge ändern
Testart: Doppelte Aktion und Kontoflow
Priorität der Story: Highest

Ziel
Wiederholung und Kundenkonto prüfen

Vorbedingungen
- Die Anwendung ist erreichbar und die erforderlichen Testdaten sind vorbereitet.
- Der Test wird in einer isolierten Umgebung mit nachvollziehbaren Benutzerrollen ausgeführt.

Schritte
1. Submit beziehungsweise Reload mehrfach auslösen.
2. Mit Kundenkonto denselben Kauf starten.
3. Bestellstatus und Warenkorb danach prüfen.
4. Serverseitige Datensätze abgleichen.

Erwartetes Ergebnis
Es gibt genau eine fachliche Bestellung; Gast- und Kontoflow verwenden identische Preis- und Bestandsregeln.

Responsive Viewports
- Desktop: 1440 x 900 CSS-Pixel.
- Full HD: 1920 x 1080 CSS-Pixel.
- WQHD: 2560 x 1440 CSS-Pixel.
- Ultrawide: 3440 x 1440 CSS-Pixel.
- 4K: 3840 x 2160 CSS-Pixel.
- Tablet: 768 x 1024 CSS-Pixel.
- Smartphone: 390 x 844 CSS-Pixel.
- Bei UI-Tests jeden definierten Viewport pruefen und je Viewport einen eigenen Screenshot am Testlauf hinterlegen.

Beleg und Nachbereitung
- Fuer jeden einzelnen Testschritt unmittelbar nach der Ausfuehrung einen Screenshot als Anhang am Testlauf hinterlegen.
- Der Screenshot muss die relevante Ausgangslage bzw. Eingabe und das sichtbare Ergebnis des jeweiligen Schrittes nachvollziehbar zeigen.
- Alle Schritte des Tests muessen einen eigenen Nachweis besitzen; bei Eingabeschritten sind Eingabe und anschliessende Reaktion zu dokumentieren.
- PASS nur vergeben, wenn alle Schritte erfolgreich abgeschlossen und fuer alle Schritte Screenshots hinterlegt sind.
- FAIL oder BLOCKED ebenfalls mit Screenshot(s), tatsaechlichem Ergebnis, Datum, Tester und Umgebung dokumentieren; bei FAIL einen Bug mit Reproduktionsschritten und Verweis auf diesen Test anlegen.
- Passwoerter, Tokens, Zahlungsdaten und sonstige Geheimnisse niemals im Klartext speichern; vor dem Anhang maskieren oder schwaerzen."
KAN-643,E3-03 Warenkorbartikel entfernen – Kauf erfolgreich,"Abgedeckte Story: KAN-36 – E3-03 Warenkorbartikel entfernen
Testart: Kauf erfolgreich
Priorität der Story: Highest

Ziel
Ein Produkt als Gast durch den Checkout führen

Vorbedingungen
- Die Anwendung ist erreichbar und die erforderlichen Testdaten sind vorbereitet.
- Der Test wird in einer isolierten Umgebung mit nachvollziehbaren Benutzerrollen ausgeführt.

Schritte
1. Verfügbares Produkt auswählen.
2. In den Warenkorb legen und Menge prüfen.
3. Gastdaten, Adresse und Versandart eingeben.
4. Zusammenfassung prüfen und Bestellung absenden.

Erwartetes Ergebnis
Warenkorb, Versand, Gesamtbetrag und Bestellung stimmen; der Artikel ist reserviert beziehungsweise verarbeitet.

Responsive Viewports
- Desktop: 1440 x 900 CSS-Pixel.
- Full HD: 1920 x 1080 CSS-Pixel.
- WQHD: 2560 x 1440 CSS-Pixel.
- Ultrawide: 3440 x 1440 CSS-Pixel.
- 4K: 3840 x 2160 CSS-Pixel.
- Tablet: 768 x 1024 CSS-Pixel.
- Smartphone: 390 x 844 CSS-Pixel.
- Bei UI-Tests jeden definierten Viewport pruefen und je Viewport einen eigenen Screenshot am Testlauf hinterlegen.

Beleg und Nachbereitung
- Fuer jeden einzelnen Testschritt unmittelbar nach der Ausfuehrung einen Screenshot als Anhang am Testlauf hinterlegen.
- Der Screenshot muss die relevante Ausgangslage bzw. Eingabe und das sichtbare Ergebnis des jeweiligen Schrittes nachvollziehbar zeigen.
- Alle Schritte des Tests muessen einen eigenen Nachweis besitzen; bei Eingabeschritten sind Eingabe und anschliessende Reaktion zu dokumentieren.
- PASS nur vergeben, wenn alle Schritte erfolgreich abgeschlossen und fuer alle Schritte Screenshots hinterlegt sind.
- FAIL oder BLOCKED ebenfalls mit Screenshot(s), tatsaechlichem Ergebnis, Datum, Tester und Umgebung dokumentieren; bei FAIL einen Bug mit Reproduktionsschritten und Verweis auf diesen Test anlegen.
- Passwoerter, Tokens, Zahlungsdaten und sonstige Geheimnisse niemals im Klartext speichern; vor dem Anhang maskieren oder schwaerzen."
KAN-644,E3-03 Warenkorbartikel entfernen – Abbruch und Nichtverfügbarkeit,"Abgedeckte Story: KAN-36 – E3-03 Warenkorbartikel entfernen
Testart: Abbruch und Nichtverfügbarkeit
Priorität der Story: Highest

Ziel
Checkout bei Fehlern sicher abbrechen

Vorbedingungen
- Die Anwendung ist erreichbar und die erforderlichen Testdaten sind vorbereitet.
- Der Test wird in einer isolierten Umgebung mit nachvollziehbaren Benutzerrollen ausgeführt.

Schritte
1. Artikel zwischen zwei Schritten unverfügbar machen.
2. Pflichtfeld und ungültige Adresse verwenden.
3. Zurück navigieren und Daten ändern.
4. Checkout erneut laden.

Erwartetes Ergebnis
Die Ursache wird verständlich angezeigt; es entsteht keine falsche Bestellung und gültige Eingaben bleiben erhalten.

Responsive Viewports
- Desktop: 1440 x 900 CSS-Pixel.
- Full HD: 1920 x 1080 CSS-Pixel.
- WQHD: 2560 x 1440 CSS-Pixel.
- Ultrawide: 3440 x 1440 CSS-Pixel.
- 4K: 3840 x 2160 CSS-Pixel.
- Tablet: 768 x 1024 CSS-Pixel.
- Smartphone: 390 x 844 CSS-Pixel.
- Bei UI-Tests jeden definierten Viewport pruefen und je Viewport einen eigenen Screenshot am Testlauf hinterlegen.

Beleg und Nachbereitung
- Fuer jeden einzelnen Testschritt unmittelbar nach der Ausfuehrung einen Screenshot als Anhang am Testlauf hinterlegen.
- Der Screenshot muss die relevante Ausgangslage bzw. Eingabe und das sichtbare Ergebnis des jeweiligen Schrittes nachvollziehbar zeigen.
- Alle Schritte des Tests muessen einen eigenen Nachweis besitzen; bei Eingabeschritten sind Eingabe und anschliessende Reaktion zu dokumentieren.
- PASS nur vergeben, wenn alle Schritte erfolgreich abgeschlossen und fuer alle Schritte Screenshots hinterlegt sind.
- FAIL oder BLOCKED ebenfalls mit Screenshot(s), tatsaechlichem Ergebnis, Datum, Tester und Umgebung dokumentieren; bei FAIL einen Bug mit Reproduktionsschritten und Verweis auf diesen Test anlegen.
- Passwoerter, Tokens, Zahlungsdaten und sonstige Geheimnisse niemals im Klartext speichern; vor dem Anhang maskieren oder schwaerzen."
KAN-645,E3-03 Warenkorbartikel entfernen – Doppelte Aktion und Kontoflow,"Abgedeckte Story: KAN-36 – E3-03 Warenkorbartikel entfernen
Testart: Doppelte Aktion und Kontoflow
Priorität der Story: Highest

Ziel
Wiederholung und Kundenkonto prüfen

Vorbedingungen
- Die Anwendung ist erreichbar und die erforderlichen Testdaten sind vorbereitet.
- Der Test wird in einer isolierten Umgebung mit nachvollziehbaren Benutzerrollen ausgeführt.

Schritte
1. Submit beziehungsweise Reload mehrfach auslösen.
2. Mit Kundenkonto denselben Kauf starten.
3. Bestellstatus und Warenkorb danach prüfen.
4. Serverseitige Datensätze abgleichen.

Erwartetes Ergebnis
Es gibt genau eine fachliche Bestellung; Gast- und Kontoflow verwenden identische Preis- und Bestandsregeln.

Responsive Viewports
- Desktop: 1440 x 900 CSS-Pixel.
- Full HD: 1920 x 1080 CSS-Pixel.
- WQHD: 2560 x 1440 CSS-Pixel.
- Ultrawide: 3440 x 1440 CSS-Pixel.
- 4K: 3840 x 2160 CSS-Pixel.
- Tablet: 768 x 1024 CSS-Pixel.
- Smartphone: 390 x 844 CSS-Pixel.
- Bei UI-Tests jeden definierten Viewport pruefen und je Viewport einen eigenen Screenshot am Testlauf hinterlegen.

Beleg und Nachbereitung
- Fuer jeden einzelnen Testschritt unmittelbar nach der Ausfuehrung einen Screenshot als Anhang am Testlauf hinterlegen.
- Der Screenshot muss die relevante Ausgangslage bzw. Eingabe und das sichtbare Ergebnis des jeweiligen Schrittes nachvollziehbar zeigen.
- Alle Schritte des Tests muessen einen eigenen Nachweis besitzen; bei Eingabeschritten sind Eingabe und anschliessende Reaktion zu dokumentieren.
- PASS nur vergeben, wenn alle Schritte erfolgreich abgeschlossen und fuer alle Schritte Screenshots hinterlegt sind.
- FAIL oder BLOCKED ebenfalls mit Screenshot(s), tatsaechlichem Ergebnis, Datum, Tester und Umgebung dokumentieren; bei FAIL einen Bug mit Reproduktionsschritten und Verweis auf diesen Test anlegen.
- Passwoerter, Tokens, Zahlungsdaten und sonstige Geheimnisse niemals im Klartext speichern; vor dem Anhang maskieren oder schwaerzen."
KAN-646,E3-04 Gesamtpreis anzeigen – Kauf erfolgreich,"Abgedeckte Story: KAN-37 – E3-04 Gesamtpreis anzeigen
Testart: Kauf erfolgreich
Priorität der Story: Highest

Ziel
Ein Produkt als Gast durch den Checkout führen

Vorbedingungen
- Die Anwendung ist erreichbar und die erforderlichen Testdaten sind vorbereitet.
- Der Test wird in einer isolierten Umgebung mit nachvollziehbaren Benutzerrollen ausgeführt.

Schritte
1. Verfügbares Produkt auswählen.
2. In den Warenkorb legen und Menge prüfen.
3. Gastdaten, Adresse und Versandart eingeben.
4. Zusammenfassung prüfen und Bestellung absenden.

Erwartetes Ergebnis
Warenkorb, Versand, Gesamtbetrag und Bestellung stimmen; der Artikel ist reserviert beziehungsweise verarbeitet.

Responsive Viewports
- Desktop: 1440 x 900 CSS-Pixel.
- Full HD: 1920 x 1080 CSS-Pixel.
- WQHD: 2560 x 1440 CSS-Pixel.
- Ultrawide: 3440 x 1440 CSS-Pixel.
- 4K: 3840 x 2160 CSS-Pixel.
- Tablet: 768 x 1024 CSS-Pixel.
- Smartphone: 390 x 844 CSS-Pixel.
- Bei UI-Tests jeden definierten Viewport pruefen und je Viewport einen eigenen Screenshot am Testlauf hinterlegen.

Beleg und Nachbereitung
- Fuer jeden einzelnen Testschritt unmittelbar nach der Ausfuehrung einen Screenshot als Anhang am Testlauf hinterlegen.
- Der Screenshot muss die relevante Ausgangslage bzw. Eingabe und das sichtbare Ergebnis des jeweiligen Schrittes nachvollziehbar zeigen.
- Alle Schritte des Tests muessen einen eigenen Nachweis besitzen; bei Eingabeschritten sind Eingabe und anschliessende Reaktion zu dokumentieren.
- PASS nur vergeben, wenn alle Schritte erfolgreich abgeschlossen und fuer alle Schritte Screenshots hinterlegt sind.
- FAIL oder BLOCKED ebenfalls mit Screenshot(s), tatsaechlichem Ergebnis, Datum, Tester und Umgebung dokumentieren; bei FAIL einen Bug mit Reproduktionsschritten und Verweis auf diesen Test anlegen.
- Passwoerter, Tokens, Zahlungsdaten und sonstige Geheimnisse niemals im Klartext speichern; vor dem Anhang maskieren oder schwaerzen."
KAN-647,E3-04 Gesamtpreis anzeigen – Abbruch und Nichtverfügbarkeit,"Abgedeckte Story: KAN-37 – E3-04 Gesamtpreis anzeigen
Testart: Abbruch und Nichtverfügbarkeit
Priorität der Story: Highest

Ziel
Checkout bei Fehlern sicher abbrechen

Vorbedingungen
- Die Anwendung ist erreichbar und die erforderlichen Testdaten sind vorbereitet.
- Der Test wird in einer isolierten Umgebung mit nachvollziehbaren Benutzerrollen ausgeführt.

Schritte
1. Artikel zwischen zwei Schritten unverfügbar machen.
2. Pflichtfeld und ungültige Adresse verwenden.
3. Zurück navigieren und Daten ändern.
4. Checkout erneut laden.

Erwartetes Ergebnis
Die Ursache wird verständlich angezeigt; es entsteht keine falsche Bestellung und gültige Eingaben bleiben erhalten.

Responsive Viewports
- Desktop: 1440 x 900 CSS-Pixel.
- Full HD: 1920 x 1080 CSS-Pixel.
- WQHD: 2560 x 1440 CSS-Pixel.
- Ultrawide: 3440 x 1440 CSS-Pixel.
- 4K: 3840 x 2160 CSS-Pixel.
- Tablet: 768 x 1024 CSS-Pixel.
- Smartphone: 390 x 844 CSS-Pixel.
- Bei UI-Tests jeden definierten Viewport pruefen und je Viewport einen eigenen Screenshot am Testlauf hinterlegen.

Beleg und Nachbereitung
- Fuer jeden einzelnen Testschritt unmittelbar nach der Ausfuehrung einen Screenshot als Anhang am Testlauf hinterlegen.
- Der Screenshot muss die relevante Ausgangslage bzw. Eingabe und das sichtbare Ergebnis des jeweiligen Schrittes nachvollziehbar zeigen.
- Alle Schritte des Tests muessen einen eigenen Nachweis besitzen; bei Eingabeschritten sind Eingabe und anschliessende Reaktion zu dokumentieren.
- PASS nur vergeben, wenn alle Schritte erfolgreich abgeschlossen und fuer alle Schritte Screenshots hinterlegt sind.
- FAIL oder BLOCKED ebenfalls mit Screenshot(s), tatsaechlichem Ergebnis, Datum, Tester und Umgebung dokumentieren; bei FAIL einen Bug mit Reproduktionsschritten und Verweis auf diesen Test anlegen.
- Passwoerter, Tokens, Zahlungsdaten und sonstige Geheimnisse niemals im Klartext speichern; vor dem Anhang maskieren oder schwaerzen."
KAN-648,E3-04 Gesamtpreis anzeigen – Doppelte Aktion und Kontoflow,"Abgedeckte Story: KAN-37 – E3-04 Gesamtpreis anzeigen
Testart: Doppelte Aktion und Kontoflow
Priorität der Story: Highest

Ziel
Wiederholung und Kundenkonto prüfen

Vorbedingungen
- Die Anwendung ist erreichbar und die erforderlichen Testdaten sind vorbereitet.
- Der Test wird in einer isolierten Umgebung mit nachvollziehbaren Benutzerrollen ausgeführt.

Schritte
1. Submit beziehungsweise Reload mehrfach auslösen.
2. Mit Kundenkonto denselben Kauf starten.
3. Bestellstatus und Warenkorb danach prüfen.
4. Serverseitige Datensätze abgleichen.

Erwartetes Ergebnis
Es gibt genau eine fachliche Bestellung; Gast- und Kontoflow verwenden identische Preis- und Bestandsregeln.

Responsive Viewports
- Desktop: 1440 x 900 CSS-Pixel.
- Full HD: 1920 x 1080 CSS-Pixel.
- WQHD: 2560 x 1440 CSS-Pixel.
- Ultrawide: 3440 x 1440 CSS-Pixel.
- 4K: 3840 x 2160 CSS-Pixel.
- Tablet: 768 x 1024 CSS-Pixel.
- Smartphone: 390 x 844 CSS-Pixel.
- Bei UI-Tests jeden definierten Viewport pruefen und je Viewport einen eigenen Screenshot am Testlauf hinterlegen.

Beleg und Nachbereitung
- Fuer jeden einzelnen Testschritt unmittelbar nach der Ausfuehrung einen Screenshot als Anhang am Testlauf hinterlegen.
- Der Screenshot muss die relevante Ausgangslage bzw. Eingabe und das sichtbare Ergebnis des jeweiligen Schrittes nachvollziehbar zeigen.
- Alle Schritte des Tests muessen einen eigenen Nachweis besitzen; bei Eingabeschritten sind Eingabe und anschliessende Reaktion zu dokumentieren.
- PASS nur vergeben, wenn alle Schritte erfolgreich abgeschlossen und fuer alle Schritte Screenshots hinterlegt sind.
- FAIL oder BLOCKED ebenfalls mit Screenshot(s), tatsaechlichem Ergebnis, Datum, Tester und Umgebung dokumentieren; bei FAIL einen Bug mit Reproduktionsschritten und Verweis auf diesen Test anlegen.
- Passwoerter, Tokens, Zahlungsdaten und sonstige Geheimnisse niemals im Klartext speichern; vor dem Anhang maskieren oder schwaerzen."
KAN-649,E3-05 Nichtverfügbarkeit erkennen – Kauf erfolgreich,"Abgedeckte Story: KAN-38 – E3-05 Nichtverfügbarkeit erkennen
Testart: Kauf erfolgreich
Priorität der Story: Highest

Ziel
Ein Produkt als Gast durch den Checkout führen

Vorbedingungen
- Die Anwendung ist erreichbar und die erforderlichen Testdaten sind vorbereitet.
- Der Test wird in einer isolierten Umgebung mit nachvollziehbaren Benutzerrollen ausgeführt.

Schritte
1. Verfügbares Produkt auswählen.
2. In den Warenkorb legen und Menge prüfen.
3. Gastdaten, Adresse und Versandart eingeben.
4. Zusammenfassung prüfen und Bestellung absenden.

Erwartetes Ergebnis
Warenkorb, Versand, Gesamtbetrag und Bestellung stimmen; der Artikel ist reserviert beziehungsweise verarbeitet.

Responsive Viewports
- Desktop: 1440 x 900 CSS-Pixel.
- Full HD: 1920 x 1080 CSS-Pixel.
- WQHD: 2560 x 1440 CSS-Pixel.
- Ultrawide: 3440 x 1440 CSS-Pixel.
- 4K: 3840 x 2160 CSS-Pixel.
- Tablet: 768 x 1024 CSS-Pixel.
- Smartphone: 390 x 844 CSS-Pixel.
- Bei UI-Tests jeden definierten Viewport pruefen und je Viewport einen eigenen Screenshot am Testlauf hinterlegen.

Beleg und Nachbereitung
- Fuer jeden einzelnen Testschritt unmittelbar nach der Ausfuehrung einen Screenshot als Anhang am Testlauf hinterlegen.
- Der Screenshot muss die relevante Ausgangslage bzw. Eingabe und das sichtbare Ergebnis des jeweiligen Schrittes nachvollziehbar zeigen.
- Alle Schritte des Tests muessen einen eigenen Nachweis besitzen; bei Eingabeschritten sind Eingabe und anschliessende Reaktion zu dokumentieren.
- PASS nur vergeben, wenn alle Schritte erfolgreich abgeschlossen und fuer alle Schritte Screenshots hinterlegt sind.
- FAIL oder BLOCKED ebenfalls mit Screenshot(s), tatsaechlichem Ergebnis, Datum, Tester und Umgebung dokumentieren; bei FAIL einen Bug mit Reproduktionsschritten und Verweis auf diesen Test anlegen.
- Passwoerter, Tokens, Zahlungsdaten und sonstige Geheimnisse niemals im Klartext speichern; vor dem Anhang maskieren oder schwaerzen."
KAN-650,E3-05 Nichtverfügbarkeit erkennen – Abbruch und Nichtverfügbarkeit,"Abgedeckte Story: KAN-38 – E3-05 Nichtverfügbarkeit erkennen
Testart: Abbruch und Nichtverfügbarkeit
Priorität der Story: Highest

Ziel
Checkout bei Fehlern sicher abbrechen

Vorbedingungen
- Die Anwendung ist erreichbar und die erforderlichen Testdaten sind vorbereitet.
- Der Test wird in einer isolierten Umgebung mit nachvollziehbaren Benutzerrollen ausgeführt.

Schritte
1. Artikel zwischen zwei Schritten unverfügbar machen.
2. Pflichtfeld und ungültige Adresse verwenden.
3. Zurück navigieren und Daten ändern.
4. Checkout erneut laden.

Erwartetes Ergebnis
Die Ursache wird verständlich angezeigt; es entsteht keine falsche Bestellung und gültige Eingaben bleiben erhalten.

Responsive Viewports
- Desktop: 1440 x 900 CSS-Pixel.
- Full HD: 1920 x 1080 CSS-Pixel.
- WQHD: 2560 x 1440 CSS-Pixel.
- Ultrawide: 3440 x 1440 CSS-Pixel.
- 4K: 3840 x 2160 CSS-Pixel.
- Tablet: 768 x 1024 CSS-Pixel.
- Smartphone: 390 x 844 CSS-Pixel.
- Bei UI-Tests jeden definierten Viewport pruefen und je Viewport einen eigenen Screenshot am Testlauf hinterlegen.

Beleg und Nachbereitung
- Fuer jeden einzelnen Testschritt unmittelbar nach der Ausfuehrung einen Screenshot als Anhang am Testlauf hinterlegen.
- Der Screenshot muss die relevante Ausgangslage bzw. Eingabe und das sichtbare Ergebnis des jeweiligen Schrittes nachvollziehbar zeigen.
- Alle Schritte des Tests muessen einen eigenen Nachweis besitzen; bei Eingabeschritten sind Eingabe und anschliessende Reaktion zu dokumentieren.
- PASS nur vergeben, wenn alle Schritte erfolgreich abgeschlossen und fuer alle Schritte Screenshots hinterlegt sind.
- FAIL oder BLOCKED ebenfalls mit Screenshot(s), tatsaechlichem Ergebnis, Datum, Tester und Umgebung dokumentieren; bei FAIL einen Bug mit Reproduktionsschritten und Verweis auf diesen Test anlegen.
- Passwoerter, Tokens, Zahlungsdaten und sonstige Geheimnisse niemals im Klartext speichern; vor dem Anhang maskieren oder schwaerzen."
KAN-651,E3-05 Nichtverfügbarkeit erkennen – Doppelte Aktion und Kontoflow,"Abgedeckte Story: KAN-38 – E3-05 Nichtverfügbarkeit erkennen
Testart: Doppelte Aktion und Kontoflow
Priorität der Story: Highest

Ziel
Wiederholung und Kundenkonto prüfen

Vorbedingungen
- Die Anwendung ist erreichbar und die erforderlichen Testdaten sind vorbereitet.
- Der Test wird in einer isolierten Umgebung mit nachvollziehbaren Benutzerrollen ausgeführt.

Schritte
1. Submit beziehungsweise Reload mehrfach auslösen.
2. Mit Kundenkonto denselben Kauf starten.
3. Bestellstatus und Warenkorb danach prüfen.
4. Serverseitige Datensätze abgleichen.

Erwartetes Ergebnis
Es gibt genau eine fachliche Bestellung; Gast- und Kontoflow verwenden identische Preis- und Bestandsregeln.

Responsive Viewports
- Desktop: 1440 x 900 CSS-Pixel.
- Full HD: 1920 x 1080 CSS-Pixel.
- WQHD: 2560 x 1440 CSS-Pixel.
- Ultrawide: 3440 x 1440 CSS-Pixel.
- 4K: 3840 x 2160 CSS-Pixel.
- Tablet: 768 x 1024 CSS-Pixel.
- Smartphone: 390 x 844 CSS-Pixel.
- Bei UI-Tests jeden definierten Viewport pruefen und je Viewport einen eigenen Screenshot am Testlauf hinterlegen.

Beleg und Nachbereitung
- Fuer jeden einzelnen Testschritt unmittelbar nach der Ausfuehrung einen Screenshot als Anhang am Testlauf hinterlegen.
- Der Screenshot muss die relevante Ausgangslage bzw. Eingabe und das sichtbare Ergebnis des jeweiligen Schrittes nachvollziehbar zeigen.
- Alle Schritte des Tests muessen einen eigenen Nachweis besitzen; bei Eingabeschritten sind Eingabe und anschliessende Reaktion zu dokumentieren.
- PASS nur vergeben, wenn alle Schritte erfolgreich abgeschlossen und fuer alle Schritte Screenshots hinterlegt sind.
- FAIL oder BLOCKED ebenfalls mit Screenshot(s), tatsaechlichem Ergebnis, Datum, Tester und Umgebung dokumentieren; bei FAIL einen Bug mit Reproduktionsschritten und Verweis auf diesen Test anlegen.
- Passwoerter, Tokens, Zahlungsdaten und sonstige Geheimnisse niemals im Klartext speichern; vor dem Anhang maskieren oder schwaerzen."
KAN-652,E3-06 Warenkorb persistent halten – Kauf erfolgreich,"Abgedeckte Story: KAN-39 – E3-06 Warenkorb persistent halten
Testart: Kauf erfolgreich
Priorität der Story: High

Ziel
Ein Produkt als Gast durch den Checkout führen

Vorbedingungen
- Die Anwendung ist erreichbar und die erforderlichen Testdaten sind vorbereitet.
- Der Test wird in einer isolierten Umgebung mit nachvollziehbaren Benutzerrollen ausgeführt.

Schritte
1. Verfügbares Produkt auswählen.
2. In den Warenkorb legen und Menge prüfen.
3. Gastdaten, Adresse und Versandart eingeben.
4. Zusammenfassung prüfen und Bestellung absenden.

Erwartetes Ergebnis
Warenkorb, Versand, Gesamtbetrag und Bestellung stimmen; der Artikel ist reserviert beziehungsweise verarbeitet.

Responsive Viewports
- Desktop: 1440 x 900 CSS-Pixel.
- Full HD: 1920 x 1080 CSS-Pixel.
- WQHD: 2560 x 1440 CSS-Pixel.
- Ultrawide: 3440 x 1440 CSS-Pixel.
- 4K: 3840 x 2160 CSS-Pixel.
- Tablet: 768 x 1024 CSS-Pixel.
- Smartphone: 390 x 844 CSS-Pixel.
- Bei UI-Tests jeden definierten Viewport pruefen und je Viewport einen eigenen Screenshot am Testlauf hinterlegen.

Beleg und Nachbereitung
- Fuer jeden einzelnen Testschritt unmittelbar nach der Ausfuehrung einen Screenshot als Anhang am Testlauf hinterlegen.
- Der Screenshot muss die relevante Ausgangslage bzw. Eingabe und das sichtbare Ergebnis des jeweiligen Schrittes nachvollziehbar zeigen.
- Alle Schritte des Tests muessen einen eigenen Nachweis besitzen; bei Eingabeschritten sind Eingabe und anschliessende Reaktion zu dokumentieren.
- PASS nur vergeben, wenn alle Schritte erfolgreich abgeschlossen und fuer alle Schritte Screenshots hinterlegt sind.
- FAIL oder BLOCKED ebenfalls mit Screenshot(s), tatsaechlichem Ergebnis, Datum, Tester und Umgebung dokumentieren; bei FAIL einen Bug mit Reproduktionsschritten und Verweis auf diesen Test anlegen.
- Passwoerter, Tokens, Zahlungsdaten und sonstige Geheimnisse niemals im Klartext speichern; vor dem Anhang maskieren oder schwaerzen."
KAN-653,E3-06 Warenkorb persistent halten – Abbruch und Nichtverfügbarkeit,"Abgedeckte Story: KAN-39 – E3-06 Warenkorb persistent halten
Testart: Abbruch und Nichtverfügbarkeit
Priorität der Story: High

Ziel
Checkout bei Fehlern sicher abbrechen

Vorbedingungen
- Die Anwendung ist erreichbar und die erforderlichen Testdaten sind vorbereitet.
- Der Test wird in einer isolierten Umgebung mit nachvollziehbaren Benutzerrollen ausgeführt.

Schritte
1. Artikel zwischen zwei Schritten unverfügbar machen.
2. Pflichtfeld und ungültige Adresse verwenden.
3. Zurück navigieren und Daten ändern.
4. Checkout erneut laden.

Erwartetes Ergebnis
Die Ursache wird verständlich angezeigt; es entsteht keine falsche Bestellung und gültige Eingaben bleiben erhalten.

Responsive Viewports
- Desktop: 1440 x 900 CSS-Pixel.
- Full HD: 1920 x 1080 CSS-Pixel.
- WQHD: 2560 x 1440 CSS-Pixel.
- Ultrawide: 3440 x 1440 CSS-Pixel.
- 4K: 3840 x 2160 CSS-Pixel.
- Tablet: 768 x 1024 CSS-Pixel.
- Smartphone: 390 x 844 CSS-Pixel.
- Bei UI-Tests jeden definierten Viewport pruefen und je Viewport einen eigenen Screenshot am Testlauf hinterlegen.

Beleg und Nachbereitung
- Fuer jeden einzelnen Testschritt unmittelbar nach der Ausfuehrung einen Screenshot als Anhang am Testlauf hinterlegen.
- Der Screenshot muss die relevante Ausgangslage bzw. Eingabe und das sichtbare Ergebnis des jeweiligen Schrittes nachvollziehbar zeigen.
- Alle Schritte des Tests muessen einen eigenen Nachweis besitzen; bei Eingabeschritten sind Eingabe und anschliessende Reaktion zu dokumentieren.
- PASS nur vergeben, wenn alle Schritte erfolgreich abgeschlossen und fuer alle Schritte Screenshots hinterlegt sind.
- FAIL oder BLOCKED ebenfalls mit Screenshot(s), tatsaechlichem Ergebnis, Datum, Tester und Umgebung dokumentieren; bei FAIL einen Bug mit Reproduktionsschritten und Verweis auf diesen Test anlegen.
- Passwoerter, Tokens, Zahlungsdaten und sonstige Geheimnisse niemals im Klartext speichern; vor dem Anhang maskieren oder schwaerzen."
KAN-654,E3-06 Warenkorb persistent halten – Doppelte Aktion und Kontoflow,"Abgedeckte Story: KAN-39 – E3-06 Warenkorb persistent halten
Testart: Doppelte Aktion und Kontoflow
Priorität der Story: High

Ziel
Wiederholung und Kundenkonto prüfen

Vorbedingungen
- Die Anwendung ist erreichbar und die erforderlichen Testdaten sind vorbereitet.
- Der Test wird in einer isolierten Umgebung mit nachvollziehbaren Benutzerrollen ausgeführt.

Schritte
1. Submit beziehungsweise Reload mehrfach auslösen.
2. Mit Kundenkonto denselben Kauf starten.
3. Bestellstatus und Warenkorb danach prüfen.
4. Serverseitige Datensätze abgleichen.

Erwartetes Ergebnis
Es gibt genau eine fachliche Bestellung; Gast- und Kontoflow verwenden identische Preis- und Bestandsregeln.

Responsive Viewports
- Desktop: 1440 x 900 CSS-Pixel.
- Full HD: 1920 x 1080 CSS-Pixel.
- WQHD: 2560 x 1440 CSS-Pixel.
- Ultrawide: 3440 x 1440 CSS-Pixel.
- 4K: 3840 x 2160 CSS-Pixel.
- Tablet: 768 x 1024 CSS-Pixel.
- Smartphone: 390 x 844 CSS-Pixel.
- Bei UI-Tests jeden definierten Viewport pruefen und je Viewport einen eigenen Screenshot am Testlauf hinterlegen.

Beleg und Nachbereitung
- Fuer jeden einzelnen Testschritt unmittelbar nach der Ausfuehrung einen Screenshot als Anhang am Testlauf hinterlegen.
- Der Screenshot muss die relevante Ausgangslage bzw. Eingabe und das sichtbare Ergebnis des jeweiligen Schrittes nachvollziehbar zeigen.
- Alle Schritte des Tests muessen einen eigenen Nachweis besitzen; bei Eingabeschritten sind Eingabe und anschliessende Reaktion zu dokumentieren.
- PASS nur vergeben, wenn alle Schritte erfolgreich abgeschlossen und fuer alle Schritte Screenshots hinterlegt sind.
- FAIL oder BLOCKED ebenfalls mit Screenshot(s), tatsaechlichem Ergebnis, Datum, Tester und Umgebung dokumentieren; bei FAIL einen Bug mit Reproduktionsschritten und Verweis auf diesen Test anlegen.
- Passwoerter, Tokens, Zahlungsdaten und sonstige Geheimnisse niemals im Klartext speichern; vor dem Anhang maskieren oder schwaerzen."
KAN-655,E3-07 Als Gast bestellen – Kauf erfolgreich,"Abgedeckte Story: KAN-40 – E3-07 Als Gast bestellen
Testart: Kauf erfolgreich
Priorität der Story: Highest

Ziel
Ein Produkt als Gast durch den Checkout führen

Vorbedingungen
- Die Anwendung ist erreichbar und die erforderlichen Testdaten sind vorbereitet.
- Der Test wird in einer isolierten Umgebung mit nachvollziehbaren Benutzerrollen ausgeführt.

Schritte
1. Verfügbares Produkt auswählen.
2. In den Warenkorb legen und Menge prüfen.
3. Gastdaten, Adresse und Versandart eingeben.
4. Zusammenfassung prüfen und Bestellung absenden.

Erwartetes Ergebnis
Warenkorb, Versand, Gesamtbetrag und Bestellung stimmen; der Artikel ist reserviert beziehungsweise verarbeitet.

Responsive Viewports
- Desktop: 1440 x 900 CSS-Pixel.
- Full HD: 1920 x 1080 CSS-Pixel.
- WQHD: 2560 x 1440 CSS-Pixel.
- Ultrawide: 3440 x 1440 CSS-Pixel.
- 4K: 3840 x 2160 CSS-Pixel.
- Tablet: 768 x 1024 CSS-Pixel.
- Smartphone: 390 x 844 CSS-Pixel.
- Bei UI-Tests jeden definierten Viewport pruefen und je Viewport einen eigenen Screenshot am Testlauf hinterlegen.

Beleg und Nachbereitung
- Fuer jeden einzelnen Testschritt unmittelbar nach der Ausfuehrung einen Screenshot als Anhang am Testlauf hinterlegen.
- Der Screenshot muss die relevante Ausgangslage bzw. Eingabe und das sichtbare Ergebnis des jeweiligen Schrittes nachvollziehbar zeigen.
- Alle Schritte des Tests muessen einen eigenen Nachweis besitzen; bei Eingabeschritten sind Eingabe und anschliessende Reaktion zu dokumentieren.
- PASS nur vergeben, wenn alle Schritte erfolgreich abgeschlossen und fuer alle Schritte Screenshots hinterlegt sind.
- FAIL oder BLOCKED ebenfalls mit Screenshot(s), tatsaechlichem Ergebnis, Datum, Tester und Umgebung dokumentieren; bei FAIL einen Bug mit Reproduktionsschritten und Verweis auf diesen Test anlegen.
- Passwoerter, Tokens, Zahlungsdaten und sonstige Geheimnisse niemals im Klartext speichern; vor dem Anhang maskieren oder schwaerzen."
KAN-656,E3-07 Als Gast bestellen – Abbruch und Nichtverfügbarkeit,"Abgedeckte Story: KAN-40 – E3-07 Als Gast bestellen
Testart: Abbruch und Nichtverfügbarkeit
Priorität der Story: Highest

Ziel
Checkout bei Fehlern sicher abbrechen

Vorbedingungen
- Die Anwendung ist erreichbar und die erforderlichen Testdaten sind vorbereitet.
- Der Test wird in einer isolierten Umgebung mit nachvollziehbaren Benutzerrollen ausgeführt.

Schritte
1. Artikel zwischen zwei Schritten unverfügbar machen.
2. Pflichtfeld und ungültige Adresse verwenden.
3. Zurück navigieren und Daten ändern.
4. Checkout erneut laden.

Erwartetes Ergebnis
Die Ursache wird verständlich angezeigt; es entsteht keine falsche Bestellung und gültige Eingaben bleiben erhalten.

Responsive Viewports
- Desktop: 1440 x 900 CSS-Pixel.
- Full HD: 1920 x 1080 CSS-Pixel.
- WQHD: 2560 x 1440 CSS-Pixel.
- Ultrawide: 3440 x 1440 CSS-Pixel.
- 4K: 3840 x 2160 CSS-Pixel.
- Tablet: 768 x 1024 CSS-Pixel.
- Smartphone: 390 x 844 CSS-Pixel.
- Bei UI-Tests jeden definierten Viewport pruefen und je Viewport einen eigenen Screenshot am Testlauf hinterlegen.

Beleg und Nachbereitung
- Fuer jeden einzelnen Testschritt unmittelbar nach der Ausfuehrung einen Screenshot als Anhang am Testlauf hinterlegen.
- Der Screenshot muss die relevante Ausgangslage bzw. Eingabe und das sichtbare Ergebnis des jeweiligen Schrittes nachvollziehbar zeigen.
- Alle Schritte des Tests muessen einen eigenen Nachweis besitzen; bei Eingabeschritten sind Eingabe und anschliessende Reaktion zu dokumentieren.
- PASS nur vergeben, wenn alle Schritte erfolgreich abgeschlossen und fuer alle Schritte Screenshots hinterlegt sind.
- FAIL oder BLOCKED ebenfalls mit Screenshot(s), tatsaechlichem Ergebnis, Datum, Tester und Umgebung dokumentieren; bei FAIL einen Bug mit Reproduktionsschritten und Verweis auf diesen Test anlegen.
- Passwoerter, Tokens, Zahlungsdaten und sonstige Geheimnisse niemals im Klartext speichern; vor dem Anhang maskieren oder schwaerzen."
KAN-657,E3-07 Als Gast bestellen – Doppelte Aktion und Kontoflow,"Abgedeckte Story: KAN-40 – E3-07 Als Gast bestellen
Testart: Doppelte Aktion und Kontoflow
Priorität der Story: Highest

Ziel
Wiederholung und Kundenkonto prüfen

Vorbedingungen
- Die Anwendung ist erreichbar und die erforderlichen Testdaten sind vorbereitet.
- Der Test wird in einer isolierten Umgebung mit nachvollziehbaren Benutzerrollen ausgeführt.

Schritte
1. Submit beziehungsweise Reload mehrfach auslösen.
2. Mit Kundenkonto denselben Kauf starten.
3. Bestellstatus und Warenkorb danach prüfen.
4. Serverseitige Datensätze abgleichen.

Erwartetes Ergebnis
Es gibt genau eine fachliche Bestellung; Gast- und Kontoflow verwenden identische Preis- und Bestandsregeln.

Responsive Viewports
- Desktop: 1440 x 900 CSS-Pixel.
- Full HD: 1920 x 1080 CSS-Pixel.
- WQHD: 2560 x 1440 CSS-Pixel.
- Ultrawide: 3440 x 1440 CSS-Pixel.
- 4K: 3840 x 2160 CSS-Pixel.
- Tablet: 768 x 1024 CSS-Pixel.
- Smartphone: 390 x 844 CSS-Pixel.
- Bei UI-Tests jeden definierten Viewport pruefen und je Viewport einen eigenen Screenshot am Testlauf hinterlegen.

Beleg und Nachbereitung
- Fuer jeden einzelnen Testschritt unmittelbar nach der Ausfuehrung einen Screenshot als Anhang am Testlauf hinterlegen.
- Der Screenshot muss die relevante Ausgangslage bzw. Eingabe und das sichtbare Ergebnis des jeweiligen Schrittes nachvollziehbar zeigen.
- Alle Schritte des Tests muessen einen eigenen Nachweis besitzen; bei Eingabeschritten sind Eingabe und anschliessende Reaktion zu dokumentieren.
- PASS nur vergeben, wenn alle Schritte erfolgreich abgeschlossen und fuer alle Schritte Screenshots hinterlegt sind.
- FAIL oder BLOCKED ebenfalls mit Screenshot(s), tatsaechlichem Ergebnis, Datum, Tester und Umgebung dokumentieren; bei FAIL einen Bug mit Reproduktionsschritten und Verweis auf diesen Test anlegen.
- Passwoerter, Tokens, Zahlungsdaten und sonstige Geheimnisse niemals im Klartext speichern; vor dem Anhang maskieren oder schwaerzen."
KAN-658,E3-08 Mit Kundenkonto bestellen – Kauf erfolgreich,"Abgedeckte Story: KAN-41 – E3-08 Mit Kundenkonto bestellen
Testart: Kauf erfolgreich
Priorität der Story: High

Ziel
Ein Produkt als Gast durch den Checkout führen

Vorbedingungen
- Die Anwendung ist erreichbar und die erforderlichen Testdaten sind vorbereitet.
- Der Test wird in einer isolierten Umgebung mit nachvollziehbaren Benutzerrollen ausgeführt.

Schritte
1. Verfügbares Produkt auswählen.
2. In den Warenkorb legen und Menge prüfen.
3. Gastdaten, Adresse und Versandart eingeben.
4. Zusammenfassung prüfen und Bestellung absenden.

Erwartetes Ergebnis
Warenkorb, Versand, Gesamtbetrag und Bestellung stimmen; der Artikel ist reserviert beziehungsweise verarbeitet.

Responsive Viewports
- Desktop: 1440 x 900 CSS-Pixel.
- Full HD: 1920 x 1080 CSS-Pixel.
- WQHD: 2560 x 1440 CSS-Pixel.
- Ultrawide: 3440 x 1440 CSS-Pixel.
- 4K: 3840 x 2160 CSS-Pixel.
- Tablet: 768 x 1024 CSS-Pixel.
- Smartphone: 390 x 844 CSS-Pixel.
- Bei UI-Tests jeden definierten Viewport pruefen und je Viewport einen eigenen Screenshot am Testlauf hinterlegen.

Beleg und Nachbereitung
- Fuer jeden einzelnen Testschritt unmittelbar nach der Ausfuehrung einen Screenshot als Anhang am Testlauf hinterlegen.
- Der Screenshot muss die relevante Ausgangslage bzw. Eingabe und das sichtbare Ergebnis des jeweiligen Schrittes nachvollziehbar zeigen.
- Alle Schritte des Tests muessen einen eigenen Nachweis besitzen; bei Eingabeschritten sind Eingabe und anschliessende Reaktion zu dokumentieren.
- PASS nur vergeben, wenn alle Schritte erfolgreich abgeschlossen und fuer alle Schritte Screenshots hinterlegt sind.
- FAIL oder BLOCKED ebenfalls mit Screenshot(s), tatsaechlichem Ergebnis, Datum, Tester und Umgebung dokumentieren; bei FAIL einen Bug mit Reproduktionsschritten und Verweis auf diesen Test anlegen.
- Passwoerter, Tokens, Zahlungsdaten und sonstige Geheimnisse niemals im Klartext speichern; vor dem Anhang maskieren oder schwaerzen."
KAN-659,E3-08 Mit Kundenkonto bestellen – Abbruch und Nichtverfügbarkeit,"Abgedeckte Story: KAN-41 – E3-08 Mit Kundenkonto bestellen
Testart: Abbruch und Nichtverfügbarkeit
Priorität der Story: High

Ziel
Checkout bei Fehlern sicher abbrechen

Vorbedingungen
- Die Anwendung ist erreichbar und die erforderlichen Testdaten sind vorbereitet.
- Der Test wird in einer isolierten Umgebung mit nachvollziehbaren Benutzerrollen ausgeführt.

Schritte
1. Artikel zwischen zwei Schritten unverfügbar machen.
2. Pflichtfeld und ungültige Adresse verwenden.
3. Zurück navigieren und Daten ändern.
4. Checkout erneut laden.

Erwartetes Ergebnis
Die Ursache wird verständlich angezeigt; es entsteht keine falsche Bestellung und gültige Eingaben bleiben erhalten.

Responsive Viewports
- Desktop: 1440 x 900 CSS-Pixel.
- Full HD: 1920 x 1080 CSS-Pixel.
- WQHD: 2560 x 1440 CSS-Pixel.
- Ultrawide: 3440 x 1440 CSS-Pixel.
- 4K: 3840 x 2160 CSS-Pixel.
- Tablet: 768 x 1024 CSS-Pixel.
- Smartphone: 390 x 844 CSS-Pixel.
- Bei UI-Tests jeden definierten Viewport pruefen und je Viewport einen eigenen Screenshot am Testlauf hinterlegen.

Beleg und Nachbereitung
- Fuer jeden einzelnen Testschritt unmittelbar nach der Ausfuehrung einen Screenshot als Anhang am Testlauf hinterlegen.
- Der Screenshot muss die relevante Ausgangslage bzw. Eingabe und das sichtbare Ergebnis des jeweiligen Schrittes nachvollziehbar zeigen.
- Alle Schritte des Tests muessen einen eigenen Nachweis besitzen; bei Eingabeschritten sind Eingabe und anschliessende Reaktion zu dokumentieren.
- PASS nur vergeben, wenn alle Schritte erfolgreich abgeschlossen und fuer alle Schritte Screenshots hinterlegt sind.
- FAIL oder BLOCKED ebenfalls mit Screenshot(s), tatsaechlichem Ergebnis, Datum, Tester und Umgebung dokumentieren; bei FAIL einen Bug mit Reproduktionsschritten und Verweis auf diesen Test anlegen.
- Passwoerter, Tokens, Zahlungsdaten und sonstige Geheimnisse niemals im Klartext speichern; vor dem Anhang maskieren oder schwaerzen."
KAN-660,E3-08 Mit Kundenkonto bestellen – Doppelte Aktion und Kontoflow,"Abgedeckte Story: KAN-41 – E3-08 Mit Kundenkonto bestellen
Testart: Doppelte Aktion und Kontoflow
Priorität der Story: High

Ziel
Wiederholung und Kundenkonto prüfen

Vorbedingungen
- Die Anwendung ist erreichbar und die erforderlichen Testdaten sind vorbereitet.
- Der Test wird in einer isolierten Umgebung mit nachvollziehbaren Benutzerrollen ausgeführt.

Schritte
1. Submit beziehungsweise Reload mehrfach auslösen.
2. Mit Kundenkonto denselben Kauf starten.
3. Bestellstatus und Warenkorb danach prüfen.
4. Serverseitige Datensätze abgleichen.

Erwartetes Ergebnis
Es gibt genau eine fachliche Bestellung; Gast- und Kontoflow verwenden identische Preis- und Bestandsregeln.

Responsive Viewports
- Desktop: 1440 x 900 CSS-Pixel.
- Full HD: 1920 x 1080 CSS-Pixel.
- WQHD: 2560 x 1440 CSS-Pixel.
- Ultrawide: 3440 x 1440 CSS-Pixel.
- 4K: 3840 x 2160 CSS-Pixel.
- Tablet: 768 x 1024 CSS-Pixel.
- Smartphone: 390 x 844 CSS-Pixel.
- Bei UI-Tests jeden definierten Viewport pruefen und je Viewport einen eigenen Screenshot am Testlauf hinterlegen.

Beleg und Nachbereitung
- Fuer jeden einzelnen Testschritt unmittelbar nach der Ausfuehrung einen Screenshot als Anhang am Testlauf hinterlegen.
- Der Screenshot muss die relevante Ausgangslage bzw. Eingabe und das sichtbare Ergebnis des jeweiligen Schrittes nachvollziehbar zeigen.
- Alle Schritte des Tests muessen einen eigenen Nachweis besitzen; bei Eingabeschritten sind Eingabe und anschliessende Reaktion zu dokumentieren.
- PASS nur vergeben, wenn alle Schritte erfolgreich abgeschlossen und fuer alle Schritte Screenshots hinterlegt sind.
- FAIL oder BLOCKED ebenfalls mit Screenshot(s), tatsaechlichem Ergebnis, Datum, Tester und Umgebung dokumentieren; bei FAIL einen Bug mit Reproduktionsschritten und Verweis auf diesen Test anlegen.
- Passwoerter, Tokens, Zahlungsdaten und sonstige Geheimnisse niemals im Klartext speichern; vor dem Anhang maskieren oder schwaerzen."
KAN-661,E3-09 Lieferadresse verwalten – Kauf erfolgreich,"Abgedeckte Story: KAN-42 – E3-09 Lieferadresse verwalten
Testart: Kauf erfolgreich
Priorität der Story: Highest

Ziel
Ein Produkt als Gast durch den Checkout führen

Vorbedingungen
- Die Anwendung ist erreichbar und die erforderlichen Testdaten sind vorbereitet.
- Der Test wird in einer isolierten Umgebung mit nachvollziehbaren Benutzerrollen ausgeführt.

Schritte
1. Verfügbares Produkt auswählen.
2. In den Warenkorb legen und Menge prüfen.
3. Gastdaten, Adresse und Versandart eingeben.
4. Zusammenfassung prüfen und Bestellung absenden.

Erwartetes Ergebnis
Warenkorb, Versand, Gesamtbetrag und Bestellung stimmen; der Artikel ist reserviert beziehungsweise verarbeitet.

Responsive Viewports
- Desktop: 1440 x 900 CSS-Pixel.
- Full HD: 1920 x 1080 CSS-Pixel.
- WQHD: 2560 x 1440 CSS-Pixel.
- Ultrawide: 3440 x 1440 CSS-Pixel.
- 4K: 3840 x 2160 CSS-Pixel.
- Tablet: 768 x 1024 CSS-Pixel.
- Smartphone: 390 x 844 CSS-Pixel.
- Bei UI-Tests jeden definierten Viewport pruefen und je Viewport einen eigenen Screenshot am Testlauf hinterlegen.

Beleg und Nachbereitung
- Fuer jeden einzelnen Testschritt unmittelbar nach der Ausfuehrung einen Screenshot als Anhang am Testlauf hinterlegen.
- Der Screenshot muss die relevante Ausgangslage bzw. Eingabe und das sichtbare Ergebnis des jeweiligen Schrittes nachvollziehbar zeigen.
- Alle Schritte des Tests muessen einen eigenen Nachweis besitzen; bei Eingabeschritten sind Eingabe und anschliessende Reaktion zu dokumentieren.
- PASS nur vergeben, wenn alle Schritte erfolgreich abgeschlossen und fuer alle Schritte Screenshots hinterlegt sind.
- FAIL oder BLOCKED ebenfalls mit Screenshot(s), tatsaechlichem Ergebnis, Datum, Tester und Umgebung dokumentieren; bei FAIL einen Bug mit Reproduktionsschritten und Verweis auf diesen Test anlegen.
- Passwoerter, Tokens, Zahlungsdaten und sonstige Geheimnisse niemals im Klartext speichern; vor dem Anhang maskieren oder schwaerzen."
KAN-662,E3-09 Lieferadresse verwalten – Abbruch und Nichtverfügbarkeit,"Abgedeckte Story: KAN-42 – E3-09 Lieferadresse verwalten
Testart: Abbruch und Nichtverfügbarkeit
Priorität der Story: Highest

Ziel
Checkout bei Fehlern sicher abbrechen

Vorbedingungen
- Die Anwendung ist erreichbar und die erforderlichen Testdaten sind vorbereitet.
- Der Test wird in einer isolierten Umgebung mit nachvollziehbaren Benutzerrollen ausgeführt.

Schritte
1. Artikel zwischen zwei Schritten unverfügbar machen.
2. Pflichtfeld und ungültige Adresse verwenden.
3. Zurück navigieren und Daten ändern.
4. Checkout erneut laden.

Erwartetes Ergebnis
Die Ursache wird verständlich angezeigt; es entsteht keine falsche Bestellung und gültige Eingaben bleiben erhalten.

Responsive Viewports
- Desktop: 1440 x 900 CSS-Pixel.
- Full HD: 1920 x 1080 CSS-Pixel.
- WQHD: 2560 x 1440 CSS-Pixel.
- Ultrawide: 3440 x 1440 CSS-Pixel.
- 4K: 3840 x 2160 CSS-Pixel.
- Tablet: 768 x 1024 CSS-Pixel.
- Smartphone: 390 x 844 CSS-Pixel.
- Bei UI-Tests jeden definierten Viewport pruefen und je Viewport einen eigenen Screenshot am Testlauf hinterlegen.

Beleg und Nachbereitung
- Fuer jeden einzelnen Testschritt unmittelbar nach der Ausfuehrung einen Screenshot als Anhang am Testlauf hinterlegen.
- Der Screenshot muss die relevante Ausgangslage bzw. Eingabe und das sichtbare Ergebnis des jeweiligen Schrittes nachvollziehbar zeigen.
- Alle Schritte des Tests muessen einen eigenen Nachweis besitzen; bei Eingabeschritten sind Eingabe und anschliessende Reaktion zu dokumentieren.
- PASS nur vergeben, wenn alle Schritte erfolgreich abgeschlossen und fuer alle Schritte Screenshots hinterlegt sind.
- FAIL oder BLOCKED ebenfalls mit Screenshot(s), tatsaechlichem Ergebnis, Datum, Tester und Umgebung dokumentieren; bei FAIL einen Bug mit Reproduktionsschritten und Verweis auf diesen Test anlegen.
- Passwoerter, Tokens, Zahlungsdaten und sonstige Geheimnisse niemals im Klartext speichern; vor dem Anhang maskieren oder schwaerzen."
KAN-663,E3-09 Lieferadresse verwalten – Doppelte Aktion und Kontoflow,"Abgedeckte Story: KAN-42 – E3-09 Lieferadresse verwalten
Testart: Doppelte Aktion und Kontoflow
Priorität der Story: Highest

Ziel
Wiederholung und Kundenkonto prüfen

Vorbedingungen
- Die Anwendung ist erreichbar und die erforderlichen Testdaten sind vorbereitet.
- Der Test wird in einer isolierten Umgebung mit nachvollziehbaren Benutzerrollen ausgeführt.

Schritte
1. Submit beziehungsweise Reload mehrfach auslösen.
2. Mit Kundenkonto denselben Kauf starten.
3. Bestellstatus und Warenkorb danach prüfen.
4. Serverseitige Datensätze abgleichen.

Erwartetes Ergebnis
Es gibt genau eine fachliche Bestellung; Gast- und Kontoflow verwenden identische Preis- und Bestandsregeln.

Responsive Viewports
- Desktop: 1440 x 900 CSS-Pixel.
- Full HD: 1920 x 1080 CSS-Pixel.
- WQHD: 2560 x 1440 CSS-Pixel.
- Ultrawide: 3440 x 1440 CSS-Pixel.
- 4K: 3840 x 2160 CSS-Pixel.
- Tablet: 768 x 1024 CSS-Pixel.
- Smartphone: 390 x 844 CSS-Pixel.
- Bei UI-Tests jeden definierten Viewport pruefen und je Viewport einen eigenen Screenshot am Testlauf hinterlegen.

Beleg und Nachbereitung
- Fuer jeden einzelnen Testschritt unmittelbar nach der Ausfuehrung einen Screenshot als Anhang am Testlauf hinterlegen.
- Der Screenshot muss die relevante Ausgangslage bzw. Eingabe und das sichtbare Ergebnis des jeweiligen Schrittes nachvollziehbar zeigen.
- Alle Schritte des Tests muessen einen eigenen Nachweis besitzen; bei Eingabeschritten sind Eingabe und anschliessende Reaktion zu dokumentieren.
- PASS nur vergeben, wenn alle Schritte erfolgreich abgeschlossen und fuer alle Schritte Screenshots hinterlegt sind.
- FAIL oder BLOCKED ebenfalls mit Screenshot(s), tatsaechlichem Ergebnis, Datum, Tester und Umgebung dokumentieren; bei FAIL einen Bug mit Reproduktionsschritten und Verweis auf diesen Test anlegen.
- Passwoerter, Tokens, Zahlungsdaten und sonstige Geheimnisse niemals im Klartext speichern; vor dem Anhang maskieren oder schwaerzen."
KAN-664,E3-10 Versandart auswählen – Kauf erfolgreich,"Abgedeckte Story: KAN-43 – E3-10 Versandart auswählen
Testart: Kauf erfolgreich
Priorität der Story: Highest

Ziel
Ein Produkt als Gast durch den Checkout führen

Vorbedingungen
- Die Anwendung ist erreichbar und die erforderlichen Testdaten sind vorbereitet.
- Der Test wird in einer isolierten Umgebung mit nachvollziehbaren Benutzerrollen ausgeführt.

Schritte
1. Verfügbares Produkt auswählen.
2. In den Warenkorb legen und Menge prüfen.
3. Gastdaten, Adresse und Versandart eingeben.
4. Zusammenfassung prüfen und Bestellung absenden.

Erwartetes Ergebnis
Warenkorb, Versand, Gesamtbetrag und Bestellung stimmen; der Artikel ist reserviert beziehungsweise verarbeitet.

Responsive Viewports
- Desktop: 1440 x 900 CSS-Pixel.
- Full HD: 1920 x 1080 CSS-Pixel.
- WQHD: 2560 x 1440 CSS-Pixel.
- Ultrawide: 3440 x 1440 CSS-Pixel.
- 4K: 3840 x 2160 CSS-Pixel.
- Tablet: 768 x 1024 CSS-Pixel.
- Smartphone: 390 x 844 CSS-Pixel.
- Bei UI-Tests jeden definierten Viewport pruefen und je Viewport einen eigenen Screenshot am Testlauf hinterlegen.

Beleg und Nachbereitung
- Fuer jeden einzelnen Testschritt unmittelbar nach der Ausfuehrung einen Screenshot als Anhang am Testlauf hinterlegen.
- Der Screenshot muss die relevante Ausgangslage bzw. Eingabe und das sichtbare Ergebnis des jeweiligen Schrittes nachvollziehbar zeigen.
- Alle Schritte des Tests muessen einen eigenen Nachweis besitzen; bei Eingabeschritten sind Eingabe und anschliessende Reaktion zu dokumentieren.
- PASS nur vergeben, wenn alle Schritte erfolgreich abgeschlossen und fuer alle Schritte Screenshots hinterlegt sind.
- FAIL oder BLOCKED ebenfalls mit Screenshot(s), tatsaechlichem Ergebnis, Datum, Tester und Umgebung dokumentieren; bei FAIL einen Bug mit Reproduktionsschritten und Verweis auf diesen Test anlegen.
- Passwoerter, Tokens, Zahlungsdaten und sonstige Geheimnisse niemals im Klartext speichern; vor dem Anhang maskieren oder schwaerzen."
KAN-665,E3-10 Versandart auswählen – Abbruch und Nichtverfügbarkeit,"Abgedeckte Story: KAN-43 – E3-10 Versandart auswählen
Testart: Abbruch und Nichtverfügbarkeit
Priorität der Story: Highest

Ziel
Checkout bei Fehlern sicher abbrechen

Vorbedingungen
- Die Anwendung ist erreichbar und die erforderlichen Testdaten sind vorbereitet.
- Der Test wird in einer isolierten Umgebung mit nachvollziehbaren Benutzerrollen ausgeführt.

Schritte
1. Artikel zwischen zwei Schritten unverfügbar machen.
2. Pflichtfeld und ungültige Adresse verwenden.
3. Zurück navigieren und Daten ändern.
4. Checkout erneut laden.

Erwartetes Ergebnis
Die Ursache wird verständlich angezeigt; es entsteht keine falsche Bestellung und gültige Eingaben bleiben erhalten.

Responsive Viewports
- Desktop: 1440 x 900 CSS-Pixel.
- Full HD: 1920 x 1080 CSS-Pixel.
- WQHD: 2560 x 1440 CSS-Pixel.
- Ultrawide: 3440 x 1440 CSS-Pixel.
- 4K: 3840 x 2160 CSS-Pixel.
- Tablet: 768 x 1024 CSS-Pixel.
- Smartphone: 390 x 844 CSS-Pixel.
- Bei UI-Tests jeden definierten Viewport pruefen und je Viewport einen eigenen Screenshot am Testlauf hinterlegen.

Beleg und Nachbereitung
- Fuer jeden einzelnen Testschritt unmittelbar nach der Ausfuehrung einen Screenshot als Anhang am Testlauf hinterlegen.
- Der Screenshot muss die relevante Ausgangslage bzw. Eingabe und das sichtbare Ergebnis des jeweiligen Schrittes nachvollziehbar zeigen.
- Alle Schritte des Tests muessen einen eigenen Nachweis besitzen; bei Eingabeschritten sind Eingabe und anschliessende Reaktion zu dokumentieren.
- PASS nur vergeben, wenn alle Schritte erfolgreich abgeschlossen und fuer alle Schritte Screenshots hinterlegt sind.
- FAIL oder BLOCKED ebenfalls mit Screenshot(s), tatsaechlichem Ergebnis, Datum, Tester und Umgebung dokumentieren; bei FAIL einen Bug mit Reproduktionsschritten und Verweis auf diesen Test anlegen.
- Passwoerter, Tokens, Zahlungsdaten und sonstige Geheimnisse niemals im Klartext speichern; vor dem Anhang maskieren oder schwaerzen."
KAN-666,E3-10 Versandart auswählen – Doppelte Aktion und Kontoflow,"Abgedeckte Story: KAN-43 – E3-10 Versandart auswählen
Testart: Doppelte Aktion und Kontoflow
Priorität der Story: Highest

Ziel
Wiederholung und Kundenkonto prüfen

Vorbedingungen
- Die Anwendung ist erreichbar und die erforderlichen Testdaten sind vorbereitet.
- Der Test wird in einer isolierten Umgebung mit nachvollziehbaren Benutzerrollen ausgeführt.

Schritte
1. Submit beziehungsweise Reload mehrfach auslösen.
2. Mit Kundenkonto denselben Kauf starten.
3. Bestellstatus und Warenkorb danach prüfen.
4. Serverseitige Datensätze abgleichen.

Erwartetes Ergebnis
Es gibt genau eine fachliche Bestellung; Gast- und Kontoflow verwenden identische Preis- und Bestandsregeln.

Responsive Viewports
- Desktop: 1440 x 900 CSS-Pixel.
- Full HD: 1920 x 1080 CSS-Pixel.
- WQHD: 2560 x 1440 CSS-Pixel.
- Ultrawide: 3440 x 1440 CSS-Pixel.
- 4K: 3840 x 2160 CSS-Pixel.
- Tablet: 768 x 1024 CSS-Pixel.
- Smartphone: 390 x 844 CSS-Pixel.
- Bei UI-Tests jeden definierten Viewport pruefen und je Viewport einen eigenen Screenshot am Testlauf hinterlegen.

Beleg und Nachbereitung
- Fuer jeden einzelnen Testschritt unmittelbar nach der Ausfuehrung einen Screenshot als Anhang am Testlauf hinterlegen.
- Der Screenshot muss die relevante Ausgangslage bzw. Eingabe und das sichtbare Ergebnis des jeweiligen Schrittes nachvollziehbar zeigen.
- Alle Schritte des Tests muessen einen eigenen Nachweis besitzen; bei Eingabeschritten sind Eingabe und anschliessende Reaktion zu dokumentieren.
- PASS nur vergeben, wenn alle Schritte erfolgreich abgeschlossen und fuer alle Schritte Screenshots hinterlegt sind.
- FAIL oder BLOCKED ebenfalls mit Screenshot(s), tatsaechlichem Ergebnis, Datum, Tester und Umgebung dokumentieren; bei FAIL einen Bug mit Reproduktionsschritten und Verweis auf diesen Test anlegen.
- Passwoerter, Tokens, Zahlungsdaten und sonstige Geheimnisse niemals im Klartext speichern; vor dem Anhang maskieren oder schwaerzen."
KAN-667,E3-11 Bestellung vor dem Kauf prüfen – Kauf erfolgreich,"Abgedeckte Story: KAN-44 – E3-11 Bestellung vor dem Kauf prüfen
Testart: Kauf erfolgreich
Priorität der Story: Highest

Ziel
Ein Produkt als Gast durch den Checkout führen

Vorbedingungen
- Die Anwendung ist erreichbar und die erforderlichen Testdaten sind vorbereitet.
- Der Test wird in einer isolierten Umgebung mit nachvollziehbaren Benutzerrollen ausgeführt.

Schritte
1. Verfügbares Produkt auswählen.
2. In den Warenkorb legen und Menge prüfen.
3. Gastdaten, Adresse und Versandart eingeben.
4. Zusammenfassung prüfen und Bestellung absenden.

Erwartetes Ergebnis
Warenkorb, Versand, Gesamtbetrag und Bestellung stimmen; der Artikel ist reserviert beziehungsweise verarbeitet.

Responsive Viewports
- Desktop: 1440 x 900 CSS-Pixel.
- Full HD: 1920 x 1080 CSS-Pixel.
- WQHD: 2560 x 1440 CSS-Pixel.
- Ultrawide: 3440 x 1440 CSS-Pixel.
- 4K: 3840 x 2160 CSS-Pixel.
- Tablet: 768 x 1024 CSS-Pixel.
- Smartphone: 390 x 844 CSS-Pixel.
- Bei UI-Tests jeden definierten Viewport pruefen und je Viewport einen eigenen Screenshot am Testlauf hinterlegen.

Beleg und Nachbereitung
- Fuer jeden einzelnen Testschritt unmittelbar nach der Ausfuehrung einen Screenshot als Anhang am Testlauf hinterlegen.
- Der Screenshot muss die relevante Ausgangslage bzw. Eingabe und das sichtbare Ergebnis des jeweiligen Schrittes nachvollziehbar zeigen.
- Alle Schritte des Tests muessen einen eigenen Nachweis besitzen; bei Eingabeschritten sind Eingabe und anschliessende Reaktion zu dokumentieren.
- PASS nur vergeben, wenn alle Schritte erfolgreich abgeschlossen und fuer alle Schritte Screenshots hinterlegt sind.
- FAIL oder BLOCKED ebenfalls mit Screenshot(s), tatsaechlichem Ergebnis, Datum, Tester und Umgebung dokumentieren; bei FAIL einen Bug mit Reproduktionsschritten und Verweis auf diesen Test anlegen.
- Passwoerter, Tokens, Zahlungsdaten und sonstige Geheimnisse niemals im Klartext speichern; vor dem Anhang maskieren oder schwaerzen."
KAN-668,E3-11 Bestellung vor dem Kauf prüfen – Abbruch und Nichtverfügbarkeit,"Abgedeckte Story: KAN-44 – E3-11 Bestellung vor dem Kauf prüfen
Testart: Abbruch und Nichtverfügbarkeit
Priorität der Story: Highest

Ziel
Checkout bei Fehlern sicher abbrechen

Vorbedingungen
- Die Anwendung ist erreichbar und die erforderlichen Testdaten sind vorbereitet.
- Der Test wird in einer isolierten Umgebung mit nachvollziehbaren Benutzerrollen ausgeführt.

Schritte
1. Artikel zwischen zwei Schritten unverfügbar machen.
2. Pflichtfeld und ungültige Adresse verwenden.
3. Zurück navigieren und Daten ändern.
4. Checkout erneut laden.

Erwartetes Ergebnis
Die Ursache wird verständlich angezeigt; es entsteht keine falsche Bestellung und gültige Eingaben bleiben erhalten.

Responsive Viewports
- Desktop: 1440 x 900 CSS-Pixel.
- Full HD: 1920 x 1080 CSS-Pixel.
- WQHD: 2560 x 1440 CSS-Pixel.
- Ultrawide: 3440 x 1440 CSS-Pixel.
- 4K: 3840 x 2160 CSS-Pixel.
- Tablet: 768 x 1024 CSS-Pixel.
- Smartphone: 390 x 844 CSS-Pixel.
- Bei UI-Tests jeden definierten Viewport pruefen und je Viewport einen eigenen Screenshot am Testlauf hinterlegen.

Beleg und Nachbereitung
- Fuer jeden einzelnen Testschritt unmittelbar nach der Ausfuehrung einen Screenshot als Anhang am Testlauf hinterlegen.
- Der Screenshot muss die relevante Ausgangslage bzw. Eingabe und das sichtbare Ergebnis des jeweiligen Schrittes nachvollziehbar zeigen.
- Alle Schritte des Tests muessen einen eigenen Nachweis besitzen; bei Eingabeschritten sind Eingabe und anschliessende Reaktion zu dokumentieren.
- PASS nur vergeben, wenn alle Schritte erfolgreich abgeschlossen und fuer alle Schritte Screenshots hinterlegt sind.
- FAIL oder BLOCKED ebenfalls mit Screenshot(s), tatsaechlichem Ergebnis, Datum, Tester und Umgebung dokumentieren; bei FAIL einen Bug mit Reproduktionsschritten und Verweis auf diesen Test anlegen.
- Passwoerter, Tokens, Zahlungsdaten und sonstige Geheimnisse niemals im Klartext speichern; vor dem Anhang maskieren oder schwaerzen."
KAN-669,E3-11 Bestellung vor dem Kauf prüfen – Doppelte Aktion und Kontoflow,"Abgedeckte Story: KAN-44 – E3-11 Bestellung vor dem Kauf prüfen
Testart: Doppelte Aktion und Kontoflow
Priorität der Story: Highest

Ziel
Wiederholung und Kundenkonto prüfen

Vorbedingungen
- Die Anwendung ist erreichbar und die erforderlichen Testdaten sind vorbereitet.
- Der Test wird in einer isolierten Umgebung mit nachvollziehbaren Benutzerrollen ausgeführt.

Schritte
1. Submit beziehungsweise Reload mehrfach auslösen.
2. Mit Kundenkonto denselben Kauf starten.
3. Bestellstatus und Warenkorb danach prüfen.
4. Serverseitige Datensätze abgleichen.

Erwartetes Ergebnis
Es gibt genau eine fachliche Bestellung; Gast- und Kontoflow verwenden identische Preis- und Bestandsregeln.

Responsive Viewports
- Desktop: 1440 x 900 CSS-Pixel.
- Full HD: 1920 x 1080 CSS-Pixel.
- WQHD: 2560 x 1440 CSS-Pixel.
- Ultrawide: 3440 x 1440 CSS-Pixel.
- 4K: 3840 x 2160 CSS-Pixel.
- Tablet: 768 x 1024 CSS-Pixel.
- Smartphone: 390 x 844 CSS-Pixel.
- Bei UI-Tests jeden definierten Viewport pruefen und je Viewport einen eigenen Screenshot am Testlauf hinterlegen.

Beleg und Nachbereitung
- Fuer jeden einzelnen Testschritt unmittelbar nach der Ausfuehrung einen Screenshot als Anhang am Testlauf hinterlegen.
- Der Screenshot muss die relevante Ausgangslage bzw. Eingabe und das sichtbare Ergebnis des jeweiligen Schrittes nachvollziehbar zeigen.
- Alle Schritte des Tests muessen einen eigenen Nachweis besitzen; bei Eingabeschritten sind Eingabe und anschliessende Reaktion zu dokumentieren.
- PASS nur vergeben, wenn alle Schritte erfolgreich abgeschlossen und fuer alle Schritte Screenshots hinterlegt sind.
- FAIL oder BLOCKED ebenfalls mit Screenshot(s), tatsaechlichem Ergebnis, Datum, Tester und Umgebung dokumentieren; bei FAIL einen Bug mit Reproduktionsschritten und Verweis auf diesen Test anlegen.
- Passwoerter, Tokens, Zahlungsdaten und sonstige Geheimnisse niemals im Klartext speichern; vor dem Anhang maskieren oder schwaerzen."
KAN-670,E3-12 Formularfehler verstehen – Kauf erfolgreich,"Abgedeckte Story: KAN-45 – E3-12 Formularfehler verstehen
Testart: Kauf erfolgreich
Priorität der Story: Highest

Ziel
Ein Produkt als Gast durch den Checkout führen

Vorbedingungen
- Die Anwendung ist erreichbar und die erforderlichen Testdaten sind vorbereitet.
- Der Test wird in einer isolierten Umgebung mit nachvollziehbaren Benutzerrollen ausgeführt.

Schritte
1. Verfügbares Produkt auswählen.
2. In den Warenkorb legen und Menge prüfen.
3. Gastdaten, Adresse und Versandart eingeben.
4. Zusammenfassung prüfen und Bestellung absenden.

Erwartetes Ergebnis
Warenkorb, Versand, Gesamtbetrag und Bestellung stimmen; der Artikel ist reserviert beziehungsweise verarbeitet.

Responsive Viewports
- Desktop: 1440 x 900 CSS-Pixel.
- Full HD: 1920 x 1080 CSS-Pixel.
- WQHD: 2560 x 1440 CSS-Pixel.
- Ultrawide: 3440 x 1440 CSS-Pixel.
- 4K: 3840 x 2160 CSS-Pixel.
- Tablet: 768 x 1024 CSS-Pixel.
- Smartphone: 390 x 844 CSS-Pixel.
- Bei UI-Tests jeden definierten Viewport pruefen und je Viewport einen eigenen Screenshot am Testlauf hinterlegen.

Beleg und Nachbereitung
- Fuer jeden einzelnen Testschritt unmittelbar nach der Ausfuehrung einen Screenshot als Anhang am Testlauf hinterlegen.
- Der Screenshot muss die relevante Ausgangslage bzw. Eingabe und das sichtbare Ergebnis des jeweiligen Schrittes nachvollziehbar zeigen.
- Alle Schritte des Tests muessen einen eigenen Nachweis besitzen; bei Eingabeschritten sind Eingabe und anschliessende Reaktion zu dokumentieren.
- PASS nur vergeben, wenn alle Schritte erfolgreich abgeschlossen und fuer alle Schritte Screenshots hinterlegt sind.
- FAIL oder BLOCKED ebenfalls mit Screenshot(s), tatsaechlichem Ergebnis, Datum, Tester und Umgebung dokumentieren; bei FAIL einen Bug mit Reproduktionsschritten und Verweis auf diesen Test anlegen.
- Passwoerter, Tokens, Zahlungsdaten und sonstige Geheimnisse niemals im Klartext speichern; vor dem Anhang maskieren oder schwaerzen."
KAN-671,E3-12 Formularfehler verstehen – Abbruch und Nichtverfügbarkeit,"Abgedeckte Story: KAN-45 – E3-12 Formularfehler verstehen
Testart: Abbruch und Nichtverfügbarkeit
Priorität der Story: Highest

Ziel
Checkout bei Fehlern sicher abbrechen

Vorbedingungen
- Die Anwendung ist erreichbar und die erforderlichen Testdaten sind vorbereitet.
- Der Test wird in einer isolierten Umgebung mit nachvollziehbaren Benutzerrollen ausgeführt.

Schritte
1. Artikel zwischen zwei Schritten unverfügbar machen.
2. Pflichtfeld und ungültige Adresse verwenden.
3. Zurück navigieren und Daten ändern.
4. Checkout erneut laden.

Erwartetes Ergebnis
Die Ursache wird verständlich angezeigt; es entsteht keine falsche Bestellung und gültige Eingaben bleiben erhalten.

Responsive Viewports
- Desktop: 1440 x 900 CSS-Pixel.
- Full HD: 1920 x 1080 CSS-Pixel.
- WQHD: 2560 x 1440 CSS-Pixel.
- Ultrawide: 3440 x 1440 CSS-Pixel.
- 4K: 3840 x 2160 CSS-Pixel.
- Tablet: 768 x 1024 CSS-Pixel.
- Smartphone: 390 x 844 CSS-Pixel.
- Bei UI-Tests jeden definierten Viewport pruefen und je Viewport einen eigenen Screenshot am Testlauf hinterlegen.

Beleg und Nachbereitung
- Fuer jeden einzelnen Testschritt unmittelbar nach der Ausfuehrung einen Screenshot als Anhang am Testlauf hinterlegen.
- Der Screenshot muss die relevante Ausgangslage bzw. Eingabe und das sichtbare Ergebnis des jeweiligen Schrittes nachvollziehbar zeigen.
- Alle Schritte des Tests muessen einen eigenen Nachweis besitzen; bei Eingabeschritten sind Eingabe und anschliessende Reaktion zu dokumentieren.
- PASS nur vergeben, wenn alle Schritte erfolgreich abgeschlossen und fuer alle Schritte Screenshots hinterlegt sind.
- FAIL oder BLOCKED ebenfalls mit Screenshot(s), tatsaechlichem Ergebnis, Datum, Tester und Umgebung dokumentieren; bei FAIL einen Bug mit Reproduktionsschritten und Verweis auf diesen Test anlegen.
- Passwoerter, Tokens, Zahlungsdaten und sonstige Geheimnisse niemals im Klartext speichern; vor dem Anhang maskieren oder schwaerzen."
KAN-672,E3-12 Formularfehler verstehen – Doppelte Aktion und Kontoflow,"Abgedeckte Story: KAN-45 – E3-12 Formularfehler verstehen
Testart: Doppelte Aktion und Kontoflow
Priorität der Story: Highest

Ziel
Wiederholung und Kundenkonto prüfen

Vorbedingungen
- Die Anwendung ist erreichbar und die erforderlichen Testdaten sind vorbereitet.
- Der Test wird in einer isolierten Umgebung mit nachvollziehbaren Benutzerrollen ausgeführt.

Schritte
1. Submit beziehungsweise Reload mehrfach auslösen.
2. Mit Kundenkonto denselben Kauf starten.
3. Bestellstatus und Warenkorb danach prüfen.
4. Serverseitige Datensätze abgleichen.

Erwartetes Ergebnis
Es gibt genau eine fachliche Bestellung; Gast- und Kontoflow verwenden identische Preis- und Bestandsregeln.

Responsive Viewports
- Desktop: 1440 x 900 CSS-Pixel.
- Full HD: 1920 x 1080 CSS-Pixel.
- WQHD: 2560 x 1440 CSS-Pixel.
- Ultrawide: 3440 x 1440 CSS-Pixel.
- 4K: 3840 x 2160 CSS-Pixel.
- Tablet: 768 x 1024 CSS-Pixel.
- Smartphone: 390 x 844 CSS-Pixel.
- Bei UI-Tests jeden definierten Viewport pruefen und je Viewport einen eigenen Screenshot am Testlauf hinterlegen.

Beleg und Nachbereitung
- Fuer jeden einzelnen Testschritt unmittelbar nach der Ausfuehrung einen Screenshot als Anhang am Testlauf hinterlegen.
- Der Screenshot muss die relevante Ausgangslage bzw. Eingabe und das sichtbare Ergebnis des jeweiligen Schrittes nachvollziehbar zeigen.
- Alle Schritte des Tests muessen einen eigenen Nachweis besitzen; bei Eingabeschritten sind Eingabe und anschliessende Reaktion zu dokumentieren.
- PASS nur vergeben, wenn alle Schritte erfolgreich abgeschlossen und fuer alle Schritte Screenshots hinterlegt sind.
- FAIL oder BLOCKED ebenfalls mit Screenshot(s), tatsaechlichem Ergebnis, Datum, Tester und Umgebung dokumentieren; bei FAIL einen Bug mit Reproduktionsschritten und Verweis auf diesen Test anlegen.
- Passwoerter, Tokens, Zahlungsdaten und sonstige Geheimnisse niemals im Klartext speichern; vor dem Anhang maskieren oder schwaerzen."
KAN-673,E4-01 Mit PayPal bezahlen – Zahlung erfolgreich,"Abgedeckte Story: KAN-46 – E4-01 Mit PayPal bezahlen
Testart: Zahlung erfolgreich
Priorität der Story: Highest

Ziel
Eine Zahlung bis zum bestätigten Auftrag durchführen

Vorbedingungen
- Die Anwendung ist erreichbar und die erforderlichen Testdaten sind vorbereitet.
- Der Test wird in einer isolierten Umgebung mit nachvollziehbaren Benutzerrollen ausgeführt.

Schritte
1. Bestellung mit bekanntem Betrag vorbereiten.
2. Zahlung beim Provider autorisieren.
3. Capture/Callback abwarten.
4. Bestellung, Bestand und Kommunikation prüfen.

Erwartetes Ergebnis
Zahlbetrag, Zahlungsstatus, Bestellung und Bestand sind konsistent und genau einmal aktualisiert.

Responsive Viewports
- Desktop: 1440 x 900 CSS-Pixel.
- Full HD: 1920 x 1080 CSS-Pixel.
- WQHD: 2560 x 1440 CSS-Pixel.
- Ultrawide: 3440 x 1440 CSS-Pixel.
- 4K: 3840 x 2160 CSS-Pixel.
- Tablet: 768 x 1024 CSS-Pixel.
- Smartphone: 390 x 844 CSS-Pixel.
- Bei UI-Tests jeden definierten Viewport pruefen und je Viewport einen eigenen Screenshot am Testlauf hinterlegen.

Beleg und Nachbereitung
- Fuer jeden einzelnen Testschritt unmittelbar nach der Ausfuehrung einen Screenshot als Anhang am Testlauf hinterlegen.
- Der Screenshot muss die relevante Ausgangslage bzw. Eingabe und das sichtbare Ergebnis des jeweiligen Schrittes nachvollziehbar zeigen.
- Alle Schritte des Tests muessen einen eigenen Nachweis besitzen; bei Eingabeschritten sind Eingabe und anschliessende Reaktion zu dokumentieren.
- PASS nur vergeben, wenn alle Schritte erfolgreich abgeschlossen und fuer alle Schritte Screenshots hinterlegt sind.
- FAIL oder BLOCKED ebenfalls mit Screenshot(s), tatsaechlichem Ergebnis, Datum, Tester und Umgebung dokumentieren; bei FAIL einen Bug mit Reproduktionsschritten und Verweis auf diesen Test anlegen.
- Passwoerter, Tokens, Zahlungsdaten und sonstige Geheimnisse niemals im Klartext speichern; vor dem Anhang maskieren oder schwaerzen."
KAN-674,E4-01 Mit PayPal bezahlen – Fehlzahlung und Abbruch,"Abgedeckte Story: KAN-46 – E4-01 Mit PayPal bezahlen
Testart: Fehlzahlung und Abbruch
Priorität der Story: Highest

Ziel
Fehlgeschlagene Zahlung sicher behandeln

Vorbedingungen
- Die Anwendung ist erreichbar und die erforderlichen Testdaten sind vorbereitet.
- Der Test wird in einer isolierten Umgebung mit nachvollziehbaren Benutzerrollen ausgeführt.

Schritte
1. Provider-Fehler oder Abbruch simulieren.
2. Zurück zum Checkout navigieren.
3. Reservierung und Bestellstatus prüfen.
4. Erneuten Zahlungsversuch durchführen.

Erwartetes Ergebnis
Keine falsche Zahlung oder doppelte Reservierung entsteht; der Nutzer erhält eine verständliche nächste Aktion.

Responsive Viewports
- Desktop: 1440 x 900 CSS-Pixel.
- Full HD: 1920 x 1080 CSS-Pixel.
- WQHD: 2560 x 1440 CSS-Pixel.
- Ultrawide: 3440 x 1440 CSS-Pixel.
- 4K: 3840 x 2160 CSS-Pixel.
- Tablet: 768 x 1024 CSS-Pixel.
- Smartphone: 390 x 844 CSS-Pixel.
- Bei UI-Tests jeden definierten Viewport pruefen und je Viewport einen eigenen Screenshot am Testlauf hinterlegen.

Beleg und Nachbereitung
- Fuer jeden einzelnen Testschritt unmittelbar nach der Ausfuehrung einen Screenshot als Anhang am Testlauf hinterlegen.
- Der Screenshot muss die relevante Ausgangslage bzw. Eingabe und das sichtbare Ergebnis des jeweiligen Schrittes nachvollziehbar zeigen.
- Alle Schritte des Tests muessen einen eigenen Nachweis besitzen; bei Eingabeschritten sind Eingabe und anschliessende Reaktion zu dokumentieren.
- PASS nur vergeben, wenn alle Schritte erfolgreich abgeschlossen und fuer alle Schritte Screenshots hinterlegt sind.
- FAIL oder BLOCKED ebenfalls mit Screenshot(s), tatsaechlichem Ergebnis, Datum, Tester und Umgebung dokumentieren; bei FAIL einen Bug mit Reproduktionsschritten und Verweis auf diesen Test anlegen.
- Passwoerter, Tokens, Zahlungsdaten und sonstige Geheimnisse niemals im Klartext speichern; vor dem Anhang maskieren oder schwaerzen."
KAN-675,E4-01 Mit PayPal bezahlen – Idempotenz und Adminbetrieb,"Abgedeckte Story: KAN-46 – E4-01 Mit PayPal bezahlen
Testart: Idempotenz und Adminbetrieb
Priorität der Story: Highest

Ziel
Doppelte Ereignisse und Folgeaktionen prüfen

Vorbedingungen
- Die Anwendung ist erreichbar und die erforderlichen Testdaten sind vorbereitet.
- Der Test wird in einer isolierten Umgebung mit nachvollziehbaren Benutzerrollen ausgeführt.

Schritte
1. Dasselbe Zahlungsereignis zweimal zustellen.
2. Bestellung administrativ öffnen.
3. Versand, Storno oder Erstattung nach erlaubtem Status ausführen.
4. Audit und Logs prüfen.

Erwartetes Ergebnis
Doppelte Ereignisse haben keine Nebenwirkung; nur erlaubte Folgeaktionen werden ausgeführt und protokolliert.

Responsive Viewports
- Desktop: 1440 x 900 CSS-Pixel.
- Full HD: 1920 x 1080 CSS-Pixel.
- WQHD: 2560 x 1440 CSS-Pixel.
- Ultrawide: 3440 x 1440 CSS-Pixel.
- 4K: 3840 x 2160 CSS-Pixel.
- Tablet: 768 x 1024 CSS-Pixel.
- Smartphone: 390 x 844 CSS-Pixel.
- Bei UI-Tests jeden definierten Viewport pruefen und je Viewport einen eigenen Screenshot am Testlauf hinterlegen.

Beleg und Nachbereitung
- Fuer jeden einzelnen Testschritt unmittelbar nach der Ausfuehrung einen Screenshot als Anhang am Testlauf hinterlegen.
- Der Screenshot muss die relevante Ausgangslage bzw. Eingabe und das sichtbare Ergebnis des jeweiligen Schrittes nachvollziehbar zeigen.
- Alle Schritte des Tests muessen einen eigenen Nachweis besitzen; bei Eingabeschritten sind Eingabe und anschliessende Reaktion zu dokumentieren.
- PASS nur vergeben, wenn alle Schritte erfolgreich abgeschlossen und fuer alle Schritte Screenshots hinterlegt sind.
- FAIL oder BLOCKED ebenfalls mit Screenshot(s), tatsaechlichem Ergebnis, Datum, Tester und Umgebung dokumentieren; bei FAIL einen Bug mit Reproduktionsschritten und Verweis auf diesen Test anlegen.
- Passwoerter, Tokens, Zahlungsdaten und sonstige Geheimnisse niemals im Klartext speichern; vor dem Anhang maskieren oder schwaerzen."
KAN-676,E4-02 Zahlbetrag vor Zahlung prüfen – Zahlung erfolgreich,"Abgedeckte Story: KAN-47 – E4-02 Zahlbetrag vor Zahlung prüfen
Testart: Zahlung erfolgreich
Priorität der Story: Highest

Ziel
Eine Zahlung bis zum bestätigten Auftrag durchführen

Vorbedingungen
- Die Anwendung ist erreichbar und die erforderlichen Testdaten sind vorbereitet.
- Der Test wird in einer isolierten Umgebung mit nachvollziehbaren Benutzerrollen ausgeführt.

Schritte
1. Bestellung mit bekanntem Betrag vorbereiten.
2. Zahlung beim Provider autorisieren.
3. Capture/Callback abwarten.
4. Bestellung, Bestand und Kommunikation prüfen.

Erwartetes Ergebnis
Zahlbetrag, Zahlungsstatus, Bestellung und Bestand sind konsistent und genau einmal aktualisiert.

Responsive Viewports
- Desktop: 1440 x 900 CSS-Pixel.
- Full HD: 1920 x 1080 CSS-Pixel.
- WQHD: 2560 x 1440 CSS-Pixel.
- Ultrawide: 3440 x 1440 CSS-Pixel.
- 4K: 3840 x 2160 CSS-Pixel.
- Tablet: 768 x 1024 CSS-Pixel.
- Smartphone: 390 x 844 CSS-Pixel.
- Bei UI-Tests jeden definierten Viewport pruefen und je Viewport einen eigenen Screenshot am Testlauf hinterlegen.

Beleg und Nachbereitung
- Fuer jeden einzelnen Testschritt unmittelbar nach der Ausfuehrung einen Screenshot als Anhang am Testlauf hinterlegen.
- Der Screenshot muss die relevante Ausgangslage bzw. Eingabe und das sichtbare Ergebnis des jeweiligen Schrittes nachvollziehbar zeigen.
- Alle Schritte des Tests muessen einen eigenen Nachweis besitzen; bei Eingabeschritten sind Eingabe und anschliessende Reaktion zu dokumentieren.
- PASS nur vergeben, wenn alle Schritte erfolgreich abgeschlossen und fuer alle Schritte Screenshots hinterlegt sind.
- FAIL oder BLOCKED ebenfalls mit Screenshot(s), tatsaechlichem Ergebnis, Datum, Tester und Umgebung dokumentieren; bei FAIL einen Bug mit Reproduktionsschritten und Verweis auf diesen Test anlegen.
- Passwoerter, Tokens, Zahlungsdaten und sonstige Geheimnisse niemals im Klartext speichern; vor dem Anhang maskieren oder schwaerzen."
KAN-677,E4-02 Zahlbetrag vor Zahlung prüfen – Fehlzahlung und Abbruch,"Abgedeckte Story: KAN-47 – E4-02 Zahlbetrag vor Zahlung prüfen
Testart: Fehlzahlung und Abbruch
Priorität der Story: Highest

Ziel
Fehlgeschlagene Zahlung sicher behandeln

Vorbedingungen
- Die Anwendung ist erreichbar und die erforderlichen Testdaten sind vorbereitet.
- Der Test wird in einer isolierten Umgebung mit nachvollziehbaren Benutzerrollen ausgeführt.

Schritte
1. Provider-Fehler oder Abbruch simulieren.
2. Zurück zum Checkout navigieren.
3. Reservierung und Bestellstatus prüfen.
4. Erneuten Zahlungsversuch durchführen.

Erwartetes Ergebnis
Keine falsche Zahlung oder doppelte Reservierung entsteht; der Nutzer erhält eine verständliche nächste Aktion.

Responsive Viewports
- Desktop: 1440 x 900 CSS-Pixel.
- Full HD: 1920 x 1080 CSS-Pixel.
- WQHD: 2560 x 1440 CSS-Pixel.
- Ultrawide: 3440 x 1440 CSS-Pixel.
- 4K: 3840 x 2160 CSS-Pixel.
- Tablet: 768 x 1024 CSS-Pixel.
- Smartphone: 390 x 844 CSS-Pixel.
- Bei UI-Tests jeden definierten Viewport pruefen und je Viewport einen eigenen Screenshot am Testlauf hinterlegen.

Beleg und Nachbereitung
- Fuer jeden einzelnen Testschritt unmittelbar nach der Ausfuehrung einen Screenshot als Anhang am Testlauf hinterlegen.
- Der Screenshot muss die relevante Ausgangslage bzw. Eingabe und das sichtbare Ergebnis des jeweiligen Schrittes nachvollziehbar zeigen.
- Alle Schritte des Tests muessen einen eigenen Nachweis besitzen; bei Eingabeschritten sind Eingabe und anschliessende Reaktion zu dokumentieren.
- PASS nur vergeben, wenn alle Schritte erfolgreich abgeschlossen und fuer alle Schritte Screenshots hinterlegt sind.
- FAIL oder BLOCKED ebenfalls mit Screenshot(s), tatsaechlichem Ergebnis, Datum, Tester und Umgebung dokumentieren; bei FAIL einen Bug mit Reproduktionsschritten und Verweis auf diesen Test anlegen.
- Passwoerter, Tokens, Zahlungsdaten und sonstige Geheimnisse niemals im Klartext speichern; vor dem Anhang maskieren oder schwaerzen."
KAN-678,E4-02 Zahlbetrag vor Zahlung prüfen – Idempotenz und Adminbetrieb,"Abgedeckte Story: KAN-47 – E4-02 Zahlbetrag vor Zahlung prüfen
Testart: Idempotenz und Adminbetrieb
Priorität der Story: Highest

Ziel
Doppelte Ereignisse und Folgeaktionen prüfen

Vorbedingungen
- Die Anwendung ist erreichbar und die erforderlichen Testdaten sind vorbereitet.
- Der Test wird in einer isolierten Umgebung mit nachvollziehbaren Benutzerrollen ausgeführt.

Schritte
1. Dasselbe Zahlungsereignis zweimal zustellen.
2. Bestellung administrativ öffnen.
3. Versand, Storno oder Erstattung nach erlaubtem Status ausführen.
4. Audit und Logs prüfen.

Erwartetes Ergebnis
Doppelte Ereignisse haben keine Nebenwirkung; nur erlaubte Folgeaktionen werden ausgeführt und protokolliert.

Responsive Viewports
- Desktop: 1440 x 900 CSS-Pixel.
- Full HD: 1920 x 1080 CSS-Pixel.
- WQHD: 2560 x 1440 CSS-Pixel.
- Ultrawide: 3440 x 1440 CSS-Pixel.
- 4K: 3840 x 2160 CSS-Pixel.
- Tablet: 768 x 1024 CSS-Pixel.
- Smartphone: 390 x 844 CSS-Pixel.
- Bei UI-Tests jeden definierten Viewport pruefen und je Viewport einen eigenen Screenshot am Testlauf hinterlegen.

Beleg und Nachbereitung
- Fuer jeden einzelnen Testschritt unmittelbar nach der Ausfuehrung einen Screenshot als Anhang am Testlauf hinterlegen.
- Der Screenshot muss die relevante Ausgangslage bzw. Eingabe und das sichtbare Ergebnis des jeweiligen Schrittes nachvollziehbar zeigen.
- Alle Schritte des Tests muessen einen eigenen Nachweis besitzen; bei Eingabeschritten sind Eingabe und anschliessende Reaktion zu dokumentieren.
- PASS nur vergeben, wenn alle Schritte erfolgreich abgeschlossen und fuer alle Schritte Screenshots hinterlegt sind.
- FAIL oder BLOCKED ebenfalls mit Screenshot(s), tatsaechlichem Ergebnis, Datum, Tester und Umgebung dokumentieren; bei FAIL einen Bug mit Reproduktionsschritten und Verweis auf diesen Test anlegen.
- Passwoerter, Tokens, Zahlungsdaten und sonstige Geheimnisse niemals im Klartext speichern; vor dem Anhang maskieren oder schwaerzen."
KAN-679,E4-03 Fehlgeschlagene Zahlung verstehen – Zahlung erfolgreich,"Abgedeckte Story: KAN-48 – E4-03 Fehlgeschlagene Zahlung verstehen
Testart: Zahlung erfolgreich
Priorität der Story: Highest

Ziel
Eine Zahlung bis zum bestätigten Auftrag durchführen

Vorbedingungen
- Die Anwendung ist erreichbar und die erforderlichen Testdaten sind vorbereitet.
- Der Test wird in einer isolierten Umgebung mit nachvollziehbaren Benutzerrollen ausgeführt.

Schritte
1. Bestellung mit bekanntem Betrag vorbereiten.
2. Zahlung beim Provider autorisieren.
3. Capture/Callback abwarten.
4. Bestellung, Bestand und Kommunikation prüfen.

Erwartetes Ergebnis
Zahlbetrag, Zahlungsstatus, Bestellung und Bestand sind konsistent und genau einmal aktualisiert.

Responsive Viewports
- Desktop: 1440 x 900 CSS-Pixel.
- Full HD: 1920 x 1080 CSS-Pixel.
- WQHD: 2560 x 1440 CSS-Pixel.
- Ultrawide: 3440 x 1440 CSS-Pixel.
- 4K: 3840 x 2160 CSS-Pixel.
- Tablet: 768 x 1024 CSS-Pixel.
- Smartphone: 390 x 844 CSS-Pixel.
- Bei UI-Tests jeden definierten Viewport pruefen und je Viewport einen eigenen Screenshot am Testlauf hinterlegen.

Beleg und Nachbereitung
- Fuer jeden einzelnen Testschritt unmittelbar nach der Ausfuehrung einen Screenshot als Anhang am Testlauf hinterlegen.
- Der Screenshot muss die relevante Ausgangslage bzw. Eingabe und das sichtbare Ergebnis des jeweiligen Schrittes nachvollziehbar zeigen.
- Alle Schritte des Tests muessen einen eigenen Nachweis besitzen; bei Eingabeschritten sind Eingabe und anschliessende Reaktion zu dokumentieren.
- PASS nur vergeben, wenn alle Schritte erfolgreich abgeschlossen und fuer alle Schritte Screenshots hinterlegt sind.
- FAIL oder BLOCKED ebenfalls mit Screenshot(s), tatsaechlichem Ergebnis, Datum, Tester und Umgebung dokumentieren; bei FAIL einen Bug mit Reproduktionsschritten und Verweis auf diesen Test anlegen.
- Passwoerter, Tokens, Zahlungsdaten und sonstige Geheimnisse niemals im Klartext speichern; vor dem Anhang maskieren oder schwaerzen."
KAN-680,E4-03 Fehlgeschlagene Zahlung verstehen – Fehlzahlung und Abbruch,"Abgedeckte Story: KAN-48 – E4-03 Fehlgeschlagene Zahlung verstehen
Testart: Fehlzahlung und Abbruch
Priorität der Story: Highest

Ziel
Fehlgeschlagene Zahlung sicher behandeln

Vorbedingungen
- Die Anwendung ist erreichbar und die erforderlichen Testdaten sind vorbereitet.
- Der Test wird in einer isolierten Umgebung mit nachvollziehbaren Benutzerrollen ausgeführt.

Schritte
1. Provider-Fehler oder Abbruch simulieren.
2. Zurück zum Checkout navigieren.
3. Reservierung und Bestellstatus prüfen.
4. Erneuten Zahlungsversuch durchführen.

Erwartetes Ergebnis
Keine falsche Zahlung oder doppelte Reservierung entsteht; der Nutzer erhält eine verständliche nächste Aktion.

Responsive Viewports
- Desktop: 1440 x 900 CSS-Pixel.
- Full HD: 1920 x 1080 CSS-Pixel.
- WQHD: 2560 x 1440 CSS-Pixel.
- Ultrawide: 3440 x 1440 CSS-Pixel.
- 4K: 3840 x 2160 CSS-Pixel.
- Tablet: 768 x 1024 CSS-Pixel.
- Smartphone: 390 x 844 CSS-Pixel.
- Bei UI-Tests jeden definierten Viewport pruefen und je Viewport einen eigenen Screenshot am Testlauf hinterlegen.

Beleg und Nachbereitung
- Fuer jeden einzelnen Testschritt unmittelbar nach der Ausfuehrung einen Screenshot als Anhang am Testlauf hinterlegen.
- Der Screenshot muss die relevante Ausgangslage bzw. Eingabe und das sichtbare Ergebnis des jeweiligen Schrittes nachvollziehbar zeigen.
- Alle Schritte des Tests muessen einen eigenen Nachweis besitzen; bei Eingabeschritten sind Eingabe und anschliessende Reaktion zu dokumentieren.
- PASS nur vergeben, wenn alle Schritte erfolgreich abgeschlossen und fuer alle Schritte Screenshots hinterlegt sind.
- FAIL oder BLOCKED ebenfalls mit Screenshot(s), tatsaechlichem Ergebnis, Datum, Tester und Umgebung dokumentieren; bei FAIL einen Bug mit Reproduktionsschritten und Verweis auf diesen Test anlegen.
- Passwoerter, Tokens, Zahlungsdaten und sonstige Geheimnisse niemals im Klartext speichern; vor dem Anhang maskieren oder schwaerzen."
KAN-681,E4-03 Fehlgeschlagene Zahlung verstehen – Idempotenz und Adminbetrieb,"Abgedeckte Story: KAN-48 – E4-03 Fehlgeschlagene Zahlung verstehen
Testart: Idempotenz und Adminbetrieb
Priorität der Story: Highest

Ziel
Doppelte Ereignisse und Folgeaktionen prüfen

Vorbedingungen
- Die Anwendung ist erreichbar und die erforderlichen Testdaten sind vorbereitet.
- Der Test wird in einer isolierten Umgebung mit nachvollziehbaren Benutzerrollen ausgeführt.

Schritte
1. Dasselbe Zahlungsereignis zweimal zustellen.
2. Bestellung administrativ öffnen.
3. Versand, Storno oder Erstattung nach erlaubtem Status ausführen.
4. Audit und Logs prüfen.

Erwartetes Ergebnis
Doppelte Ereignisse haben keine Nebenwirkung; nur erlaubte Folgeaktionen werden ausgeführt und protokolliert.

Responsive Viewports
- Desktop: 1440 x 900 CSS-Pixel.
- Full HD: 1920 x 1080 CSS-Pixel.
- WQHD: 2560 x 1440 CSS-Pixel.
- Ultrawide: 3440 x 1440 CSS-Pixel.
- 4K: 3840 x 2160 CSS-Pixel.
- Tablet: 768 x 1024 CSS-Pixel.
- Smartphone: 390 x 844 CSS-Pixel.
- Bei UI-Tests jeden definierten Viewport pruefen und je Viewport einen eigenen Screenshot am Testlauf hinterlegen.

Beleg und Nachbereitung
- Fuer jeden einzelnen Testschritt unmittelbar nach der Ausfuehrung einen Screenshot als Anhang am Testlauf hinterlegen.
- Der Screenshot muss die relevante Ausgangslage bzw. Eingabe und das sichtbare Ergebnis des jeweiligen Schrittes nachvollziehbar zeigen.
- Alle Schritte des Tests muessen einen eigenen Nachweis besitzen; bei Eingabeschritten sind Eingabe und anschliessende Reaktion zu dokumentieren.
- PASS nur vergeben, wenn alle Schritte erfolgreich abgeschlossen und fuer alle Schritte Screenshots hinterlegt sind.
- FAIL oder BLOCKED ebenfalls mit Screenshot(s), tatsaechlichem Ergebnis, Datum, Tester und Umgebung dokumentieren; bei FAIL einen Bug mit Reproduktionsschritten und Verweis auf diesen Test anlegen.
- Passwoerter, Tokens, Zahlungsdaten und sonstige Geheimnisse niemals im Klartext speichern; vor dem Anhang maskieren oder schwaerzen."
KAN-682,E4-04 Bestand reservieren – Zahlung erfolgreich,"Abgedeckte Story: KAN-49 – E4-04 Bestand reservieren
Testart: Zahlung erfolgreich
Priorität der Story: Highest

Ziel
Eine Zahlung bis zum bestätigten Auftrag durchführen

Vorbedingungen
- Die Anwendung ist erreichbar und die erforderlichen Testdaten sind vorbereitet.
- Der Test wird in einer isolierten Umgebung mit nachvollziehbaren Benutzerrollen ausgeführt.

Schritte
1. Bestellung mit bekanntem Betrag vorbereiten.
2. Zahlung beim Provider autorisieren.
3. Capture/Callback abwarten.
4. Bestellung, Bestand und Kommunikation prüfen.

Erwartetes Ergebnis
Zahlbetrag, Zahlungsstatus, Bestellung und Bestand sind konsistent und genau einmal aktualisiert.

Responsive Viewports
- Desktop: 1440 x 900 CSS-Pixel.
- Full HD: 1920 x 1080 CSS-Pixel.
- WQHD: 2560 x 1440 CSS-Pixel.
- Ultrawide: 3440 x 1440 CSS-Pixel.
- 4K: 3840 x 2160 CSS-Pixel.
- Tablet: 768 x 1024 CSS-Pixel.
- Smartphone: 390 x 844 CSS-Pixel.
- Bei UI-Tests jeden definierten Viewport pruefen und je Viewport einen eigenen Screenshot am Testlauf hinterlegen.

Beleg und Nachbereitung
- Fuer jeden einzelnen Testschritt unmittelbar nach der Ausfuehrung einen Screenshot als Anhang am Testlauf hinterlegen.
- Der Screenshot muss die relevante Ausgangslage bzw. Eingabe und das sichtbare Ergebnis des jeweiligen Schrittes nachvollziehbar zeigen.
- Alle Schritte des Tests muessen einen eigenen Nachweis besitzen; bei Eingabeschritten sind Eingabe und anschliessende Reaktion zu dokumentieren.
- PASS nur vergeben, wenn alle Schritte erfolgreich abgeschlossen und fuer alle Schritte Screenshots hinterlegt sind.
- FAIL oder BLOCKED ebenfalls mit Screenshot(s), tatsaechlichem Ergebnis, Datum, Tester und Umgebung dokumentieren; bei FAIL einen Bug mit Reproduktionsschritten und Verweis auf diesen Test anlegen.
- Passwoerter, Tokens, Zahlungsdaten und sonstige Geheimnisse niemals im Klartext speichern; vor dem Anhang maskieren oder schwaerzen."
KAN-683,E4-04 Bestand reservieren – Fehlzahlung und Abbruch,"Abgedeckte Story: KAN-49 – E4-04 Bestand reservieren
Testart: Fehlzahlung und Abbruch
Priorität der Story: Highest

Ziel
Fehlgeschlagene Zahlung sicher behandeln

Vorbedingungen
- Die Anwendung ist erreichbar und die erforderlichen Testdaten sind vorbereitet.
- Der Test wird in einer isolierten Umgebung mit nachvollziehbaren Benutzerrollen ausgeführt.

Schritte
1. Provider-Fehler oder Abbruch simulieren.
2. Zurück zum Checkout navigieren.
3. Reservierung und Bestellstatus prüfen.
4. Erneuten Zahlungsversuch durchführen.

Erwartetes Ergebnis
Keine falsche Zahlung oder doppelte Reservierung entsteht; der Nutzer erhält eine verständliche nächste Aktion.

Responsive Viewports
- Desktop: 1440 x 900 CSS-Pixel.
- Full HD: 1920 x 1080 CSS-Pixel.
- WQHD: 2560 x 1440 CSS-Pixel.
- Ultrawide: 3440 x 1440 CSS-Pixel.
- 4K: 3840 x 2160 CSS-Pixel.
- Tablet: 768 x 1024 CSS-Pixel.
- Smartphone: 390 x 844 CSS-Pixel.
- Bei UI-Tests jeden definierten Viewport pruefen und je Viewport einen eigenen Screenshot am Testlauf hinterlegen.

Beleg und Nachbereitung
- Fuer jeden einzelnen Testschritt unmittelbar nach der Ausfuehrung einen Screenshot als Anhang am Testlauf hinterlegen.
- Der Screenshot muss die relevante Ausgangslage bzw. Eingabe und das sichtbare Ergebnis des jeweiligen Schrittes nachvollziehbar zeigen.
- Alle Schritte des Tests muessen einen eigenen Nachweis besitzen; bei Eingabeschritten sind Eingabe und anschliessende Reaktion zu dokumentieren.
- PASS nur vergeben, wenn alle Schritte erfolgreich abgeschlossen und fuer alle Schritte Screenshots hinterlegt sind.
- FAIL oder BLOCKED ebenfalls mit Screenshot(s), tatsaechlichem Ergebnis, Datum, Tester und Umgebung dokumentieren; bei FAIL einen Bug mit Reproduktionsschritten und Verweis auf diesen Test anlegen.
- Passwoerter, Tokens, Zahlungsdaten und sonstige Geheimnisse niemals im Klartext speichern; vor dem Anhang maskieren oder schwaerzen."
KAN-684,E4-04 Bestand reservieren – Idempotenz und Adminbetrieb,"Abgedeckte Story: KAN-49 – E4-04 Bestand reservieren
Testart: Idempotenz und Adminbetrieb
Priorität der Story: Highest

Ziel
Doppelte Ereignisse und Folgeaktionen prüfen

Vorbedingungen
- Die Anwendung ist erreichbar und die erforderlichen Testdaten sind vorbereitet.
- Der Test wird in einer isolierten Umgebung mit nachvollziehbaren Benutzerrollen ausgeführt.

Schritte
1. Dasselbe Zahlungsereignis zweimal zustellen.
2. Bestellung administrativ öffnen.
3. Versand, Storno oder Erstattung nach erlaubtem Status ausführen.
4. Audit und Logs prüfen.

Erwartetes Ergebnis
Doppelte Ereignisse haben keine Nebenwirkung; nur erlaubte Folgeaktionen werden ausgeführt und protokolliert.

Responsive Viewports
- Desktop: 1440 x 900 CSS-Pixel.
- Full HD: 1920 x 1080 CSS-Pixel.
- WQHD: 2560 x 1440 CSS-Pixel.
- Ultrawide: 3440 x 1440 CSS-Pixel.
- 4K: 3840 x 2160 CSS-Pixel.
- Tablet: 768 x 1024 CSS-Pixel.
- Smartphone: 390 x 844 CSS-Pixel.
- Bei UI-Tests jeden definierten Viewport pruefen und je Viewport einen eigenen Screenshot am Testlauf hinterlegen.

Beleg und Nachbereitung
- Fuer jeden einzelnen Testschritt unmittelbar nach der Ausfuehrung einen Screenshot als Anhang am Testlauf hinterlegen.
- Der Screenshot muss die relevante Ausgangslage bzw. Eingabe und das sichtbare Ergebnis des jeweiligen Schrittes nachvollziehbar zeigen.
- Alle Schritte des Tests muessen einen eigenen Nachweis besitzen; bei Eingabeschritten sind Eingabe und anschliessende Reaktion zu dokumentieren.
- PASS nur vergeben, wenn alle Schritte erfolgreich abgeschlossen und fuer alle Schritte Screenshots hinterlegt sind.
- FAIL oder BLOCKED ebenfalls mit Screenshot(s), tatsaechlichem Ergebnis, Datum, Tester und Umgebung dokumentieren; bei FAIL einen Bug mit Reproduktionsschritten und Verweis auf diesen Test anlegen.
- Passwoerter, Tokens, Zahlungsdaten und sonstige Geheimnisse niemals im Klartext speichern; vor dem Anhang maskieren oder schwaerzen."
KAN-685,E4-05 Reservierungen freigeben – Zahlung erfolgreich,"Abgedeckte Story: KAN-50 – E4-05 Reservierungen freigeben
Testart: Zahlung erfolgreich
Priorität der Story: Highest

Ziel
Eine Zahlung bis zum bestätigten Auftrag durchführen

Vorbedingungen
- Die Anwendung ist erreichbar und die erforderlichen Testdaten sind vorbereitet.
- Der Test wird in einer isolierten Umgebung mit nachvollziehbaren Benutzerrollen ausgeführt.

Schritte
1. Bestellung mit bekanntem Betrag vorbereiten.
2. Zahlung beim Provider autorisieren.
3. Capture/Callback abwarten.
4. Bestellung, Bestand und Kommunikation prüfen.

Erwartetes Ergebnis
Zahlbetrag, Zahlungsstatus, Bestellung und Bestand sind konsistent und genau einmal aktualisiert.

Responsive Viewports
- Desktop: 1440 x 900 CSS-Pixel.
- Full HD: 1920 x 1080 CSS-Pixel.
- WQHD: 2560 x 1440 CSS-Pixel.
- Ultrawide: 3440 x 1440 CSS-Pixel.
- 4K: 3840 x 2160 CSS-Pixel.
- Tablet: 768 x 1024 CSS-Pixel.
- Smartphone: 390 x 844 CSS-Pixel.
- Bei UI-Tests jeden definierten Viewport pruefen und je Viewport einen eigenen Screenshot am Testlauf hinterlegen.

Beleg und Nachbereitung
- Fuer jeden einzelnen Testschritt unmittelbar nach der Ausfuehrung einen Screenshot als Anhang am Testlauf hinterlegen.
- Der Screenshot muss die relevante Ausgangslage bzw. Eingabe und das sichtbare Ergebnis des jeweiligen Schrittes nachvollziehbar zeigen.
- Alle Schritte des Tests muessen einen eigenen Nachweis besitzen; bei Eingabeschritten sind Eingabe und anschliessende Reaktion zu dokumentieren.
- PASS nur vergeben, wenn alle Schritte erfolgreich abgeschlossen und fuer alle Schritte Screenshots hinterlegt sind.
- FAIL oder BLOCKED ebenfalls mit Screenshot(s), tatsaechlichem Ergebnis, Datum, Tester und Umgebung dokumentieren; bei FAIL einen Bug mit Reproduktionsschritten und Verweis auf diesen Test anlegen.
- Passwoerter, Tokens, Zahlungsdaten und sonstige Geheimnisse niemals im Klartext speichern; vor dem Anhang maskieren oder schwaerzen."
KAN-686,E4-05 Reservierungen freigeben – Fehlzahlung und Abbruch,"Abgedeckte Story: KAN-50 – E4-05 Reservierungen freigeben
Testart: Fehlzahlung und Abbruch
Priorität der Story: Highest

Ziel
Fehlgeschlagene Zahlung sicher behandeln

Vorbedingungen
- Die Anwendung ist erreichbar und die erforderlichen Testdaten sind vorbereitet.
- Der Test wird in einer isolierten Umgebung mit nachvollziehbaren Benutzerrollen ausgeführt.

Schritte
1. Provider-Fehler oder Abbruch simulieren.
2. Zurück zum Checkout navigieren.
3. Reservierung und Bestellstatus prüfen.
4. Erneuten Zahlungsversuch durchführen.

Erwartetes Ergebnis
Keine falsche Zahlung oder doppelte Reservierung entsteht; der Nutzer erhält eine verständliche nächste Aktion.

Responsive Viewports
- Desktop: 1440 x 900 CSS-Pixel.
- Full HD: 1920 x 1080 CSS-Pixel.
- WQHD: 2560 x 1440 CSS-Pixel.
- Ultrawide: 3440 x 1440 CSS-Pixel.
- 4K: 3840 x 2160 CSS-Pixel.
- Tablet: 768 x 1024 CSS-Pixel.
- Smartphone: 390 x 844 CSS-Pixel.
- Bei UI-Tests jeden definierten Viewport pruefen und je Viewport einen eigenen Screenshot am Testlauf hinterlegen.

Beleg und Nachbereitung
- Fuer jeden einzelnen Testschritt unmittelbar nach der Ausfuehrung einen Screenshot als Anhang am Testlauf hinterlegen.
- Der Screenshot muss die relevante Ausgangslage bzw. Eingabe und das sichtbare Ergebnis des jeweiligen Schrittes nachvollziehbar zeigen.
- Alle Schritte des Tests muessen einen eigenen Nachweis besitzen; bei Eingabeschritten sind Eingabe und anschliessende Reaktion zu dokumentieren.
- PASS nur vergeben, wenn alle Schritte erfolgreich abgeschlossen und fuer alle Schritte Screenshots hinterlegt sind.
- FAIL oder BLOCKED ebenfalls mit Screenshot(s), tatsaechlichem Ergebnis, Datum, Tester und Umgebung dokumentieren; bei FAIL einen Bug mit Reproduktionsschritten und Verweis auf diesen Test anlegen.
- Passwoerter, Tokens, Zahlungsdaten und sonstige Geheimnisse niemals im Klartext speichern; vor dem Anhang maskieren oder schwaerzen."
KAN-687,E4-05 Reservierungen freigeben – Idempotenz und Adminbetrieb,"Abgedeckte Story: KAN-50 – E4-05 Reservierungen freigeben
Testart: Idempotenz und Adminbetrieb
Priorität der Story: Highest

Ziel
Doppelte Ereignisse und Folgeaktionen prüfen

Vorbedingungen
- Die Anwendung ist erreichbar und die erforderlichen Testdaten sind vorbereitet.
- Der Test wird in einer isolierten Umgebung mit nachvollziehbaren Benutzerrollen ausgeführt.

Schritte
1. Dasselbe Zahlungsereignis zweimal zustellen.
2. Bestellung administrativ öffnen.
3. Versand, Storno oder Erstattung nach erlaubtem Status ausführen.
4. Audit und Logs prüfen.

Erwartetes Ergebnis
Doppelte Ereignisse haben keine Nebenwirkung; nur erlaubte Folgeaktionen werden ausgeführt und protokolliert.

Responsive Viewports
- Desktop: 1440 x 900 CSS-Pixel.
- Full HD: 1920 x 1080 CSS-Pixel.
- WQHD: 2560 x 1440 CSS-Pixel.
- Ultrawide: 3440 x 1440 CSS-Pixel.
- 4K: 3840 x 2160 CSS-Pixel.
- Tablet: 768 x 1024 CSS-Pixel.
- Smartphone: 390 x 844 CSS-Pixel.
- Bei UI-Tests jeden definierten Viewport pruefen und je Viewport einen eigenen Screenshot am Testlauf hinterlegen.

Beleg und Nachbereitung
- Fuer jeden einzelnen Testschritt unmittelbar nach der Ausfuehrung einen Screenshot als Anhang am Testlauf hinterlegen.
- Der Screenshot muss die relevante Ausgangslage bzw. Eingabe und das sichtbare Ergebnis des jeweiligen Schrittes nachvollziehbar zeigen.
- Alle Schritte des Tests muessen einen eigenen Nachweis besitzen; bei Eingabeschritten sind Eingabe und anschliessende Reaktion zu dokumentieren.
- PASS nur vergeben, wenn alle Schritte erfolgreich abgeschlossen und fuer alle Schritte Screenshots hinterlegt sind.
- FAIL oder BLOCKED ebenfalls mit Screenshot(s), tatsaechlichem Ergebnis, Datum, Tester und Umgebung dokumentieren; bei FAIL einen Bug mit Reproduktionsschritten und Verweis auf diesen Test anlegen.
- Passwoerter, Tokens, Zahlungsdaten und sonstige Geheimnisse niemals im Klartext speichern; vor dem Anhang maskieren oder schwaerzen."
KAN-688,E4-06 Zahlung verifizieren – Zahlung erfolgreich,"Abgedeckte Story: KAN-51 – E4-06 Zahlung verifizieren
Testart: Zahlung erfolgreich
Priorität der Story: Highest

Ziel
Eine Zahlung bis zum bestätigten Auftrag durchführen

Vorbedingungen
- Die Anwendung ist erreichbar und die erforderlichen Testdaten sind vorbereitet.
- Der Test wird in einer isolierten Umgebung mit nachvollziehbaren Benutzerrollen ausgeführt.

Schritte
1. Bestellung mit bekanntem Betrag vorbereiten.
2. Zahlung beim Provider autorisieren.
3. Capture/Callback abwarten.
4. Bestellung, Bestand und Kommunikation prüfen.

Erwartetes Ergebnis
Zahlbetrag, Zahlungsstatus, Bestellung und Bestand sind konsistent und genau einmal aktualisiert.

Responsive Viewports
- Desktop: 1440 x 900 CSS-Pixel.
- Full HD: 1920 x 1080 CSS-Pixel.
- WQHD: 2560 x 1440 CSS-Pixel.
- Ultrawide: 3440 x 1440 CSS-Pixel.
- 4K: 3840 x 2160 CSS-Pixel.
- Tablet: 768 x 1024 CSS-Pixel.
- Smartphone: 390 x 844 CSS-Pixel.
- Bei UI-Tests jeden definierten Viewport pruefen und je Viewport einen eigenen Screenshot am Testlauf hinterlegen.

Beleg und Nachbereitung
- Fuer jeden einzelnen Testschritt unmittelbar nach der Ausfuehrung einen Screenshot als Anhang am Testlauf hinterlegen.
- Der Screenshot muss die relevante Ausgangslage bzw. Eingabe und das sichtbare Ergebnis des jeweiligen Schrittes nachvollziehbar zeigen.
- Alle Schritte des Tests muessen einen eigenen Nachweis besitzen; bei Eingabeschritten sind Eingabe und anschliessende Reaktion zu dokumentieren.
- PASS nur vergeben, wenn alle Schritte erfolgreich abgeschlossen und fuer alle Schritte Screenshots hinterlegt sind.
- FAIL oder BLOCKED ebenfalls mit Screenshot(s), tatsaechlichem Ergebnis, Datum, Tester und Umgebung dokumentieren; bei FAIL einen Bug mit Reproduktionsschritten und Verweis auf diesen Test anlegen.
- Passwoerter, Tokens, Zahlungsdaten und sonstige Geheimnisse niemals im Klartext speichern; vor dem Anhang maskieren oder schwaerzen."
KAN-689,E4-06 Zahlung verifizieren – Fehlzahlung und Abbruch,"Abgedeckte Story: KAN-51 – E4-06 Zahlung verifizieren
Testart: Fehlzahlung und Abbruch
Priorität der Story: Highest

Ziel
Fehlgeschlagene Zahlung sicher behandeln

Vorbedingungen
- Die Anwendung ist erreichbar und die erforderlichen Testdaten sind vorbereitet.
- Der Test wird in einer isolierten Umgebung mit nachvollziehbaren Benutzerrollen ausgeführt.

Schritte
1. Provider-Fehler oder Abbruch simulieren.
2. Zurück zum Checkout navigieren.
3. Reservierung und Bestellstatus prüfen.
4. Erneuten Zahlungsversuch durchführen.

Erwartetes Ergebnis
Keine falsche Zahlung oder doppelte Reservierung entsteht; der Nutzer erhält eine verständliche nächste Aktion.

Responsive Viewports
- Desktop: 1440 x 900 CSS-Pixel.
- Full HD: 1920 x 1080 CSS-Pixel.
- WQHD: 2560 x 1440 CSS-Pixel.
- Ultrawide: 3440 x 1440 CSS-Pixel.
- 4K: 3840 x 2160 CSS-Pixel.
- Tablet: 768 x 1024 CSS-Pixel.
- Smartphone: 390 x 844 CSS-Pixel.
- Bei UI-Tests jeden definierten Viewport pruefen und je Viewport einen eigenen Screenshot am Testlauf hinterlegen.

Beleg und Nachbereitung
- Fuer jeden einzelnen Testschritt unmittelbar nach der Ausfuehrung einen Screenshot als Anhang am Testlauf hinterlegen.
- Der Screenshot muss die relevante Ausgangslage bzw. Eingabe und das sichtbare Ergebnis des jeweiligen Schrittes nachvollziehbar zeigen.
- Alle Schritte des Tests muessen einen eigenen Nachweis besitzen; bei Eingabeschritten sind Eingabe und anschliessende Reaktion zu dokumentieren.
- PASS nur vergeben, wenn alle Schritte erfolgreich abgeschlossen und fuer alle Schritte Screenshots hinterlegt sind.
- FAIL oder BLOCKED ebenfalls mit Screenshot(s), tatsaechlichem Ergebnis, Datum, Tester und Umgebung dokumentieren; bei FAIL einen Bug mit Reproduktionsschritten und Verweis auf diesen Test anlegen.
- Passwoerter, Tokens, Zahlungsdaten und sonstige Geheimnisse niemals im Klartext speichern; vor dem Anhang maskieren oder schwaerzen."
KAN-690,E4-06 Zahlung verifizieren – Idempotenz und Adminbetrieb,"Abgedeckte Story: KAN-51 – E4-06 Zahlung verifizieren
Testart: Idempotenz und Adminbetrieb
Priorität der Story: Highest

Ziel
Doppelte Ereignisse und Folgeaktionen prüfen

Vorbedingungen
- Die Anwendung ist erreichbar und die erforderlichen Testdaten sind vorbereitet.
- Der Test wird in einer isolierten Umgebung mit nachvollziehbaren Benutzerrollen ausgeführt.

Schritte
1. Dasselbe Zahlungsereignis zweimal zustellen.
2. Bestellung administrativ öffnen.
3. Versand, Storno oder Erstattung nach erlaubtem Status ausführen.
4. Audit und Logs prüfen.

Erwartetes Ergebnis
Doppelte Ereignisse haben keine Nebenwirkung; nur erlaubte Folgeaktionen werden ausgeführt und protokolliert.

Responsive Viewports
- Desktop: 1440 x 900 CSS-Pixel.
- Full HD: 1920 x 1080 CSS-Pixel.
- WQHD: 2560 x 1440 CSS-Pixel.
- Ultrawide: 3440 x 1440 CSS-Pixel.
- 4K: 3840 x 2160 CSS-Pixel.
- Tablet: 768 x 1024 CSS-Pixel.
- Smartphone: 390 x 844 CSS-Pixel.
- Bei UI-Tests jeden definierten Viewport pruefen und je Viewport einen eigenen Screenshot am Testlauf hinterlegen.

Beleg und Nachbereitung
- Fuer jeden einzelnen Testschritt unmittelbar nach der Ausfuehrung einen Screenshot als Anhang am Testlauf hinterlegen.
- Der Screenshot muss die relevante Ausgangslage bzw. Eingabe und das sichtbare Ergebnis des jeweiligen Schrittes nachvollziehbar zeigen.
- Alle Schritte des Tests muessen einen eigenen Nachweis besitzen; bei Eingabeschritten sind Eingabe und anschliessende Reaktion zu dokumentieren.
- PASS nur vergeben, wenn alle Schritte erfolgreich abgeschlossen und fuer alle Schritte Screenshots hinterlegt sind.
- FAIL oder BLOCKED ebenfalls mit Screenshot(s), tatsaechlichem Ergebnis, Datum, Tester und Umgebung dokumentieren; bei FAIL einen Bug mit Reproduktionsschritten und Verweis auf diesen Test anlegen.
- Passwoerter, Tokens, Zahlungsdaten und sonstige Geheimnisse niemals im Klartext speichern; vor dem Anhang maskieren oder schwaerzen."
KAN-691,E4-07 Bestellstatus aktualisieren – Zahlung erfolgreich,"Abgedeckte Story: KAN-52 – E4-07 Bestellstatus aktualisieren
Testart: Zahlung erfolgreich
Priorität der Story: Highest

Ziel
Eine Zahlung bis zum bestätigten Auftrag durchführen

Vorbedingungen
- Die Anwendung ist erreichbar und die erforderlichen Testdaten sind vorbereitet.
- Der Test wird in einer isolierten Umgebung mit nachvollziehbaren Benutzerrollen ausgeführt.

Schritte
1. Bestellung mit bekanntem Betrag vorbereiten.
2. Zahlung beim Provider autorisieren.
3. Capture/Callback abwarten.
4. Bestellung, Bestand und Kommunikation prüfen.

Erwartetes Ergebnis
Zahlbetrag, Zahlungsstatus, Bestellung und Bestand sind konsistent und genau einmal aktualisiert.

Responsive Viewports
- Desktop: 1440 x 900 CSS-Pixel.
- Full HD: 1920 x 1080 CSS-Pixel.
- WQHD: 2560 x 1440 CSS-Pixel.
- Ultrawide: 3440 x 1440 CSS-Pixel.
- 4K: 3840 x 2160 CSS-Pixel.
- Tablet: 768 x 1024 CSS-Pixel.
- Smartphone: 390 x 844 CSS-Pixel.
- Bei UI-Tests jeden definierten Viewport pruefen und je Viewport einen eigenen Screenshot am Testlauf hinterlegen.

Beleg und Nachbereitung
- Fuer jeden einzelnen Testschritt unmittelbar nach der Ausfuehrung einen Screenshot als Anhang am Testlauf hinterlegen.
- Der Screenshot muss die relevante Ausgangslage bzw. Eingabe und das sichtbare Ergebnis des jeweiligen Schrittes nachvollziehbar zeigen.
- Alle Schritte des Tests muessen einen eigenen Nachweis besitzen; bei Eingabeschritten sind Eingabe und anschliessende Reaktion zu dokumentieren.
- PASS nur vergeben, wenn alle Schritte erfolgreich abgeschlossen und fuer alle Schritte Screenshots hinterlegt sind.
- FAIL oder BLOCKED ebenfalls mit Screenshot(s), tatsaechlichem Ergebnis, Datum, Tester und Umgebung dokumentieren; bei FAIL einen Bug mit Reproduktionsschritten und Verweis auf diesen Test anlegen.
- Passwoerter, Tokens, Zahlungsdaten und sonstige Geheimnisse niemals im Klartext speichern; vor dem Anhang maskieren oder schwaerzen."
KAN-692,E4-07 Bestellstatus aktualisieren – Fehlzahlung und Abbruch,"Abgedeckte Story: KAN-52 – E4-07 Bestellstatus aktualisieren
Testart: Fehlzahlung und Abbruch
Priorität der Story: Highest

Ziel
Fehlgeschlagene Zahlung sicher behandeln

Vorbedingungen
- Die Anwendung ist erreichbar und die erforderlichen Testdaten sind vorbereitet.
- Der Test wird in einer isolierten Umgebung mit nachvollziehbaren Benutzerrollen ausgeführt.

Schritte
1. Provider-Fehler oder Abbruch simulieren.
2. Zurück zum Checkout navigieren.
3. Reservierung und Bestellstatus prüfen.
4. Erneuten Zahlungsversuch durchführen.

Erwartetes Ergebnis
Keine falsche Zahlung oder doppelte Reservierung entsteht; der Nutzer erhält eine verständliche nächste Aktion.

Responsive Viewports
- Desktop: 1440 x 900 CSS-Pixel.
- Full HD: 1920 x 1080 CSS-Pixel.
- WQHD: 2560 x 1440 CSS-Pixel.
- Ultrawide: 3440 x 1440 CSS-Pixel.
- 4K: 3840 x 2160 CSS-Pixel.
- Tablet: 768 x 1024 CSS-Pixel.
- Smartphone: 390 x 844 CSS-Pixel.
- Bei UI-Tests jeden definierten Viewport pruefen und je Viewport einen eigenen Screenshot am Testlauf hinterlegen.

Beleg und Nachbereitung
- Fuer jeden einzelnen Testschritt unmittelbar nach der Ausfuehrung einen Screenshot als Anhang am Testlauf hinterlegen.
- Der Screenshot muss die relevante Ausgangslage bzw. Eingabe und das sichtbare Ergebnis des jeweiligen Schrittes nachvollziehbar zeigen.
- Alle Schritte des Tests muessen einen eigenen Nachweis besitzen; bei Eingabeschritten sind Eingabe und anschliessende Reaktion zu dokumentieren.
- PASS nur vergeben, wenn alle Schritte erfolgreich abgeschlossen und fuer alle Schritte Screenshots hinterlegt sind.
- FAIL oder BLOCKED ebenfalls mit Screenshot(s), tatsaechlichem Ergebnis, Datum, Tester und Umgebung dokumentieren; bei FAIL einen Bug mit Reproduktionsschritten und Verweis auf diesen Test anlegen.
- Passwoerter, Tokens, Zahlungsdaten und sonstige Geheimnisse niemals im Klartext speichern; vor dem Anhang maskieren oder schwaerzen."
KAN-693,E4-07 Bestellstatus aktualisieren – Idempotenz und Adminbetrieb,"Abgedeckte Story: KAN-52 – E4-07 Bestellstatus aktualisieren
Testart: Idempotenz und Adminbetrieb
Priorität der Story: Highest

Ziel
Doppelte Ereignisse und Folgeaktionen prüfen

Vorbedingungen
- Die Anwendung ist erreichbar und die erforderlichen Testdaten sind vorbereitet.
- Der Test wird in einer isolierten Umgebung mit nachvollziehbaren Benutzerrollen ausgeführt.

Schritte
1. Dasselbe Zahlungsereignis zweimal zustellen.
2. Bestellung administrativ öffnen.
3. Versand, Storno oder Erstattung nach erlaubtem Status ausführen.
4. Audit und Logs prüfen.

Erwartetes Ergebnis
Doppelte Ereignisse haben keine Nebenwirkung; nur erlaubte Folgeaktionen werden ausgeführt und protokolliert.

Responsive Viewports
- Desktop: 1440 x 900 CSS-Pixel.
- Full HD: 1920 x 1080 CSS-Pixel.
- WQHD: 2560 x 1440 CSS-Pixel.
- Ultrawide: 3440 x 1440 CSS-Pixel.
- 4K: 3840 x 2160 CSS-Pixel.
- Tablet: 768 x 1024 CSS-Pixel.
- Smartphone: 390 x 844 CSS-Pixel.
- Bei UI-Tests jeden definierten Viewport pruefen und je Viewport einen eigenen Screenshot am Testlauf hinterlegen.

Beleg und Nachbereitung
- Fuer jeden einzelnen Testschritt unmittelbar nach der Ausfuehrung einen Screenshot als Anhang am Testlauf hinterlegen.
- Der Screenshot muss die relevante Ausgangslage bzw. Eingabe und das sichtbare Ergebnis des jeweiligen Schrittes nachvollziehbar zeigen.
- Alle Schritte des Tests muessen einen eigenen Nachweis besitzen; bei Eingabeschritten sind Eingabe und anschliessende Reaktion zu dokumentieren.
- PASS nur vergeben, wenn alle Schritte erfolgreich abgeschlossen und fuer alle Schritte Screenshots hinterlegt sind.
- FAIL oder BLOCKED ebenfalls mit Screenshot(s), tatsaechlichem Ergebnis, Datum, Tester und Umgebung dokumentieren; bei FAIL einen Bug mit Reproduktionsschritten und Verweis auf diesen Test anlegen.
- Passwoerter, Tokens, Zahlungsdaten und sonstige Geheimnisse niemals im Klartext speichern; vor dem Anhang maskieren oder schwaerzen."
KAN-694,E4-08 Doppelte Zahlungsbestätigungen verhindern – Zahlung erfolgreich,"Abgedeckte Story: KAN-53 – E4-08 Doppelte Zahlungsbestätigungen verhindern
Testart: Zahlung erfolgreich
Priorität der Story: Highest

Ziel
Eine Zahlung bis zum bestätigten Auftrag durchführen

Vorbedingungen
- Die Anwendung ist erreichbar und die erforderlichen Testdaten sind vorbereitet.
- Der Test wird in einer isolierten Umgebung mit nachvollziehbaren Benutzerrollen ausgeführt.

Schritte
1. Bestellung mit bekanntem Betrag vorbereiten.
2. Zahlung beim Provider autorisieren.
3. Capture/Callback abwarten.
4. Bestellung, Bestand und Kommunikation prüfen.

Erwartetes Ergebnis
Zahlbetrag, Zahlungsstatus, Bestellung und Bestand sind konsistent und genau einmal aktualisiert.

Responsive Viewports
- Desktop: 1440 x 900 CSS-Pixel.
- Full HD: 1920 x 1080 CSS-Pixel.
- WQHD: 2560 x 1440 CSS-Pixel.
- Ultrawide: 3440 x 1440 CSS-Pixel.
- 4K: 3840 x 2160 CSS-Pixel.
- Tablet: 768 x 1024 CSS-Pixel.
- Smartphone: 390 x 844 CSS-Pixel.
- Bei UI-Tests jeden definierten Viewport pruefen und je Viewport einen eigenen Screenshot am Testlauf hinterlegen.

Beleg und Nachbereitung
- Fuer jeden einzelnen Testschritt unmittelbar nach der Ausfuehrung einen Screenshot als Anhang am Testlauf hinterlegen.
- Der Screenshot muss die relevante Ausgangslage bzw. Eingabe und das sichtbare Ergebnis des jeweiligen Schrittes nachvollziehbar zeigen.
- Alle Schritte des Tests muessen einen eigenen Nachweis besitzen; bei Eingabeschritten sind Eingabe und anschliessende Reaktion zu dokumentieren.
- PASS nur vergeben, wenn alle Schritte erfolgreich abgeschlossen und fuer alle Schritte Screenshots hinterlegt sind.
- FAIL oder BLOCKED ebenfalls mit Screenshot(s), tatsaechlichem Ergebnis, Datum, Tester und Umgebung dokumentieren; bei FAIL einen Bug mit Reproduktionsschritten und Verweis auf diesen Test anlegen.
- Passwoerter, Tokens, Zahlungsdaten und sonstige Geheimnisse niemals im Klartext speichern; vor dem Anhang maskieren oder schwaerzen."
KAN-695,E4-08 Doppelte Zahlungsbestätigungen verhindern – Fehlzahlung und Abbruch,"Abgedeckte Story: KAN-53 – E4-08 Doppelte Zahlungsbestätigungen verhindern
Testart: Fehlzahlung und Abbruch
Priorität der Story: Highest

Ziel
Fehlgeschlagene Zahlung sicher behandeln

Vorbedingungen
- Die Anwendung ist erreichbar und die erforderlichen Testdaten sind vorbereitet.
- Der Test wird in einer isolierten Umgebung mit nachvollziehbaren Benutzerrollen ausgeführt.

Schritte
1. Provider-Fehler oder Abbruch simulieren.
2. Zurück zum Checkout navigieren.
3. Reservierung und Bestellstatus prüfen.
4. Erneuten Zahlungsversuch durchführen.

Erwartetes Ergebnis
Keine falsche Zahlung oder doppelte Reservierung entsteht; der Nutzer erhält eine verständliche nächste Aktion.

Responsive Viewports
- Desktop: 1440 x 900 CSS-Pixel.
- Full HD: 1920 x 1080 CSS-Pixel.
- WQHD: 2560 x 1440 CSS-Pixel.
- Ultrawide: 3440 x 1440 CSS-Pixel.
- 4K: 3840 x 2160 CSS-Pixel.
- Tablet: 768 x 1024 CSS-Pixel.
- Smartphone: 390 x 844 CSS-Pixel.
- Bei UI-Tests jeden definierten Viewport pruefen und je Viewport einen eigenen Screenshot am Testlauf hinterlegen.

Beleg und Nachbereitung
- Fuer jeden einzelnen Testschritt unmittelbar nach der Ausfuehrung einen Screenshot als Anhang am Testlauf hinterlegen.
- Der Screenshot muss die relevante Ausgangslage bzw. Eingabe und das sichtbare Ergebnis des jeweiligen Schrittes nachvollziehbar zeigen.
- Alle Schritte des Tests muessen einen eigenen Nachweis besitzen; bei Eingabeschritten sind Eingabe und anschliessende Reaktion zu dokumentieren.
- PASS nur vergeben, wenn alle Schritte erfolgreich abgeschlossen und fuer alle Schritte Screenshots hinterlegt sind.
- FAIL oder BLOCKED ebenfalls mit Screenshot(s), tatsaechlichem Ergebnis, Datum, Tester und Umgebung dokumentieren; bei FAIL einen Bug mit Reproduktionsschritten und Verweis auf diesen Test anlegen.
- Passwoerter, Tokens, Zahlungsdaten und sonstige Geheimnisse niemals im Klartext speichern; vor dem Anhang maskieren oder schwaerzen."
KAN-696,E4-08 Doppelte Zahlungsbestätigungen verhindern – Idempotenz und Adminbetrieb,"Abgedeckte Story: KAN-53 – E4-08 Doppelte Zahlungsbestätigungen verhindern
Testart: Idempotenz und Adminbetrieb
Priorität der Story: Highest

Ziel
Doppelte Ereignisse und Folgeaktionen prüfen

Vorbedingungen
- Die Anwendung ist erreichbar und die erforderlichen Testdaten sind vorbereitet.
- Der Test wird in einer isolierten Umgebung mit nachvollziehbaren Benutzerrollen ausgeführt.

Schritte
1. Dasselbe Zahlungsereignis zweimal zustellen.
2. Bestellung administrativ öffnen.
3. Versand, Storno oder Erstattung nach erlaubtem Status ausführen.
4. Audit und Logs prüfen.

Erwartetes Ergebnis
Doppelte Ereignisse haben keine Nebenwirkung; nur erlaubte Folgeaktionen werden ausgeführt und protokolliert.

Responsive Viewports
- Desktop: 1440 x 900 CSS-Pixel.
- Full HD: 1920 x 1080 CSS-Pixel.
- WQHD: 2560 x 1440 CSS-Pixel.
- Ultrawide: 3440 x 1440 CSS-Pixel.
- 4K: 3840 x 2160 CSS-Pixel.
- Tablet: 768 x 1024 CSS-Pixel.
- Smartphone: 390 x 844 CSS-Pixel.
- Bei UI-Tests jeden definierten Viewport pruefen und je Viewport einen eigenen Screenshot am Testlauf hinterlegen.

Beleg und Nachbereitung
- Fuer jeden einzelnen Testschritt unmittelbar nach der Ausfuehrung einen Screenshot als Anhang am Testlauf hinterlegen.
- Der Screenshot muss die relevante Ausgangslage bzw. Eingabe und das sichtbare Ergebnis des jeweiligen Schrittes nachvollziehbar zeigen.
- Alle Schritte des Tests muessen einen eigenen Nachweis besitzen; bei Eingabeschritten sind Eingabe und anschliessende Reaktion zu dokumentieren.
- PASS nur vergeben, wenn alle Schritte erfolgreich abgeschlossen und fuer alle Schritte Screenshots hinterlegt sind.
- FAIL oder BLOCKED ebenfalls mit Screenshot(s), tatsaechlichem Ergebnis, Datum, Tester und Umgebung dokumentieren; bei FAIL einen Bug mit Reproduktionsschritten und Verweis auf diesen Test anlegen.
- Passwoerter, Tokens, Zahlungsdaten und sonstige Geheimnisse niemals im Klartext speichern; vor dem Anhang maskieren oder schwaerzen."
KAN-697,E4-09 Bestellungen administrieren – Zahlung erfolgreich,"Abgedeckte Story: KAN-54 – E4-09 Bestellungen administrieren
Testart: Zahlung erfolgreich
Priorität der Story: Highest

Ziel
Eine Zahlung bis zum bestätigten Auftrag durchführen

Vorbedingungen
- Die Anwendung ist erreichbar und die erforderlichen Testdaten sind vorbereitet.
- Der Test wird in einer isolierten Umgebung mit nachvollziehbaren Benutzerrollen ausgeführt.

Schritte
1. Bestellung mit bekanntem Betrag vorbereiten.
2. Zahlung beim Provider autorisieren.
3. Capture/Callback abwarten.
4. Bestellung, Bestand und Kommunikation prüfen.

Erwartetes Ergebnis
Zahlbetrag, Zahlungsstatus, Bestellung und Bestand sind konsistent und genau einmal aktualisiert.

Responsive Viewports
- Desktop: 1440 x 900 CSS-Pixel.
- Full HD: 1920 x 1080 CSS-Pixel.
- WQHD: 2560 x 1440 CSS-Pixel.
- Ultrawide: 3440 x 1440 CSS-Pixel.
- 4K: 3840 x 2160 CSS-Pixel.
- Tablet: 768 x 1024 CSS-Pixel.
- Smartphone: 390 x 844 CSS-Pixel.
- Bei UI-Tests jeden definierten Viewport pruefen und je Viewport einen eigenen Screenshot am Testlauf hinterlegen.

Beleg und Nachbereitung
- Fuer jeden einzelnen Testschritt unmittelbar nach der Ausfuehrung einen Screenshot als Anhang am Testlauf hinterlegen.
- Der Screenshot muss die relevante Ausgangslage bzw. Eingabe und das sichtbare Ergebnis des jeweiligen Schrittes nachvollziehbar zeigen.
- Alle Schritte des Tests muessen einen eigenen Nachweis besitzen; bei Eingabeschritten sind Eingabe und anschliessende Reaktion zu dokumentieren.
- PASS nur vergeben, wenn alle Schritte erfolgreich abgeschlossen und fuer alle Schritte Screenshots hinterlegt sind.
- FAIL oder BLOCKED ebenfalls mit Screenshot(s), tatsaechlichem Ergebnis, Datum, Tester und Umgebung dokumentieren; bei FAIL einen Bug mit Reproduktionsschritten und Verweis auf diesen Test anlegen.
- Passwoerter, Tokens, Zahlungsdaten und sonstige Geheimnisse niemals im Klartext speichern; vor dem Anhang maskieren oder schwaerzen."
KAN-698,E4-09 Bestellungen administrieren – Fehlzahlung und Abbruch,"Abgedeckte Story: KAN-54 – E4-09 Bestellungen administrieren
Testart: Fehlzahlung und Abbruch
Priorität der Story: Highest

Ziel
Fehlgeschlagene Zahlung sicher behandeln

Vorbedingungen
- Die Anwendung ist erreichbar und die erforderlichen Testdaten sind vorbereitet.
- Der Test wird in einer isolierten Umgebung mit nachvollziehbaren Benutzerrollen ausgeführt.

Schritte
1. Provider-Fehler oder Abbruch simulieren.
2. Zurück zum Checkout navigieren.
3. Reservierung und Bestellstatus prüfen.
4. Erneuten Zahlungsversuch durchführen.

Erwartetes Ergebnis
Keine falsche Zahlung oder doppelte Reservierung entsteht; der Nutzer erhält eine verständliche nächste Aktion.

Responsive Viewports
- Desktop: 1440 x 900 CSS-Pixel.
- Full HD: 1920 x 1080 CSS-Pixel.
- WQHD: 2560 x 1440 CSS-Pixel.
- Ultrawide: 3440 x 1440 CSS-Pixel.
- 4K: 3840 x 2160 CSS-Pixel.
- Tablet: 768 x 1024 CSS-Pixel.
- Smartphone: 390 x 844 CSS-Pixel.
- Bei UI-Tests jeden definierten Viewport pruefen und je Viewport einen eigenen Screenshot am Testlauf hinterlegen.

Beleg und Nachbereitung
- Fuer jeden einzelnen Testschritt unmittelbar nach der Ausfuehrung einen Screenshot als Anhang am Testlauf hinterlegen.
- Der Screenshot muss die relevante Ausgangslage bzw. Eingabe und das sichtbare Ergebnis des jeweiligen Schrittes nachvollziehbar zeigen.
- Alle Schritte des Tests muessen einen eigenen Nachweis besitzen; bei Eingabeschritten sind Eingabe und anschliessende Reaktion zu dokumentieren.
- PASS nur vergeben, wenn alle Schritte erfolgreich abgeschlossen und fuer alle Schritte Screenshots hinterlegt sind.
- FAIL oder BLOCKED ebenfalls mit Screenshot(s), tatsaechlichem Ergebnis, Datum, Tester und Umgebung dokumentieren; bei FAIL einen Bug mit Reproduktionsschritten und Verweis auf diesen Test anlegen.
- Passwoerter, Tokens, Zahlungsdaten und sonstige Geheimnisse niemals im Klartext speichern; vor dem Anhang maskieren oder schwaerzen."
KAN-699,E4-09 Bestellungen administrieren – Idempotenz und Adminbetrieb,"Abgedeckte Story: KAN-54 – E4-09 Bestellungen administrieren
Testart: Idempotenz und Adminbetrieb
Priorität der Story: Highest

Ziel
Doppelte Ereignisse und Folgeaktionen prüfen

Vorbedingungen
- Die Anwendung ist erreichbar und die erforderlichen Testdaten sind vorbereitet.
- Der Test wird in einer isolierten Umgebung mit nachvollziehbaren Benutzerrollen ausgeführt.

Schritte
1. Dasselbe Zahlungsereignis zweimal zustellen.
2. Bestellung administrativ öffnen.
3. Versand, Storno oder Erstattung nach erlaubtem Status ausführen.
4. Audit und Logs prüfen.

Erwartetes Ergebnis
Doppelte Ereignisse haben keine Nebenwirkung; nur erlaubte Folgeaktionen werden ausgeführt und protokolliert.

Responsive Viewports
- Desktop: 1440 x 900 CSS-Pixel.
- Full HD: 1920 x 1080 CSS-Pixel.
- WQHD: 2560 x 1440 CSS-Pixel.
- Ultrawide: 3440 x 1440 CSS-Pixel.
- 4K: 3840 x 2160 CSS-Pixel.
- Tablet: 768 x 1024 CSS-Pixel.
- Smartphone: 390 x 844 CSS-Pixel.
- Bei UI-Tests jeden definierten Viewport pruefen und je Viewport einen eigenen Screenshot am Testlauf hinterlegen.

Beleg und Nachbereitung
- Fuer jeden einzelnen Testschritt unmittelbar nach der Ausfuehrung einen Screenshot als Anhang am Testlauf hinterlegen.
- Der Screenshot muss die relevante Ausgangslage bzw. Eingabe und das sichtbare Ergebnis des jeweiligen Schrittes nachvollziehbar zeigen.
- Alle Schritte des Tests muessen einen eigenen Nachweis besitzen; bei Eingabeschritten sind Eingabe und anschliessende Reaktion zu dokumentieren.
- PASS nur vergeben, wenn alle Schritte erfolgreich abgeschlossen und fuer alle Schritte Screenshots hinterlegt sind.
- FAIL oder BLOCKED ebenfalls mit Screenshot(s), tatsaechlichem Ergebnis, Datum, Tester und Umgebung dokumentieren; bei FAIL einen Bug mit Reproduktionsschritten und Verweis auf diesen Test anlegen.
- Passwoerter, Tokens, Zahlungsdaten und sonstige Geheimnisse niemals im Klartext speichern; vor dem Anhang maskieren oder schwaerzen."
KAN-700,E4-10 Bestellung für Versand vorbereiten – Zahlung erfolgreich,"Abgedeckte Story: KAN-55 – E4-10 Bestellung für Versand vorbereiten
Testart: Zahlung erfolgreich
Priorität der Story: Highest

Ziel
Eine Zahlung bis zum bestätigten Auftrag durchführen

Vorbedingungen
- Die Anwendung ist erreichbar und die erforderlichen Testdaten sind vorbereitet.
- Der Test wird in einer isolierten Umgebung mit nachvollziehbaren Benutzerrollen ausgeführt.

Schritte
1. Bestellung mit bekanntem Betrag vorbereiten.
2. Zahlung beim Provider autorisieren.
3. Capture/Callback abwarten.
4. Bestellung, Bestand und Kommunikation prüfen.

Erwartetes Ergebnis
Zahlbetrag, Zahlungsstatus, Bestellung und Bestand sind konsistent und genau einmal aktualisiert.

Responsive Viewports
- Desktop: 1440 x 900 CSS-Pixel.
- Full HD: 1920 x 1080 CSS-Pixel.
- WQHD: 2560 x 1440 CSS-Pixel.
- Ultrawide: 3440 x 1440 CSS-Pixel.
- 4K: 3840 x 2160 CSS-Pixel.
- Tablet: 768 x 1024 CSS-Pixel.
- Smartphone: 390 x 844 CSS-Pixel.
- Bei UI-Tests jeden definierten Viewport pruefen und je Viewport einen eigenen Screenshot am Testlauf hinterlegen.

Beleg und Nachbereitung
- Fuer jeden einzelnen Testschritt unmittelbar nach der Ausfuehrung einen Screenshot als Anhang am Testlauf hinterlegen.
- Der Screenshot muss die relevante Ausgangslage bzw. Eingabe und das sichtbare Ergebnis des jeweiligen Schrittes nachvollziehbar zeigen.
- Alle Schritte des Tests muessen einen eigenen Nachweis besitzen; bei Eingabeschritten sind Eingabe und anschliessende Reaktion zu dokumentieren.
- PASS nur vergeben, wenn alle Schritte erfolgreich abgeschlossen und fuer alle Schritte Screenshots hinterlegt sind.
- FAIL oder BLOCKED ebenfalls mit Screenshot(s), tatsaechlichem Ergebnis, Datum, Tester und Umgebung dokumentieren; bei FAIL einen Bug mit Reproduktionsschritten und Verweis auf diesen Test anlegen.
- Passwoerter, Tokens, Zahlungsdaten und sonstige Geheimnisse niemals im Klartext speichern; vor dem Anhang maskieren oder schwaerzen."
KAN-701,E4-10 Bestellung für Versand vorbereiten – Fehlzahlung und Abbruch,"Abgedeckte Story: KAN-55 – E4-10 Bestellung für Versand vorbereiten
Testart: Fehlzahlung und Abbruch
Priorität der Story: Highest

Ziel
Fehlgeschlagene Zahlung sicher behandeln

Vorbedingungen
- Die Anwendung ist erreichbar und die erforderlichen Testdaten sind vorbereitet.
- Der Test wird in einer isolierten Umgebung mit nachvollziehbaren Benutzerrollen ausgeführt.

Schritte
1. Provider-Fehler oder Abbruch simulieren.
2. Zurück zum Checkout navigieren.
3. Reservierung und Bestellstatus prüfen.
4. Erneuten Zahlungsversuch durchführen.

Erwartetes Ergebnis
Keine falsche Zahlung oder doppelte Reservierung entsteht; der Nutzer erhält eine verständliche nächste Aktion.

Responsive Viewports
- Desktop: 1440 x 900 CSS-Pixel.
- Full HD: 1920 x 1080 CSS-Pixel.
- WQHD: 2560 x 1440 CSS-Pixel.
- Ultrawide: 3440 x 1440 CSS-Pixel.
- 4K: 3840 x 2160 CSS-Pixel.
- Tablet: 768 x 1024 CSS-Pixel.
- Smartphone: 390 x 844 CSS-Pixel.
- Bei UI-Tests jeden definierten Viewport pruefen und je Viewport einen eigenen Screenshot am Testlauf hinterlegen.

Beleg und Nachbereitung
- Fuer jeden einzelnen Testschritt unmittelbar nach der Ausfuehrung einen Screenshot als Anhang am Testlauf hinterlegen.
- Der Screenshot muss die relevante Ausgangslage bzw. Eingabe und das sichtbare Ergebnis des jeweiligen Schrittes nachvollziehbar zeigen.
- Alle Schritte des Tests muessen einen eigenen Nachweis besitzen; bei Eingabeschritten sind Eingabe und anschliessende Reaktion zu dokumentieren.
- PASS nur vergeben, wenn alle Schritte erfolgreich abgeschlossen und fuer alle Schritte Screenshots hinterlegt sind.
- FAIL oder BLOCKED ebenfalls mit Screenshot(s), tatsaechlichem Ergebnis, Datum, Tester und Umgebung dokumentieren; bei FAIL einen Bug mit Reproduktionsschritten und Verweis auf diesen Test anlegen.
- Passwoerter, Tokens, Zahlungsdaten und sonstige Geheimnisse niemals im Klartext speichern; vor dem Anhang maskieren oder schwaerzen."
KAN-702,E4-10 Bestellung für Versand vorbereiten – Idempotenz und Adminbetrieb,"Abgedeckte Story: KAN-55 – E4-10 Bestellung für Versand vorbereiten
Testart: Idempotenz und Adminbetrieb
Priorität der Story: Highest

Ziel
Doppelte Ereignisse und Folgeaktionen prüfen

Vorbedingungen
- Die Anwendung ist erreichbar und die erforderlichen Testdaten sind vorbereitet.
- Der Test wird in einer isolierten Umgebung mit nachvollziehbaren Benutzerrollen ausgeführt.

Schritte
1. Dasselbe Zahlungsereignis zweimal zustellen.
2. Bestellung administrativ öffnen.
3. Versand, Storno oder Erstattung nach erlaubtem Status ausführen.
4. Audit und Logs prüfen.

Erwartetes Ergebnis
Doppelte Ereignisse haben keine Nebenwirkung; nur erlaubte Folgeaktionen werden ausgeführt und protokolliert.

Responsive Viewports
- Desktop: 1440 x 900 CSS-Pixel.
- Full HD: 1920 x 1080 CSS-Pixel.
- WQHD: 2560 x 1440 CSS-Pixel.
- Ultrawide: 3440 x 1440 CSS-Pixel.
- 4K: 3840 x 2160 CSS-Pixel.
- Tablet: 768 x 1024 CSS-Pixel.
- Smartphone: 390 x 844 CSS-Pixel.
- Bei UI-Tests jeden definierten Viewport pruefen und je Viewport einen eigenen Screenshot am Testlauf hinterlegen.

Beleg und Nachbereitung
- Fuer jeden einzelnen Testschritt unmittelbar nach der Ausfuehrung einen Screenshot als Anhang am Testlauf hinterlegen.
- Der Screenshot muss die relevante Ausgangslage bzw. Eingabe und das sichtbare Ergebnis des jeweiligen Schrittes nachvollziehbar zeigen.
- Alle Schritte des Tests muessen einen eigenen Nachweis besitzen; bei Eingabeschritten sind Eingabe und anschliessende Reaktion zu dokumentieren.
- PASS nur vergeben, wenn alle Schritte erfolgreich abgeschlossen und fuer alle Schritte Screenshots hinterlegt sind.
- FAIL oder BLOCKED ebenfalls mit Screenshot(s), tatsaechlichem Ergebnis, Datum, Tester und Umgebung dokumentieren; bei FAIL einen Bug mit Reproduktionsschritten und Verweis auf diesen Test anlegen.
- Passwoerter, Tokens, Zahlungsdaten und sonstige Geheimnisse niemals im Klartext speichern; vor dem Anhang maskieren oder schwaerzen."
KAN-703,E4-11 Sendungsnummer anzeigen – Zahlung erfolgreich,"Abgedeckte Story: KAN-56 – E4-11 Sendungsnummer anzeigen
Testart: Zahlung erfolgreich
Priorität der Story: High

Ziel
Eine Zahlung bis zum bestätigten Auftrag durchführen

Vorbedingungen
- Die Anwendung ist erreichbar und die erforderlichen Testdaten sind vorbereitet.
- Der Test wird in einer isolierten Umgebung mit nachvollziehbaren Benutzerrollen ausgeführt.

Schritte
1. Bestellung mit bekanntem Betrag vorbereiten.
2. Zahlung beim Provider autorisieren.
3. Capture/Callback abwarten.
4. Bestellung, Bestand und Kommunikation prüfen.

Erwartetes Ergebnis
Zahlbetrag, Zahlungsstatus, Bestellung und Bestand sind konsistent und genau einmal aktualisiert.

Responsive Viewports
- Desktop: 1440 x 900 CSS-Pixel.
- Full HD: 1920 x 1080 CSS-Pixel.
- WQHD: 2560 x 1440 CSS-Pixel.
- Ultrawide: 3440 x 1440 CSS-Pixel.
- 4K: 3840 x 2160 CSS-Pixel.
- Tablet: 768 x 1024 CSS-Pixel.
- Smartphone: 390 x 844 CSS-Pixel.
- Bei UI-Tests jeden definierten Viewport pruefen und je Viewport einen eigenen Screenshot am Testlauf hinterlegen.

Beleg und Nachbereitung
- Fuer jeden einzelnen Testschritt unmittelbar nach der Ausfuehrung einen Screenshot als Anhang am Testlauf hinterlegen.
- Der Screenshot muss die relevante Ausgangslage bzw. Eingabe und das sichtbare Ergebnis des jeweiligen Schrittes nachvollziehbar zeigen.
- Alle Schritte des Tests muessen einen eigenen Nachweis besitzen; bei Eingabeschritten sind Eingabe und anschliessende Reaktion zu dokumentieren.
- PASS nur vergeben, wenn alle Schritte erfolgreich abgeschlossen und fuer alle Schritte Screenshots hinterlegt sind.
- FAIL oder BLOCKED ebenfalls mit Screenshot(s), tatsaechlichem Ergebnis, Datum, Tester und Umgebung dokumentieren; bei FAIL einen Bug mit Reproduktionsschritten und Verweis auf diesen Test anlegen.
- Passwoerter, Tokens, Zahlungsdaten und sonstige Geheimnisse niemals im Klartext speichern; vor dem Anhang maskieren oder schwaerzen."
KAN-704,E4-11 Sendungsnummer anzeigen – Fehlzahlung und Abbruch,"Abgedeckte Story: KAN-56 – E4-11 Sendungsnummer anzeigen
Testart: Fehlzahlung und Abbruch
Priorität der Story: High

Ziel
Fehlgeschlagene Zahlung sicher behandeln

Vorbedingungen
- Die Anwendung ist erreichbar und die erforderlichen Testdaten sind vorbereitet.
- Der Test wird in einer isolierten Umgebung mit nachvollziehbaren Benutzerrollen ausgeführt.

Schritte
1. Provider-Fehler oder Abbruch simulieren.
2. Zurück zum Checkout navigieren.
3. Reservierung und Bestellstatus prüfen.
4. Erneuten Zahlungsversuch durchführen.

Erwartetes Ergebnis
Keine falsche Zahlung oder doppelte Reservierung entsteht; der Nutzer erhält eine verständliche nächste Aktion.

Responsive Viewports
- Desktop: 1440 x 900 CSS-Pixel.
- Full HD: 1920 x 1080 CSS-Pixel.
- WQHD: 2560 x 1440 CSS-Pixel.
- Ultrawide: 3440 x 1440 CSS-Pixel.
- 4K: 3840 x 2160 CSS-Pixel.
- Tablet: 768 x 1024 CSS-Pixel.
- Smartphone: 390 x 844 CSS-Pixel.
- Bei UI-Tests jeden definierten Viewport pruefen und je Viewport einen eigenen Screenshot am Testlauf hinterlegen.

Beleg und Nachbereitung
- Fuer jeden einzelnen Testschritt unmittelbar nach der Ausfuehrung einen Screenshot als Anhang am Testlauf hinterlegen.
- Der Screenshot muss die relevante Ausgangslage bzw. Eingabe und das sichtbare Ergebnis des jeweiligen Schrittes nachvollziehbar zeigen.
- Alle Schritte des Tests muessen einen eigenen Nachweis besitzen; bei Eingabeschritten sind Eingabe und anschliessende Reaktion zu dokumentieren.
- PASS nur vergeben, wenn alle Schritte erfolgreich abgeschlossen und fuer alle Schritte Screenshots hinterlegt sind.
- FAIL oder BLOCKED ebenfalls mit Screenshot(s), tatsaechlichem Ergebnis, Datum, Tester und Umgebung dokumentieren; bei FAIL einen Bug mit Reproduktionsschritten und Verweis auf diesen Test anlegen.
- Passwoerter, Tokens, Zahlungsdaten und sonstige Geheimnisse niemals im Klartext speichern; vor dem Anhang maskieren oder schwaerzen."
KAN-705,E4-11 Sendungsnummer anzeigen – Idempotenz und Adminbetrieb,"Abgedeckte Story: KAN-56 – E4-11 Sendungsnummer anzeigen
Testart: Idempotenz und Adminbetrieb
Priorität der Story: High

Ziel
Doppelte Ereignisse und Folgeaktionen prüfen

Vorbedingungen
- Die Anwendung ist erreichbar und die erforderlichen Testdaten sind vorbereitet.
- Der Test wird in einer isolierten Umgebung mit nachvollziehbaren Benutzerrollen ausgeführt.

Schritte
1. Dasselbe Zahlungsereignis zweimal zustellen.
2. Bestellung administrativ öffnen.
3. Versand, Storno oder Erstattung nach erlaubtem Status ausführen.
4. Audit und Logs prüfen.

Erwartetes Ergebnis
Doppelte Ereignisse haben keine Nebenwirkung; nur erlaubte Folgeaktionen werden ausgeführt und protokolliert.

Responsive Viewports
- Desktop: 1440 x 900 CSS-Pixel.
- Full HD: 1920 x 1080 CSS-Pixel.
- WQHD: 2560 x 1440 CSS-Pixel.
- Ultrawide: 3440 x 1440 CSS-Pixel.
- 4K: 3840 x 2160 CSS-Pixel.
- Tablet: 768 x 1024 CSS-Pixel.
- Smartphone: 390 x 844 CSS-Pixel.
- Bei UI-Tests jeden definierten Viewport pruefen und je Viewport einen eigenen Screenshot am Testlauf hinterlegen.

Beleg und Nachbereitung
- Fuer jeden einzelnen Testschritt unmittelbar nach der Ausfuehrung einen Screenshot als Anhang am Testlauf hinterlegen.
- Der Screenshot muss die relevante Ausgangslage bzw. Eingabe und das sichtbare Ergebnis des jeweiligen Schrittes nachvollziehbar zeigen.
- Alle Schritte des Tests muessen einen eigenen Nachweis besitzen; bei Eingabeschritten sind Eingabe und anschliessende Reaktion zu dokumentieren.
- PASS nur vergeben, wenn alle Schritte erfolgreich abgeschlossen und fuer alle Schritte Screenshots hinterlegt sind.
- FAIL oder BLOCKED ebenfalls mit Screenshot(s), tatsaechlichem Ergebnis, Datum, Tester und Umgebung dokumentieren; bei FAIL einen Bug mit Reproduktionsschritten und Verweis auf diesen Test anlegen.
- Passwoerter, Tokens, Zahlungsdaten und sonstige Geheimnisse niemals im Klartext speichern; vor dem Anhang maskieren oder schwaerzen."
KAN-706,E4-12 Bestellung stornieren oder erstatten – Zahlung erfolgreich,"Abgedeckte Story: KAN-57 – E4-12 Bestellung stornieren oder erstatten
Testart: Zahlung erfolgreich
Priorität der Story: Medium

Ziel
Eine Zahlung bis zum bestätigten Auftrag durchführen

Vorbedingungen
- Die Anwendung ist erreichbar und die erforderlichen Testdaten sind vorbereitet.
- Der Test wird in einer isolierten Umgebung mit nachvollziehbaren Benutzerrollen ausgeführt.

Schritte
1. Bestellung mit bekanntem Betrag vorbereiten.
2. Zahlung beim Provider autorisieren.
3. Capture/Callback abwarten.
4. Bestellung, Bestand und Kommunikation prüfen.

Erwartetes Ergebnis
Zahlbetrag, Zahlungsstatus, Bestellung und Bestand sind konsistent und genau einmal aktualisiert.

Responsive Viewports
- Desktop: 1440 x 900 CSS-Pixel.
- Full HD: 1920 x 1080 CSS-Pixel.
- WQHD: 2560 x 1440 CSS-Pixel.
- Ultrawide: 3440 x 1440 CSS-Pixel.
- 4K: 3840 x 2160 CSS-Pixel.
- Tablet: 768 x 1024 CSS-Pixel.
- Smartphone: 390 x 844 CSS-Pixel.
- Bei UI-Tests jeden definierten Viewport pruefen und je Viewport einen eigenen Screenshot am Testlauf hinterlegen.

Beleg und Nachbereitung
- Fuer jeden einzelnen Testschritt unmittelbar nach der Ausfuehrung einen Screenshot als Anhang am Testlauf hinterlegen.
- Der Screenshot muss die relevante Ausgangslage bzw. Eingabe und das sichtbare Ergebnis des jeweiligen Schrittes nachvollziehbar zeigen.
- Alle Schritte des Tests muessen einen eigenen Nachweis besitzen; bei Eingabeschritten sind Eingabe und anschliessende Reaktion zu dokumentieren.
- PASS nur vergeben, wenn alle Schritte erfolgreich abgeschlossen und fuer alle Schritte Screenshots hinterlegt sind.
- FAIL oder BLOCKED ebenfalls mit Screenshot(s), tatsaechlichem Ergebnis, Datum, Tester und Umgebung dokumentieren; bei FAIL einen Bug mit Reproduktionsschritten und Verweis auf diesen Test anlegen.
- Passwoerter, Tokens, Zahlungsdaten und sonstige Geheimnisse niemals im Klartext speichern; vor dem Anhang maskieren oder schwaerzen."
KAN-707,E4-12 Bestellung stornieren oder erstatten – Fehlzahlung und Abbruch,"Abgedeckte Story: KAN-57 – E4-12 Bestellung stornieren oder erstatten
Testart: Fehlzahlung und Abbruch
Priorität der Story: Medium

Ziel
Fehlgeschlagene Zahlung sicher behandeln

Vorbedingungen
- Die Anwendung ist erreichbar und die erforderlichen Testdaten sind vorbereitet.
- Der Test wird in einer isolierten Umgebung mit nachvollziehbaren Benutzerrollen ausgeführt.

Schritte
1. Provider-Fehler oder Abbruch simulieren.
2. Zurück zum Checkout navigieren.
3. Reservierung und Bestellstatus prüfen.
4. Erneuten Zahlungsversuch durchführen.

Erwartetes Ergebnis
Keine falsche Zahlung oder doppelte Reservierung entsteht; der Nutzer erhält eine verständliche nächste Aktion.

Responsive Viewports
- Desktop: 1440 x 900 CSS-Pixel.
- Full HD: 1920 x 1080 CSS-Pixel.
- WQHD: 2560 x 1440 CSS-Pixel.
- Ultrawide: 3440 x 1440 CSS-Pixel.
- 4K: 3840 x 2160 CSS-Pixel.
- Tablet: 768 x 1024 CSS-Pixel.
- Smartphone: 390 x 844 CSS-Pixel.
- Bei UI-Tests jeden definierten Viewport pruefen und je Viewport einen eigenen Screenshot am Testlauf hinterlegen.

Beleg und Nachbereitung
- Fuer jeden einzelnen Testschritt unmittelbar nach der Ausfuehrung einen Screenshot als Anhang am Testlauf hinterlegen.
- Der Screenshot muss die relevante Ausgangslage bzw. Eingabe und das sichtbare Ergebnis des jeweiligen Schrittes nachvollziehbar zeigen.
- Alle Schritte des Tests muessen einen eigenen Nachweis besitzen; bei Eingabeschritten sind Eingabe und anschliessende Reaktion zu dokumentieren.
- PASS nur vergeben, wenn alle Schritte erfolgreich abgeschlossen und fuer alle Schritte Screenshots hinterlegt sind.
- FAIL oder BLOCKED ebenfalls mit Screenshot(s), tatsaechlichem Ergebnis, Datum, Tester und Umgebung dokumentieren; bei FAIL einen Bug mit Reproduktionsschritten und Verweis auf diesen Test anlegen.
- Passwoerter, Tokens, Zahlungsdaten und sonstige Geheimnisse niemals im Klartext speichern; vor dem Anhang maskieren oder schwaerzen."
KAN-708,E4-12 Bestellung stornieren oder erstatten – Idempotenz und Adminbetrieb,"Abgedeckte Story: KAN-57 – E4-12 Bestellung stornieren oder erstatten
Testart: Idempotenz und Adminbetrieb
Priorität der Story: Medium

Ziel
Doppelte Ereignisse und Folgeaktionen prüfen

Vorbedingungen
- Die Anwendung ist erreichbar und die erforderlichen Testdaten sind vorbereitet.
- Der Test wird in einer isolierten Umgebung mit nachvollziehbaren Benutzerrollen ausgeführt.

Schritte
1. Dasselbe Zahlungsereignis zweimal zustellen.
2. Bestellung administrativ öffnen.
3. Versand, Storno oder Erstattung nach erlaubtem Status ausführen.
4. Audit und Logs prüfen.

Erwartetes Ergebnis
Doppelte Ereignisse haben keine Nebenwirkung; nur erlaubte Folgeaktionen werden ausgeführt und protokolliert.

Responsive Viewports
- Desktop: 1440 x 900 CSS-Pixel.
- Full HD: 1920 x 1080 CSS-Pixel.
- WQHD: 2560 x 1440 CSS-Pixel.
- Ultrawide: 3440 x 1440 CSS-Pixel.
- 4K: 3840 x 2160 CSS-Pixel.
- Tablet: 768 x 1024 CSS-Pixel.
- Smartphone: 390 x 844 CSS-Pixel.
- Bei UI-Tests jeden definierten Viewport pruefen und je Viewport einen eigenen Screenshot am Testlauf hinterlegen.

Beleg und Nachbereitung
- Fuer jeden einzelnen Testschritt unmittelbar nach der Ausfuehrung einen Screenshot als Anhang am Testlauf hinterlegen.
- Der Screenshot muss die relevante Ausgangslage bzw. Eingabe und das sichtbare Ergebnis des jeweiligen Schrittes nachvollziehbar zeigen.
- Alle Schritte des Tests muessen einen eigenen Nachweis besitzen; bei Eingabeschritten sind Eingabe und anschliessende Reaktion zu dokumentieren.
- PASS nur vergeben, wenn alle Schritte erfolgreich abgeschlossen und fuer alle Schritte Screenshots hinterlegt sind.
- FAIL oder BLOCKED ebenfalls mit Screenshot(s), tatsaechlichem Ergebnis, Datum, Tester und Umgebung dokumentieren; bei FAIL einen Bug mit Reproduktionsschritten und Verweis auf diesen Test anlegen.
- Passwoerter, Tokens, Zahlungsdaten und sonstige Geheimnisse niemals im Klartext speichern; vor dem Anhang maskieren oder schwaerzen."
KAN-709,E5-01 Kundenkonto registrieren – Konto-Lebenszyklus,"Abgedeckte Story: KAN-58 – E5-01 Kundenkonto registrieren
Testart: Konto-Lebenszyklus
Priorität der Story: High

Ziel
Konto sicher registrieren und anmelden

Vorbedingungen
- Die Anwendung ist erreichbar und die erforderlichen Testdaten sind vorbereitet.
- Der Test wird in einer isolierten Umgebung mit nachvollziehbaren Benutzerrollen ausgeführt.

Schritte
1. Registrierung mit gültiger Adresse durchführen.
2. Bestätigung abschließen.
3. Anmelden, abmelden und erneut anmelden.
4. Passwortreset durchführen.

Erwartetes Ergebnis
Nur bestätigte und korrekte Zugangsdaten erlauben Zugriff; Tokens und Fehlermeldungen verhalten sich sicher.

Responsive Viewports
- Desktop: 1440 x 900 CSS-Pixel.
- Full HD: 1920 x 1080 CSS-Pixel.
- WQHD: 2560 x 1440 CSS-Pixel.
- Ultrawide: 3440 x 1440 CSS-Pixel.
- 4K: 3840 x 2160 CSS-Pixel.
- Tablet: 768 x 1024 CSS-Pixel.
- Smartphone: 390 x 844 CSS-Pixel.
- Bei UI-Tests jeden definierten Viewport pruefen und je Viewport einen eigenen Screenshot am Testlauf hinterlegen.

Beleg und Nachbereitung
- Fuer jeden einzelnen Testschritt unmittelbar nach der Ausfuehrung einen Screenshot als Anhang am Testlauf hinterlegen.
- Der Screenshot muss die relevante Ausgangslage bzw. Eingabe und das sichtbare Ergebnis des jeweiligen Schrittes nachvollziehbar zeigen.
- Alle Schritte des Tests muessen einen eigenen Nachweis besitzen; bei Eingabeschritten sind Eingabe und anschliessende Reaktion zu dokumentieren.
- PASS nur vergeben, wenn alle Schritte erfolgreich abgeschlossen und fuer alle Schritte Screenshots hinterlegt sind.
- FAIL oder BLOCKED ebenfalls mit Screenshot(s), tatsaechlichem Ergebnis, Datum, Tester und Umgebung dokumentieren; bei FAIL einen Bug mit Reproduktionsschritten und Verweis auf diesen Test anlegen.
- Passwoerter, Tokens, Zahlungsdaten und sonstige Geheimnisse niemals im Klartext speichern; vor dem Anhang maskieren oder schwaerzen."
KAN-710,E5-01 Kundenkonto registrieren – Eigene Daten und Historie,"Abgedeckte Story: KAN-58 – E5-01 Kundenkonto registrieren
Testart: Eigene Daten und Historie
Priorität der Story: High

Ziel
Konto- und Bestelldaten verwalten

Vorbedingungen
- Die Anwendung ist erreichbar und die erforderlichen Testdaten sind vorbereitet.
- Der Test wird in einer isolierten Umgebung mit nachvollziehbaren Benutzerrollen ausgeführt.

Schritte
1. Persönliche Daten und Adresse ändern.
2. Bestellung mit Konto durchführen.
3. Historie und Status öffnen.
4. Seite neu laden und erneut prüfen.

Erwartetes Ergebnis
Nur eigene Daten sind sichtbar; Änderungen und Bestellstatus bleiben konsistent.

Responsive Viewports
- Desktop: 1440 x 900 CSS-Pixel.
- Full HD: 1920 x 1080 CSS-Pixel.
- WQHD: 2560 x 1440 CSS-Pixel.
- Ultrawide: 3440 x 1440 CSS-Pixel.
- 4K: 3840 x 2160 CSS-Pixel.
- Tablet: 768 x 1024 CSS-Pixel.
- Smartphone: 390 x 844 CSS-Pixel.
- Bei UI-Tests jeden definierten Viewport pruefen und je Viewport einen eigenen Screenshot am Testlauf hinterlegen.

Beleg und Nachbereitung
- Fuer jeden einzelnen Testschritt unmittelbar nach der Ausfuehrung einen Screenshot als Anhang am Testlauf hinterlegen.
- Der Screenshot muss die relevante Ausgangslage bzw. Eingabe und das sichtbare Ergebnis des jeweiligen Schrittes nachvollziehbar zeigen.
- Alle Schritte des Tests muessen einen eigenen Nachweis besitzen; bei Eingabeschritten sind Eingabe und anschliessende Reaktion zu dokumentieren.
- PASS nur vergeben, wenn alle Schritte erfolgreich abgeschlossen und fuer alle Schritte Screenshots hinterlegt sind.
- FAIL oder BLOCKED ebenfalls mit Screenshot(s), tatsaechlichem Ergebnis, Datum, Tester und Umgebung dokumentieren; bei FAIL einen Bug mit Reproduktionsschritten und Verweis auf diesen Test anlegen.
- Passwoerter, Tokens, Zahlungsdaten und sonstige Geheimnisse niemals im Klartext speichern; vor dem Anhang maskieren oder schwaerzen."
KAN-711,E5-01 Kundenkonto registrieren – Datenschutz und Berechtigung,"Abgedeckte Story: KAN-58 – E5-01 Kundenkonto registrieren
Testart: Datenschutz und Berechtigung
Priorität der Story: High

Ziel
Kontogrenzen und Datenschutzaktionen prüfen

Vorbedingungen
- Die Anwendung ist erreichbar und die erforderlichen Testdaten sind vorbereitet.
- Der Test wird in einer isolierten Umgebung mit nachvollziehbaren Benutzerrollen ausgeführt.

Schritte
1. Fremde Konto-URL beziehungsweise API-ID verwenden.
2. Export oder Löschung anfordern.
3. Bestätigung beziehungsweise Re-Authentifizierung prüfen.
4. Folgezugriff und Audit kontrollieren.

Erwartetes Ergebnis
Fremdzugriff ist unmöglich; Datenschutzaktionen sind vollständig, bestätigt und nachvollziehbar.

Responsive Viewports
- Desktop: 1440 x 900 CSS-Pixel.
- Full HD: 1920 x 1080 CSS-Pixel.
- WQHD: 2560 x 1440 CSS-Pixel.
- Ultrawide: 3440 x 1440 CSS-Pixel.
- 4K: 3840 x 2160 CSS-Pixel.
- Tablet: 768 x 1024 CSS-Pixel.
- Smartphone: 390 x 844 CSS-Pixel.
- Bei UI-Tests jeden definierten Viewport pruefen und je Viewport einen eigenen Screenshot am Testlauf hinterlegen.

Beleg und Nachbereitung
- Fuer jeden einzelnen Testschritt unmittelbar nach der Ausfuehrung einen Screenshot als Anhang am Testlauf hinterlegen.
- Der Screenshot muss die relevante Ausgangslage bzw. Eingabe und das sichtbare Ergebnis des jeweiligen Schrittes nachvollziehbar zeigen.
- Alle Schritte des Tests muessen einen eigenen Nachweis besitzen; bei Eingabeschritten sind Eingabe und anschliessende Reaktion zu dokumentieren.
- PASS nur vergeben, wenn alle Schritte erfolgreich abgeschlossen und fuer alle Schritte Screenshots hinterlegt sind.
- FAIL oder BLOCKED ebenfalls mit Screenshot(s), tatsaechlichem Ergebnis, Datum, Tester und Umgebung dokumentieren; bei FAIL einen Bug mit Reproduktionsschritten und Verweis auf diesen Test anlegen.
- Passwoerter, Tokens, Zahlungsdaten und sonstige Geheimnisse niemals im Klartext speichern; vor dem Anhang maskieren oder schwaerzen."
KAN-712,E5-02 E-Mail-Adresse bestätigen – Konto-Lebenszyklus,"Abgedeckte Story: KAN-59 – E5-02 E-Mail-Adresse bestätigen
Testart: Konto-Lebenszyklus
Priorität der Story: High

Ziel
Konto sicher registrieren und anmelden

Vorbedingungen
- Die Anwendung ist erreichbar und die erforderlichen Testdaten sind vorbereitet.
- Der Test wird in einer isolierten Umgebung mit nachvollziehbaren Benutzerrollen ausgeführt.

Schritte
1. Registrierung mit gültiger Adresse durchführen.
2. Bestätigung abschließen.
3. Anmelden, abmelden und erneut anmelden.
4. Passwortreset durchführen.

Erwartetes Ergebnis
Nur bestätigte und korrekte Zugangsdaten erlauben Zugriff; Tokens und Fehlermeldungen verhalten sich sicher.

Responsive Viewports
- Desktop: 1440 x 900 CSS-Pixel.
- Full HD: 1920 x 1080 CSS-Pixel.
- WQHD: 2560 x 1440 CSS-Pixel.
- Ultrawide: 3440 x 1440 CSS-Pixel.
- 4K: 3840 x 2160 CSS-Pixel.
- Tablet: 768 x 1024 CSS-Pixel.
- Smartphone: 390 x 844 CSS-Pixel.
- Bei UI-Tests jeden definierten Viewport pruefen und je Viewport einen eigenen Screenshot am Testlauf hinterlegen.

Beleg und Nachbereitung
- Fuer jeden einzelnen Testschritt unmittelbar nach der Ausfuehrung einen Screenshot als Anhang am Testlauf hinterlegen.
- Der Screenshot muss die relevante Ausgangslage bzw. Eingabe und das sichtbare Ergebnis des jeweiligen Schrittes nachvollziehbar zeigen.
- Alle Schritte des Tests muessen einen eigenen Nachweis besitzen; bei Eingabeschritten sind Eingabe und anschliessende Reaktion zu dokumentieren.
- PASS nur vergeben, wenn alle Schritte erfolgreich abgeschlossen und fuer alle Schritte Screenshots hinterlegt sind.
- FAIL oder BLOCKED ebenfalls mit Screenshot(s), tatsaechlichem Ergebnis, Datum, Tester und Umgebung dokumentieren; bei FAIL einen Bug mit Reproduktionsschritten und Verweis auf diesen Test anlegen.
- Passwoerter, Tokens, Zahlungsdaten und sonstige Geheimnisse niemals im Klartext speichern; vor dem Anhang maskieren oder schwaerzen."
KAN-713,E5-02 E-Mail-Adresse bestätigen – Eigene Daten und Historie,"Abgedeckte Story: KAN-59 – E5-02 E-Mail-Adresse bestätigen
Testart: Eigene Daten und Historie
Priorität der Story: High

Ziel
Konto- und Bestelldaten verwalten

Vorbedingungen
- Die Anwendung ist erreichbar und die erforderlichen Testdaten sind vorbereitet.
- Der Test wird in einer isolierten Umgebung mit nachvollziehbaren Benutzerrollen ausgeführt.

Schritte
1. Persönliche Daten und Adresse ändern.
2. Bestellung mit Konto durchführen.
3. Historie und Status öffnen.
4. Seite neu laden und erneut prüfen.

Erwartetes Ergebnis
Nur eigene Daten sind sichtbar; Änderungen und Bestellstatus bleiben konsistent.

Responsive Viewports
- Desktop: 1440 x 900 CSS-Pixel.
- Full HD: 1920 x 1080 CSS-Pixel.
- WQHD: 2560 x 1440 CSS-Pixel.
- Ultrawide: 3440 x 1440 CSS-Pixel.
- 4K: 3840 x 2160 CSS-Pixel.
- Tablet: 768 x 1024 CSS-Pixel.
- Smartphone: 390 x 844 CSS-Pixel.
- Bei UI-Tests jeden definierten Viewport pruefen und je Viewport einen eigenen Screenshot am Testlauf hinterlegen.

Beleg und Nachbereitung
- Fuer jeden einzelnen Testschritt unmittelbar nach der Ausfuehrung einen Screenshot als Anhang am Testlauf hinterlegen.
- Der Screenshot muss die relevante Ausgangslage bzw. Eingabe und das sichtbare Ergebnis des jeweiligen Schrittes nachvollziehbar zeigen.
- Alle Schritte des Tests muessen einen eigenen Nachweis besitzen; bei Eingabeschritten sind Eingabe und anschliessende Reaktion zu dokumentieren.
- PASS nur vergeben, wenn alle Schritte erfolgreich abgeschlossen und fuer alle Schritte Screenshots hinterlegt sind.
- FAIL oder BLOCKED ebenfalls mit Screenshot(s), tatsaechlichem Ergebnis, Datum, Tester und Umgebung dokumentieren; bei FAIL einen Bug mit Reproduktionsschritten und Verweis auf diesen Test anlegen.
- Passwoerter, Tokens, Zahlungsdaten und sonstige Geheimnisse niemals im Klartext speichern; vor dem Anhang maskieren oder schwaerzen."
KAN-714,E5-02 E-Mail-Adresse bestätigen – Datenschutz und Berechtigung,"Abgedeckte Story: KAN-59 – E5-02 E-Mail-Adresse bestätigen
Testart: Datenschutz und Berechtigung
Priorität der Story: High

Ziel
Kontogrenzen und Datenschutzaktionen prüfen

Vorbedingungen
- Die Anwendung ist erreichbar und die erforderlichen Testdaten sind vorbereitet.
- Der Test wird in einer isolierten Umgebung mit nachvollziehbaren Benutzerrollen ausgeführt.

Schritte
1. Fremde Konto-URL beziehungsweise API-ID verwenden.
2. Export oder Löschung anfordern.
3. Bestätigung beziehungsweise Re-Authentifizierung prüfen.
4. Folgezugriff und Audit kontrollieren.

Erwartetes Ergebnis
Fremdzugriff ist unmöglich; Datenschutzaktionen sind vollständig, bestätigt und nachvollziehbar.

Responsive Viewports
- Desktop: 1440 x 900 CSS-Pixel.
- Full HD: 1920 x 1080 CSS-Pixel.
- WQHD: 2560 x 1440 CSS-Pixel.
- Ultrawide: 3440 x 1440 CSS-Pixel.
- 4K: 3840 x 2160 CSS-Pixel.
- Tablet: 768 x 1024 CSS-Pixel.
- Smartphone: 390 x 844 CSS-Pixel.
- Bei UI-Tests jeden definierten Viewport pruefen und je Viewport einen eigenen Screenshot am Testlauf hinterlegen.

Beleg und Nachbereitung
- Fuer jeden einzelnen Testschritt unmittelbar nach der Ausfuehrung einen Screenshot als Anhang am Testlauf hinterlegen.
- Der Screenshot muss die relevante Ausgangslage bzw. Eingabe und das sichtbare Ergebnis des jeweiligen Schrittes nachvollziehbar zeigen.
- Alle Schritte des Tests muessen einen eigenen Nachweis besitzen; bei Eingabeschritten sind Eingabe und anschliessende Reaktion zu dokumentieren.
- PASS nur vergeben, wenn alle Schritte erfolgreich abgeschlossen und fuer alle Schritte Screenshots hinterlegt sind.
- FAIL oder BLOCKED ebenfalls mit Screenshot(s), tatsaechlichem Ergebnis, Datum, Tester und Umgebung dokumentieren; bei FAIL einen Bug mit Reproduktionsschritten und Verweis auf diesen Test anlegen.
- Passwoerter, Tokens, Zahlungsdaten und sonstige Geheimnisse niemals im Klartext speichern; vor dem Anhang maskieren oder schwaerzen."
KAN-715,E5-03 Ein- und ausloggen – Konto-Lebenszyklus,"Abgedeckte Story: KAN-60 – E5-03 Ein- und ausloggen
Testart: Konto-Lebenszyklus
Priorität der Story: High

Ziel
Konto sicher registrieren und anmelden

Vorbedingungen
- Die Anwendung ist erreichbar und die erforderlichen Testdaten sind vorbereitet.
- Der Test wird in einer isolierten Umgebung mit nachvollziehbaren Benutzerrollen ausgeführt.

Schritte
1. Registrierung mit gültiger Adresse durchführen.
2. Bestätigung abschließen.
3. Anmelden, abmelden und erneut anmelden.
4. Passwortreset durchführen.

Erwartetes Ergebnis
Nur bestätigte und korrekte Zugangsdaten erlauben Zugriff; Tokens und Fehlermeldungen verhalten sich sicher.

Responsive Viewports
- Desktop: 1440 x 900 CSS-Pixel.
- Full HD: 1920 x 1080 CSS-Pixel.
- WQHD: 2560 x 1440 CSS-Pixel.
- Ultrawide: 3440 x 1440 CSS-Pixel.
- 4K: 3840 x 2160 CSS-Pixel.
- Tablet: 768 x 1024 CSS-Pixel.
- Smartphone: 390 x 844 CSS-Pixel.
- Bei UI-Tests jeden definierten Viewport pruefen und je Viewport einen eigenen Screenshot am Testlauf hinterlegen.

Beleg und Nachbereitung
- Fuer jeden einzelnen Testschritt unmittelbar nach der Ausfuehrung einen Screenshot als Anhang am Testlauf hinterlegen.
- Der Screenshot muss die relevante Ausgangslage bzw. Eingabe und das sichtbare Ergebnis des jeweiligen Schrittes nachvollziehbar zeigen.
- Alle Schritte des Tests muessen einen eigenen Nachweis besitzen; bei Eingabeschritten sind Eingabe und anschliessende Reaktion zu dokumentieren.
- PASS nur vergeben, wenn alle Schritte erfolgreich abgeschlossen und fuer alle Schritte Screenshots hinterlegt sind.
- FAIL oder BLOCKED ebenfalls mit Screenshot(s), tatsaechlichem Ergebnis, Datum, Tester und Umgebung dokumentieren; bei FAIL einen Bug mit Reproduktionsschritten und Verweis auf diesen Test anlegen.
- Passwoerter, Tokens, Zahlungsdaten und sonstige Geheimnisse niemals im Klartext speichern; vor dem Anhang maskieren oder schwaerzen."
KAN-716,E5-03 Ein- und ausloggen – Eigene Daten und Historie,"Abgedeckte Story: KAN-60 – E5-03 Ein- und ausloggen
Testart: Eigene Daten und Historie
Priorität der Story: High

Ziel
Konto- und Bestelldaten verwalten

Vorbedingungen
- Die Anwendung ist erreichbar und die erforderlichen Testdaten sind vorbereitet.
- Der Test wird in einer isolierten Umgebung mit nachvollziehbaren Benutzerrollen ausgeführt.

Schritte
1. Persönliche Daten und Adresse ändern.
2. Bestellung mit Konto durchführen.
3. Historie und Status öffnen.
4. Seite neu laden und erneut prüfen.

Erwartetes Ergebnis
Nur eigene Daten sind sichtbar; Änderungen und Bestellstatus bleiben konsistent.

Responsive Viewports
- Desktop: 1440 x 900 CSS-Pixel.
- Full HD: 1920 x 1080 CSS-Pixel.
- WQHD: 2560 x 1440 CSS-Pixel.
- Ultrawide: 3440 x 1440 CSS-Pixel.
- 4K: 3840 x 2160 CSS-Pixel.
- Tablet: 768 x 1024 CSS-Pixel.
- Smartphone: 390 x 844 CSS-Pixel.
- Bei UI-Tests jeden definierten Viewport pruefen und je Viewport einen eigenen Screenshot am Testlauf hinterlegen.

Beleg und Nachbereitung
- Fuer jeden einzelnen Testschritt unmittelbar nach der Ausfuehrung einen Screenshot als Anhang am Testlauf hinterlegen.
- Der Screenshot muss die relevante Ausgangslage bzw. Eingabe und das sichtbare Ergebnis des jeweiligen Schrittes nachvollziehbar zeigen.
- Alle Schritte des Tests muessen einen eigenen Nachweis besitzen; bei Eingabeschritten sind Eingabe und anschliessende Reaktion zu dokumentieren.
- PASS nur vergeben, wenn alle Schritte erfolgreich abgeschlossen und fuer alle Schritte Screenshots hinterlegt sind.
- FAIL oder BLOCKED ebenfalls mit Screenshot(s), tatsaechlichem Ergebnis, Datum, Tester und Umgebung dokumentieren; bei FAIL einen Bug mit Reproduktionsschritten und Verweis auf diesen Test anlegen.
- Passwoerter, Tokens, Zahlungsdaten und sonstige Geheimnisse niemals im Klartext speichern; vor dem Anhang maskieren oder schwaerzen."
KAN-717,E5-03 Ein- und ausloggen – Datenschutz und Berechtigung,"Abgedeckte Story: KAN-60 – E5-03 Ein- und ausloggen
Testart: Datenschutz und Berechtigung
Priorität der Story: High

Ziel
Kontogrenzen und Datenschutzaktionen prüfen

Vorbedingungen
- Die Anwendung ist erreichbar und die erforderlichen Testdaten sind vorbereitet.
- Der Test wird in einer isolierten Umgebung mit nachvollziehbaren Benutzerrollen ausgeführt.

Schritte
1. Fremde Konto-URL beziehungsweise API-ID verwenden.
2. Export oder Löschung anfordern.
3. Bestätigung beziehungsweise Re-Authentifizierung prüfen.
4. Folgezugriff und Audit kontrollieren.

Erwartetes Ergebnis
Fremdzugriff ist unmöglich; Datenschutzaktionen sind vollständig, bestätigt und nachvollziehbar.

Responsive Viewports
- Desktop: 1440 x 900 CSS-Pixel.
- Full HD: 1920 x 1080 CSS-Pixel.
- WQHD: 2560 x 1440 CSS-Pixel.
- Ultrawide: 3440 x 1440 CSS-Pixel.
- 4K: 3840 x 2160 CSS-Pixel.
- Tablet: 768 x 1024 CSS-Pixel.
- Smartphone: 390 x 844 CSS-Pixel.
- Bei UI-Tests jeden definierten Viewport pruefen und je Viewport einen eigenen Screenshot am Testlauf hinterlegen.

Beleg und Nachbereitung
- Fuer jeden einzelnen Testschritt unmittelbar nach der Ausfuehrung einen Screenshot als Anhang am Testlauf hinterlegen.
- Der Screenshot muss die relevante Ausgangslage bzw. Eingabe und das sichtbare Ergebnis des jeweiligen Schrittes nachvollziehbar zeigen.
- Alle Schritte des Tests muessen einen eigenen Nachweis besitzen; bei Eingabeschritten sind Eingabe und anschliessende Reaktion zu dokumentieren.
- PASS nur vergeben, wenn alle Schritte erfolgreich abgeschlossen und fuer alle Schritte Screenshots hinterlegt sind.
- FAIL oder BLOCKED ebenfalls mit Screenshot(s), tatsaechlichem Ergebnis, Datum, Tester und Umgebung dokumentieren; bei FAIL einen Bug mit Reproduktionsschritten und Verweis auf diesen Test anlegen.
- Passwoerter, Tokens, Zahlungsdaten und sonstige Geheimnisse niemals im Klartext speichern; vor dem Anhang maskieren oder schwaerzen."
KAN-718,E5-04 Passwort zurücksetzen – Konto-Lebenszyklus,"Abgedeckte Story: KAN-61 – E5-04 Passwort zurücksetzen
Testart: Konto-Lebenszyklus
Priorität der Story: High

Ziel
Konto sicher registrieren und anmelden

Vorbedingungen
- Die Anwendung ist erreichbar und die erforderlichen Testdaten sind vorbereitet.
- Der Test wird in einer isolierten Umgebung mit nachvollziehbaren Benutzerrollen ausgeführt.

Schritte
1. Registrierung mit gültiger Adresse durchführen.
2. Bestätigung abschließen.
3. Anmelden, abmelden und erneut anmelden.
4. Passwortreset durchführen.

Erwartetes Ergebnis
Nur bestätigte und korrekte Zugangsdaten erlauben Zugriff; Tokens und Fehlermeldungen verhalten sich sicher.

Responsive Viewports
- Desktop: 1440 x 900 CSS-Pixel.
- Full HD: 1920 x 1080 CSS-Pixel.
- WQHD: 2560 x 1440 CSS-Pixel.
- Ultrawide: 3440 x 1440 CSS-Pixel.
- 4K: 3840 x 2160 CSS-Pixel.
- Tablet: 768 x 1024 CSS-Pixel.
- Smartphone: 390 x 844 CSS-Pixel.
- Bei UI-Tests jeden definierten Viewport pruefen und je Viewport einen eigenen Screenshot am Testlauf hinterlegen.

Beleg und Nachbereitung
- Fuer jeden einzelnen Testschritt unmittelbar nach der Ausfuehrung einen Screenshot als Anhang am Testlauf hinterlegen.
- Der Screenshot muss die relevante Ausgangslage bzw. Eingabe und das sichtbare Ergebnis des jeweiligen Schrittes nachvollziehbar zeigen.
- Alle Schritte des Tests muessen einen eigenen Nachweis besitzen; bei Eingabeschritten sind Eingabe und anschliessende Reaktion zu dokumentieren.
- PASS nur vergeben, wenn alle Schritte erfolgreich abgeschlossen und fuer alle Schritte Screenshots hinterlegt sind.
- FAIL oder BLOCKED ebenfalls mit Screenshot(s), tatsaechlichem Ergebnis, Datum, Tester und Umgebung dokumentieren; bei FAIL einen Bug mit Reproduktionsschritten und Verweis auf diesen Test anlegen.
- Passwoerter, Tokens, Zahlungsdaten und sonstige Geheimnisse niemals im Klartext speichern; vor dem Anhang maskieren oder schwaerzen."
KAN-719,E5-04 Passwort zurücksetzen – Eigene Daten und Historie,"Abgedeckte Story: KAN-61 – E5-04 Passwort zurücksetzen
Testart: Eigene Daten und Historie
Priorität der Story: High

Ziel
Konto- und Bestelldaten verwalten

Vorbedingungen
- Die Anwendung ist erreichbar und die erforderlichen Testdaten sind vorbereitet.
- Der Test wird in einer isolierten Umgebung mit nachvollziehbaren Benutzerrollen ausgeführt.

Schritte
1. Persönliche Daten und Adresse ändern.
2. Bestellung mit Konto durchführen.
3. Historie und Status öffnen.
4. Seite neu laden und erneut prüfen.

Erwartetes Ergebnis
Nur eigene Daten sind sichtbar; Änderungen und Bestellstatus bleiben konsistent.

Responsive Viewports
- Desktop: 1440 x 900 CSS-Pixel.
- Full HD: 1920 x 1080 CSS-Pixel.
- WQHD: 2560 x 1440 CSS-Pixel.
- Ultrawide: 3440 x 1440 CSS-Pixel.
- 4K: 3840 x 2160 CSS-Pixel.
- Tablet: 768 x 1024 CSS-Pixel.
- Smartphone: 390 x 844 CSS-Pixel.
- Bei UI-Tests jeden definierten Viewport pruefen und je Viewport einen eigenen Screenshot am Testlauf hinterlegen.

Beleg und Nachbereitung
- Fuer jeden einzelnen Testschritt unmittelbar nach der Ausfuehrung einen Screenshot als Anhang am Testlauf hinterlegen.
- Der Screenshot muss die relevante Ausgangslage bzw. Eingabe und das sichtbare Ergebnis des jeweiligen Schrittes nachvollziehbar zeigen.
- Alle Schritte des Tests muessen einen eigenen Nachweis besitzen; bei Eingabeschritten sind Eingabe und anschliessende Reaktion zu dokumentieren.
- PASS nur vergeben, wenn alle Schritte erfolgreich abgeschlossen und fuer alle Schritte Screenshots hinterlegt sind.
- FAIL oder BLOCKED ebenfalls mit Screenshot(s), tatsaechlichem Ergebnis, Datum, Tester und Umgebung dokumentieren; bei FAIL einen Bug mit Reproduktionsschritten und Verweis auf diesen Test anlegen.
- Passwoerter, Tokens, Zahlungsdaten und sonstige Geheimnisse niemals im Klartext speichern; vor dem Anhang maskieren oder schwaerzen."
KAN-720,E5-04 Passwort zurücksetzen – Datenschutz und Berechtigung,"Abgedeckte Story: KAN-61 – E5-04 Passwort zurücksetzen
Testart: Datenschutz und Berechtigung
Priorität der Story: High

Ziel
Kontogrenzen und Datenschutzaktionen prüfen

Vorbedingungen
- Die Anwendung ist erreichbar und die erforderlichen Testdaten sind vorbereitet.
- Der Test wird in einer isolierten Umgebung mit nachvollziehbaren Benutzerrollen ausgeführt.

Schritte
1. Fremde Konto-URL beziehungsweise API-ID verwenden.
2. Export oder Löschung anfordern.
3. Bestätigung beziehungsweise Re-Authentifizierung prüfen.
4. Folgezugriff und Audit kontrollieren.

Erwartetes Ergebnis
Fremdzugriff ist unmöglich; Datenschutzaktionen sind vollständig, bestätigt und nachvollziehbar.

Responsive Viewports
- Desktop: 1440 x 900 CSS-Pixel.
- Full HD: 1920 x 1080 CSS-Pixel.
- WQHD: 2560 x 1440 CSS-Pixel.
- Ultrawide: 3440 x 1440 CSS-Pixel.
- 4K: 3840 x 2160 CSS-Pixel.
- Tablet: 768 x 1024 CSS-Pixel.
- Smartphone: 390 x 844 CSS-Pixel.
- Bei UI-Tests jeden definierten Viewport pruefen und je Viewport einen eigenen Screenshot am Testlauf hinterlegen.

Beleg und Nachbereitung
- Fuer jeden einzelnen Testschritt unmittelbar nach der Ausfuehrung einen Screenshot als Anhang am Testlauf hinterlegen.
- Der Screenshot muss die relevante Ausgangslage bzw. Eingabe und das sichtbare Ergebnis des jeweiligen Schrittes nachvollziehbar zeigen.
- Alle Schritte des Tests muessen einen eigenen Nachweis besitzen; bei Eingabeschritten sind Eingabe und anschliessende Reaktion zu dokumentieren.
- PASS nur vergeben, wenn alle Schritte erfolgreich abgeschlossen und fuer alle Schritte Screenshots hinterlegt sind.
- FAIL oder BLOCKED ebenfalls mit Screenshot(s), tatsaechlichem Ergebnis, Datum, Tester und Umgebung dokumentieren; bei FAIL einen Bug mit Reproduktionsschritten und Verweis auf diesen Test anlegen.
- Passwoerter, Tokens, Zahlungsdaten und sonstige Geheimnisse niemals im Klartext speichern; vor dem Anhang maskieren oder schwaerzen."
KAN-721,E5-05 Persönliche Daten bearbeiten – Konto-Lebenszyklus,"Abgedeckte Story: KAN-62 – E5-05 Persönliche Daten bearbeiten
Testart: Konto-Lebenszyklus
Priorität der Story: High

Ziel
Konto sicher registrieren und anmelden

Vorbedingungen
- Die Anwendung ist erreichbar und die erforderlichen Testdaten sind vorbereitet.
- Der Test wird in einer isolierten Umgebung mit nachvollziehbaren Benutzerrollen ausgeführt.

Schritte
1. Registrierung mit gültiger Adresse durchführen.
2. Bestätigung abschließen.
3. Anmelden, abmelden und erneut anmelden.
4. Passwortreset durchführen.

Erwartetes Ergebnis
Nur bestätigte und korrekte Zugangsdaten erlauben Zugriff; Tokens und Fehlermeldungen verhalten sich sicher.

Responsive Viewports
- Desktop: 1440 x 900 CSS-Pixel.
- Full HD: 1920 x 1080 CSS-Pixel.
- WQHD: 2560 x 1440 CSS-Pixel.
- Ultrawide: 3440 x 1440 CSS-Pixel.
- 4K: 3840 x 2160 CSS-Pixel.
- Tablet: 768 x 1024 CSS-Pixel.
- Smartphone: 390 x 844 CSS-Pixel.
- Bei UI-Tests jeden definierten Viewport pruefen und je Viewport einen eigenen Screenshot am Testlauf hinterlegen.

Beleg und Nachbereitung
- Fuer jeden einzelnen Testschritt unmittelbar nach der Ausfuehrung einen Screenshot als Anhang am Testlauf hinterlegen.
- Der Screenshot muss die relevante Ausgangslage bzw. Eingabe und das sichtbare Ergebnis des jeweiligen Schrittes nachvollziehbar zeigen.
- Alle Schritte des Tests muessen einen eigenen Nachweis besitzen; bei Eingabeschritten sind Eingabe und anschliessende Reaktion zu dokumentieren.
- PASS nur vergeben, wenn alle Schritte erfolgreich abgeschlossen und fuer alle Schritte Screenshots hinterlegt sind.
- FAIL oder BLOCKED ebenfalls mit Screenshot(s), tatsaechlichem Ergebnis, Datum, Tester und Umgebung dokumentieren; bei FAIL einen Bug mit Reproduktionsschritten und Verweis auf diesen Test anlegen.
- Passwoerter, Tokens, Zahlungsdaten und sonstige Geheimnisse niemals im Klartext speichern; vor dem Anhang maskieren oder schwaerzen."
KAN-722,E5-05 Persönliche Daten bearbeiten – Eigene Daten und Historie,"Abgedeckte Story: KAN-62 – E5-05 Persönliche Daten bearbeiten
Testart: Eigene Daten und Historie
Priorität der Story: High

Ziel
Konto- und Bestelldaten verwalten

Vorbedingungen
- Die Anwendung ist erreichbar und die erforderlichen Testdaten sind vorbereitet.
- Der Test wird in einer isolierten Umgebung mit nachvollziehbaren Benutzerrollen ausgeführt.

Schritte
1. Persönliche Daten und Adresse ändern.
2. Bestellung mit Konto durchführen.
3. Historie und Status öffnen.
4. Seite neu laden und erneut prüfen.

Erwartetes Ergebnis
Nur eigene Daten sind sichtbar; Änderungen und Bestellstatus bleiben konsistent.

Responsive Viewports
- Desktop: 1440 x 900 CSS-Pixel.
- Full HD: 1920 x 1080 CSS-Pixel.
- WQHD: 2560 x 1440 CSS-Pixel.
- Ultrawide: 3440 x 1440 CSS-Pixel.
- 4K: 3840 x 2160 CSS-Pixel.
- Tablet: 768 x 1024 CSS-Pixel.
- Smartphone: 390 x 844 CSS-Pixel.
- Bei UI-Tests jeden definierten Viewport pruefen und je Viewport einen eigenen Screenshot am Testlauf hinterlegen.

Beleg und Nachbereitung
- Fuer jeden einzelnen Testschritt unmittelbar nach der Ausfuehrung einen Screenshot als Anhang am Testlauf hinterlegen.
- Der Screenshot muss die relevante Ausgangslage bzw. Eingabe und das sichtbare Ergebnis des jeweiligen Schrittes nachvollziehbar zeigen.
- Alle Schritte des Tests muessen einen eigenen Nachweis besitzen; bei Eingabeschritten sind Eingabe und anschliessende Reaktion zu dokumentieren.
- PASS nur vergeben, wenn alle Schritte erfolgreich abgeschlossen und fuer alle Schritte Screenshots hinterlegt sind.
- FAIL oder BLOCKED ebenfalls mit Screenshot(s), tatsaechlichem Ergebnis, Datum, Tester und Umgebung dokumentieren; bei FAIL einen Bug mit Reproduktionsschritten und Verweis auf diesen Test anlegen.
- Passwoerter, Tokens, Zahlungsdaten und sonstige Geheimnisse niemals im Klartext speichern; vor dem Anhang maskieren oder schwaerzen."
KAN-723,E5-05 Persönliche Daten bearbeiten – Datenschutz und Berechtigung,"Abgedeckte Story: KAN-62 – E5-05 Persönliche Daten bearbeiten
Testart: Datenschutz und Berechtigung
Priorität der Story: High

Ziel
Kontogrenzen und Datenschutzaktionen prüfen

Vorbedingungen
- Die Anwendung ist erreichbar und die erforderlichen Testdaten sind vorbereitet.
- Der Test wird in einer isolierten Umgebung mit nachvollziehbaren Benutzerrollen ausgeführt.

Schritte
1. Fremde Konto-URL beziehungsweise API-ID verwenden.
2. Export oder Löschung anfordern.
3. Bestätigung beziehungsweise Re-Authentifizierung prüfen.
4. Folgezugriff und Audit kontrollieren.

Erwartetes Ergebnis
Fremdzugriff ist unmöglich; Datenschutzaktionen sind vollständig, bestätigt und nachvollziehbar.

Responsive Viewports
- Desktop: 1440 x 900 CSS-Pixel.
- Full HD: 1920 x 1080 CSS-Pixel.
- WQHD: 2560 x 1440 CSS-Pixel.
- Ultrawide: 3440 x 1440 CSS-Pixel.
- 4K: 3840 x 2160 CSS-Pixel.
- Tablet: 768 x 1024 CSS-Pixel.
- Smartphone: 390 x 844 CSS-Pixel.
- Bei UI-Tests jeden definierten Viewport pruefen und je Viewport einen eigenen Screenshot am Testlauf hinterlegen.

Beleg und Nachbereitung
- Fuer jeden einzelnen Testschritt unmittelbar nach der Ausfuehrung einen Screenshot als Anhang am Testlauf hinterlegen.
- Der Screenshot muss die relevante Ausgangslage bzw. Eingabe und das sichtbare Ergebnis des jeweiligen Schrittes nachvollziehbar zeigen.
- Alle Schritte des Tests muessen einen eigenen Nachweis besitzen; bei Eingabeschritten sind Eingabe und anschliessende Reaktion zu dokumentieren.
- PASS nur vergeben, wenn alle Schritte erfolgreich abgeschlossen und fuer alle Schritte Screenshots hinterlegt sind.
- FAIL oder BLOCKED ebenfalls mit Screenshot(s), tatsaechlichem Ergebnis, Datum, Tester und Umgebung dokumentieren; bei FAIL einen Bug mit Reproduktionsschritten und Verweis auf diesen Test anlegen.
- Passwoerter, Tokens, Zahlungsdaten und sonstige Geheimnisse niemals im Klartext speichern; vor dem Anhang maskieren oder schwaerzen."
KAN-724,E5-06 Lieferadressen verwalten – Konto-Lebenszyklus,"Abgedeckte Story: KAN-63 – E5-06 Lieferadressen verwalten
Testart: Konto-Lebenszyklus
Priorität der Story: High

Ziel
Konto sicher registrieren und anmelden

Vorbedingungen
- Die Anwendung ist erreichbar und die erforderlichen Testdaten sind vorbereitet.
- Der Test wird in einer isolierten Umgebung mit nachvollziehbaren Benutzerrollen ausgeführt.

Schritte
1. Registrierung mit gültiger Adresse durchführen.
2. Bestätigung abschließen.
3. Anmelden, abmelden und erneut anmelden.
4. Passwortreset durchführen.

Erwartetes Ergebnis
Nur bestätigte und korrekte Zugangsdaten erlauben Zugriff; Tokens und Fehlermeldungen verhalten sich sicher.

Responsive Viewports
- Desktop: 1440 x 900 CSS-Pixel.
- Full HD: 1920 x 1080 CSS-Pixel.
- WQHD: 2560 x 1440 CSS-Pixel.
- Ultrawide: 3440 x 1440 CSS-Pixel.
- 4K: 3840 x 2160 CSS-Pixel.
- Tablet: 768 x 1024 CSS-Pixel.
- Smartphone: 390 x 844 CSS-Pixel.
- Bei UI-Tests jeden definierten Viewport pruefen und je Viewport einen eigenen Screenshot am Testlauf hinterlegen.

Beleg und Nachbereitung
- Fuer jeden einzelnen Testschritt unmittelbar nach der Ausfuehrung einen Screenshot als Anhang am Testlauf hinterlegen.
- Der Screenshot muss die relevante Ausgangslage bzw. Eingabe und das sichtbare Ergebnis des jeweiligen Schrittes nachvollziehbar zeigen.
- Alle Schritte des Tests muessen einen eigenen Nachweis besitzen; bei Eingabeschritten sind Eingabe und anschliessende Reaktion zu dokumentieren.
- PASS nur vergeben, wenn alle Schritte erfolgreich abgeschlossen und fuer alle Schritte Screenshots hinterlegt sind.
- FAIL oder BLOCKED ebenfalls mit Screenshot(s), tatsaechlichem Ergebnis, Datum, Tester und Umgebung dokumentieren; bei FAIL einen Bug mit Reproduktionsschritten und Verweis auf diesen Test anlegen.
- Passwoerter, Tokens, Zahlungsdaten und sonstige Geheimnisse niemals im Klartext speichern; vor dem Anhang maskieren oder schwaerzen."
KAN-725,E5-06 Lieferadressen verwalten – Eigene Daten und Historie,"Abgedeckte Story: KAN-63 – E5-06 Lieferadressen verwalten
Testart: Eigene Daten und Historie
Priorität der Story: High

Ziel
Konto- und Bestelldaten verwalten

Vorbedingungen
- Die Anwendung ist erreichbar und die erforderlichen Testdaten sind vorbereitet.
- Der Test wird in einer isolierten Umgebung mit nachvollziehbaren Benutzerrollen ausgeführt.

Schritte
1. Persönliche Daten und Adresse ändern.
2. Bestellung mit Konto durchführen.
3. Historie und Status öffnen.
4. Seite neu laden und erneut prüfen.

Erwartetes Ergebnis
Nur eigene Daten sind sichtbar; Änderungen und Bestellstatus bleiben konsistent.

Responsive Viewports
- Desktop: 1440 x 900 CSS-Pixel.
- Full HD: 1920 x 1080 CSS-Pixel.
- WQHD: 2560 x 1440 CSS-Pixel.
- Ultrawide: 3440 x 1440 CSS-Pixel.
- 4K: 3840 x 2160 CSS-Pixel.
- Tablet: 768 x 1024 CSS-Pixel.
- Smartphone: 390 x 844 CSS-Pixel.
- Bei UI-Tests jeden definierten Viewport pruefen und je Viewport einen eigenen Screenshot am Testlauf hinterlegen.

Beleg und Nachbereitung
- Fuer jeden einzelnen Testschritt unmittelbar nach der Ausfuehrung einen Screenshot als Anhang am Testlauf hinterlegen.
- Der Screenshot muss die relevante Ausgangslage bzw. Eingabe und das sichtbare Ergebnis des jeweiligen Schrittes nachvollziehbar zeigen.
- Alle Schritte des Tests muessen einen eigenen Nachweis besitzen; bei Eingabeschritten sind Eingabe und anschliessende Reaktion zu dokumentieren.
- PASS nur vergeben, wenn alle Schritte erfolgreich abgeschlossen und fuer alle Schritte Screenshots hinterlegt sind.
- FAIL oder BLOCKED ebenfalls mit Screenshot(s), tatsaechlichem Ergebnis, Datum, Tester und Umgebung dokumentieren; bei FAIL einen Bug mit Reproduktionsschritten und Verweis auf diesen Test anlegen.
- Passwoerter, Tokens, Zahlungsdaten und sonstige Geheimnisse niemals im Klartext speichern; vor dem Anhang maskieren oder schwaerzen."
KAN-726,E5-06 Lieferadressen verwalten – Datenschutz und Berechtigung,"Abgedeckte Story: KAN-63 – E5-06 Lieferadressen verwalten
Testart: Datenschutz und Berechtigung
Priorität der Story: High

Ziel
Kontogrenzen und Datenschutzaktionen prüfen

Vorbedingungen
- Die Anwendung ist erreichbar und die erforderlichen Testdaten sind vorbereitet.
- Der Test wird in einer isolierten Umgebung mit nachvollziehbaren Benutzerrollen ausgeführt.

Schritte
1. Fremde Konto-URL beziehungsweise API-ID verwenden.
2. Export oder Löschung anfordern.
3. Bestätigung beziehungsweise Re-Authentifizierung prüfen.
4. Folgezugriff und Audit kontrollieren.

Erwartetes Ergebnis
Fremdzugriff ist unmöglich; Datenschutzaktionen sind vollständig, bestätigt und nachvollziehbar.

Responsive Viewports
- Desktop: 1440 x 900 CSS-Pixel.
- Full HD: 1920 x 1080 CSS-Pixel.
- WQHD: 2560 x 1440 CSS-Pixel.
- Ultrawide: 3440 x 1440 CSS-Pixel.
- 4K: 3840 x 2160 CSS-Pixel.
- Tablet: 768 x 1024 CSS-Pixel.
- Smartphone: 390 x 844 CSS-Pixel.
- Bei UI-Tests jeden definierten Viewport pruefen und je Viewport einen eigenen Screenshot am Testlauf hinterlegen.

Beleg und Nachbereitung
- Fuer jeden einzelnen Testschritt unmittelbar nach der Ausfuehrung einen Screenshot als Anhang am Testlauf hinterlegen.
- Der Screenshot muss die relevante Ausgangslage bzw. Eingabe und das sichtbare Ergebnis des jeweiligen Schrittes nachvollziehbar zeigen.
- Alle Schritte des Tests muessen einen eigenen Nachweis besitzen; bei Eingabeschritten sind Eingabe und anschliessende Reaktion zu dokumentieren.
- PASS nur vergeben, wenn alle Schritte erfolgreich abgeschlossen und fuer alle Schritte Screenshots hinterlegt sind.
- FAIL oder BLOCKED ebenfalls mit Screenshot(s), tatsaechlichem Ergebnis, Datum, Tester und Umgebung dokumentieren; bei FAIL einen Bug mit Reproduktionsschritten und Verweis auf diesen Test anlegen.
- Passwoerter, Tokens, Zahlungsdaten und sonstige Geheimnisse niemals im Klartext speichern; vor dem Anhang maskieren oder schwaerzen."
KAN-727,E5-07 Bestellhistorie einsehen – Konto-Lebenszyklus,"Abgedeckte Story: KAN-64 – E5-07 Bestellhistorie einsehen
Testart: Konto-Lebenszyklus
Priorität der Story: High

Ziel
Konto sicher registrieren und anmelden

Vorbedingungen
- Die Anwendung ist erreichbar und die erforderlichen Testdaten sind vorbereitet.
- Der Test wird in einer isolierten Umgebung mit nachvollziehbaren Benutzerrollen ausgeführt.

Schritte
1. Registrierung mit gültiger Adresse durchführen.
2. Bestätigung abschließen.
3. Anmelden, abmelden und erneut anmelden.
4. Passwortreset durchführen.

Erwartetes Ergebnis
Nur bestätigte und korrekte Zugangsdaten erlauben Zugriff; Tokens und Fehlermeldungen verhalten sich sicher.

Responsive Viewports
- Desktop: 1440 x 900 CSS-Pixel.
- Full HD: 1920 x 1080 CSS-Pixel.
- WQHD: 2560 x 1440 CSS-Pixel.
- Ultrawide: 3440 x 1440 CSS-Pixel.
- 4K: 3840 x 2160 CSS-Pixel.
- Tablet: 768 x 1024 CSS-Pixel.
- Smartphone: 390 x 844 CSS-Pixel.
- Bei UI-Tests jeden definierten Viewport pruefen und je Viewport einen eigenen Screenshot am Testlauf hinterlegen.

Beleg und Nachbereitung
- Fuer jeden einzelnen Testschritt unmittelbar nach der Ausfuehrung einen Screenshot als Anhang am Testlauf hinterlegen.
- Der Screenshot muss die relevante Ausgangslage bzw. Eingabe und das sichtbare Ergebnis des jeweiligen Schrittes nachvollziehbar zeigen.
- Alle Schritte des Tests muessen einen eigenen Nachweis besitzen; bei Eingabeschritten sind Eingabe und anschliessende Reaktion zu dokumentieren.
- PASS nur vergeben, wenn alle Schritte erfolgreich abgeschlossen und fuer alle Schritte Screenshots hinterlegt sind.
- FAIL oder BLOCKED ebenfalls mit Screenshot(s), tatsaechlichem Ergebnis, Datum, Tester und Umgebung dokumentieren; bei FAIL einen Bug mit Reproduktionsschritten und Verweis auf diesen Test anlegen.
- Passwoerter, Tokens, Zahlungsdaten und sonstige Geheimnisse niemals im Klartext speichern; vor dem Anhang maskieren oder schwaerzen."
KAN-728,E5-07 Bestellhistorie einsehen – Eigene Daten und Historie,"Abgedeckte Story: KAN-64 – E5-07 Bestellhistorie einsehen
Testart: Eigene Daten und Historie
Priorität der Story: High

Ziel
Konto- und Bestelldaten verwalten

Vorbedingungen
- Die Anwendung ist erreichbar und die erforderlichen Testdaten sind vorbereitet.
- Der Test wird in einer isolierten Umgebung mit nachvollziehbaren Benutzerrollen ausgeführt.

Schritte
1. Persönliche Daten und Adresse ändern.
2. Bestellung mit Konto durchführen.
3. Historie und Status öffnen.
4. Seite neu laden und erneut prüfen.

Erwartetes Ergebnis
Nur eigene Daten sind sichtbar; Änderungen und Bestellstatus bleiben konsistent.

Responsive Viewports
- Desktop: 1440 x 900 CSS-Pixel.
- Full HD: 1920 x 1080 CSS-Pixel.
- WQHD: 2560 x 1440 CSS-Pixel.
- Ultrawide: 3440 x 1440 CSS-Pixel.
- 4K: 3840 x 2160 CSS-Pixel.
- Tablet: 768 x 1024 CSS-Pixel.
- Smartphone: 390 x 844 CSS-Pixel.
- Bei UI-Tests jeden definierten Viewport pruefen und je Viewport einen eigenen Screenshot am Testlauf hinterlegen.

Beleg und Nachbereitung
- Fuer jeden einzelnen Testschritt unmittelbar nach der Ausfuehrung einen Screenshot als Anhang am Testlauf hinterlegen.
- Der Screenshot muss die relevante Ausgangslage bzw. Eingabe und das sichtbare Ergebnis des jeweiligen Schrittes nachvollziehbar zeigen.
- Alle Schritte des Tests muessen einen eigenen Nachweis besitzen; bei Eingabeschritten sind Eingabe und anschliessende Reaktion zu dokumentieren.
- PASS nur vergeben, wenn alle Schritte erfolgreich abgeschlossen und fuer alle Schritte Screenshots hinterlegt sind.
- FAIL oder BLOCKED ebenfalls mit Screenshot(s), tatsaechlichem Ergebnis, Datum, Tester und Umgebung dokumentieren; bei FAIL einen Bug mit Reproduktionsschritten und Verweis auf diesen Test anlegen.
- Passwoerter, Tokens, Zahlungsdaten und sonstige Geheimnisse niemals im Klartext speichern; vor dem Anhang maskieren oder schwaerzen."
KAN-729,E5-07 Bestellhistorie einsehen – Datenschutz und Berechtigung,"Abgedeckte Story: KAN-64 – E5-07 Bestellhistorie einsehen
Testart: Datenschutz und Berechtigung
Priorität der Story: High

Ziel
Kontogrenzen und Datenschutzaktionen prüfen

Vorbedingungen
- Die Anwendung ist erreichbar und die erforderlichen Testdaten sind vorbereitet.
- Der Test wird in einer isolierten Umgebung mit nachvollziehbaren Benutzerrollen ausgeführt.

Schritte
1. Fremde Konto-URL beziehungsweise API-ID verwenden.
2. Export oder Löschung anfordern.
3. Bestätigung beziehungsweise Re-Authentifizierung prüfen.
4. Folgezugriff und Audit kontrollieren.

Erwartetes Ergebnis
Fremdzugriff ist unmöglich; Datenschutzaktionen sind vollständig, bestätigt und nachvollziehbar.

Responsive Viewports
- Desktop: 1440 x 900 CSS-Pixel.
- Full HD: 1920 x 1080 CSS-Pixel.
- WQHD: 2560 x 1440 CSS-Pixel.
- Ultrawide: 3440 x 1440 CSS-Pixel.
- 4K: 3840 x 2160 CSS-Pixel.
- Tablet: 768 x 1024 CSS-Pixel.
- Smartphone: 390 x 844 CSS-Pixel.
- Bei UI-Tests jeden definierten Viewport pruefen und je Viewport einen eigenen Screenshot am Testlauf hinterlegen.

Beleg und Nachbereitung
- Fuer jeden einzelnen Testschritt unmittelbar nach der Ausfuehrung einen Screenshot als Anhang am Testlauf hinterlegen.
- Der Screenshot muss die relevante Ausgangslage bzw. Eingabe und das sichtbare Ergebnis des jeweiligen Schrittes nachvollziehbar zeigen.
- Alle Schritte des Tests muessen einen eigenen Nachweis besitzen; bei Eingabeschritten sind Eingabe und anschliessende Reaktion zu dokumentieren.
- PASS nur vergeben, wenn alle Schritte erfolgreich abgeschlossen und fuer alle Schritte Screenshots hinterlegt sind.
- FAIL oder BLOCKED ebenfalls mit Screenshot(s), tatsaechlichem Ergebnis, Datum, Tester und Umgebung dokumentieren; bei FAIL einen Bug mit Reproduktionsschritten und Verweis auf diesen Test anlegen.
- Passwoerter, Tokens, Zahlungsdaten und sonstige Geheimnisse niemals im Klartext speichern; vor dem Anhang maskieren oder schwaerzen."
KAN-730,E5-08 Bestellstatus verfolgen – Konto-Lebenszyklus,"Abgedeckte Story: KAN-65 – E5-08 Bestellstatus verfolgen
Testart: Konto-Lebenszyklus
Priorität der Story: High

Ziel
Konto sicher registrieren und anmelden

Vorbedingungen
- Die Anwendung ist erreichbar und die erforderlichen Testdaten sind vorbereitet.
- Der Test wird in einer isolierten Umgebung mit nachvollziehbaren Benutzerrollen ausgeführt.

Schritte
1. Registrierung mit gültiger Adresse durchführen.
2. Bestätigung abschließen.
3. Anmelden, abmelden und erneut anmelden.
4. Passwortreset durchführen.

Erwartetes Ergebnis
Nur bestätigte und korrekte Zugangsdaten erlauben Zugriff; Tokens und Fehlermeldungen verhalten sich sicher.

Responsive Viewports
- Desktop: 1440 x 900 CSS-Pixel.
- Full HD: 1920 x 1080 CSS-Pixel.
- WQHD: 2560 x 1440 CSS-Pixel.
- Ultrawide: 3440 x 1440 CSS-Pixel.
- 4K: 3840 x 2160 CSS-Pixel.
- Tablet: 768 x 1024 CSS-Pixel.
- Smartphone: 390 x 844 CSS-Pixel.
- Bei UI-Tests jeden definierten Viewport pruefen und je Viewport einen eigenen Screenshot am Testlauf hinterlegen.

Beleg und Nachbereitung
- Fuer jeden einzelnen Testschritt unmittelbar nach der Ausfuehrung einen Screenshot als Anhang am Testlauf hinterlegen.
- Der Screenshot muss die relevante Ausgangslage bzw. Eingabe und das sichtbare Ergebnis des jeweiligen Schrittes nachvollziehbar zeigen.
- Alle Schritte des Tests muessen einen eigenen Nachweis besitzen; bei Eingabeschritten sind Eingabe und anschliessende Reaktion zu dokumentieren.
- PASS nur vergeben, wenn alle Schritte erfolgreich abgeschlossen und fuer alle Schritte Screenshots hinterlegt sind.
- FAIL oder BLOCKED ebenfalls mit Screenshot(s), tatsaechlichem Ergebnis, Datum, Tester und Umgebung dokumentieren; bei FAIL einen Bug mit Reproduktionsschritten und Verweis auf diesen Test anlegen.
- Passwoerter, Tokens, Zahlungsdaten und sonstige Geheimnisse niemals im Klartext speichern; vor dem Anhang maskieren oder schwaerzen."
KAN-731,E5-08 Bestellstatus verfolgen – Eigene Daten und Historie,"Abgedeckte Story: KAN-65 – E5-08 Bestellstatus verfolgen
Testart: Eigene Daten und Historie
Priorität der Story: High

Ziel
Konto- und Bestelldaten verwalten

Vorbedingungen
- Die Anwendung ist erreichbar und die erforderlichen Testdaten sind vorbereitet.
- Der Test wird in einer isolierten Umgebung mit nachvollziehbaren Benutzerrollen ausgeführt.

Schritte
1. Persönliche Daten und Adresse ändern.
2. Bestellung mit Konto durchführen.
3. Historie und Status öffnen.
4. Seite neu laden und erneut prüfen.

Erwartetes Ergebnis
Nur eigene Daten sind sichtbar; Änderungen und Bestellstatus bleiben konsistent.

Responsive Viewports
- Desktop: 1440 x 900 CSS-Pixel.
- Full HD: 1920 x 1080 CSS-Pixel.
- WQHD: 2560 x 1440 CSS-Pixel.
- Ultrawide: 3440 x 1440 CSS-Pixel.
- 4K: 3840 x 2160 CSS-Pixel.
- Tablet: 768 x 1024 CSS-Pixel.
- Smartphone: 390 x 844 CSS-Pixel.
- Bei UI-Tests jeden definierten Viewport pruefen und je Viewport einen eigenen Screenshot am Testlauf hinterlegen.

Beleg und Nachbereitung
- Fuer jeden einzelnen Testschritt unmittelbar nach der Ausfuehrung einen Screenshot als Anhang am Testlauf hinterlegen.
- Der Screenshot muss die relevante Ausgangslage bzw. Eingabe und das sichtbare Ergebnis des jeweiligen Schrittes nachvollziehbar zeigen.
- Alle Schritte des Tests muessen einen eigenen Nachweis besitzen; bei Eingabeschritten sind Eingabe und anschliessende Reaktion zu dokumentieren.
- PASS nur vergeben, wenn alle Schritte erfolgreich abgeschlossen und fuer alle Schritte Screenshots hinterlegt sind.
- FAIL oder BLOCKED ebenfalls mit Screenshot(s), tatsaechlichem Ergebnis, Datum, Tester und Umgebung dokumentieren; bei FAIL einen Bug mit Reproduktionsschritten und Verweis auf diesen Test anlegen.
- Passwoerter, Tokens, Zahlungsdaten und sonstige Geheimnisse niemals im Klartext speichern; vor dem Anhang maskieren oder schwaerzen."
KAN-732,E5-08 Bestellstatus verfolgen – Datenschutz und Berechtigung,"Abgedeckte Story: KAN-65 – E5-08 Bestellstatus verfolgen
Testart: Datenschutz und Berechtigung
Priorität der Story: High

Ziel
Kontogrenzen und Datenschutzaktionen prüfen

Vorbedingungen
- Die Anwendung ist erreichbar und die erforderlichen Testdaten sind vorbereitet.
- Der Test wird in einer isolierten Umgebung mit nachvollziehbaren Benutzerrollen ausgeführt.

Schritte
1. Fremde Konto-URL beziehungsweise API-ID verwenden.
2. Export oder Löschung anfordern.
3. Bestätigung beziehungsweise Re-Authentifizierung prüfen.
4. Folgezugriff und Audit kontrollieren.

Erwartetes Ergebnis
Fremdzugriff ist unmöglich; Datenschutzaktionen sind vollständig, bestätigt und nachvollziehbar.

Responsive Viewports
- Desktop: 1440 x 900 CSS-Pixel.
- Full HD: 1920 x 1080 CSS-Pixel.
- WQHD: 2560 x 1440 CSS-Pixel.
- Ultrawide: 3440 x 1440 CSS-Pixel.
- 4K: 3840 x 2160 CSS-Pixel.
- Tablet: 768 x 1024 CSS-Pixel.
- Smartphone: 390 x 844 CSS-Pixel.
- Bei UI-Tests jeden definierten Viewport pruefen und je Viewport einen eigenen Screenshot am Testlauf hinterlegen.

Beleg und Nachbereitung
- Fuer jeden einzelnen Testschritt unmittelbar nach der Ausfuehrung einen Screenshot als Anhang am Testlauf hinterlegen.
- Der Screenshot muss die relevante Ausgangslage bzw. Eingabe und das sichtbare Ergebnis des jeweiligen Schrittes nachvollziehbar zeigen.
- Alle Schritte des Tests muessen einen eigenen Nachweis besitzen; bei Eingabeschritten sind Eingabe und anschliessende Reaktion zu dokumentieren.
- PASS nur vergeben, wenn alle Schritte erfolgreich abgeschlossen und fuer alle Schritte Screenshots hinterlegt sind.
- FAIL oder BLOCKED ebenfalls mit Screenshot(s), tatsaechlichem Ergebnis, Datum, Tester und Umgebung dokumentieren; bei FAIL einen Bug mit Reproduktionsschritten und Verweis auf diesen Test anlegen.
- Passwoerter, Tokens, Zahlungsdaten und sonstige Geheimnisse niemals im Klartext speichern; vor dem Anhang maskieren oder schwaerzen."
KAN-733,E5-09 Bestellung erneut zusammenstellen – Konto-Lebenszyklus,"Abgedeckte Story: KAN-66 – E5-09 Bestellung erneut zusammenstellen
Testart: Konto-Lebenszyklus
Priorität der Story: Medium

Ziel
Konto sicher registrieren und anmelden

Vorbedingungen
- Die Anwendung ist erreichbar und die erforderlichen Testdaten sind vorbereitet.
- Der Test wird in einer isolierten Umgebung mit nachvollziehbaren Benutzerrollen ausgeführt.

Schritte
1. Registrierung mit gültiger Adresse durchführen.
2. Bestätigung abschließen.
3. Anmelden, abmelden und erneut anmelden.
4. Passwortreset durchführen.

Erwartetes Ergebnis
Nur bestätigte und korrekte Zugangsdaten erlauben Zugriff; Tokens und Fehlermeldungen verhalten sich sicher.

Responsive Viewports
- Desktop: 1440 x 900 CSS-Pixel.
- Full HD: 1920 x 1080 CSS-Pixel.
- WQHD: 2560 x 1440 CSS-Pixel.
- Ultrawide: 3440 x 1440 CSS-Pixel.
- 4K: 3840 x 2160 CSS-Pixel.
- Tablet: 768 x 1024 CSS-Pixel.
- Smartphone: 390 x 844 CSS-Pixel.
- Bei UI-Tests jeden definierten Viewport pruefen und je Viewport einen eigenen Screenshot am Testlauf hinterlegen.

Beleg und Nachbereitung
- Fuer jeden einzelnen Testschritt unmittelbar nach der Ausfuehrung einen Screenshot als Anhang am Testlauf hinterlegen.
- Der Screenshot muss die relevante Ausgangslage bzw. Eingabe und das sichtbare Ergebnis des jeweiligen Schrittes nachvollziehbar zeigen.
- Alle Schritte des Tests muessen einen eigenen Nachweis besitzen; bei Eingabeschritten sind Eingabe und anschliessende Reaktion zu dokumentieren.
- PASS nur vergeben, wenn alle Schritte erfolgreich abgeschlossen und fuer alle Schritte Screenshots hinterlegt sind.
- FAIL oder BLOCKED ebenfalls mit Screenshot(s), tatsaechlichem Ergebnis, Datum, Tester und Umgebung dokumentieren; bei FAIL einen Bug mit Reproduktionsschritten und Verweis auf diesen Test anlegen.
- Passwoerter, Tokens, Zahlungsdaten und sonstige Geheimnisse niemals im Klartext speichern; vor dem Anhang maskieren oder schwaerzen."
KAN-734,E5-09 Bestellung erneut zusammenstellen – Eigene Daten und Historie,"Abgedeckte Story: KAN-66 – E5-09 Bestellung erneut zusammenstellen
Testart: Eigene Daten und Historie
Priorität der Story: Medium

Ziel
Konto- und Bestelldaten verwalten

Vorbedingungen
- Die Anwendung ist erreichbar und die erforderlichen Testdaten sind vorbereitet.
- Der Test wird in einer isolierten Umgebung mit nachvollziehbaren Benutzerrollen ausgeführt.

Schritte
1. Persönliche Daten und Adresse ändern.
2. Bestellung mit Konto durchführen.
3. Historie und Status öffnen.
4. Seite neu laden und erneut prüfen.

Erwartetes Ergebnis
Nur eigene Daten sind sichtbar; Änderungen und Bestellstatus bleiben konsistent.

Responsive Viewports
- Desktop: 1440 x 900 CSS-Pixel.
- Full HD: 1920 x 1080 CSS-Pixel.
- WQHD: 2560 x 1440 CSS-Pixel.
- Ultrawide: 3440 x 1440 CSS-Pixel.
- 4K: 3840 x 2160 CSS-Pixel.
- Tablet: 768 x 1024 CSS-Pixel.
- Smartphone: 390 x 844 CSS-Pixel.
- Bei UI-Tests jeden definierten Viewport pruefen und je Viewport einen eigenen Screenshot am Testlauf hinterlegen.

Beleg und Nachbereitung
- Fuer jeden einzelnen Testschritt unmittelbar nach der Ausfuehrung einen Screenshot als Anhang am Testlauf hinterlegen.
- Der Screenshot muss die relevante Ausgangslage bzw. Eingabe und das sichtbare Ergebnis des jeweiligen Schrittes nachvollziehbar zeigen.
- Alle Schritte des Tests muessen einen eigenen Nachweis besitzen; bei Eingabeschritten sind Eingabe und anschliessende Reaktion zu dokumentieren.
- PASS nur vergeben, wenn alle Schritte erfolgreich abgeschlossen und fuer alle Schritte Screenshots hinterlegt sind.
- FAIL oder BLOCKED ebenfalls mit Screenshot(s), tatsaechlichem Ergebnis, Datum, Tester und Umgebung dokumentieren; bei FAIL einen Bug mit Reproduktionsschritten und Verweis auf diesen Test anlegen.
- Passwoerter, Tokens, Zahlungsdaten und sonstige Geheimnisse niemals im Klartext speichern; vor dem Anhang maskieren oder schwaerzen."
KAN-735,E5-09 Bestellung erneut zusammenstellen – Datenschutz und Berechtigung,"Abgedeckte Story: KAN-66 – E5-09 Bestellung erneut zusammenstellen
Testart: Datenschutz und Berechtigung
Priorität der Story: Medium

Ziel
Kontogrenzen und Datenschutzaktionen prüfen

Vorbedingungen
- Die Anwendung ist erreichbar und die erforderlichen Testdaten sind vorbereitet.
- Der Test wird in einer isolierten Umgebung mit nachvollziehbaren Benutzerrollen ausgeführt.

Schritte
1. Fremde Konto-URL beziehungsweise API-ID verwenden.
2. Export oder Löschung anfordern.
3. Bestätigung beziehungsweise Re-Authentifizierung prüfen.
4. Folgezugriff und Audit kontrollieren.

Erwartetes Ergebnis
Fremdzugriff ist unmöglich; Datenschutzaktionen sind vollständig, bestätigt und nachvollziehbar.

Responsive Viewports
- Desktop: 1440 x 900 CSS-Pixel.
- Full HD: 1920 x 1080 CSS-Pixel.
- WQHD: 2560 x 1440 CSS-Pixel.
- Ultrawide: 3440 x 1440 CSS-Pixel.
- 4K: 3840 x 2160 CSS-Pixel.
- Tablet: 768 x 1024 CSS-Pixel.
- Smartphone: 390 x 844 CSS-Pixel.
- Bei UI-Tests jeden definierten Viewport pruefen und je Viewport einen eigenen Screenshot am Testlauf hinterlegen.

Beleg und Nachbereitung
- Fuer jeden einzelnen Testschritt unmittelbar nach der Ausfuehrung einen Screenshot als Anhang am Testlauf hinterlegen.
- Der Screenshot muss die relevante Ausgangslage bzw. Eingabe und das sichtbare Ergebnis des jeweiligen Schrittes nachvollziehbar zeigen.
- Alle Schritte des Tests muessen einen eigenen Nachweis besitzen; bei Eingabeschritten sind Eingabe und anschliessende Reaktion zu dokumentieren.
- PASS nur vergeben, wenn alle Schritte erfolgreich abgeschlossen und fuer alle Schritte Screenshots hinterlegt sind.
- FAIL oder BLOCKED ebenfalls mit Screenshot(s), tatsaechlichem Ergebnis, Datum, Tester und Umgebung dokumentieren; bei FAIL einen Bug mit Reproduktionsschritten und Verweis auf diesen Test anlegen.
- Passwoerter, Tokens, Zahlungsdaten und sonstige Geheimnisse niemals im Klartext speichern; vor dem Anhang maskieren oder schwaerzen."
KAN-736,E5-10 Konto löschen oder Daten exportieren – Konto-Lebenszyklus,"Abgedeckte Story: KAN-67 – E5-10 Konto löschen oder Daten exportieren
Testart: Konto-Lebenszyklus
Priorität der Story: Medium

Ziel
Konto sicher registrieren und anmelden

Vorbedingungen
- Die Anwendung ist erreichbar und die erforderlichen Testdaten sind vorbereitet.
- Der Test wird in einer isolierten Umgebung mit nachvollziehbaren Benutzerrollen ausgeführt.

Schritte
1. Registrierung mit gültiger Adresse durchführen.
2. Bestätigung abschließen.
3. Anmelden, abmelden und erneut anmelden.
4. Passwortreset durchführen.

Erwartetes Ergebnis
Nur bestätigte und korrekte Zugangsdaten erlauben Zugriff; Tokens und Fehlermeldungen verhalten sich sicher.

Responsive Viewports
- Desktop: 1440 x 900 CSS-Pixel.
- Full HD: 1920 x 1080 CSS-Pixel.
- WQHD: 2560 x 1440 CSS-Pixel.
- Ultrawide: 3440 x 1440 CSS-Pixel.
- 4K: 3840 x 2160 CSS-Pixel.
- Tablet: 768 x 1024 CSS-Pixel.
- Smartphone: 390 x 844 CSS-Pixel.
- Bei UI-Tests jeden definierten Viewport pruefen und je Viewport einen eigenen Screenshot am Testlauf hinterlegen.

Beleg und Nachbereitung
- Fuer jeden einzelnen Testschritt unmittelbar nach der Ausfuehrung einen Screenshot als Anhang am Testlauf hinterlegen.
- Der Screenshot muss die relevante Ausgangslage bzw. Eingabe und das sichtbare Ergebnis des jeweiligen Schrittes nachvollziehbar zeigen.
- Alle Schritte des Tests muessen einen eigenen Nachweis besitzen; bei Eingabeschritten sind Eingabe und anschliessende Reaktion zu dokumentieren.
- PASS nur vergeben, wenn alle Schritte erfolgreich abgeschlossen und fuer alle Schritte Screenshots hinterlegt sind.
- FAIL oder BLOCKED ebenfalls mit Screenshot(s), tatsaechlichem Ergebnis, Datum, Tester und Umgebung dokumentieren; bei FAIL einen Bug mit Reproduktionsschritten und Verweis auf diesen Test anlegen.
- Passwoerter, Tokens, Zahlungsdaten und sonstige Geheimnisse niemals im Klartext speichern; vor dem Anhang maskieren oder schwaerzen."
KAN-737,E5-10 Konto löschen oder Daten exportieren – Eigene Daten und Historie,"Abgedeckte Story: KAN-67 – E5-10 Konto löschen oder Daten exportieren
Testart: Eigene Daten und Historie
Priorität der Story: Medium

Ziel
Konto- und Bestelldaten verwalten

Vorbedingungen
- Die Anwendung ist erreichbar und die erforderlichen Testdaten sind vorbereitet.
- Der Test wird in einer isolierten Umgebung mit nachvollziehbaren Benutzerrollen ausgeführt.

Schritte
1. Persönliche Daten und Adresse ändern.
2. Bestellung mit Konto durchführen.
3. Historie und Status öffnen.
4. Seite neu laden und erneut prüfen.

Erwartetes Ergebnis
Nur eigene Daten sind sichtbar; Änderungen und Bestellstatus bleiben konsistent.

Responsive Viewports
- Desktop: 1440 x 900 CSS-Pixel.
- Full HD: 1920 x 1080 CSS-Pixel.
- WQHD: 2560 x 1440 CSS-Pixel.
- Ultrawide: 3440 x 1440 CSS-Pixel.
- 4K: 3840 x 2160 CSS-Pixel.
- Tablet: 768 x 1024 CSS-Pixel.
- Smartphone: 390 x 844 CSS-Pixel.
- Bei UI-Tests jeden definierten Viewport pruefen und je Viewport einen eigenen Screenshot am Testlauf hinterlegen.

Beleg und Nachbereitung
- Fuer jeden einzelnen Testschritt unmittelbar nach der Ausfuehrung einen Screenshot als Anhang am Testlauf hinterlegen.
- Der Screenshot muss die relevante Ausgangslage bzw. Eingabe und das sichtbare Ergebnis des jeweiligen Schrittes nachvollziehbar zeigen.
- Alle Schritte des Tests muessen einen eigenen Nachweis besitzen; bei Eingabeschritten sind Eingabe und anschliessende Reaktion zu dokumentieren.
- PASS nur vergeben, wenn alle Schritte erfolgreich abgeschlossen und fuer alle Schritte Screenshots hinterlegt sind.
- FAIL oder BLOCKED ebenfalls mit Screenshot(s), tatsaechlichem Ergebnis, Datum, Tester und Umgebung dokumentieren; bei FAIL einen Bug mit Reproduktionsschritten und Verweis auf diesen Test anlegen.
- Passwoerter, Tokens, Zahlungsdaten und sonstige Geheimnisse niemals im Klartext speichern; vor dem Anhang maskieren oder schwaerzen."
KAN-738,E5-10 Konto löschen oder Daten exportieren – Datenschutz und Berechtigung,"Abgedeckte Story: KAN-67 – E5-10 Konto löschen oder Daten exportieren
Testart: Datenschutz und Berechtigung
Priorität der Story: Medium

Ziel
Kontogrenzen und Datenschutzaktionen prüfen

Vorbedingungen
- Die Anwendung ist erreichbar und die erforderlichen Testdaten sind vorbereitet.
- Der Test wird in einer isolierten Umgebung mit nachvollziehbaren Benutzerrollen ausgeführt.

Schritte
1. Fremde Konto-URL beziehungsweise API-ID verwenden.
2. Export oder Löschung anfordern.
3. Bestätigung beziehungsweise Re-Authentifizierung prüfen.
4. Folgezugriff und Audit kontrollieren.

Erwartetes Ergebnis
Fremdzugriff ist unmöglich; Datenschutzaktionen sind vollständig, bestätigt und nachvollziehbar.

Responsive Viewports
- Desktop: 1440 x 900 CSS-Pixel.
- Full HD: 1920 x 1080 CSS-Pixel.
- WQHD: 2560 x 1440 CSS-Pixel.
- Ultrawide: 3440 x 1440 CSS-Pixel.
- 4K: 3840 x 2160 CSS-Pixel.
- Tablet: 768 x 1024 CSS-Pixel.
- Smartphone: 390 x 844 CSS-Pixel.
- Bei UI-Tests jeden definierten Viewport pruefen und je Viewport einen eigenen Screenshot am Testlauf hinterlegen.

Beleg und Nachbereitung
- Fuer jeden einzelnen Testschritt unmittelbar nach der Ausfuehrung einen Screenshot als Anhang am Testlauf hinterlegen.
- Der Screenshot muss die relevante Ausgangslage bzw. Eingabe und das sichtbare Ergebnis des jeweiligen Schrittes nachvollziehbar zeigen.
- Alle Schritte des Tests muessen einen eigenen Nachweis besitzen; bei Eingabeschritten sind Eingabe und anschliessende Reaktion zu dokumentieren.
- PASS nur vergeben, wenn alle Schritte erfolgreich abgeschlossen und fuer alle Schritte Screenshots hinterlegt sind.
- FAIL oder BLOCKED ebenfalls mit Screenshot(s), tatsaechlichem Ergebnis, Datum, Tester und Umgebung dokumentieren; bei FAIL einen Bug mit Reproduktionsschritten und Verweis auf diesen Test anlegen.
- Passwoerter, Tokens, Zahlungsdaten und sonstige Geheimnisse niemals im Klartext speichern; vor dem Anhang maskieren oder schwaerzen."
KAN-739,E6-01 Einzelne Karte anbieten – Angebot einreichen,"Abgedeckte Story: KAN-68 – E6-01 Einzelne Karte anbieten
Testart: Angebot einreichen
Priorität der Story: Lowest

Ziel
Eine vollständige Karte als Verkäufer anbieten

Vorbedingungen
- Die Anwendung ist erreichbar und die erforderlichen Testdaten sind vorbereitet.
- Der Test wird in einer isolierten Umgebung mit nachvollziehbaren Benutzerrollen ausgeführt.

Schritte
1. Verkäufer anmelden.
2. Kartendaten, Bilder, Zustand und Preis erfassen.
3. Angebot speichern beziehungsweise einreichen.
4. Status und Bestätigung prüfen.

Erwartetes Ergebnis
Das Angebot ist vollständig, eindeutig und im erwarteten Status sichtbar.

Responsive Viewports
- Desktop: 1440 x 900 CSS-Pixel.
- Full HD: 1920 x 1080 CSS-Pixel.
- WQHD: 2560 x 1440 CSS-Pixel.
- Ultrawide: 3440 x 1440 CSS-Pixel.
- 4K: 3840 x 2160 CSS-Pixel.
- Tablet: 768 x 1024 CSS-Pixel.
- Smartphone: 390 x 844 CSS-Pixel.
- Bei UI-Tests jeden definierten Viewport pruefen und je Viewport einen eigenen Screenshot am Testlauf hinterlegen.

Beleg und Nachbereitung
- Fuer jeden einzelnen Testschritt unmittelbar nach der Ausfuehrung einen Screenshot als Anhang am Testlauf hinterlegen.
- Der Screenshot muss die relevante Ausgangslage bzw. Eingabe und das sichtbare Ergebnis des jeweiligen Schrittes nachvollziehbar zeigen.
- Alle Schritte des Tests muessen einen eigenen Nachweis besitzen; bei Eingabeschritten sind Eingabe und anschliessende Reaktion zu dokumentieren.
- PASS nur vergeben, wenn alle Schritte erfolgreich abgeschlossen und fuer alle Schritte Screenshots hinterlegt sind.
- FAIL oder BLOCKED ebenfalls mit Screenshot(s), tatsaechlichem Ergebnis, Datum, Tester und Umgebung dokumentieren; bei FAIL einen Bug mit Reproduktionsschritten und Verweis auf diesen Test anlegen.
- Passwoerter, Tokens, Zahlungsdaten und sonstige Geheimnisse niemals im Klartext speichern; vor dem Anhang maskieren oder schwaerzen."
KAN-740,E6-01 Einzelne Karte anbieten – Ungültige und fremde Daten,"Abgedeckte Story: KAN-68 – E6-01 Einzelne Karte anbieten
Testart: Ungültige und fremde Daten
Priorität der Story: Lowest

Ziel
Verkäuferfehler und Berechtigungen prüfen

Vorbedingungen
- Die Anwendung ist erreichbar und die erforderlichen Testdaten sind vorbereitet.
- Der Test wird in einer isolierten Umgebung mit nachvollziehbaren Benutzerrollen ausgeführt.

Schritte
1. Fehlende oder ungültige Daten senden.
2. Zu große oder falsche Bilder verwenden.
3. Fremdes Angebot über URL/API aufrufen.
4. Fehler beheben und erneut speichern.

Erwartetes Ergebnis
Fehler sind verständlich; fremde Daten bleiben geschützt; gültige Teildaten gehen nicht verloren.

Responsive Viewports
- Desktop: 1440 x 900 CSS-Pixel.
- Full HD: 1920 x 1080 CSS-Pixel.
- WQHD: 2560 x 1440 CSS-Pixel.
- Ultrawide: 3440 x 1440 CSS-Pixel.
- 4K: 3840 x 2160 CSS-Pixel.
- Tablet: 768 x 1024 CSS-Pixel.
- Smartphone: 390 x 844 CSS-Pixel.
- Bei UI-Tests jeden definierten Viewport pruefen und je Viewport einen eigenen Screenshot am Testlauf hinterlegen.

Beleg und Nachbereitung
- Fuer jeden einzelnen Testschritt unmittelbar nach der Ausfuehrung einen Screenshot als Anhang am Testlauf hinterlegen.
- Der Screenshot muss die relevante Ausgangslage bzw. Eingabe und das sichtbare Ergebnis des jeweiligen Schrittes nachvollziehbar zeigen.
- Alle Schritte des Tests muessen einen eigenen Nachweis besitzen; bei Eingabeschritten sind Eingabe und anschliessende Reaktion zu dokumentieren.
- PASS nur vergeben, wenn alle Schritte erfolgreich abgeschlossen und fuer alle Schritte Screenshots hinterlegt sind.
- FAIL oder BLOCKED ebenfalls mit Screenshot(s), tatsaechlichem Ergebnis, Datum, Tester und Umgebung dokumentieren; bei FAIL einen Bug mit Reproduktionsschritten und Verweis auf diesen Test anlegen.
- Passwoerter, Tokens, Zahlungsdaten und sonstige Geheimnisse niemals im Klartext speichern; vor dem Anhang maskieren oder schwaerzen."
KAN-741,E6-01 Einzelne Karte anbieten – Angebotsstatus und Auszahlung,"Abgedeckte Story: KAN-68 – E6-01 Einzelne Karte anbieten
Testart: Angebotsstatus und Auszahlung
Priorität der Story: Lowest

Ziel
Prüfung, Verhandlung und Übergabe verfolgen

Vorbedingungen
- Die Anwendung ist erreichbar und die erforderlichen Testdaten sind vorbereitet.
- Der Test wird in einer isolierten Umgebung mit nachvollziehbaren Benutzerrollen ausgeführt.

Schritte
1. Adminprüfung durchführen.
2. Preisangebot annehmen oder ablehnen.
3. Übergabe- und Auszahlungsstatus ändern.
4. Benachrichtigungen und Audit prüfen.

Erwartetes Ergebnis
Jeder Übergang ist nachvollziehbar, berechtigt und erzeugt die richtigen Informationen für alle Beteiligten.

Responsive Viewports
- Desktop: 1440 x 900 CSS-Pixel.
- Full HD: 1920 x 1080 CSS-Pixel.
- WQHD: 2560 x 1440 CSS-Pixel.
- Ultrawide: 3440 x 1440 CSS-Pixel.
- 4K: 3840 x 2160 CSS-Pixel.
- Tablet: 768 x 1024 CSS-Pixel.
- Smartphone: 390 x 844 CSS-Pixel.
- Bei UI-Tests jeden definierten Viewport pruefen und je Viewport einen eigenen Screenshot am Testlauf hinterlegen.

Beleg und Nachbereitung
- Fuer jeden einzelnen Testschritt unmittelbar nach der Ausfuehrung einen Screenshot als Anhang am Testlauf hinterlegen.
- Der Screenshot muss die relevante Ausgangslage bzw. Eingabe und das sichtbare Ergebnis des jeweiligen Schrittes nachvollziehbar zeigen.
- Alle Schritte des Tests muessen einen eigenen Nachweis besitzen; bei Eingabeschritten sind Eingabe und anschliessende Reaktion zu dokumentieren.
- PASS nur vergeben, wenn alle Schritte erfolgreich abgeschlossen und fuer alle Schritte Screenshots hinterlegt sind.
- FAIL oder BLOCKED ebenfalls mit Screenshot(s), tatsaechlichem Ergebnis, Datum, Tester und Umgebung dokumentieren; bei FAIL einen Bug mit Reproduktionsschritten und Verweis auf diesen Test anlegen.
- Passwoerter, Tokens, Zahlungsdaten und sonstige Geheimnisse niemals im Klartext speichern; vor dem Anhang maskieren oder schwaerzen."
KAN-742,E6-02 Sammlung anbieten – Angebot einreichen,"Abgedeckte Story: KAN-69 – E6-02 Sammlung anbieten
Testart: Angebot einreichen
Priorität der Story: Lowest

Ziel
Eine vollständige Karte als Verkäufer anbieten

Vorbedingungen
- Die Anwendung ist erreichbar und die erforderlichen Testdaten sind vorbereitet.
- Der Test wird in einer isolierten Umgebung mit nachvollziehbaren Benutzerrollen ausgeführt.

Schritte
1. Verkäufer anmelden.
2. Kartendaten, Bilder, Zustand und Preis erfassen.
3. Angebot speichern beziehungsweise einreichen.
4. Status und Bestätigung prüfen.

Erwartetes Ergebnis
Das Angebot ist vollständig, eindeutig und im erwarteten Status sichtbar.

Responsive Viewports
- Desktop: 1440 x 900 CSS-Pixel.
- Full HD: 1920 x 1080 CSS-Pixel.
- WQHD: 2560 x 1440 CSS-Pixel.
- Ultrawide: 3440 x 1440 CSS-Pixel.
- 4K: 3840 x 2160 CSS-Pixel.
- Tablet: 768 x 1024 CSS-Pixel.
- Smartphone: 390 x 844 CSS-Pixel.
- Bei UI-Tests jeden definierten Viewport pruefen und je Viewport einen eigenen Screenshot am Testlauf hinterlegen.

Beleg und Nachbereitung
- Fuer jeden einzelnen Testschritt unmittelbar nach der Ausfuehrung einen Screenshot als Anhang am Testlauf hinterlegen.
- Der Screenshot muss die relevante Ausgangslage bzw. Eingabe und das sichtbare Ergebnis des jeweiligen Schrittes nachvollziehbar zeigen.
- Alle Schritte des Tests muessen einen eigenen Nachweis besitzen; bei Eingabeschritten sind Eingabe und anschliessende Reaktion zu dokumentieren.
- PASS nur vergeben, wenn alle Schritte erfolgreich abgeschlossen und fuer alle Schritte Screenshots hinterlegt sind.
- FAIL oder BLOCKED ebenfalls mit Screenshot(s), tatsaechlichem Ergebnis, Datum, Tester und Umgebung dokumentieren; bei FAIL einen Bug mit Reproduktionsschritten und Verweis auf diesen Test anlegen.
- Passwoerter, Tokens, Zahlungsdaten und sonstige Geheimnisse niemals im Klartext speichern; vor dem Anhang maskieren oder schwaerzen."
KAN-743,E6-02 Sammlung anbieten – Ungültige und fremde Daten,"Abgedeckte Story: KAN-69 – E6-02 Sammlung anbieten
Testart: Ungültige und fremde Daten
Priorität der Story: Lowest

Ziel
Verkäuferfehler und Berechtigungen prüfen

Vorbedingungen
- Die Anwendung ist erreichbar und die erforderlichen Testdaten sind vorbereitet.
- Der Test wird in einer isolierten Umgebung mit nachvollziehbaren Benutzerrollen ausgeführt.

Schritte
1. Fehlende oder ungültige Daten senden.
2. Zu große oder falsche Bilder verwenden.
3. Fremdes Angebot über URL/API aufrufen.
4. Fehler beheben und erneut speichern.

Erwartetes Ergebnis
Fehler sind verständlich; fremde Daten bleiben geschützt; gültige Teildaten gehen nicht verloren.

Responsive Viewports
- Desktop: 1440 x 900 CSS-Pixel.
- Full HD: 1920 x 1080 CSS-Pixel.
- WQHD: 2560 x 1440 CSS-Pixel.
- Ultrawide: 3440 x 1440 CSS-Pixel.
- 4K: 3840 x 2160 CSS-Pixel.
- Tablet: 768 x 1024 CSS-Pixel.
- Smartphone: 390 x 844 CSS-Pixel.
- Bei UI-Tests jeden definierten Viewport pruefen und je Viewport einen eigenen Screenshot am Testlauf hinterlegen.

Beleg und Nachbereitung
- Fuer jeden einzelnen Testschritt unmittelbar nach der Ausfuehrung einen Screenshot als Anhang am Testlauf hinterlegen.
- Der Screenshot muss die relevante Ausgangslage bzw. Eingabe und das sichtbare Ergebnis des jeweiligen Schrittes nachvollziehbar zeigen.
- Alle Schritte des Tests muessen einen eigenen Nachweis besitzen; bei Eingabeschritten sind Eingabe und anschliessende Reaktion zu dokumentieren.
- PASS nur vergeben, wenn alle Schritte erfolgreich abgeschlossen und fuer alle Schritte Screenshots hinterlegt sind.
- FAIL oder BLOCKED ebenfalls mit Screenshot(s), tatsaechlichem Ergebnis, Datum, Tester und Umgebung dokumentieren; bei FAIL einen Bug mit Reproduktionsschritten und Verweis auf diesen Test anlegen.
- Passwoerter, Tokens, Zahlungsdaten und sonstige Geheimnisse niemals im Klartext speichern; vor dem Anhang maskieren oder schwaerzen."
KAN-744,E6-02 Sammlung anbieten – Angebotsstatus und Auszahlung,"Abgedeckte Story: KAN-69 – E6-02 Sammlung anbieten
Testart: Angebotsstatus und Auszahlung
Priorität der Story: Lowest

Ziel
Prüfung, Verhandlung und Übergabe verfolgen

Vorbedingungen
- Die Anwendung ist erreichbar und die erforderlichen Testdaten sind vorbereitet.
- Der Test wird in einer isolierten Umgebung mit nachvollziehbaren Benutzerrollen ausgeführt.

Schritte
1. Adminprüfung durchführen.
2. Preisangebot annehmen oder ablehnen.
3. Übergabe- und Auszahlungsstatus ändern.
4. Benachrichtigungen und Audit prüfen.

Erwartetes Ergebnis
Jeder Übergang ist nachvollziehbar, berechtigt und erzeugt die richtigen Informationen für alle Beteiligten.

Responsive Viewports
- Desktop: 1440 x 900 CSS-Pixel.
- Full HD: 1920 x 1080 CSS-Pixel.
- WQHD: 2560 x 1440 CSS-Pixel.
- Ultrawide: 3440 x 1440 CSS-Pixel.
- 4K: 3840 x 2160 CSS-Pixel.
- Tablet: 768 x 1024 CSS-Pixel.
- Smartphone: 390 x 844 CSS-Pixel.
- Bei UI-Tests jeden definierten Viewport pruefen und je Viewport einen eigenen Screenshot am Testlauf hinterlegen.

Beleg und Nachbereitung
- Fuer jeden einzelnen Testschritt unmittelbar nach der Ausfuehrung einen Screenshot als Anhang am Testlauf hinterlegen.
- Der Screenshot muss die relevante Ausgangslage bzw. Eingabe und das sichtbare Ergebnis des jeweiligen Schrittes nachvollziehbar zeigen.
- Alle Schritte des Tests muessen einen eigenen Nachweis besitzen; bei Eingabeschritten sind Eingabe und anschliessende Reaktion zu dokumentieren.
- PASS nur vergeben, wenn alle Schritte erfolgreich abgeschlossen und fuer alle Schritte Screenshots hinterlegt sind.
- FAIL oder BLOCKED ebenfalls mit Screenshot(s), tatsaechlichem Ergebnis, Datum, Tester und Umgebung dokumentieren; bei FAIL einen Bug mit Reproduktionsschritten und Verweis auf diesen Test anlegen.
- Passwoerter, Tokens, Zahlungsdaten und sonstige Geheimnisse niemals im Klartext speichern; vor dem Anhang maskieren oder schwaerzen."
KAN-745,E6-03 Verkaufsbilder hochladen – Angebot einreichen,"Abgedeckte Story: KAN-70 – E6-03 Verkaufsbilder hochladen
Testart: Angebot einreichen
Priorität der Story: Lowest

Ziel
Eine vollständige Karte als Verkäufer anbieten

Vorbedingungen
- Die Anwendung ist erreichbar und die erforderlichen Testdaten sind vorbereitet.
- Der Test wird in einer isolierten Umgebung mit nachvollziehbaren Benutzerrollen ausgeführt.

Schritte
1. Verkäufer anmelden.
2. Kartendaten, Bilder, Zustand und Preis erfassen.
3. Angebot speichern beziehungsweise einreichen.
4. Status und Bestätigung prüfen.

Erwartetes Ergebnis
Das Angebot ist vollständig, eindeutig und im erwarteten Status sichtbar.

Responsive Viewports
- Desktop: 1440 x 900 CSS-Pixel.
- Full HD: 1920 x 1080 CSS-Pixel.
- WQHD: 2560 x 1440 CSS-Pixel.
- Ultrawide: 3440 x 1440 CSS-Pixel.
- 4K: 3840 x 2160 CSS-Pixel.
- Tablet: 768 x 1024 CSS-Pixel.
- Smartphone: 390 x 844 CSS-Pixel.
- Bei UI-Tests jeden definierten Viewport pruefen und je Viewport einen eigenen Screenshot am Testlauf hinterlegen.

Beleg und Nachbereitung
- Fuer jeden einzelnen Testschritt unmittelbar nach der Ausfuehrung einen Screenshot als Anhang am Testlauf hinterlegen.
- Der Screenshot muss die relevante Ausgangslage bzw. Eingabe und das sichtbare Ergebnis des jeweiligen Schrittes nachvollziehbar zeigen.
- Alle Schritte des Tests muessen einen eigenen Nachweis besitzen; bei Eingabeschritten sind Eingabe und anschliessende Reaktion zu dokumentieren.
- PASS nur vergeben, wenn alle Schritte erfolgreich abgeschlossen und fuer alle Schritte Screenshots hinterlegt sind.
- FAIL oder BLOCKED ebenfalls mit Screenshot(s), tatsaechlichem Ergebnis, Datum, Tester und Umgebung dokumentieren; bei FAIL einen Bug mit Reproduktionsschritten und Verweis auf diesen Test anlegen.
- Passwoerter, Tokens, Zahlungsdaten und sonstige Geheimnisse niemals im Klartext speichern; vor dem Anhang maskieren oder schwaerzen."
KAN-746,E6-03 Verkaufsbilder hochladen – Ungültige und fremde Daten,"Abgedeckte Story: KAN-70 – E6-03 Verkaufsbilder hochladen
Testart: Ungültige und fremde Daten
Priorität der Story: Lowest

Ziel
Verkäuferfehler und Berechtigungen prüfen

Vorbedingungen
- Die Anwendung ist erreichbar und die erforderlichen Testdaten sind vorbereitet.
- Der Test wird in einer isolierten Umgebung mit nachvollziehbaren Benutzerrollen ausgeführt.

Schritte
1. Fehlende oder ungültige Daten senden.
2. Zu große oder falsche Bilder verwenden.
3. Fremdes Angebot über URL/API aufrufen.
4. Fehler beheben und erneut speichern.

Erwartetes Ergebnis
Fehler sind verständlich; fremde Daten bleiben geschützt; gültige Teildaten gehen nicht verloren.

Responsive Viewports
- Desktop: 1440 x 900 CSS-Pixel.
- Full HD: 1920 x 1080 CSS-Pixel.
- WQHD: 2560 x 1440 CSS-Pixel.
- Ultrawide: 3440 x 1440 CSS-Pixel.
- 4K: 3840 x 2160 CSS-Pixel.
- Tablet: 768 x 1024 CSS-Pixel.
- Smartphone: 390 x 844 CSS-Pixel.
- Bei UI-Tests jeden definierten Viewport pruefen und je Viewport einen eigenen Screenshot am Testlauf hinterlegen.

Beleg und Nachbereitung
- Fuer jeden einzelnen Testschritt unmittelbar nach der Ausfuehrung einen Screenshot als Anhang am Testlauf hinterlegen.
- Der Screenshot muss die relevante Ausgangslage bzw. Eingabe und das sichtbare Ergebnis des jeweiligen Schrittes nachvollziehbar zeigen.
- Alle Schritte des Tests muessen einen eigenen Nachweis besitzen; bei Eingabeschritten sind Eingabe und anschliessende Reaktion zu dokumentieren.
- PASS nur vergeben, wenn alle Schritte erfolgreich abgeschlossen und fuer alle Schritte Screenshots hinterlegt sind.
- FAIL oder BLOCKED ebenfalls mit Screenshot(s), tatsaechlichem Ergebnis, Datum, Tester und Umgebung dokumentieren; bei FAIL einen Bug mit Reproduktionsschritten und Verweis auf diesen Test anlegen.
- Passwoerter, Tokens, Zahlungsdaten und sonstige Geheimnisse niemals im Klartext speichern; vor dem Anhang maskieren oder schwaerzen."
KAN-747,E6-03 Verkaufsbilder hochladen – Angebotsstatus und Auszahlung,"Abgedeckte Story: KAN-70 – E6-03 Verkaufsbilder hochladen
Testart: Angebotsstatus und Auszahlung
Priorität der Story: Lowest

Ziel
Prüfung, Verhandlung und Übergabe verfolgen

Vorbedingungen
- Die Anwendung ist erreichbar und die erforderlichen Testdaten sind vorbereitet.
- Der Test wird in einer isolierten Umgebung mit nachvollziehbaren Benutzerrollen ausgeführt.

Schritte
1. Adminprüfung durchführen.
2. Preisangebot annehmen oder ablehnen.
3. Übergabe- und Auszahlungsstatus ändern.
4. Benachrichtigungen und Audit prüfen.

Erwartetes Ergebnis
Jeder Übergang ist nachvollziehbar, berechtigt und erzeugt die richtigen Informationen für alle Beteiligten.

Responsive Viewports
- Desktop: 1440 x 900 CSS-Pixel.
- Full HD: 1920 x 1080 CSS-Pixel.
- WQHD: 2560 x 1440 CSS-Pixel.
- Ultrawide: 3440 x 1440 CSS-Pixel.
- 4K: 3840 x 2160 CSS-Pixel.
- Tablet: 768 x 1024 CSS-Pixel.
- Smartphone: 390 x 844 CSS-Pixel.
- Bei UI-Tests jeden definierten Viewport pruefen und je Viewport einen eigenen Screenshot am Testlauf hinterlegen.

Beleg und Nachbereitung
- Fuer jeden einzelnen Testschritt unmittelbar nach der Ausfuehrung einen Screenshot als Anhang am Testlauf hinterlegen.
- Der Screenshot muss die relevante Ausgangslage bzw. Eingabe und das sichtbare Ergebnis des jeweiligen Schrittes nachvollziehbar zeigen.
- Alle Schritte des Tests muessen einen eigenen Nachweis besitzen; bei Eingabeschritten sind Eingabe und anschliessende Reaktion zu dokumentieren.
- PASS nur vergeben, wenn alle Schritte erfolgreich abgeschlossen und fuer alle Schritte Screenshots hinterlegt sind.
- FAIL oder BLOCKED ebenfalls mit Screenshot(s), tatsaechlichem Ergebnis, Datum, Tester und Umgebung dokumentieren; bei FAIL einen Bug mit Reproduktionsschritten und Verweis auf diesen Test anlegen.
- Passwoerter, Tokens, Zahlungsdaten und sonstige Geheimnisse niemals im Klartext speichern; vor dem Anhang maskieren oder schwaerzen."
KAN-748,E6-04 Verkaufsdaten erfassen – Angebot einreichen,"Abgedeckte Story: KAN-71 – E6-04 Verkaufsdaten erfassen
Testart: Angebot einreichen
Priorität der Story: Lowest

Ziel
Eine vollständige Karte als Verkäufer anbieten

Vorbedingungen
- Die Anwendung ist erreichbar und die erforderlichen Testdaten sind vorbereitet.
- Der Test wird in einer isolierten Umgebung mit nachvollziehbaren Benutzerrollen ausgeführt.

Schritte
1. Verkäufer anmelden.
2. Kartendaten, Bilder, Zustand und Preis erfassen.
3. Angebot speichern beziehungsweise einreichen.
4. Status und Bestätigung prüfen.

Erwartetes Ergebnis
Das Angebot ist vollständig, eindeutig und im erwarteten Status sichtbar.

Responsive Viewports
- Desktop: 1440 x 900 CSS-Pixel.
- Full HD: 1920 x 1080 CSS-Pixel.
- WQHD: 2560 x 1440 CSS-Pixel.
- Ultrawide: 3440 x 1440 CSS-Pixel.
- 4K: 3840 x 2160 CSS-Pixel.
- Tablet: 768 x 1024 CSS-Pixel.
- Smartphone: 390 x 844 CSS-Pixel.
- Bei UI-Tests jeden definierten Viewport pruefen und je Viewport einen eigenen Screenshot am Testlauf hinterlegen.

Beleg und Nachbereitung
- Fuer jeden einzelnen Testschritt unmittelbar nach der Ausfuehrung einen Screenshot als Anhang am Testlauf hinterlegen.
- Der Screenshot muss die relevante Ausgangslage bzw. Eingabe und das sichtbare Ergebnis des jeweiligen Schrittes nachvollziehbar zeigen.
- Alle Schritte des Tests muessen einen eigenen Nachweis besitzen; bei Eingabeschritten sind Eingabe und anschliessende Reaktion zu dokumentieren.
- PASS nur vergeben, wenn alle Schritte erfolgreich abgeschlossen und fuer alle Schritte Screenshots hinterlegt sind.
- FAIL oder BLOCKED ebenfalls mit Screenshot(s), tatsaechlichem Ergebnis, Datum, Tester und Umgebung dokumentieren; bei FAIL einen Bug mit Reproduktionsschritten und Verweis auf diesen Test anlegen.
- Passwoerter, Tokens, Zahlungsdaten und sonstige Geheimnisse niemals im Klartext speichern; vor dem Anhang maskieren oder schwaerzen."
KAN-749,E6-04 Verkaufsdaten erfassen – Ungültige und fremde Daten,"Abgedeckte Story: KAN-71 – E6-04 Verkaufsdaten erfassen
Testart: Ungültige und fremde Daten
Priorität der Story: Lowest

Ziel
Verkäuferfehler und Berechtigungen prüfen

Vorbedingungen
- Die Anwendung ist erreichbar und die erforderlichen Testdaten sind vorbereitet.
- Der Test wird in einer isolierten Umgebung mit nachvollziehbaren Benutzerrollen ausgeführt.

Schritte
1. Fehlende oder ungültige Daten senden.
2. Zu große oder falsche Bilder verwenden.
3. Fremdes Angebot über URL/API aufrufen.
4. Fehler beheben und erneut speichern.

Erwartetes Ergebnis
Fehler sind verständlich; fremde Daten bleiben geschützt; gültige Teildaten gehen nicht verloren.

Responsive Viewports
- Desktop: 1440 x 900 CSS-Pixel.
- Full HD: 1920 x 1080 CSS-Pixel.
- WQHD: 2560 x 1440 CSS-Pixel.
- Ultrawide: 3440 x 1440 CSS-Pixel.
- 4K: 3840 x 2160 CSS-Pixel.
- Tablet: 768 x 1024 CSS-Pixel.
- Smartphone: 390 x 844 CSS-Pixel.
- Bei UI-Tests jeden definierten Viewport pruefen und je Viewport einen eigenen Screenshot am Testlauf hinterlegen.

Beleg und Nachbereitung
- Fuer jeden einzelnen Testschritt unmittelbar nach der Ausfuehrung einen Screenshot als Anhang am Testlauf hinterlegen.
- Der Screenshot muss die relevante Ausgangslage bzw. Eingabe und das sichtbare Ergebnis des jeweiligen Schrittes nachvollziehbar zeigen.
- Alle Schritte des Tests muessen einen eigenen Nachweis besitzen; bei Eingabeschritten sind Eingabe und anschliessende Reaktion zu dokumentieren.
- PASS nur vergeben, wenn alle Schritte erfolgreich abgeschlossen und fuer alle Schritte Screenshots hinterlegt sind.
- FAIL oder BLOCKED ebenfalls mit Screenshot(s), tatsaechlichem Ergebnis, Datum, Tester und Umgebung dokumentieren; bei FAIL einen Bug mit Reproduktionsschritten und Verweis auf diesen Test anlegen.
- Passwoerter, Tokens, Zahlungsdaten und sonstige Geheimnisse niemals im Klartext speichern; vor dem Anhang maskieren oder schwaerzen."
KAN-750,E6-04 Verkaufsdaten erfassen – Angebotsstatus und Auszahlung,"Abgedeckte Story: KAN-71 – E6-04 Verkaufsdaten erfassen
Testart: Angebotsstatus und Auszahlung
Priorität der Story: Lowest

Ziel
Prüfung, Verhandlung und Übergabe verfolgen

Vorbedingungen
- Die Anwendung ist erreichbar und die erforderlichen Testdaten sind vorbereitet.
- Der Test wird in einer isolierten Umgebung mit nachvollziehbaren Benutzerrollen ausgeführt.

Schritte
1. Adminprüfung durchführen.
2. Preisangebot annehmen oder ablehnen.
3. Übergabe- und Auszahlungsstatus ändern.
4. Benachrichtigungen und Audit prüfen.

Erwartetes Ergebnis
Jeder Übergang ist nachvollziehbar, berechtigt und erzeugt die richtigen Informationen für alle Beteiligten.

Responsive Viewports
- Desktop: 1440 x 900 CSS-Pixel.
- Full HD: 1920 x 1080 CSS-Pixel.
- WQHD: 2560 x 1440 CSS-Pixel.
- Ultrawide: 3440 x 1440 CSS-Pixel.
- 4K: 3840 x 2160 CSS-Pixel.
- Tablet: 768 x 1024 CSS-Pixel.
- Smartphone: 390 x 844 CSS-Pixel.
- Bei UI-Tests jeden definierten Viewport pruefen und je Viewport einen eigenen Screenshot am Testlauf hinterlegen.

Beleg und Nachbereitung
- Fuer jeden einzelnen Testschritt unmittelbar nach der Ausfuehrung einen Screenshot als Anhang am Testlauf hinterlegen.
- Der Screenshot muss die relevante Ausgangslage bzw. Eingabe und das sichtbare Ergebnis des jeweiligen Schrittes nachvollziehbar zeigen.
- Alle Schritte des Tests muessen einen eigenen Nachweis besitzen; bei Eingabeschritten sind Eingabe und anschliessende Reaktion zu dokumentieren.
- PASS nur vergeben, wenn alle Schritte erfolgreich abgeschlossen und fuer alle Schritte Screenshots hinterlegt sind.
- FAIL oder BLOCKED ebenfalls mit Screenshot(s), tatsaechlichem Ergebnis, Datum, Tester und Umgebung dokumentieren; bei FAIL einen Bug mit Reproduktionsschritten und Verweis auf diesen Test anlegen.
- Passwoerter, Tokens, Zahlungsdaten und sonstige Geheimnisse niemals im Klartext speichern; vor dem Anhang maskieren oder schwaerzen."
KAN-751,E6-05 Verkaufszustand angeben – Angebot einreichen,"Abgedeckte Story: KAN-72 – E6-05 Verkaufszustand angeben
Testart: Angebot einreichen
Priorität der Story: Lowest

Ziel
Eine vollständige Karte als Verkäufer anbieten

Vorbedingungen
- Die Anwendung ist erreichbar und die erforderlichen Testdaten sind vorbereitet.
- Der Test wird in einer isolierten Umgebung mit nachvollziehbaren Benutzerrollen ausgeführt.

Schritte
1. Verkäufer anmelden.
2. Kartendaten, Bilder, Zustand und Preis erfassen.
3. Angebot speichern beziehungsweise einreichen.
4. Status und Bestätigung prüfen.

Erwartetes Ergebnis
Das Angebot ist vollständig, eindeutig und im erwarteten Status sichtbar.

Responsive Viewports
- Desktop: 1440 x 900 CSS-Pixel.
- Full HD: 1920 x 1080 CSS-Pixel.
- WQHD: 2560 x 1440 CSS-Pixel.
- Ultrawide: 3440 x 1440 CSS-Pixel.
- 4K: 3840 x 2160 CSS-Pixel.
- Tablet: 768 x 1024 CSS-Pixel.
- Smartphone: 390 x 844 CSS-Pixel.
- Bei UI-Tests jeden definierten Viewport pruefen und je Viewport einen eigenen Screenshot am Testlauf hinterlegen.

Beleg und Nachbereitung
- Fuer jeden einzelnen Testschritt unmittelbar nach der Ausfuehrung einen Screenshot als Anhang am Testlauf hinterlegen.
- Der Screenshot muss die relevante Ausgangslage bzw. Eingabe und das sichtbare Ergebnis des jeweiligen Schrittes nachvollziehbar zeigen.
- Alle Schritte des Tests muessen einen eigenen Nachweis besitzen; bei Eingabeschritten sind Eingabe und anschliessende Reaktion zu dokumentieren.
- PASS nur vergeben, wenn alle Schritte erfolgreich abgeschlossen und fuer alle Schritte Screenshots hinterlegt sind.
- FAIL oder BLOCKED ebenfalls mit Screenshot(s), tatsaechlichem Ergebnis, Datum, Tester und Umgebung dokumentieren; bei FAIL einen Bug mit Reproduktionsschritten und Verweis auf diesen Test anlegen.
- Passwoerter, Tokens, Zahlungsdaten und sonstige Geheimnisse niemals im Klartext speichern; vor dem Anhang maskieren oder schwaerzen."
KAN-752,E6-05 Verkaufszustand angeben – Ungültige und fremde Daten,"Abgedeckte Story: KAN-72 – E6-05 Verkaufszustand angeben
Testart: Ungültige und fremde Daten
Priorität der Story: Lowest

Ziel
Verkäuferfehler und Berechtigungen prüfen

Vorbedingungen
- Die Anwendung ist erreichbar und die erforderlichen Testdaten sind vorbereitet.
- Der Test wird in einer isolierten Umgebung mit nachvollziehbaren Benutzerrollen ausgeführt.

Schritte
1. Fehlende oder ungültige Daten senden.
2. Zu große oder falsche Bilder verwenden.
3. Fremdes Angebot über URL/API aufrufen.
4. Fehler beheben und erneut speichern.

Erwartetes Ergebnis
Fehler sind verständlich; fremde Daten bleiben geschützt; gültige Teildaten gehen nicht verloren.

Responsive Viewports
- Desktop: 1440 x 900 CSS-Pixel.
- Full HD: 1920 x 1080 CSS-Pixel.
- WQHD: 2560 x 1440 CSS-Pixel.
- Ultrawide: 3440 x 1440 CSS-Pixel.
- 4K: 3840 x 2160 CSS-Pixel.
- Tablet: 768 x 1024 CSS-Pixel.
- Smartphone: 390 x 844 CSS-Pixel.
- Bei UI-Tests jeden definierten Viewport pruefen und je Viewport einen eigenen Screenshot am Testlauf hinterlegen.

Beleg und Nachbereitung
- Fuer jeden einzelnen Testschritt unmittelbar nach der Ausfuehrung einen Screenshot als Anhang am Testlauf hinterlegen.
- Der Screenshot muss die relevante Ausgangslage bzw. Eingabe und das sichtbare Ergebnis des jeweiligen Schrittes nachvollziehbar zeigen.
- Alle Schritte des Tests muessen einen eigenen Nachweis besitzen; bei Eingabeschritten sind Eingabe und anschliessende Reaktion zu dokumentieren.
- PASS nur vergeben, wenn alle Schritte erfolgreich abgeschlossen und fuer alle Schritte Screenshots hinterlegt sind.
- FAIL oder BLOCKED ebenfalls mit Screenshot(s), tatsaechlichem Ergebnis, Datum, Tester und Umgebung dokumentieren; bei FAIL einen Bug mit Reproduktionsschritten und Verweis auf diesen Test anlegen.
- Passwoerter, Tokens, Zahlungsdaten und sonstige Geheimnisse niemals im Klartext speichern; vor dem Anhang maskieren oder schwaerzen."
KAN-753,E6-05 Verkaufszustand angeben – Angebotsstatus und Auszahlung,"Abgedeckte Story: KAN-72 – E6-05 Verkaufszustand angeben
Testart: Angebotsstatus und Auszahlung
Priorität der Story: Lowest

Ziel
Prüfung, Verhandlung und Übergabe verfolgen

Vorbedingungen
- Die Anwendung ist erreichbar und die erforderlichen Testdaten sind vorbereitet.
- Der Test wird in einer isolierten Umgebung mit nachvollziehbaren Benutzerrollen ausgeführt.

Schritte
1. Adminprüfung durchführen.
2. Preisangebot annehmen oder ablehnen.
3. Übergabe- und Auszahlungsstatus ändern.
4. Benachrichtigungen und Audit prüfen.

Erwartetes Ergebnis
Jeder Übergang ist nachvollziehbar, berechtigt und erzeugt die richtigen Informationen für alle Beteiligten.

Responsive Viewports
- Desktop: 1440 x 900 CSS-Pixel.
- Full HD: 1920 x 1080 CSS-Pixel.
- WQHD: 2560 x 1440 CSS-Pixel.
- Ultrawide: 3440 x 1440 CSS-Pixel.
- 4K: 3840 x 2160 CSS-Pixel.
- Tablet: 768 x 1024 CSS-Pixel.
- Smartphone: 390 x 844 CSS-Pixel.
- Bei UI-Tests jeden definierten Viewport pruefen und je Viewport einen eigenen Screenshot am Testlauf hinterlegen.

Beleg und Nachbereitung
- Fuer jeden einzelnen Testschritt unmittelbar nach der Ausfuehrung einen Screenshot als Anhang am Testlauf hinterlegen.
- Der Screenshot muss die relevante Ausgangslage bzw. Eingabe und das sichtbare Ergebnis des jeweiligen Schrittes nachvollziehbar zeigen.
- Alle Schritte des Tests muessen einen eigenen Nachweis besitzen; bei Eingabeschritten sind Eingabe und anschliessende Reaktion zu dokumentieren.
- PASS nur vergeben, wenn alle Schritte erfolgreich abgeschlossen und fuer alle Schritte Screenshots hinterlegt sind.
- FAIL oder BLOCKED ebenfalls mit Screenshot(s), tatsaechlichem Ergebnis, Datum, Tester und Umgebung dokumentieren; bei FAIL einen Bug mit Reproduktionsschritten und Verweis auf diesen Test anlegen.
- Passwoerter, Tokens, Zahlungsdaten und sonstige Geheimnisse niemals im Klartext speichern; vor dem Anhang maskieren oder schwaerzen."
KAN-754,E6-06 Preiswunsch angeben – Angebot einreichen,"Abgedeckte Story: KAN-73 – E6-06 Preiswunsch angeben
Testart: Angebot einreichen
Priorität der Story: Lowest

Ziel
Eine vollständige Karte als Verkäufer anbieten

Vorbedingungen
- Die Anwendung ist erreichbar und die erforderlichen Testdaten sind vorbereitet.
- Der Test wird in einer isolierten Umgebung mit nachvollziehbaren Benutzerrollen ausgeführt.

Schritte
1. Verkäufer anmelden.
2. Kartendaten, Bilder, Zustand und Preis erfassen.
3. Angebot speichern beziehungsweise einreichen.
4. Status und Bestätigung prüfen.

Erwartetes Ergebnis
Das Angebot ist vollständig, eindeutig und im erwarteten Status sichtbar.

Responsive Viewports
- Desktop: 1440 x 900 CSS-Pixel.
- Full HD: 1920 x 1080 CSS-Pixel.
- WQHD: 2560 x 1440 CSS-Pixel.
- Ultrawide: 3440 x 1440 CSS-Pixel.
- 4K: 3840 x 2160 CSS-Pixel.
- Tablet: 768 x 1024 CSS-Pixel.
- Smartphone: 390 x 844 CSS-Pixel.
- Bei UI-Tests jeden definierten Viewport pruefen und je Viewport einen eigenen Screenshot am Testlauf hinterlegen.

Beleg und Nachbereitung
- Fuer jeden einzelnen Testschritt unmittelbar nach der Ausfuehrung einen Screenshot als Anhang am Testlauf hinterlegen.
- Der Screenshot muss die relevante Ausgangslage bzw. Eingabe und das sichtbare Ergebnis des jeweiligen Schrittes nachvollziehbar zeigen.
- Alle Schritte des Tests muessen einen eigenen Nachweis besitzen; bei Eingabeschritten sind Eingabe und anschliessende Reaktion zu dokumentieren.
- PASS nur vergeben, wenn alle Schritte erfolgreich abgeschlossen und fuer alle Schritte Screenshots hinterlegt sind.
- FAIL oder BLOCKED ebenfalls mit Screenshot(s), tatsaechlichem Ergebnis, Datum, Tester und Umgebung dokumentieren; bei FAIL einen Bug mit Reproduktionsschritten und Verweis auf diesen Test anlegen.
- Passwoerter, Tokens, Zahlungsdaten und sonstige Geheimnisse niemals im Klartext speichern; vor dem Anhang maskieren oder schwaerzen."
KAN-755,E6-06 Preiswunsch angeben – Ungültige und fremde Daten,"Abgedeckte Story: KAN-73 – E6-06 Preiswunsch angeben
Testart: Ungültige und fremde Daten
Priorität der Story: Lowest

Ziel
Verkäuferfehler und Berechtigungen prüfen

Vorbedingungen
- Die Anwendung ist erreichbar und die erforderlichen Testdaten sind vorbereitet.
- Der Test wird in einer isolierten Umgebung mit nachvollziehbaren Benutzerrollen ausgeführt.

Schritte
1. Fehlende oder ungültige Daten senden.
2. Zu große oder falsche Bilder verwenden.
3. Fremdes Angebot über URL/API aufrufen.
4. Fehler beheben und erneut speichern.

Erwartetes Ergebnis
Fehler sind verständlich; fremde Daten bleiben geschützt; gültige Teildaten gehen nicht verloren.

Responsive Viewports
- Desktop: 1440 x 900 CSS-Pixel.
- Full HD: 1920 x 1080 CSS-Pixel.
- WQHD: 2560 x 1440 CSS-Pixel.
- Ultrawide: 3440 x 1440 CSS-Pixel.
- 4K: 3840 x 2160 CSS-Pixel.
- Tablet: 768 x 1024 CSS-Pixel.
- Smartphone: 390 x 844 CSS-Pixel.
- Bei UI-Tests jeden definierten Viewport pruefen und je Viewport einen eigenen Screenshot am Testlauf hinterlegen.

Beleg und Nachbereitung
- Fuer jeden einzelnen Testschritt unmittelbar nach der Ausfuehrung einen Screenshot als Anhang am Testlauf hinterlegen.
- Der Screenshot muss die relevante Ausgangslage bzw. Eingabe und das sichtbare Ergebnis des jeweiligen Schrittes nachvollziehbar zeigen.
- Alle Schritte des Tests muessen einen eigenen Nachweis besitzen; bei Eingabeschritten sind Eingabe und anschliessende Reaktion zu dokumentieren.
- PASS nur vergeben, wenn alle Schritte erfolgreich abgeschlossen und fuer alle Schritte Screenshots hinterlegt sind.
- FAIL oder BLOCKED ebenfalls mit Screenshot(s), tatsaechlichem Ergebnis, Datum, Tester und Umgebung dokumentieren; bei FAIL einen Bug mit Reproduktionsschritten und Verweis auf diesen Test anlegen.
- Passwoerter, Tokens, Zahlungsdaten und sonstige Geheimnisse niemals im Klartext speichern; vor dem Anhang maskieren oder schwaerzen."
KAN-756,E6-06 Preiswunsch angeben – Angebotsstatus und Auszahlung,"Abgedeckte Story: KAN-73 – E6-06 Preiswunsch angeben
Testart: Angebotsstatus und Auszahlung
Priorität der Story: Lowest

Ziel
Prüfung, Verhandlung und Übergabe verfolgen

Vorbedingungen
- Die Anwendung ist erreichbar und die erforderlichen Testdaten sind vorbereitet.
- Der Test wird in einer isolierten Umgebung mit nachvollziehbaren Benutzerrollen ausgeführt.

Schritte
1. Adminprüfung durchführen.
2. Preisangebot annehmen oder ablehnen.
3. Übergabe- und Auszahlungsstatus ändern.
4. Benachrichtigungen und Audit prüfen.

Erwartetes Ergebnis
Jeder Übergang ist nachvollziehbar, berechtigt und erzeugt die richtigen Informationen für alle Beteiligten.

Responsive Viewports
- Desktop: 1440 x 900 CSS-Pixel.
- Full HD: 1920 x 1080 CSS-Pixel.
- WQHD: 2560 x 1440 CSS-Pixel.
- Ultrawide: 3440 x 1440 CSS-Pixel.
- 4K: 3840 x 2160 CSS-Pixel.
- Tablet: 768 x 1024 CSS-Pixel.
- Smartphone: 390 x 844 CSS-Pixel.
- Bei UI-Tests jeden definierten Viewport pruefen und je Viewport einen eigenen Screenshot am Testlauf hinterlegen.

Beleg und Nachbereitung
- Fuer jeden einzelnen Testschritt unmittelbar nach der Ausfuehrung einen Screenshot als Anhang am Testlauf hinterlegen.
- Der Screenshot muss die relevante Ausgangslage bzw. Eingabe und das sichtbare Ergebnis des jeweiligen Schrittes nachvollziehbar zeigen.
- Alle Schritte des Tests muessen einen eigenen Nachweis besitzen; bei Eingabeschritten sind Eingabe und anschliessende Reaktion zu dokumentieren.
- PASS nur vergeben, wenn alle Schritte erfolgreich abgeschlossen und fuer alle Schritte Screenshots hinterlegt sind.
- FAIL oder BLOCKED ebenfalls mit Screenshot(s), tatsaechlichem Ergebnis, Datum, Tester und Umgebung dokumentieren; bei FAIL einen Bug mit Reproduktionsschritten und Verweis auf diesen Test anlegen.
- Passwoerter, Tokens, Zahlungsdaten und sonstige Geheimnisse niemals im Klartext speichern; vor dem Anhang maskieren oder schwaerzen."
KAN-757,E6-07 Verkaufsangebot speichern – Angebot einreichen,"Abgedeckte Story: KAN-74 – E6-07 Verkaufsangebot speichern
Testart: Angebot einreichen
Priorität der Story: Lowest

Ziel
Eine vollständige Karte als Verkäufer anbieten

Vorbedingungen
- Die Anwendung ist erreichbar und die erforderlichen Testdaten sind vorbereitet.
- Der Test wird in einer isolierten Umgebung mit nachvollziehbaren Benutzerrollen ausgeführt.

Schritte
1. Verkäufer anmelden.
2. Kartendaten, Bilder, Zustand und Preis erfassen.
3. Angebot speichern beziehungsweise einreichen.
4. Status und Bestätigung prüfen.

Erwartetes Ergebnis
Das Angebot ist vollständig, eindeutig und im erwarteten Status sichtbar.

Responsive Viewports
- Desktop: 1440 x 900 CSS-Pixel.
- Full HD: 1920 x 1080 CSS-Pixel.
- WQHD: 2560 x 1440 CSS-Pixel.
- Ultrawide: 3440 x 1440 CSS-Pixel.
- 4K: 3840 x 2160 CSS-Pixel.
- Tablet: 768 x 1024 CSS-Pixel.
- Smartphone: 390 x 844 CSS-Pixel.
- Bei UI-Tests jeden definierten Viewport pruefen und je Viewport einen eigenen Screenshot am Testlauf hinterlegen.

Beleg und Nachbereitung
- Fuer jeden einzelnen Testschritt unmittelbar nach der Ausfuehrung einen Screenshot als Anhang am Testlauf hinterlegen.
- Der Screenshot muss die relevante Ausgangslage bzw. Eingabe und das sichtbare Ergebnis des jeweiligen Schrittes nachvollziehbar zeigen.
- Alle Schritte des Tests muessen einen eigenen Nachweis besitzen; bei Eingabeschritten sind Eingabe und anschliessende Reaktion zu dokumentieren.
- PASS nur vergeben, wenn alle Schritte erfolgreich abgeschlossen und fuer alle Schritte Screenshots hinterlegt sind.
- FAIL oder BLOCKED ebenfalls mit Screenshot(s), tatsaechlichem Ergebnis, Datum, Tester und Umgebung dokumentieren; bei FAIL einen Bug mit Reproduktionsschritten und Verweis auf diesen Test anlegen.
- Passwoerter, Tokens, Zahlungsdaten und sonstige Geheimnisse niemals im Klartext speichern; vor dem Anhang maskieren oder schwaerzen."
KAN-758,E6-07 Verkaufsangebot speichern – Ungültige und fremde Daten,"Abgedeckte Story: KAN-74 – E6-07 Verkaufsangebot speichern
Testart: Ungültige und fremde Daten
Priorität der Story: Lowest

Ziel
Verkäuferfehler und Berechtigungen prüfen

Vorbedingungen
- Die Anwendung ist erreichbar und die erforderlichen Testdaten sind vorbereitet.
- Der Test wird in einer isolierten Umgebung mit nachvollziehbaren Benutzerrollen ausgeführt.

Schritte
1. Fehlende oder ungültige Daten senden.
2. Zu große oder falsche Bilder verwenden.
3. Fremdes Angebot über URL/API aufrufen.
4. Fehler beheben und erneut speichern.

Erwartetes Ergebnis
Fehler sind verständlich; fremde Daten bleiben geschützt; gültige Teildaten gehen nicht verloren.

Responsive Viewports
- Desktop: 1440 x 900 CSS-Pixel.
- Full HD: 1920 x 1080 CSS-Pixel.
- WQHD: 2560 x 1440 CSS-Pixel.
- Ultrawide: 3440 x 1440 CSS-Pixel.
- 4K: 3840 x 2160 CSS-Pixel.
- Tablet: 768 x 1024 CSS-Pixel.
- Smartphone: 390 x 844 CSS-Pixel.
- Bei UI-Tests jeden definierten Viewport pruefen und je Viewport einen eigenen Screenshot am Testlauf hinterlegen.

Beleg und Nachbereitung
- Fuer jeden einzelnen Testschritt unmittelbar nach der Ausfuehrung einen Screenshot als Anhang am Testlauf hinterlegen.
- Der Screenshot muss die relevante Ausgangslage bzw. Eingabe und das sichtbare Ergebnis des jeweiligen Schrittes nachvollziehbar zeigen.
- Alle Schritte des Tests muessen einen eigenen Nachweis besitzen; bei Eingabeschritten sind Eingabe und anschliessende Reaktion zu dokumentieren.
- PASS nur vergeben, wenn alle Schritte erfolgreich abgeschlossen und fuer alle Schritte Screenshots hinterlegt sind.
- FAIL oder BLOCKED ebenfalls mit Screenshot(s), tatsaechlichem Ergebnis, Datum, Tester und Umgebung dokumentieren; bei FAIL einen Bug mit Reproduktionsschritten und Verweis auf diesen Test anlegen.
- Passwoerter, Tokens, Zahlungsdaten und sonstige Geheimnisse niemals im Klartext speichern; vor dem Anhang maskieren oder schwaerzen."
KAN-759,E6-07 Verkaufsangebot speichern – Angebotsstatus und Auszahlung,"Abgedeckte Story: KAN-74 – E6-07 Verkaufsangebot speichern
Testart: Angebotsstatus und Auszahlung
Priorität der Story: Lowest

Ziel
Prüfung, Verhandlung und Übergabe verfolgen

Vorbedingungen
- Die Anwendung ist erreichbar und die erforderlichen Testdaten sind vorbereitet.
- Der Test wird in einer isolierten Umgebung mit nachvollziehbaren Benutzerrollen ausgeführt.

Schritte
1. Adminprüfung durchführen.
2. Preisangebot annehmen oder ablehnen.
3. Übergabe- und Auszahlungsstatus ändern.
4. Benachrichtigungen und Audit prüfen.

Erwartetes Ergebnis
Jeder Übergang ist nachvollziehbar, berechtigt und erzeugt die richtigen Informationen für alle Beteiligten.

Responsive Viewports
- Desktop: 1440 x 900 CSS-Pixel.
- Full HD: 1920 x 1080 CSS-Pixel.
- WQHD: 2560 x 1440 CSS-Pixel.
- Ultrawide: 3440 x 1440 CSS-Pixel.
- 4K: 3840 x 2160 CSS-Pixel.
- Tablet: 768 x 1024 CSS-Pixel.
- Smartphone: 390 x 844 CSS-Pixel.
- Bei UI-Tests jeden definierten Viewport pruefen und je Viewport einen eigenen Screenshot am Testlauf hinterlegen.

Beleg und Nachbereitung
- Fuer jeden einzelnen Testschritt unmittelbar nach der Ausfuehrung einen Screenshot als Anhang am Testlauf hinterlegen.
- Der Screenshot muss die relevante Ausgangslage bzw. Eingabe und das sichtbare Ergebnis des jeweiligen Schrittes nachvollziehbar zeigen.
- Alle Schritte des Tests muessen einen eigenen Nachweis besitzen; bei Eingabeschritten sind Eingabe und anschliessende Reaktion zu dokumentieren.
- PASS nur vergeben, wenn alle Schritte erfolgreich abgeschlossen und fuer alle Schritte Screenshots hinterlegt sind.
- FAIL oder BLOCKED ebenfalls mit Screenshot(s), tatsaechlichem Ergebnis, Datum, Tester und Umgebung dokumentieren; bei FAIL einen Bug mit Reproduktionsschritten und Verweis auf diesen Test anlegen.
- Passwoerter, Tokens, Zahlungsdaten und sonstige Geheimnisse niemals im Klartext speichern; vor dem Anhang maskieren oder schwaerzen."
KAN-760,E6-08 Angebotsstatus verfolgen – Angebot einreichen,"Abgedeckte Story: KAN-75 – E6-08 Angebotsstatus verfolgen
Testart: Angebot einreichen
Priorität der Story: Lowest

Ziel
Eine vollständige Karte als Verkäufer anbieten

Vorbedingungen
- Die Anwendung ist erreichbar und die erforderlichen Testdaten sind vorbereitet.
- Der Test wird in einer isolierten Umgebung mit nachvollziehbaren Benutzerrollen ausgeführt.

Schritte
1. Verkäufer anmelden.
2. Kartendaten, Bilder, Zustand und Preis erfassen.
3. Angebot speichern beziehungsweise einreichen.
4. Status und Bestätigung prüfen.

Erwartetes Ergebnis
Das Angebot ist vollständig, eindeutig und im erwarteten Status sichtbar.

Responsive Viewports
- Desktop: 1440 x 900 CSS-Pixel.
- Full HD: 1920 x 1080 CSS-Pixel.
- WQHD: 2560 x 1440 CSS-Pixel.
- Ultrawide: 3440 x 1440 CSS-Pixel.
- 4K: 3840 x 2160 CSS-Pixel.
- Tablet: 768 x 1024 CSS-Pixel.
- Smartphone: 390 x 844 CSS-Pixel.
- Bei UI-Tests jeden definierten Viewport pruefen und je Viewport einen eigenen Screenshot am Testlauf hinterlegen.

Beleg und Nachbereitung
- Fuer jeden einzelnen Testschritt unmittelbar nach der Ausfuehrung einen Screenshot als Anhang am Testlauf hinterlegen.
- Der Screenshot muss die relevante Ausgangslage bzw. Eingabe und das sichtbare Ergebnis des jeweiligen Schrittes nachvollziehbar zeigen.
- Alle Schritte des Tests muessen einen eigenen Nachweis besitzen; bei Eingabeschritten sind Eingabe und anschliessende Reaktion zu dokumentieren.
- PASS nur vergeben, wenn alle Schritte erfolgreich abgeschlossen und fuer alle Schritte Screenshots hinterlegt sind.
- FAIL oder BLOCKED ebenfalls mit Screenshot(s), tatsaechlichem Ergebnis, Datum, Tester und Umgebung dokumentieren; bei FAIL einen Bug mit Reproduktionsschritten und Verweis auf diesen Test anlegen.
- Passwoerter, Tokens, Zahlungsdaten und sonstige Geheimnisse niemals im Klartext speichern; vor dem Anhang maskieren oder schwaerzen."
KAN-761,E6-08 Angebotsstatus verfolgen – Ungültige und fremde Daten,"Abgedeckte Story: KAN-75 – E6-08 Angebotsstatus verfolgen
Testart: Ungültige und fremde Daten
Priorität der Story: Lowest

Ziel
Verkäuferfehler und Berechtigungen prüfen

Vorbedingungen
- Die Anwendung ist erreichbar und die erforderlichen Testdaten sind vorbereitet.
- Der Test wird in einer isolierten Umgebung mit nachvollziehbaren Benutzerrollen ausgeführt.

Schritte
1. Fehlende oder ungültige Daten senden.
2. Zu große oder falsche Bilder verwenden.
3. Fremdes Angebot über URL/API aufrufen.
4. Fehler beheben und erneut speichern.

Erwartetes Ergebnis
Fehler sind verständlich; fremde Daten bleiben geschützt; gültige Teildaten gehen nicht verloren.

Responsive Viewports
- Desktop: 1440 x 900 CSS-Pixel.
- Full HD: 1920 x 1080 CSS-Pixel.
- WQHD: 2560 x 1440 CSS-Pixel.
- Ultrawide: 3440 x 1440 CSS-Pixel.
- 4K: 3840 x 2160 CSS-Pixel.
- Tablet: 768 x 1024 CSS-Pixel.
- Smartphone: 390 x 844 CSS-Pixel.
- Bei UI-Tests jeden definierten Viewport pruefen und je Viewport einen eigenen Screenshot am Testlauf hinterlegen.

Beleg und Nachbereitung
- Fuer jeden einzelnen Testschritt unmittelbar nach der Ausfuehrung einen Screenshot als Anhang am Testlauf hinterlegen.
- Der Screenshot muss die relevante Ausgangslage bzw. Eingabe und das sichtbare Ergebnis des jeweiligen Schrittes nachvollziehbar zeigen.
- Alle Schritte des Tests muessen einen eigenen Nachweis besitzen; bei Eingabeschritten sind Eingabe und anschliessende Reaktion zu dokumentieren.
- PASS nur vergeben, wenn alle Schritte erfolgreich abgeschlossen und fuer alle Schritte Screenshots hinterlegt sind.
- FAIL oder BLOCKED ebenfalls mit Screenshot(s), tatsaechlichem Ergebnis, Datum, Tester und Umgebung dokumentieren; bei FAIL einen Bug mit Reproduktionsschritten und Verweis auf diesen Test anlegen.
- Passwoerter, Tokens, Zahlungsdaten und sonstige Geheimnisse niemals im Klartext speichern; vor dem Anhang maskieren oder schwaerzen."
KAN-762,E6-08 Angebotsstatus verfolgen – Angebotsstatus und Auszahlung,"Abgedeckte Story: KAN-75 – E6-08 Angebotsstatus verfolgen
Testart: Angebotsstatus und Auszahlung
Priorität der Story: Lowest

Ziel
Prüfung, Verhandlung und Übergabe verfolgen

Vorbedingungen
- Die Anwendung ist erreichbar und die erforderlichen Testdaten sind vorbereitet.
- Der Test wird in einer isolierten Umgebung mit nachvollziehbaren Benutzerrollen ausgeführt.

Schritte
1. Adminprüfung durchführen.
2. Preisangebot annehmen oder ablehnen.
3. Übergabe- und Auszahlungsstatus ändern.
4. Benachrichtigungen und Audit prüfen.

Erwartetes Ergebnis
Jeder Übergang ist nachvollziehbar, berechtigt und erzeugt die richtigen Informationen für alle Beteiligten.

Responsive Viewports
- Desktop: 1440 x 900 CSS-Pixel.
- Full HD: 1920 x 1080 CSS-Pixel.
- WQHD: 2560 x 1440 CSS-Pixel.
- Ultrawide: 3440 x 1440 CSS-Pixel.
- 4K: 3840 x 2160 CSS-Pixel.
- Tablet: 768 x 1024 CSS-Pixel.
- Smartphone: 390 x 844 CSS-Pixel.
- Bei UI-Tests jeden definierten Viewport pruefen und je Viewport einen eigenen Screenshot am Testlauf hinterlegen.

Beleg und Nachbereitung
- Fuer jeden einzelnen Testschritt unmittelbar nach der Ausfuehrung einen Screenshot als Anhang am Testlauf hinterlegen.
- Der Screenshot muss die relevante Ausgangslage bzw. Eingabe und das sichtbare Ergebnis des jeweiligen Schrittes nachvollziehbar zeigen.
- Alle Schritte des Tests muessen einen eigenen Nachweis besitzen; bei Eingabeschritten sind Eingabe und anschliessende Reaktion zu dokumentieren.
- PASS nur vergeben, wenn alle Schritte erfolgreich abgeschlossen und fuer alle Schritte Screenshots hinterlegt sind.
- FAIL oder BLOCKED ebenfalls mit Screenshot(s), tatsaechlichem Ergebnis, Datum, Tester und Umgebung dokumentieren; bei FAIL einen Bug mit Reproduktionsschritten und Verweis auf diesen Test anlegen.
- Passwoerter, Tokens, Zahlungsdaten und sonstige Geheimnisse niemals im Klartext speichern; vor dem Anhang maskieren oder schwaerzen."
KAN-763,E6-09 Verkaufsangebote prüfen – Angebot einreichen,"Abgedeckte Story: KAN-76 – E6-09 Verkaufsangebote prüfen
Testart: Angebot einreichen
Priorität der Story: Lowest

Ziel
Eine vollständige Karte als Verkäufer anbieten

Vorbedingungen
- Die Anwendung ist erreichbar und die erforderlichen Testdaten sind vorbereitet.
- Der Test wird in einer isolierten Umgebung mit nachvollziehbaren Benutzerrollen ausgeführt.

Schritte
1. Verkäufer anmelden.
2. Kartendaten, Bilder, Zustand und Preis erfassen.
3. Angebot speichern beziehungsweise einreichen.
4. Status und Bestätigung prüfen.

Erwartetes Ergebnis
Das Angebot ist vollständig, eindeutig und im erwarteten Status sichtbar.

Responsive Viewports
- Desktop: 1440 x 900 CSS-Pixel.
- Full HD: 1920 x 1080 CSS-Pixel.
- WQHD: 2560 x 1440 CSS-Pixel.
- Ultrawide: 3440 x 1440 CSS-Pixel.
- 4K: 3840 x 2160 CSS-Pixel.
- Tablet: 768 x 1024 CSS-Pixel.
- Smartphone: 390 x 844 CSS-Pixel.
- Bei UI-Tests jeden definierten Viewport pruefen und je Viewport einen eigenen Screenshot am Testlauf hinterlegen.

Beleg und Nachbereitung
- Fuer jeden einzelnen Testschritt unmittelbar nach der Ausfuehrung einen Screenshot als Anhang am Testlauf hinterlegen.
- Der Screenshot muss die relevante Ausgangslage bzw. Eingabe und das sichtbare Ergebnis des jeweiligen Schrittes nachvollziehbar zeigen.
- Alle Schritte des Tests muessen einen eigenen Nachweis besitzen; bei Eingabeschritten sind Eingabe und anschliessende Reaktion zu dokumentieren.
- PASS nur vergeben, wenn alle Schritte erfolgreich abgeschlossen und fuer alle Schritte Screenshots hinterlegt sind.
- FAIL oder BLOCKED ebenfalls mit Screenshot(s), tatsaechlichem Ergebnis, Datum, Tester und Umgebung dokumentieren; bei FAIL einen Bug mit Reproduktionsschritten und Verweis auf diesen Test anlegen.
- Passwoerter, Tokens, Zahlungsdaten und sonstige Geheimnisse niemals im Klartext speichern; vor dem Anhang maskieren oder schwaerzen."
KAN-764,E6-09 Verkaufsangebote prüfen – Ungültige und fremde Daten,"Abgedeckte Story: KAN-76 – E6-09 Verkaufsangebote prüfen
Testart: Ungültige und fremde Daten
Priorität der Story: Lowest

Ziel
Verkäuferfehler und Berechtigungen prüfen

Vorbedingungen
- Die Anwendung ist erreichbar und die erforderlichen Testdaten sind vorbereitet.
- Der Test wird in einer isolierten Umgebung mit nachvollziehbaren Benutzerrollen ausgeführt.

Schritte
1. Fehlende oder ungültige Daten senden.
2. Zu große oder falsche Bilder verwenden.
3. Fremdes Angebot über URL/API aufrufen.
4. Fehler beheben und erneut speichern.

Erwartetes Ergebnis
Fehler sind verständlich; fremde Daten bleiben geschützt; gültige Teildaten gehen nicht verloren.

Responsive Viewports
- Desktop: 1440 x 900 CSS-Pixel.
- Full HD: 1920 x 1080 CSS-Pixel.
- WQHD: 2560 x 1440 CSS-Pixel.
- Ultrawide: 3440 x 1440 CSS-Pixel.
- 4K: 3840 x 2160 CSS-Pixel.
- Tablet: 768 x 1024 CSS-Pixel.
- Smartphone: 390 x 844 CSS-Pixel.
- Bei UI-Tests jeden definierten Viewport pruefen und je Viewport einen eigenen Screenshot am Testlauf hinterlegen.

Beleg und Nachbereitung
- Fuer jeden einzelnen Testschritt unmittelbar nach der Ausfuehrung einen Screenshot als Anhang am Testlauf hinterlegen.
- Der Screenshot muss die relevante Ausgangslage bzw. Eingabe und das sichtbare Ergebnis des jeweiligen Schrittes nachvollziehbar zeigen.
- Alle Schritte des Tests muessen einen eigenen Nachweis besitzen; bei Eingabeschritten sind Eingabe und anschliessende Reaktion zu dokumentieren.
- PASS nur vergeben, wenn alle Schritte erfolgreich abgeschlossen und fuer alle Schritte Screenshots hinterlegt sind.
- FAIL oder BLOCKED ebenfalls mit Screenshot(s), tatsaechlichem Ergebnis, Datum, Tester und Umgebung dokumentieren; bei FAIL einen Bug mit Reproduktionsschritten und Verweis auf diesen Test anlegen.
- Passwoerter, Tokens, Zahlungsdaten und sonstige Geheimnisse niemals im Klartext speichern; vor dem Anhang maskieren oder schwaerzen."
