Issue Key,Summary,Description
KAN-765,E6-09 Verkaufsangebote prüfen – Angebotsstatus und Auszahlung,"Abgedeckte Story: KAN-76 – E6-09 Verkaufsangebote prüfen
Testart: Angebotsstatus und Auszahlung
Priorität der Story: Lowest

Ziel
Prüfung, Verhandlung und Übergabe verfolgen

Vorbedingungen
- Die Anwendung ist erreichbar und die erforderlichen Testdaten sind vorbereitet.
- Der Test wird in einer isolierten Umgebung mit nachvollziehbaren Benutzerrollen ausgeführt.

Schritte
1. Adminprüfung durchführen.
2. Preisangebot annehmen oder ablehnen.
3. Übergabe- und Auszahlungsstatus ändern.
4. Benachrichtigungen und Audit prüfen.

Erwartetes Ergebnis
Jeder Übergang ist nachvollziehbar, berechtigt und erzeugt die richtigen Informationen für alle Beteiligten.

Responsive Viewports
- Desktop: 1440 x 900 CSS-Pixel.
- Full HD: 1920 x 1080 CSS-Pixel.
- WQHD: 2560 x 1440 CSS-Pixel.
- Ultrawide: 3440 x 1440 CSS-Pixel.
- 4K: 3840 x 2160 CSS-Pixel.
- Tablet: 768 x 1024 CSS-Pixel.
- Smartphone: 390 x 844 CSS-Pixel.
- Bei UI-Tests jeden definierten Viewport pruefen und je Viewport einen eigenen Screenshot am Testlauf hinterlegen.

Beleg und Nachbereitung
- Fuer jeden einzelnen Testschritt unmittelbar nach der Ausfuehrung einen Screenshot als Anhang am Testlauf hinterlegen.
- Der Screenshot muss die relevante Ausgangslage bzw. Eingabe und das sichtbare Ergebnis des jeweiligen Schrittes nachvollziehbar zeigen.
- Alle Schritte des Tests muessen einen eigenen Nachweis besitzen; bei Eingabeschritten sind Eingabe und anschliessende Reaktion zu dokumentieren.
- PASS nur vergeben, wenn alle Schritte erfolgreich abgeschlossen und fuer alle Schritte Screenshots hinterlegt sind.
- FAIL oder BLOCKED ebenfalls mit Screenshot(s), tatsaechlichem Ergebnis, Datum, Tester und Umgebung dokumentieren; bei FAIL einen Bug mit Reproduktionsschritten und Verweis auf diesen Test anlegen.
- Passwoerter, Tokens, Zahlungsdaten und sonstige Geheimnisse niemals im Klartext speichern; vor dem Anhang maskieren oder schwaerzen."
KAN-766,E6-10 Angebot unterbreiten – Angebot einreichen,"Abgedeckte Story: KAN-77 – E6-10 Angebot unterbreiten
Testart: Angebot einreichen
Priorität der Story: Lowest

Ziel
Eine vollständige Karte als Verkäufer anbieten

Vorbedingungen
- Die Anwendung ist erreichbar und die erforderlichen Testdaten sind vorbereitet.
- Der Test wird in einer isolierten Umgebung mit nachvollziehbaren Benutzerrollen ausgeführt.

Schritte
1. Verkäufer anmelden.
2. Kartendaten, Bilder, Zustand und Preis erfassen.
3. Angebot speichern beziehungsweise einreichen.
4. Status und Bestätigung prüfen.

Erwartetes Ergebnis
Das Angebot ist vollständig, eindeutig und im erwarteten Status sichtbar.

Responsive Viewports
- Desktop: 1440 x 900 CSS-Pixel.
- Full HD: 1920 x 1080 CSS-Pixel.
- WQHD: 2560 x 1440 CSS-Pixel.
- Ultrawide: 3440 x 1440 CSS-Pixel.
- 4K: 3840 x 2160 CSS-Pixel.
- Tablet: 768 x 1024 CSS-Pixel.
- Smartphone: 390 x 844 CSS-Pixel.
- Bei UI-Tests jeden definierten Viewport pruefen und je Viewport einen eigenen Screenshot am Testlauf hinterlegen.

Beleg und Nachbereitung
- Fuer jeden einzelnen Testschritt unmittelbar nach der Ausfuehrung einen Screenshot als Anhang am Testlauf hinterlegen.
- Der Screenshot muss die relevante Ausgangslage bzw. Eingabe und das sichtbare Ergebnis des jeweiligen Schrittes nachvollziehbar zeigen.
- Alle Schritte des Tests muessen einen eigenen Nachweis besitzen; bei Eingabeschritten sind Eingabe und anschliessende Reaktion zu dokumentieren.
- PASS nur vergeben, wenn alle Schritte erfolgreich abgeschlossen und fuer alle Schritte Screenshots hinterlegt sind.
- FAIL oder BLOCKED ebenfalls mit Screenshot(s), tatsaechlichem Ergebnis, Datum, Tester und Umgebung dokumentieren; bei FAIL einen Bug mit Reproduktionsschritten und Verweis auf diesen Test anlegen.
- Passwoerter, Tokens, Zahlungsdaten und sonstige Geheimnisse niemals im Klartext speichern; vor dem Anhang maskieren oder schwaerzen."
KAN-767,E6-10 Angebot unterbreiten – Ungültige und fremde Daten,"Abgedeckte Story: KAN-77 – E6-10 Angebot unterbreiten
Testart: Ungültige und fremde Daten
Priorität der Story: Lowest

Ziel
Verkäuferfehler und Berechtigungen prüfen

Vorbedingungen
- Die Anwendung ist erreichbar und die erforderlichen Testdaten sind vorbereitet.
- Der Test wird in einer isolierten Umgebung mit nachvollziehbaren Benutzerrollen ausgeführt.

Schritte
1. Fehlende oder ungültige Daten senden.
2. Zu große oder falsche Bilder verwenden.
3. Fremdes Angebot über URL/API aufrufen.
4. Fehler beheben und erneut speichern.

Erwartetes Ergebnis
Fehler sind verständlich; fremde Daten bleiben geschützt; gültige Teildaten gehen nicht verloren.

Responsive Viewports
- Desktop: 1440 x 900 CSS-Pixel.
- Full HD: 1920 x 1080 CSS-Pixel.
- WQHD: 2560 x 1440 CSS-Pixel.
- Ultrawide: 3440 x 1440 CSS-Pixel.
- 4K: 3840 x 2160 CSS-Pixel.
- Tablet: 768 x 1024 CSS-Pixel.
- Smartphone: 390 x 844 CSS-Pixel.
- Bei UI-Tests jeden definierten Viewport pruefen und je Viewport einen eigenen Screenshot am Testlauf hinterlegen.

Beleg und Nachbereitung
- Fuer jeden einzelnen Testschritt unmittelbar nach der Ausfuehrung einen Screenshot als Anhang am Testlauf hinterlegen.
- Der Screenshot muss die relevante Ausgangslage bzw. Eingabe und das sichtbare Ergebnis des jeweiligen Schrittes nachvollziehbar zeigen.
- Alle Schritte des Tests muessen einen eigenen Nachweis besitzen; bei Eingabeschritten sind Eingabe und anschliessende Reaktion zu dokumentieren.
- PASS nur vergeben, wenn alle Schritte erfolgreich abgeschlossen und fuer alle Schritte Screenshots hinterlegt sind.
- FAIL oder BLOCKED ebenfalls mit Screenshot(s), tatsaechlichem Ergebnis, Datum, Tester und Umgebung dokumentieren; bei FAIL einen Bug mit Reproduktionsschritten und Verweis auf diesen Test anlegen.
- Passwoerter, Tokens, Zahlungsdaten und sonstige Geheimnisse niemals im Klartext speichern; vor dem Anhang maskieren oder schwaerzen."
KAN-768,E6-10 Angebot unterbreiten – Angebotsstatus und Auszahlung,"Abgedeckte Story: KAN-77 – E6-10 Angebot unterbreiten
Testart: Angebotsstatus und Auszahlung
Priorität der Story: Lowest

Ziel
Prüfung, Verhandlung und Übergabe verfolgen

Vorbedingungen
- Die Anwendung ist erreichbar und die erforderlichen Testdaten sind vorbereitet.
- Der Test wird in einer isolierten Umgebung mit nachvollziehbaren Benutzerrollen ausgeführt.

Schritte
1. Adminprüfung durchführen.
2. Preisangebot annehmen oder ablehnen.
3. Übergabe- und Auszahlungsstatus ändern.
4. Benachrichtigungen und Audit prüfen.

Erwartetes Ergebnis
Jeder Übergang ist nachvollziehbar, berechtigt und erzeugt die richtigen Informationen für alle Beteiligten.

Responsive Viewports
- Desktop: 1440 x 900 CSS-Pixel.
- Full HD: 1920 x 1080 CSS-Pixel.
- WQHD: 2560 x 1440 CSS-Pixel.
- Ultrawide: 3440 x 1440 CSS-Pixel.
- 4K: 3840 x 2160 CSS-Pixel.
- Tablet: 768 x 1024 CSS-Pixel.
- Smartphone: 390 x 844 CSS-Pixel.
- Bei UI-Tests jeden definierten Viewport pruefen und je Viewport einen eigenen Screenshot am Testlauf hinterlegen.

Beleg und Nachbereitung
- Fuer jeden einzelnen Testschritt unmittelbar nach der Ausfuehrung einen Screenshot als Anhang am Testlauf hinterlegen.
- Der Screenshot muss die relevante Ausgangslage bzw. Eingabe und das sichtbare Ergebnis des jeweiligen Schrittes nachvollziehbar zeigen.
- Alle Schritte des Tests muessen einen eigenen Nachweis besitzen; bei Eingabeschritten sind Eingabe und anschliessende Reaktion zu dokumentieren.
- PASS nur vergeben, wenn alle Schritte erfolgreich abgeschlossen und fuer alle Schritte Screenshots hinterlegt sind.
- FAIL oder BLOCKED ebenfalls mit Screenshot(s), tatsaechlichem Ergebnis, Datum, Tester und Umgebung dokumentieren; bei FAIL einen Bug mit Reproduktionsschritten und Verweis auf diesen Test anlegen.
- Passwoerter, Tokens, Zahlungsdaten und sonstige Geheimnisse niemals im Klartext speichern; vor dem Anhang maskieren oder schwaerzen."
KAN-769,E6-11 Angebot annehmen oder ablehnen – Angebot einreichen,"Abgedeckte Story: KAN-78 – E6-11 Angebot annehmen oder ablehnen
Testart: Angebot einreichen
Priorität der Story: Lowest

Ziel
Eine vollständige Karte als Verkäufer anbieten

Vorbedingungen
- Die Anwendung ist erreichbar und die erforderlichen Testdaten sind vorbereitet.
- Der Test wird in einer isolierten Umgebung mit nachvollziehbaren Benutzerrollen ausgeführt.

Schritte
1. Verkäufer anmelden.
2. Kartendaten, Bilder, Zustand und Preis erfassen.
3. Angebot speichern beziehungsweise einreichen.
4. Status und Bestätigung prüfen.

Erwartetes Ergebnis
Das Angebot ist vollständig, eindeutig und im erwarteten Status sichtbar.

Responsive Viewports
- Desktop: 1440 x 900 CSS-Pixel.
- Full HD: 1920 x 1080 CSS-Pixel.
- WQHD: 2560 x 1440 CSS-Pixel.
- Ultrawide: 3440 x 1440 CSS-Pixel.
- 4K: 3840 x 2160 CSS-Pixel.
- Tablet: 768 x 1024 CSS-Pixel.
- Smartphone: 390 x 844 CSS-Pixel.
- Bei UI-Tests jeden definierten Viewport pruefen und je Viewport einen eigenen Screenshot am Testlauf hinterlegen.

Beleg und Nachbereitung
- Fuer jeden einzelnen Testschritt unmittelbar nach der Ausfuehrung einen Screenshot als Anhang am Testlauf hinterlegen.
- Der Screenshot muss die relevante Ausgangslage bzw. Eingabe und das sichtbare Ergebnis des jeweiligen Schrittes nachvollziehbar zeigen.
- Alle Schritte des Tests muessen einen eigenen Nachweis besitzen; bei Eingabeschritten sind Eingabe und anschliessende Reaktion zu dokumentieren.
- PASS nur vergeben, wenn alle Schritte erfolgreich abgeschlossen und fuer alle Schritte Screenshots hinterlegt sind.
- FAIL oder BLOCKED ebenfalls mit Screenshot(s), tatsaechlichem Ergebnis, Datum, Tester und Umgebung dokumentieren; bei FAIL einen Bug mit Reproduktionsschritten und Verweis auf diesen Test anlegen.
- Passwoerter, Tokens, Zahlungsdaten und sonstige Geheimnisse niemals im Klartext speichern; vor dem Anhang maskieren oder schwaerzen."
KAN-770,E6-11 Angebot annehmen oder ablehnen – Ungültige und fremde Daten,"Abgedeckte Story: KAN-78 – E6-11 Angebot annehmen oder ablehnen
Testart: Ungültige und fremde Daten
Priorität der Story: Lowest

Ziel
Verkäuferfehler und Berechtigungen prüfen

Vorbedingungen
- Die Anwendung ist erreichbar und die erforderlichen Testdaten sind vorbereitet.
- Der Test wird in einer isolierten Umgebung mit nachvollziehbaren Benutzerrollen ausgeführt.

Schritte
1. Fehlende oder ungültige Daten senden.
2. Zu große oder falsche Bilder verwenden.
3. Fremdes Angebot über URL/API aufrufen.
4. Fehler beheben und erneut speichern.

Erwartetes Ergebnis
Fehler sind verständlich; fremde Daten bleiben geschützt; gültige Teildaten gehen nicht verloren.

Responsive Viewports
- Desktop: 1440 x 900 CSS-Pixel.
- Full HD: 1920 x 1080 CSS-Pixel.
- WQHD: 2560 x 1440 CSS-Pixel.
- Ultrawide: 3440 x 1440 CSS-Pixel.
- 4K: 3840 x 2160 CSS-Pixel.
- Tablet: 768 x 1024 CSS-Pixel.
- Smartphone: 390 x 844 CSS-Pixel.
- Bei UI-Tests jeden definierten Viewport pruefen und je Viewport einen eigenen Screenshot am Testlauf hinterlegen.

Beleg und Nachbereitung
- Fuer jeden einzelnen Testschritt unmittelbar nach der Ausfuehrung einen Screenshot als Anhang am Testlauf hinterlegen.
- Der Screenshot muss die relevante Ausgangslage bzw. Eingabe und das sichtbare Ergebnis des jeweiligen Schrittes nachvollziehbar zeigen.
- Alle Schritte des Tests muessen einen eigenen Nachweis besitzen; bei Eingabeschritten sind Eingabe und anschliessende Reaktion zu dokumentieren.
- PASS nur vergeben, wenn alle Schritte erfolgreich abgeschlossen und fuer alle Schritte Screenshots hinterlegt sind.
- FAIL oder BLOCKED ebenfalls mit Screenshot(s), tatsaechlichem Ergebnis, Datum, Tester und Umgebung dokumentieren; bei FAIL einen Bug mit Reproduktionsschritten und Verweis auf diesen Test anlegen.
- Passwoerter, Tokens, Zahlungsdaten und sonstige Geheimnisse niemals im Klartext speichern; vor dem Anhang maskieren oder schwaerzen."
KAN-771,E6-11 Angebot annehmen oder ablehnen – Angebotsstatus und Auszahlung,"Abgedeckte Story: KAN-78 – E6-11 Angebot annehmen oder ablehnen
Testart: Angebotsstatus und Auszahlung
Priorität der Story: Lowest

Ziel
Prüfung, Verhandlung und Übergabe verfolgen

Vorbedingungen
- Die Anwendung ist erreichbar und die erforderlichen Testdaten sind vorbereitet.
- Der Test wird in einer isolierten Umgebung mit nachvollziehbaren Benutzerrollen ausgeführt.

Schritte
1. Adminprüfung durchführen.
2. Preisangebot annehmen oder ablehnen.
3. Übergabe- und Auszahlungsstatus ändern.
4. Benachrichtigungen und Audit prüfen.

Erwartetes Ergebnis
Jeder Übergang ist nachvollziehbar, berechtigt und erzeugt die richtigen Informationen für alle Beteiligten.

Responsive Viewports
- Desktop: 1440 x 900 CSS-Pixel.
- Full HD: 1920 x 1080 CSS-Pixel.
- WQHD: 2560 x 1440 CSS-Pixel.
- Ultrawide: 3440 x 1440 CSS-Pixel.
- 4K: 3840 x 2160 CSS-Pixel.
- Tablet: 768 x 1024 CSS-Pixel.
- Smartphone: 390 x 844 CSS-Pixel.
- Bei UI-Tests jeden definierten Viewport pruefen und je Viewport einen eigenen Screenshot am Testlauf hinterlegen.

Beleg und Nachbereitung
- Fuer jeden einzelnen Testschritt unmittelbar nach der Ausfuehrung einen Screenshot als Anhang am Testlauf hinterlegen.
- Der Screenshot muss die relevante Ausgangslage bzw. Eingabe und das sichtbare Ergebnis des jeweiligen Schrittes nachvollziehbar zeigen.
- Alle Schritte des Tests muessen einen eigenen Nachweis besitzen; bei Eingabeschritten sind Eingabe und anschliessende Reaktion zu dokumentieren.
- PASS nur vergeben, wenn alle Schritte erfolgreich abgeschlossen und fuer alle Schritte Screenshots hinterlegt sind.
- FAIL oder BLOCKED ebenfalls mit Screenshot(s), tatsaechlichem Ergebnis, Datum, Tester und Umgebung dokumentieren; bei FAIL einen Bug mit Reproduktionsschritten und Verweis auf diesen Test anlegen.
- Passwoerter, Tokens, Zahlungsdaten und sonstige Geheimnisse niemals im Klartext speichern; vor dem Anhang maskieren oder schwaerzen."
KAN-772,E6-12 Übergabe und Auszahlung verstehen – Angebot einreichen,"Abgedeckte Story: KAN-79 – E6-12 Übergabe und Auszahlung verstehen
Testart: Angebot einreichen
Priorität der Story: Lowest

Ziel
Eine vollständige Karte als Verkäufer anbieten

Vorbedingungen
- Die Anwendung ist erreichbar und die erforderlichen Testdaten sind vorbereitet.
- Der Test wird in einer isolierten Umgebung mit nachvollziehbaren Benutzerrollen ausgeführt.

Schritte
1. Verkäufer anmelden.
2. Kartendaten, Bilder, Zustand und Preis erfassen.
3. Angebot speichern beziehungsweise einreichen.
4. Status und Bestätigung prüfen.

Erwartetes Ergebnis
Das Angebot ist vollständig, eindeutig und im erwarteten Status sichtbar.

Responsive Viewports
- Desktop: 1440 x 900 CSS-Pixel.
- Full HD: 1920 x 1080 CSS-Pixel.
- WQHD: 2560 x 1440 CSS-Pixel.
- Ultrawide: 3440 x 1440 CSS-Pixel.
- 4K: 3840 x 2160 CSS-Pixel.
- Tablet: 768 x 1024 CSS-Pixel.
- Smartphone: 390 x 844 CSS-Pixel.
- Bei UI-Tests jeden definierten Viewport pruefen und je Viewport einen eigenen Screenshot am Testlauf hinterlegen.

Beleg und Nachbereitung
- Fuer jeden einzelnen Testschritt unmittelbar nach der Ausfuehrung einen Screenshot als Anhang am Testlauf hinterlegen.
- Der Screenshot muss die relevante Ausgangslage bzw. Eingabe und das sichtbare Ergebnis des jeweiligen Schrittes nachvollziehbar zeigen.
- Alle Schritte des Tests muessen einen eigenen Nachweis besitzen; bei Eingabeschritten sind Eingabe und anschliessende Reaktion zu dokumentieren.
- PASS nur vergeben, wenn alle Schritte erfolgreich abgeschlossen und fuer alle Schritte Screenshots hinterlegt sind.
- FAIL oder BLOCKED ebenfalls mit Screenshot(s), tatsaechlichem Ergebnis, Datum, Tester und Umgebung dokumentieren; bei FAIL einen Bug mit Reproduktionsschritten und Verweis auf diesen Test anlegen.
- Passwoerter, Tokens, Zahlungsdaten und sonstige Geheimnisse niemals im Klartext speichern; vor dem Anhang maskieren oder schwaerzen."
KAN-773,E6-12 Übergabe und Auszahlung verstehen – Ungültige und fremde Daten,"Abgedeckte Story: KAN-79 – E6-12 Übergabe und Auszahlung verstehen
Testart: Ungültige und fremde Daten
Priorität der Story: Lowest

Ziel
Verkäuferfehler und Berechtigungen prüfen

Vorbedingungen
- Die Anwendung ist erreichbar und die erforderlichen Testdaten sind vorbereitet.
- Der Test wird in einer isolierten Umgebung mit nachvollziehbaren Benutzerrollen ausgeführt.

Schritte
1. Fehlende oder ungültige Daten senden.
2. Zu große oder falsche Bilder verwenden.
3. Fremdes Angebot über URL/API aufrufen.
4. Fehler beheben und erneut speichern.

Erwartetes Ergebnis
Fehler sind verständlich; fremde Daten bleiben geschützt; gültige Teildaten gehen nicht verloren.

Responsive Viewports
- Desktop: 1440 x 900 CSS-Pixel.
- Full HD: 1920 x 1080 CSS-Pixel.
- WQHD: 2560 x 1440 CSS-Pixel.
- Ultrawide: 3440 x 1440 CSS-Pixel.
- 4K: 3840 x 2160 CSS-Pixel.
- Tablet: 768 x 1024 CSS-Pixel.
- Smartphone: 390 x 844 CSS-Pixel.
- Bei UI-Tests jeden definierten Viewport pruefen und je Viewport einen eigenen Screenshot am Testlauf hinterlegen.

Beleg und Nachbereitung
- Fuer jeden einzelnen Testschritt unmittelbar nach der Ausfuehrung einen Screenshot als Anhang am Testlauf hinterlegen.
- Der Screenshot muss die relevante Ausgangslage bzw. Eingabe und das sichtbare Ergebnis des jeweiligen Schrittes nachvollziehbar zeigen.
- Alle Schritte des Tests muessen einen eigenen Nachweis besitzen; bei Eingabeschritten sind Eingabe und anschliessende Reaktion zu dokumentieren.
- PASS nur vergeben, wenn alle Schritte erfolgreich abgeschlossen und fuer alle Schritte Screenshots hinterlegt sind.
- FAIL oder BLOCKED ebenfalls mit Screenshot(s), tatsaechlichem Ergebnis, Datum, Tester und Umgebung dokumentieren; bei FAIL einen Bug mit Reproduktionsschritten und Verweis auf diesen Test anlegen.
- Passwoerter, Tokens, Zahlungsdaten und sonstige Geheimnisse niemals im Klartext speichern; vor dem Anhang maskieren oder schwaerzen."
KAN-774,E6-12 Übergabe und Auszahlung verstehen – Angebotsstatus und Auszahlung,"Abgedeckte Story: KAN-79 – E6-12 Übergabe und Auszahlung verstehen
Testart: Angebotsstatus und Auszahlung
Priorität der Story: Lowest

Ziel
Prüfung, Verhandlung und Übergabe verfolgen

Vorbedingungen
- Die Anwendung ist erreichbar und die erforderlichen Testdaten sind vorbereitet.
- Der Test wird in einer isolierten Umgebung mit nachvollziehbaren Benutzerrollen ausgeführt.

Schritte
1. Adminprüfung durchführen.
2. Preisangebot annehmen oder ablehnen.
3. Übergabe- und Auszahlungsstatus ändern.
4. Benachrichtigungen und Audit prüfen.

Erwartetes Ergebnis
Jeder Übergang ist nachvollziehbar, berechtigt und erzeugt die richtigen Informationen für alle Beteiligten.

Responsive Viewports
- Desktop: 1440 x 900 CSS-Pixel.
- Full HD: 1920 x 1080 CSS-Pixel.
- WQHD: 2560 x 1440 CSS-Pixel.
- Ultrawide: 3440 x 1440 CSS-Pixel.
- 4K: 3840 x 2160 CSS-Pixel.
- Tablet: 768 x 1024 CSS-Pixel.
- Smartphone: 390 x 844 CSS-Pixel.
- Bei UI-Tests jeden definierten Viewport pruefen und je Viewport einen eigenen Screenshot am Testlauf hinterlegen.

Beleg und Nachbereitung
- Fuer jeden einzelnen Testschritt unmittelbar nach der Ausfuehrung einen Screenshot als Anhang am Testlauf hinterlegen.
- Der Screenshot muss die relevante Ausgangslage bzw. Eingabe und das sichtbare Ergebnis des jeweiligen Schrittes nachvollziehbar zeigen.
- Alle Schritte des Tests muessen einen eigenen Nachweis besitzen; bei Eingabeschritten sind Eingabe und anschliessende Reaktion zu dokumentieren.
- PASS nur vergeben, wenn alle Schritte erfolgreich abgeschlossen und fuer alle Schritte Screenshots hinterlegt sind.
- FAIL oder BLOCKED ebenfalls mit Screenshot(s), tatsaechlichem Ergebnis, Datum, Tester und Umgebung dokumentieren; bei FAIL einen Bug mit Reproduktionsschritten und Verweis auf diesen Test anlegen.
- Passwoerter, Tokens, Zahlungsdaten und sonstige Geheimnisse niemals im Klartext speichern; vor dem Anhang maskieren oder schwaerzen."
KAN-775,E7-01 Adminbereich sicher anmelden – Admin-Operation erfolgreich,"Abgedeckte Story: KAN-80 – E7-01 Adminbereich sicher anmelden
Testart: Admin-Operation erfolgreich
Priorität der Story: Highest

Ziel
Eine berechtigte Verwaltungsaktion ausführen

Vorbedingungen
- Die Anwendung ist erreichbar und die erforderlichen Testdaten sind vorbereitet.
- Der Test wird in einer isolierten Umgebung mit nachvollziehbaren Benutzerrollen ausgeführt.

Schritte
1. Als passende Adminrolle anmelden.
2. Datensatz suchen und öffnen.
3. Änderung validiert speichern.
4. Liste, Detail und Audit erneut laden.

Erwartetes Ergebnis
Die Änderung ist einmalig wirksam, sichtbar und mit verantwortlicher Rolle nachvollziehbar.

Responsive Viewports
- Desktop: 1440 x 900 CSS-Pixel.
- Full HD: 1920 x 1080 CSS-Pixel.
- WQHD: 2560 x 1440 CSS-Pixel.
- Ultrawide: 3440 x 1440 CSS-Pixel.
- 4K: 3840 x 2160 CSS-Pixel.
- Tablet: 768 x 1024 CSS-Pixel.
- Smartphone: 390 x 844 CSS-Pixel.
- Bei UI-Tests jeden definierten Viewport pruefen und je Viewport einen eigenen Screenshot am Testlauf hinterlegen.

Beleg und Nachbereitung
- Fuer jeden einzelnen Testschritt unmittelbar nach der Ausfuehrung einen Screenshot als Anhang am Testlauf hinterlegen.
- Der Screenshot muss die relevante Ausgangslage bzw. Eingabe und das sichtbare Ergebnis des jeweiligen Schrittes nachvollziehbar zeigen.
- Alle Schritte des Tests muessen einen eigenen Nachweis besitzen; bei Eingabeschritten sind Eingabe und anschliessende Reaktion zu dokumentieren.
- PASS nur vergeben, wenn alle Schritte erfolgreich abgeschlossen und fuer alle Schritte Screenshots hinterlegt sind.
- FAIL oder BLOCKED ebenfalls mit Screenshot(s), tatsaechlichem Ergebnis, Datum, Tester und Umgebung dokumentieren; bei FAIL einen Bug mit Reproduktionsschritten und Verweis auf diesen Test anlegen.
- Passwoerter, Tokens, Zahlungsdaten und sonstige Geheimnisse niemals im Klartext speichern; vor dem Anhang maskieren oder schwaerzen."
KAN-776,E7-01 Adminbereich sicher anmelden – Rolle und Risikoaktion,"Abgedeckte Story: KAN-80 – E7-01 Adminbereich sicher anmelden
Testart: Rolle und Risikoaktion
Priorität der Story: Highest

Ziel
Unberechtigte und irreversible Aktionen prüfen

Vorbedingungen
- Die Anwendung ist erreichbar und die erforderlichen Testdaten sind vorbereitet.
- Der Test wird in einer isolierten Umgebung mit nachvollziehbaren Benutzerrollen ausgeführt.

Schritte
1. Mit eingeschränkter Rolle aufrufen.
2. Direkten API-/Deep-Link nutzen.
3. Irreversible Aktion abbrechen und bestätigen.
4. Berechtigung und Audit prüfen.

Erwartetes Ergebnis
Unberechtigte Aktionen werden abgewiesen; kritische Aktionen benötigen bewusste Bestätigung.

Responsive Viewports
- Desktop: 1440 x 900 CSS-Pixel.
- Full HD: 1920 x 1080 CSS-Pixel.
- WQHD: 2560 x 1440 CSS-Pixel.
- Ultrawide: 3440 x 1440 CSS-Pixel.
- 4K: 3840 x 2160 CSS-Pixel.
- Tablet: 768 x 1024 CSS-Pixel.
- Smartphone: 390 x 844 CSS-Pixel.
- Bei UI-Tests jeden definierten Viewport pruefen und je Viewport einen eigenen Screenshot am Testlauf hinterlegen.

Beleg und Nachbereitung
- Fuer jeden einzelnen Testschritt unmittelbar nach der Ausfuehrung einen Screenshot als Anhang am Testlauf hinterlegen.
- Der Screenshot muss die relevante Ausgangslage bzw. Eingabe und das sichtbare Ergebnis des jeweiligen Schrittes nachvollziehbar zeigen.
- Alle Schritte des Tests muessen einen eigenen Nachweis besitzen; bei Eingabeschritten sind Eingabe und anschliessende Reaktion zu dokumentieren.
- PASS nur vergeben, wenn alle Schritte erfolgreich abgeschlossen und fuer alle Schritte Screenshots hinterlegt sind.
- FAIL oder BLOCKED ebenfalls mit Screenshot(s), tatsaechlichem Ergebnis, Datum, Tester und Umgebung dokumentieren; bei FAIL einen Bug mit Reproduktionsschritten und Verweis auf diesen Test anlegen.
- Passwoerter, Tokens, Zahlungsdaten und sonstige Geheimnisse niemals im Klartext speichern; vor dem Anhang maskieren oder schwaerzen."
KAN-777,E7-01 Adminbereich sicher anmelden – Synchronisation und Fehler,"Abgedeckte Story: KAN-80 – E7-01 Adminbereich sicher anmelden
Testart: Synchronisation und Fehler
Priorität der Story: Highest

Ziel
Synchronisationslauf reproduzierbar behandeln

Vorbedingungen
- Die Anwendung ist erreichbar und die erforderlichen Testdaten sind vorbereitet.
- Der Test wird in einer isolierten Umgebung mit nachvollziehbaren Benutzerrollen ausgeführt.

Schritte
1. Lauf mit gültigen Daten starten.
2. Konflikt oder Fehlerdatensatz simulieren.
3. Status und Fehlerdetails prüfen.
4. Lauf sicher wiederholen.

Erwartetes Ergebnis
Gültige Daten werden verarbeitet; Fehler sind isoliert, erklärbar und ohne Doppelverarbeitung wiederholbar.

Responsive Viewports
- Desktop: 1440 x 900 CSS-Pixel.
- Full HD: 1920 x 1080 CSS-Pixel.
- WQHD: 2560 x 1440 CSS-Pixel.
- Ultrawide: 3440 x 1440 CSS-Pixel.
- 4K: 3840 x 2160 CSS-Pixel.
- Tablet: 768 x 1024 CSS-Pixel.
- Smartphone: 390 x 844 CSS-Pixel.
- Bei UI-Tests jeden definierten Viewport pruefen und je Viewport einen eigenen Screenshot am Testlauf hinterlegen.

Beleg und Nachbereitung
- Fuer jeden einzelnen Testschritt unmittelbar nach der Ausfuehrung einen Screenshot als Anhang am Testlauf hinterlegen.
- Der Screenshot muss die relevante Ausgangslage bzw. Eingabe und das sichtbare Ergebnis des jeweiligen Schrittes nachvollziehbar zeigen.
- Alle Schritte des Tests muessen einen eigenen Nachweis besitzen; bei Eingabeschritten sind Eingabe und anschliessende Reaktion zu dokumentieren.
- PASS nur vergeben, wenn alle Schritte erfolgreich abgeschlossen und fuer alle Schritte Screenshots hinterlegt sind.
- FAIL oder BLOCKED ebenfalls mit Screenshot(s), tatsaechlichem Ergebnis, Datum, Tester und Umgebung dokumentieren; bei FAIL einen Bug mit Reproduktionsschritten und Verweis auf diesen Test anlegen.
- Passwoerter, Tokens, Zahlungsdaten und sonstige Geheimnisse niemals im Klartext speichern; vor dem Anhang maskieren oder schwaerzen."
KAN-778,E7-02 Rollen und Berechtigungen verwalten – Admin-Operation erfolgreich,"Abgedeckte Story: KAN-81 – E7-02 Rollen und Berechtigungen verwalten
Testart: Admin-Operation erfolgreich
Priorität der Story: Highest

Ziel
Eine berechtigte Verwaltungsaktion ausführen

Vorbedingungen
- Die Anwendung ist erreichbar und die erforderlichen Testdaten sind vorbereitet.
- Der Test wird in einer isolierten Umgebung mit nachvollziehbaren Benutzerrollen ausgeführt.

Schritte
1. Als passende Adminrolle anmelden.
2. Datensatz suchen und öffnen.
3. Änderung validiert speichern.
4. Liste, Detail und Audit erneut laden.

Erwartetes Ergebnis
Die Änderung ist einmalig wirksam, sichtbar und mit verantwortlicher Rolle nachvollziehbar.

Responsive Viewports
- Desktop: 1440 x 900 CSS-Pixel.
- Full HD: 1920 x 1080 CSS-Pixel.
- WQHD: 2560 x 1440 CSS-Pixel.
- Ultrawide: 3440 x 1440 CSS-Pixel.
- 4K: 3840 x 2160 CSS-Pixel.
- Tablet: 768 x 1024 CSS-Pixel.
- Smartphone: 390 x 844 CSS-Pixel.
- Bei UI-Tests jeden definierten Viewport pruefen und je Viewport einen eigenen Screenshot am Testlauf hinterlegen.

Beleg und Nachbereitung
- Fuer jeden einzelnen Testschritt unmittelbar nach der Ausfuehrung einen Screenshot als Anhang am Testlauf hinterlegen.
- Der Screenshot muss die relevante Ausgangslage bzw. Eingabe und das sichtbare Ergebnis des jeweiligen Schrittes nachvollziehbar zeigen.
- Alle Schritte des Tests muessen einen eigenen Nachweis besitzen; bei Eingabeschritten sind Eingabe und anschliessende Reaktion zu dokumentieren.
- PASS nur vergeben, wenn alle Schritte erfolgreich abgeschlossen und fuer alle Schritte Screenshots hinterlegt sind.
- FAIL oder BLOCKED ebenfalls mit Screenshot(s), tatsaechlichem Ergebnis, Datum, Tester und Umgebung dokumentieren; bei FAIL einen Bug mit Reproduktionsschritten und Verweis auf diesen Test anlegen.
- Passwoerter, Tokens, Zahlungsdaten und sonstige Geheimnisse niemals im Klartext speichern; vor dem Anhang maskieren oder schwaerzen."
KAN-779,E7-02 Rollen und Berechtigungen verwalten – Rolle und Risikoaktion,"Abgedeckte Story: KAN-81 – E7-02 Rollen und Berechtigungen verwalten
Testart: Rolle und Risikoaktion
Priorität der Story: Highest

Ziel
Unberechtigte und irreversible Aktionen prüfen

Vorbedingungen
- Die Anwendung ist erreichbar und die erforderlichen Testdaten sind vorbereitet.
- Der Test wird in einer isolierten Umgebung mit nachvollziehbaren Benutzerrollen ausgeführt.

Schritte
1. Mit eingeschränkter Rolle aufrufen.
2. Direkten API-/Deep-Link nutzen.
3. Irreversible Aktion abbrechen und bestätigen.
4. Berechtigung und Audit prüfen.

Erwartetes Ergebnis
Unberechtigte Aktionen werden abgewiesen; kritische Aktionen benötigen bewusste Bestätigung.

Responsive Viewports
- Desktop: 1440 x 900 CSS-Pixel.
- Full HD: 1920 x 1080 CSS-Pixel.
- WQHD: 2560 x 1440 CSS-Pixel.
- Ultrawide: 3440 x 1440 CSS-Pixel.
- 4K: 3840 x 2160 CSS-Pixel.
- Tablet: 768 x 1024 CSS-Pixel.
- Smartphone: 390 x 844 CSS-Pixel.
- Bei UI-Tests jeden definierten Viewport pruefen und je Viewport einen eigenen Screenshot am Testlauf hinterlegen.

Beleg und Nachbereitung
- Fuer jeden einzelnen Testschritt unmittelbar nach der Ausfuehrung einen Screenshot als Anhang am Testlauf hinterlegen.
- Der Screenshot muss die relevante Ausgangslage bzw. Eingabe und das sichtbare Ergebnis des jeweiligen Schrittes nachvollziehbar zeigen.
- Alle Schritte des Tests muessen einen eigenen Nachweis besitzen; bei Eingabeschritten sind Eingabe und anschliessende Reaktion zu dokumentieren.
- PASS nur vergeben, wenn alle Schritte erfolgreich abgeschlossen und fuer alle Schritte Screenshots hinterlegt sind.
- FAIL oder BLOCKED ebenfalls mit Screenshot(s), tatsaechlichem Ergebnis, Datum, Tester und Umgebung dokumentieren; bei FAIL einen Bug mit Reproduktionsschritten und Verweis auf diesen Test anlegen.
- Passwoerter, Tokens, Zahlungsdaten und sonstige Geheimnisse niemals im Klartext speichern; vor dem Anhang maskieren oder schwaerzen."
KAN-780,E7-02 Rollen und Berechtigungen verwalten – Synchronisation und Fehler,"Abgedeckte Story: KAN-81 – E7-02 Rollen und Berechtigungen verwalten
Testart: Synchronisation und Fehler
Priorität der Story: Highest

Ziel
Synchronisationslauf reproduzierbar behandeln

Vorbedingungen
- Die Anwendung ist erreichbar und die erforderlichen Testdaten sind vorbereitet.
- Der Test wird in einer isolierten Umgebung mit nachvollziehbaren Benutzerrollen ausgeführt.

Schritte
1. Lauf mit gültigen Daten starten.
2. Konflikt oder Fehlerdatensatz simulieren.
3. Status und Fehlerdetails prüfen.
4. Lauf sicher wiederholen.

Erwartetes Ergebnis
Gültige Daten werden verarbeitet; Fehler sind isoliert, erklärbar und ohne Doppelverarbeitung wiederholbar.

Responsive Viewports
- Desktop: 1440 x 900 CSS-Pixel.
- Full HD: 1920 x 1080 CSS-Pixel.
- WQHD: 2560 x 1440 CSS-Pixel.
- Ultrawide: 3440 x 1440 CSS-Pixel.
- 4K: 3840 x 2160 CSS-Pixel.
- Tablet: 768 x 1024 CSS-Pixel.
- Smartphone: 390 x 844 CSS-Pixel.
- Bei UI-Tests jeden definierten Viewport pruefen und je Viewport einen eigenen Screenshot am Testlauf hinterlegen.

Beleg und Nachbereitung
- Fuer jeden einzelnen Testschritt unmittelbar nach der Ausfuehrung einen Screenshot als Anhang am Testlauf hinterlegen.
- Der Screenshot muss die relevante Ausgangslage bzw. Eingabe und das sichtbare Ergebnis des jeweiligen Schrittes nachvollziehbar zeigen.
- Alle Schritte des Tests muessen einen eigenen Nachweis besitzen; bei Eingabeschritten sind Eingabe und anschliessende Reaktion zu dokumentieren.
- PASS nur vergeben, wenn alle Schritte erfolgreich abgeschlossen und fuer alle Schritte Screenshots hinterlegt sind.
- FAIL oder BLOCKED ebenfalls mit Screenshot(s), tatsaechlichem Ergebnis, Datum, Tester und Umgebung dokumentieren; bei FAIL einen Bug mit Reproduktionsschritten und Verweis auf diesen Test anlegen.
- Passwoerter, Tokens, Zahlungsdaten und sonstige Geheimnisse niemals im Klartext speichern; vor dem Anhang maskieren oder schwaerzen."
KAN-781,E7-03 Admin-Dashboard anzeigen – Admin-Operation erfolgreich,"Abgedeckte Story: KAN-82 – E7-03 Admin-Dashboard anzeigen
Testart: Admin-Operation erfolgreich
Priorität der Story: Highest

Ziel
Eine berechtigte Verwaltungsaktion ausführen

Vorbedingungen
- Die Anwendung ist erreichbar und die erforderlichen Testdaten sind vorbereitet.
- Der Test wird in einer isolierten Umgebung mit nachvollziehbaren Benutzerrollen ausgeführt.

Schritte
1. Als passende Adminrolle anmelden.
2. Datensatz suchen und öffnen.
3. Änderung validiert speichern.
4. Liste, Detail und Audit erneut laden.

Erwartetes Ergebnis
Die Änderung ist einmalig wirksam, sichtbar und mit verantwortlicher Rolle nachvollziehbar.

Responsive Viewports
- Desktop: 1440 x 900 CSS-Pixel.
- Full HD: 1920 x 1080 CSS-Pixel.
- WQHD: 2560 x 1440 CSS-Pixel.
- Ultrawide: 3440 x 1440 CSS-Pixel.
- 4K: 3840 x 2160 CSS-Pixel.
- Tablet: 768 x 1024 CSS-Pixel.
- Smartphone: 390 x 844 CSS-Pixel.
- Bei UI-Tests jeden definierten Viewport pruefen und je Viewport einen eigenen Screenshot am Testlauf hinterlegen.

Beleg und Nachbereitung
- Fuer jeden einzelnen Testschritt unmittelbar nach der Ausfuehrung einen Screenshot als Anhang am Testlauf hinterlegen.
- Der Screenshot muss die relevante Ausgangslage bzw. Eingabe und das sichtbare Ergebnis des jeweiligen Schrittes nachvollziehbar zeigen.
- Alle Schritte des Tests muessen einen eigenen Nachweis besitzen; bei Eingabeschritten sind Eingabe und anschliessende Reaktion zu dokumentieren.
- PASS nur vergeben, wenn alle Schritte erfolgreich abgeschlossen und fuer alle Schritte Screenshots hinterlegt sind.
- FAIL oder BLOCKED ebenfalls mit Screenshot(s), tatsaechlichem Ergebnis, Datum, Tester und Umgebung dokumentieren; bei FAIL einen Bug mit Reproduktionsschritten und Verweis auf diesen Test anlegen.
- Passwoerter, Tokens, Zahlungsdaten und sonstige Geheimnisse niemals im Klartext speichern; vor dem Anhang maskieren oder schwaerzen."
KAN-782,E7-03 Admin-Dashboard anzeigen – Rolle und Risikoaktion,"Abgedeckte Story: KAN-82 – E7-03 Admin-Dashboard anzeigen
Testart: Rolle und Risikoaktion
Priorität der Story: Highest

Ziel
Unberechtigte und irreversible Aktionen prüfen

Vorbedingungen
- Die Anwendung ist erreichbar und die erforderlichen Testdaten sind vorbereitet.
- Der Test wird in einer isolierten Umgebung mit nachvollziehbaren Benutzerrollen ausgeführt.

Schritte
1. Mit eingeschränkter Rolle aufrufen.
2. Direkten API-/Deep-Link nutzen.
3. Irreversible Aktion abbrechen und bestätigen.
4. Berechtigung und Audit prüfen.

Erwartetes Ergebnis
Unberechtigte Aktionen werden abgewiesen; kritische Aktionen benötigen bewusste Bestätigung.

Responsive Viewports
- Desktop: 1440 x 900 CSS-Pixel.
- Full HD: 1920 x 1080 CSS-Pixel.
- WQHD: 2560 x 1440 CSS-Pixel.
- Ultrawide: 3440 x 1440 CSS-Pixel.
- 4K: 3840 x 2160 CSS-Pixel.
- Tablet: 768 x 1024 CSS-Pixel.
- Smartphone: 390 x 844 CSS-Pixel.
- Bei UI-Tests jeden definierten Viewport pruefen und je Viewport einen eigenen Screenshot am Testlauf hinterlegen.

Beleg und Nachbereitung
- Fuer jeden einzelnen Testschritt unmittelbar nach der Ausfuehrung einen Screenshot als Anhang am Testlauf hinterlegen.
- Der Screenshot muss die relevante Ausgangslage bzw. Eingabe und das sichtbare Ergebnis des jeweiligen Schrittes nachvollziehbar zeigen.
- Alle Schritte des Tests muessen einen eigenen Nachweis besitzen; bei Eingabeschritten sind Eingabe und anschliessende Reaktion zu dokumentieren.
- PASS nur vergeben, wenn alle Schritte erfolgreich abgeschlossen und fuer alle Schritte Screenshots hinterlegt sind.
- FAIL oder BLOCKED ebenfalls mit Screenshot(s), tatsaechlichem Ergebnis, Datum, Tester und Umgebung dokumentieren; bei FAIL einen Bug mit Reproduktionsschritten und Verweis auf diesen Test anlegen.
- Passwoerter, Tokens, Zahlungsdaten und sonstige Geheimnisse niemals im Klartext speichern; vor dem Anhang maskieren oder schwaerzen."
KAN-783,E7-03 Admin-Dashboard anzeigen – Synchronisation und Fehler,"Abgedeckte Story: KAN-82 – E7-03 Admin-Dashboard anzeigen
Testart: Synchronisation und Fehler
Priorität der Story: Highest

Ziel
Synchronisationslauf reproduzierbar behandeln

Vorbedingungen
- Die Anwendung ist erreichbar und die erforderlichen Testdaten sind vorbereitet.
- Der Test wird in einer isolierten Umgebung mit nachvollziehbaren Benutzerrollen ausgeführt.

Schritte
1. Lauf mit gültigen Daten starten.
2. Konflikt oder Fehlerdatensatz simulieren.
3. Status und Fehlerdetails prüfen.
4. Lauf sicher wiederholen.

Erwartetes Ergebnis
Gültige Daten werden verarbeitet; Fehler sind isoliert, erklärbar und ohne Doppelverarbeitung wiederholbar.

Responsive Viewports
- Desktop: 1440 x 900 CSS-Pixel.
- Full HD: 1920 x 1080 CSS-Pixel.
- WQHD: 2560 x 1440 CSS-Pixel.
- Ultrawide: 3440 x 1440 CSS-Pixel.
- 4K: 3840 x 2160 CSS-Pixel.
- Tablet: 768 x 1024 CSS-Pixel.
- Smartphone: 390 x 844 CSS-Pixel.
- Bei UI-Tests jeden definierten Viewport pruefen und je Viewport einen eigenen Screenshot am Testlauf hinterlegen.

Beleg und Nachbereitung
- Fuer jeden einzelnen Testschritt unmittelbar nach der Ausfuehrung einen Screenshot als Anhang am Testlauf hinterlegen.
- Der Screenshot muss die relevante Ausgangslage bzw. Eingabe und das sichtbare Ergebnis des jeweiligen Schrittes nachvollziehbar zeigen.
- Alle Schritte des Tests muessen einen eigenen Nachweis besitzen; bei Eingabeschritten sind Eingabe und anschliessende Reaktion zu dokumentieren.
- PASS nur vergeben, wenn alle Schritte erfolgreich abgeschlossen und fuer alle Schritte Screenshots hinterlegt sind.
- FAIL oder BLOCKED ebenfalls mit Screenshot(s), tatsaechlichem Ergebnis, Datum, Tester und Umgebung dokumentieren; bei FAIL einen Bug mit Reproduktionsschritten und Verweis auf diesen Test anlegen.
- Passwoerter, Tokens, Zahlungsdaten und sonstige Geheimnisse niemals im Klartext speichern; vor dem Anhang maskieren oder schwaerzen."
KAN-784,E7-04 Produkte administrieren – Admin-Operation erfolgreich,"Abgedeckte Story: KAN-83 – E7-04 Produkte administrieren
Testart: Admin-Operation erfolgreich
Priorität der Story: Highest

Ziel
Eine berechtigte Verwaltungsaktion ausführen

Vorbedingungen
- Die Anwendung ist erreichbar und die erforderlichen Testdaten sind vorbereitet.
- Der Test wird in einer isolierten Umgebung mit nachvollziehbaren Benutzerrollen ausgeführt.

Schritte
1. Als passende Adminrolle anmelden.
2. Datensatz suchen und öffnen.
3. Änderung validiert speichern.
4. Liste, Detail und Audit erneut laden.

Erwartetes Ergebnis
Die Änderung ist einmalig wirksam, sichtbar und mit verantwortlicher Rolle nachvollziehbar.

Responsive Viewports
- Desktop: 1440 x 900 CSS-Pixel.
- Full HD: 1920 x 1080 CSS-Pixel.
- WQHD: 2560 x 1440 CSS-Pixel.
- Ultrawide: 3440 x 1440 CSS-Pixel.
- 4K: 3840 x 2160 CSS-Pixel.
- Tablet: 768 x 1024 CSS-Pixel.
- Smartphone: 390 x 844 CSS-Pixel.
- Bei UI-Tests jeden definierten Viewport pruefen und je Viewport einen eigenen Screenshot am Testlauf hinterlegen.

Beleg und Nachbereitung
- Fuer jeden einzelnen Testschritt unmittelbar nach der Ausfuehrung einen Screenshot als Anhang am Testlauf hinterlegen.
- Der Screenshot muss die relevante Ausgangslage bzw. Eingabe und das sichtbare Ergebnis des jeweiligen Schrittes nachvollziehbar zeigen.
- Alle Schritte des Tests muessen einen eigenen Nachweis besitzen; bei Eingabeschritten sind Eingabe und anschliessende Reaktion zu dokumentieren.
- PASS nur vergeben, wenn alle Schritte erfolgreich abgeschlossen und fuer alle Schritte Screenshots hinterlegt sind.
- FAIL oder BLOCKED ebenfalls mit Screenshot(s), tatsaechlichem Ergebnis, Datum, Tester und Umgebung dokumentieren; bei FAIL einen Bug mit Reproduktionsschritten und Verweis auf diesen Test anlegen.
- Passwoerter, Tokens, Zahlungsdaten und sonstige Geheimnisse niemals im Klartext speichern; vor dem Anhang maskieren oder schwaerzen."
KAN-785,E7-04 Produkte administrieren – Rolle und Risikoaktion,"Abgedeckte Story: KAN-83 – E7-04 Produkte administrieren
Testart: Rolle und Risikoaktion
Priorität der Story: Highest

Ziel
Unberechtigte und irreversible Aktionen prüfen

Vorbedingungen
- Die Anwendung ist erreichbar und die erforderlichen Testdaten sind vorbereitet.
- Der Test wird in einer isolierten Umgebung mit nachvollziehbaren Benutzerrollen ausgeführt.

Schritte
1. Mit eingeschränkter Rolle aufrufen.
2. Direkten API-/Deep-Link nutzen.
3. Irreversible Aktion abbrechen und bestätigen.
4. Berechtigung und Audit prüfen.

Erwartetes Ergebnis
Unberechtigte Aktionen werden abgewiesen; kritische Aktionen benötigen bewusste Bestätigung.

Responsive Viewports
- Desktop: 1440 x 900 CSS-Pixel.
- Full HD: 1920 x 1080 CSS-Pixel.
- WQHD: 2560 x 1440 CSS-Pixel.
- Ultrawide: 3440 x 1440 CSS-Pixel.
- 4K: 3840 x 2160 CSS-Pixel.
- Tablet: 768 x 1024 CSS-Pixel.
- Smartphone: 390 x 844 CSS-Pixel.
- Bei UI-Tests jeden definierten Viewport pruefen und je Viewport einen eigenen Screenshot am Testlauf hinterlegen.

Beleg und Nachbereitung
- Fuer jeden einzelnen Testschritt unmittelbar nach der Ausfuehrung einen Screenshot als Anhang am Testlauf hinterlegen.
- Der Screenshot muss die relevante Ausgangslage bzw. Eingabe und das sichtbare Ergebnis des jeweiligen Schrittes nachvollziehbar zeigen.
- Alle Schritte des Tests muessen einen eigenen Nachweis besitzen; bei Eingabeschritten sind Eingabe und anschliessende Reaktion zu dokumentieren.
- PASS nur vergeben, wenn alle Schritte erfolgreich abgeschlossen und fuer alle Schritte Screenshots hinterlegt sind.
- FAIL oder BLOCKED ebenfalls mit Screenshot(s), tatsaechlichem Ergebnis, Datum, Tester und Umgebung dokumentieren; bei FAIL einen Bug mit Reproduktionsschritten und Verweis auf diesen Test anlegen.
- Passwoerter, Tokens, Zahlungsdaten und sonstige Geheimnisse niemals im Klartext speichern; vor dem Anhang maskieren oder schwaerzen."
KAN-786,E7-04 Produkte administrieren – Synchronisation und Fehler,"Abgedeckte Story: KAN-83 – E7-04 Produkte administrieren
Testart: Synchronisation und Fehler
Priorität der Story: Highest

Ziel
Synchronisationslauf reproduzierbar behandeln

Vorbedingungen
- Die Anwendung ist erreichbar und die erforderlichen Testdaten sind vorbereitet.
- Der Test wird in einer isolierten Umgebung mit nachvollziehbaren Benutzerrollen ausgeführt.

Schritte
1. Lauf mit gültigen Daten starten.
2. Konflikt oder Fehlerdatensatz simulieren.
3. Status und Fehlerdetails prüfen.
4. Lauf sicher wiederholen.

Erwartetes Ergebnis
Gültige Daten werden verarbeitet; Fehler sind isoliert, erklärbar und ohne Doppelverarbeitung wiederholbar.

Responsive Viewports
- Desktop: 1440 x 900 CSS-Pixel.
- Full HD: 1920 x 1080 CSS-Pixel.
- WQHD: 2560 x 1440 CSS-Pixel.
- Ultrawide: 3440 x 1440 CSS-Pixel.
- 4K: 3840 x 2160 CSS-Pixel.
- Tablet: 768 x 1024 CSS-Pixel.
- Smartphone: 390 x 844 CSS-Pixel.
- Bei UI-Tests jeden definierten Viewport pruefen und je Viewport einen eigenen Screenshot am Testlauf hinterlegen.

Beleg und Nachbereitung
- Fuer jeden einzelnen Testschritt unmittelbar nach der Ausfuehrung einen Screenshot als Anhang am Testlauf hinterlegen.
- Der Screenshot muss die relevante Ausgangslage bzw. Eingabe und das sichtbare Ergebnis des jeweiligen Schrittes nachvollziehbar zeigen.
- Alle Schritte des Tests muessen einen eigenen Nachweis besitzen; bei Eingabeschritten sind Eingabe und anschliessende Reaktion zu dokumentieren.
- PASS nur vergeben, wenn alle Schritte erfolgreich abgeschlossen und fuer alle Schritte Screenshots hinterlegt sind.
- FAIL oder BLOCKED ebenfalls mit Screenshot(s), tatsaechlichem Ergebnis, Datum, Tester und Umgebung dokumentieren; bei FAIL einen Bug mit Reproduktionsschritten und Verweis auf diesen Test anlegen.
- Passwoerter, Tokens, Zahlungsdaten und sonstige Geheimnisse niemals im Klartext speichern; vor dem Anhang maskieren oder schwaerzen."
KAN-787,E7-05 Produktbilder administrieren – Admin-Operation erfolgreich,"Abgedeckte Story: KAN-84 – E7-05 Produktbilder administrieren
Testart: Admin-Operation erfolgreich
Priorität der Story: Highest

Ziel
Eine berechtigte Verwaltungsaktion ausführen

Vorbedingungen
- Die Anwendung ist erreichbar und die erforderlichen Testdaten sind vorbereitet.
- Der Test wird in einer isolierten Umgebung mit nachvollziehbaren Benutzerrollen ausgeführt.

Schritte
1. Als passende Adminrolle anmelden.
2. Datensatz suchen und öffnen.
3. Änderung validiert speichern.
4. Liste, Detail und Audit erneut laden.

Erwartetes Ergebnis
Die Änderung ist einmalig wirksam, sichtbar und mit verantwortlicher Rolle nachvollziehbar.

Responsive Viewports
- Desktop: 1440 x 900 CSS-Pixel.
- Full HD: 1920 x 1080 CSS-Pixel.
- WQHD: 2560 x 1440 CSS-Pixel.
- Ultrawide: 3440 x 1440 CSS-Pixel.
- 4K: 3840 x 2160 CSS-Pixel.
- Tablet: 768 x 1024 CSS-Pixel.
- Smartphone: 390 x 844 CSS-Pixel.
- Bei UI-Tests jeden definierten Viewport pruefen und je Viewport einen eigenen Screenshot am Testlauf hinterlegen.

Beleg und Nachbereitung
- Fuer jeden einzelnen Testschritt unmittelbar nach der Ausfuehrung einen Screenshot als Anhang am Testlauf hinterlegen.
- Der Screenshot muss die relevante Ausgangslage bzw. Eingabe und das sichtbare Ergebnis des jeweiligen Schrittes nachvollziehbar zeigen.
- Alle Schritte des Tests muessen einen eigenen Nachweis besitzen; bei Eingabeschritten sind Eingabe und anschliessende Reaktion zu dokumentieren.
- PASS nur vergeben, wenn alle Schritte erfolgreich abgeschlossen und fuer alle Schritte Screenshots hinterlegt sind.
- FAIL oder BLOCKED ebenfalls mit Screenshot(s), tatsaechlichem Ergebnis, Datum, Tester und Umgebung dokumentieren; bei FAIL einen Bug mit Reproduktionsschritten und Verweis auf diesen Test anlegen.
- Passwoerter, Tokens, Zahlungsdaten und sonstige Geheimnisse niemals im Klartext speichern; vor dem Anhang maskieren oder schwaerzen."
KAN-788,E7-05 Produktbilder administrieren – Rolle und Risikoaktion,"Abgedeckte Story: KAN-84 – E7-05 Produktbilder administrieren
Testart: Rolle und Risikoaktion
Priorität der Story: Highest

Ziel
Unberechtigte und irreversible Aktionen prüfen

Vorbedingungen
- Die Anwendung ist erreichbar und die erforderlichen Testdaten sind vorbereitet.
- Der Test wird in einer isolierten Umgebung mit nachvollziehbaren Benutzerrollen ausgeführt.

Schritte
1. Mit eingeschränkter Rolle aufrufen.
2. Direkten API-/Deep-Link nutzen.
3. Irreversible Aktion abbrechen und bestätigen.
4. Berechtigung und Audit prüfen.

Erwartetes Ergebnis
Unberechtigte Aktionen werden abgewiesen; kritische Aktionen benötigen bewusste Bestätigung.

Responsive Viewports
- Desktop: 1440 x 900 CSS-Pixel.
- Full HD: 1920 x 1080 CSS-Pixel.
- WQHD: 2560 x 1440 CSS-Pixel.
- Ultrawide: 3440 x 1440 CSS-Pixel.
- 4K: 3840 x 2160 CSS-Pixel.
- Tablet: 768 x 1024 CSS-Pixel.
- Smartphone: 390 x 844 CSS-Pixel.
- Bei UI-Tests jeden definierten Viewport pruefen und je Viewport einen eigenen Screenshot am Testlauf hinterlegen.

Beleg und Nachbereitung
- Fuer jeden einzelnen Testschritt unmittelbar nach der Ausfuehrung einen Screenshot als Anhang am Testlauf hinterlegen.
- Der Screenshot muss die relevante Ausgangslage bzw. Eingabe und das sichtbare Ergebnis des jeweiligen Schrittes nachvollziehbar zeigen.
- Alle Schritte des Tests muessen einen eigenen Nachweis besitzen; bei Eingabeschritten sind Eingabe und anschliessende Reaktion zu dokumentieren.
- PASS nur vergeben, wenn alle Schritte erfolgreich abgeschlossen und fuer alle Schritte Screenshots hinterlegt sind.
- FAIL oder BLOCKED ebenfalls mit Screenshot(s), tatsaechlichem Ergebnis, Datum, Tester und Umgebung dokumentieren; bei FAIL einen Bug mit Reproduktionsschritten und Verweis auf diesen Test anlegen.
- Passwoerter, Tokens, Zahlungsdaten und sonstige Geheimnisse niemals im Klartext speichern; vor dem Anhang maskieren oder schwaerzen."
KAN-789,E7-05 Produktbilder administrieren – Synchronisation und Fehler,"Abgedeckte Story: KAN-84 – E7-05 Produktbilder administrieren
Testart: Synchronisation und Fehler
Priorität der Story: Highest

Ziel
Synchronisationslauf reproduzierbar behandeln

Vorbedingungen
- Die Anwendung ist erreichbar und die erforderlichen Testdaten sind vorbereitet.
- Der Test wird in einer isolierten Umgebung mit nachvollziehbaren Benutzerrollen ausgeführt.

Schritte
1. Lauf mit gültigen Daten starten.
2. Konflikt oder Fehlerdatensatz simulieren.
3. Status und Fehlerdetails prüfen.
4. Lauf sicher wiederholen.

Erwartetes Ergebnis
Gültige Daten werden verarbeitet; Fehler sind isoliert, erklärbar und ohne Doppelverarbeitung wiederholbar.

Responsive Viewports
- Desktop: 1440 x 900 CSS-Pixel.
- Full HD: 1920 x 1080 CSS-Pixel.
- WQHD: 2560 x 1440 CSS-Pixel.
- Ultrawide: 3440 x 1440 CSS-Pixel.
- 4K: 3840 x 2160 CSS-Pixel.
- Tablet: 768 x 1024 CSS-Pixel.
- Smartphone: 390 x 844 CSS-Pixel.
- Bei UI-Tests jeden definierten Viewport pruefen und je Viewport einen eigenen Screenshot am Testlauf hinterlegen.

Beleg und Nachbereitung
- Fuer jeden einzelnen Testschritt unmittelbar nach der Ausfuehrung einen Screenshot als Anhang am Testlauf hinterlegen.
- Der Screenshot muss die relevante Ausgangslage bzw. Eingabe und das sichtbare Ergebnis des jeweiligen Schrittes nachvollziehbar zeigen.
- Alle Schritte des Tests muessen einen eigenen Nachweis besitzen; bei Eingabeschritten sind Eingabe und anschliessende Reaktion zu dokumentieren.
- PASS nur vergeben, wenn alle Schritte erfolgreich abgeschlossen und fuer alle Schritte Screenshots hinterlegt sind.
- FAIL oder BLOCKED ebenfalls mit Screenshot(s), tatsaechlichem Ergebnis, Datum, Tester und Umgebung dokumentieren; bei FAIL einen Bug mit Reproduktionsschritten und Verweis auf diesen Test anlegen.
- Passwoerter, Tokens, Zahlungsdaten und sonstige Geheimnisse niemals im Klartext speichern; vor dem Anhang maskieren oder schwaerzen."
KAN-790,E7-06 Bestände korrigieren – Admin-Operation erfolgreich,"Abgedeckte Story: KAN-85 – E7-06 Bestände korrigieren
Testart: Admin-Operation erfolgreich
Priorität der Story: Highest

Ziel
Eine berechtigte Verwaltungsaktion ausführen

Vorbedingungen
- Die Anwendung ist erreichbar und die erforderlichen Testdaten sind vorbereitet.
- Der Test wird in einer isolierten Umgebung mit nachvollziehbaren Benutzerrollen ausgeführt.

Schritte
1. Als passende Adminrolle anmelden.
2. Datensatz suchen und öffnen.
3. Änderung validiert speichern.
4. Liste, Detail und Audit erneut laden.

Erwartetes Ergebnis
Die Änderung ist einmalig wirksam, sichtbar und mit verantwortlicher Rolle nachvollziehbar.

Responsive Viewports
- Desktop: 1440 x 900 CSS-Pixel.
- Full HD: 1920 x 1080 CSS-Pixel.
- WQHD: 2560 x 1440 CSS-Pixel.
- Ultrawide: 3440 x 1440 CSS-Pixel.
- 4K: 3840 x 2160 CSS-Pixel.
- Tablet: 768 x 1024 CSS-Pixel.
- Smartphone: 390 x 844 CSS-Pixel.
- Bei UI-Tests jeden definierten Viewport pruefen und je Viewport einen eigenen Screenshot am Testlauf hinterlegen.

Beleg und Nachbereitung
- Fuer jeden einzelnen Testschritt unmittelbar nach der Ausfuehrung einen Screenshot als Anhang am Testlauf hinterlegen.
- Der Screenshot muss die relevante Ausgangslage bzw. Eingabe und das sichtbare Ergebnis des jeweiligen Schrittes nachvollziehbar zeigen.
- Alle Schritte des Tests muessen einen eigenen Nachweis besitzen; bei Eingabeschritten sind Eingabe und anschliessende Reaktion zu dokumentieren.
- PASS nur vergeben, wenn alle Schritte erfolgreich abgeschlossen und fuer alle Schritte Screenshots hinterlegt sind.
- FAIL oder BLOCKED ebenfalls mit Screenshot(s), tatsaechlichem Ergebnis, Datum, Tester und Umgebung dokumentieren; bei FAIL einen Bug mit Reproduktionsschritten und Verweis auf diesen Test anlegen.
- Passwoerter, Tokens, Zahlungsdaten und sonstige Geheimnisse niemals im Klartext speichern; vor dem Anhang maskieren oder schwaerzen."
KAN-791,E7-06 Bestände korrigieren – Rolle und Risikoaktion,"Abgedeckte Story: KAN-85 – E7-06 Bestände korrigieren
Testart: Rolle und Risikoaktion
Priorität der Story: Highest

Ziel
Unberechtigte und irreversible Aktionen prüfen

Vorbedingungen
- Die Anwendung ist erreichbar und die erforderlichen Testdaten sind vorbereitet.
- Der Test wird in einer isolierten Umgebung mit nachvollziehbaren Benutzerrollen ausgeführt.

Schritte
1. Mit eingeschränkter Rolle aufrufen.
2. Direkten API-/Deep-Link nutzen.
3. Irreversible Aktion abbrechen und bestätigen.
4. Berechtigung und Audit prüfen.

Erwartetes Ergebnis
Unberechtigte Aktionen werden abgewiesen; kritische Aktionen benötigen bewusste Bestätigung.

Responsive Viewports
- Desktop: 1440 x 900 CSS-Pixel.
- Full HD: 1920 x 1080 CSS-Pixel.
- WQHD: 2560 x 1440 CSS-Pixel.
- Ultrawide: 3440 x 1440 CSS-Pixel.
- 4K: 3840 x 2160 CSS-Pixel.
- Tablet: 768 x 1024 CSS-Pixel.
- Smartphone: 390 x 844 CSS-Pixel.
- Bei UI-Tests jeden definierten Viewport pruefen und je Viewport einen eigenen Screenshot am Testlauf hinterlegen.

Beleg und Nachbereitung
- Fuer jeden einzelnen Testschritt unmittelbar nach der Ausfuehrung einen Screenshot als Anhang am Testlauf hinterlegen.
- Der Screenshot muss die relevante Ausgangslage bzw. Eingabe und das sichtbare Ergebnis des jeweiligen Schrittes nachvollziehbar zeigen.
- Alle Schritte des Tests muessen einen eigenen Nachweis besitzen; bei Eingabeschritten sind Eingabe und anschliessende Reaktion zu dokumentieren.
- PASS nur vergeben, wenn alle Schritte erfolgreich abgeschlossen und fuer alle Schritte Screenshots hinterlegt sind.
- FAIL oder BLOCKED ebenfalls mit Screenshot(s), tatsaechlichem Ergebnis, Datum, Tester und Umgebung dokumentieren; bei FAIL einen Bug mit Reproduktionsschritten und Verweis auf diesen Test anlegen.
- Passwoerter, Tokens, Zahlungsdaten und sonstige Geheimnisse niemals im Klartext speichern; vor dem Anhang maskieren oder schwaerzen."
KAN-792,E7-06 Bestände korrigieren – Synchronisation und Fehler,"Abgedeckte Story: KAN-85 – E7-06 Bestände korrigieren
Testart: Synchronisation und Fehler
Priorität der Story: Highest

Ziel
Synchronisationslauf reproduzierbar behandeln

Vorbedingungen
- Die Anwendung ist erreichbar und die erforderlichen Testdaten sind vorbereitet.
- Der Test wird in einer isolierten Umgebung mit nachvollziehbaren Benutzerrollen ausgeführt.

Schritte
1. Lauf mit gültigen Daten starten.
2. Konflikt oder Fehlerdatensatz simulieren.
3. Status und Fehlerdetails prüfen.
4. Lauf sicher wiederholen.

Erwartetes Ergebnis
Gültige Daten werden verarbeitet; Fehler sind isoliert, erklärbar und ohne Doppelverarbeitung wiederholbar.

Responsive Viewports
- Desktop: 1440 x 900 CSS-Pixel.
- Full HD: 1920 x 1080 CSS-Pixel.
- WQHD: 2560 x 1440 CSS-Pixel.
- Ultrawide: 3440 x 1440 CSS-Pixel.
- 4K: 3840 x 2160 CSS-Pixel.
- Tablet: 768 x 1024 CSS-Pixel.
- Smartphone: 390 x 844 CSS-Pixel.
- Bei UI-Tests jeden definierten Viewport pruefen und je Viewport einen eigenen Screenshot am Testlauf hinterlegen.

Beleg und Nachbereitung
- Fuer jeden einzelnen Testschritt unmittelbar nach der Ausfuehrung einen Screenshot als Anhang am Testlauf hinterlegen.
- Der Screenshot muss die relevante Ausgangslage bzw. Eingabe und das sichtbare Ergebnis des jeweiligen Schrittes nachvollziehbar zeigen.
- Alle Schritte des Tests muessen einen eigenen Nachweis besitzen; bei Eingabeschritten sind Eingabe und anschliessende Reaktion zu dokumentieren.
- PASS nur vergeben, wenn alle Schritte erfolgreich abgeschlossen und fuer alle Schritte Screenshots hinterlegt sind.
- FAIL oder BLOCKED ebenfalls mit Screenshot(s), tatsaechlichem Ergebnis, Datum, Tester und Umgebung dokumentieren; bei FAIL einen Bug mit Reproduktionsschritten und Verweis auf diesen Test anlegen.
- Passwoerter, Tokens, Zahlungsdaten und sonstige Geheimnisse niemals im Klartext speichern; vor dem Anhang maskieren oder schwaerzen."
KAN-793,E7-07 Bestellungen administrieren – Admin-Operation erfolgreich,"Abgedeckte Story: KAN-86 – E7-07 Bestellungen administrieren
Testart: Admin-Operation erfolgreich
Priorität der Story: Highest

Ziel
Eine berechtigte Verwaltungsaktion ausführen

Vorbedingungen
- Die Anwendung ist erreichbar und die erforderlichen Testdaten sind vorbereitet.
- Der Test wird in einer isolierten Umgebung mit nachvollziehbaren Benutzerrollen ausgeführt.

Schritte
1. Als passende Adminrolle anmelden.
2. Datensatz suchen und öffnen.
3. Änderung validiert speichern.
4. Liste, Detail und Audit erneut laden.

Erwartetes Ergebnis
Die Änderung ist einmalig wirksam, sichtbar und mit verantwortlicher Rolle nachvollziehbar.

Responsive Viewports
- Desktop: 1440 x 900 CSS-Pixel.
- Full HD: 1920 x 1080 CSS-Pixel.
- WQHD: 2560 x 1440 CSS-Pixel.
- Ultrawide: 3440 x 1440 CSS-Pixel.
- 4K: 3840 x 2160 CSS-Pixel.
- Tablet: 768 x 1024 CSS-Pixel.
- Smartphone: 390 x 844 CSS-Pixel.
- Bei UI-Tests jeden definierten Viewport pruefen und je Viewport einen eigenen Screenshot am Testlauf hinterlegen.

Beleg und Nachbereitung
- Fuer jeden einzelnen Testschritt unmittelbar nach der Ausfuehrung einen Screenshot als Anhang am Testlauf hinterlegen.
- Der Screenshot muss die relevante Ausgangslage bzw. Eingabe und das sichtbare Ergebnis des jeweiligen Schrittes nachvollziehbar zeigen.
- Alle Schritte des Tests muessen einen eigenen Nachweis besitzen; bei Eingabeschritten sind Eingabe und anschliessende Reaktion zu dokumentieren.
- PASS nur vergeben, wenn alle Schritte erfolgreich abgeschlossen und fuer alle Schritte Screenshots hinterlegt sind.
- FAIL oder BLOCKED ebenfalls mit Screenshot(s), tatsaechlichem Ergebnis, Datum, Tester und Umgebung dokumentieren; bei FAIL einen Bug mit Reproduktionsschritten und Verweis auf diesen Test anlegen.
- Passwoerter, Tokens, Zahlungsdaten und sonstige Geheimnisse niemals im Klartext speichern; vor dem Anhang maskieren oder schwaerzen."
KAN-794,E7-07 Bestellungen administrieren – Rolle und Risikoaktion,"Abgedeckte Story: KAN-86 – E7-07 Bestellungen administrieren
Testart: Rolle und Risikoaktion
Priorität der Story: Highest

Ziel
Unberechtigte und irreversible Aktionen prüfen

Vorbedingungen
- Die Anwendung ist erreichbar und die erforderlichen Testdaten sind vorbereitet.
- Der Test wird in einer isolierten Umgebung mit nachvollziehbaren Benutzerrollen ausgeführt.

Schritte
1. Mit eingeschränkter Rolle aufrufen.
2. Direkten API-/Deep-Link nutzen.
3. Irreversible Aktion abbrechen und bestätigen.
4. Berechtigung und Audit prüfen.

Erwartetes Ergebnis
Unberechtigte Aktionen werden abgewiesen; kritische Aktionen benötigen bewusste Bestätigung.

Responsive Viewports
- Desktop: 1440 x 900 CSS-Pixel.
- Full HD: 1920 x 1080 CSS-Pixel.
- WQHD: 2560 x 1440 CSS-Pixel.
- Ultrawide: 3440 x 1440 CSS-Pixel.
- 4K: 3840 x 2160 CSS-Pixel.
- Tablet: 768 x 1024 CSS-Pixel.
- Smartphone: 390 x 844 CSS-Pixel.
- Bei UI-Tests jeden definierten Viewport pruefen und je Viewport einen eigenen Screenshot am Testlauf hinterlegen.

Beleg und Nachbereitung
- Fuer jeden einzelnen Testschritt unmittelbar nach der Ausfuehrung einen Screenshot als Anhang am Testlauf hinterlegen.
- Der Screenshot muss die relevante Ausgangslage bzw. Eingabe und das sichtbare Ergebnis des jeweiligen Schrittes nachvollziehbar zeigen.
- Alle Schritte des Tests muessen einen eigenen Nachweis besitzen; bei Eingabeschritten sind Eingabe und anschliessende Reaktion zu dokumentieren.
- PASS nur vergeben, wenn alle Schritte erfolgreich abgeschlossen und fuer alle Schritte Screenshots hinterlegt sind.
- FAIL oder BLOCKED ebenfalls mit Screenshot(s), tatsaechlichem Ergebnis, Datum, Tester und Umgebung dokumentieren; bei FAIL einen Bug mit Reproduktionsschritten und Verweis auf diesen Test anlegen.
- Passwoerter, Tokens, Zahlungsdaten und sonstige Geheimnisse niemals im Klartext speichern; vor dem Anhang maskieren oder schwaerzen."
KAN-795,E7-07 Bestellungen administrieren – Synchronisation und Fehler,"Abgedeckte Story: KAN-86 – E7-07 Bestellungen administrieren
Testart: Synchronisation und Fehler
Priorität der Story: Highest

Ziel
Synchronisationslauf reproduzierbar behandeln

Vorbedingungen
- Die Anwendung ist erreichbar und die erforderlichen Testdaten sind vorbereitet.
- Der Test wird in einer isolierten Umgebung mit nachvollziehbaren Benutzerrollen ausgeführt.

Schritte
1. Lauf mit gültigen Daten starten.
2. Konflikt oder Fehlerdatensatz simulieren.
3. Status und Fehlerdetails prüfen.
4. Lauf sicher wiederholen.

Erwartetes Ergebnis
Gültige Daten werden verarbeitet; Fehler sind isoliert, erklärbar und ohne Doppelverarbeitung wiederholbar.

Responsive Viewports
- Desktop: 1440 x 900 CSS-Pixel.
- Full HD: 1920 x 1080 CSS-Pixel.
- WQHD: 2560 x 1440 CSS-Pixel.
- Ultrawide: 3440 x 1440 CSS-Pixel.
- 4K: 3840 x 2160 CSS-Pixel.
- Tablet: 768 x 1024 CSS-Pixel.
- Smartphone: 390 x 844 CSS-Pixel.
- Bei UI-Tests jeden definierten Viewport pruefen und je Viewport einen eigenen Screenshot am Testlauf hinterlegen.

Beleg und Nachbereitung
- Fuer jeden einzelnen Testschritt unmittelbar nach der Ausfuehrung einen Screenshot als Anhang am Testlauf hinterlegen.
- Der Screenshot muss die relevante Ausgangslage bzw. Eingabe und das sichtbare Ergebnis des jeweiligen Schrittes nachvollziehbar zeigen.
- Alle Schritte des Tests muessen einen eigenen Nachweis besitzen; bei Eingabeschritten sind Eingabe und anschliessende Reaktion zu dokumentieren.
- PASS nur vergeben, wenn alle Schritte erfolgreich abgeschlossen und fuer alle Schritte Screenshots hinterlegt sind.
- FAIL oder BLOCKED ebenfalls mit Screenshot(s), tatsaechlichem Ergebnis, Datum, Tester und Umgebung dokumentieren; bei FAIL einen Bug mit Reproduktionsschritten und Verweis auf diesen Test anlegen.
- Passwoerter, Tokens, Zahlungsdaten und sonstige Geheimnisse niemals im Klartext speichern; vor dem Anhang maskieren oder schwaerzen."
KAN-796,E7-08 Kundenkonten administrieren – Admin-Operation erfolgreich,"Abgedeckte Story: KAN-87 – E7-08 Kundenkonten administrieren
Testart: Admin-Operation erfolgreich
Priorität der Story: Highest

Ziel
Eine berechtigte Verwaltungsaktion ausführen

Vorbedingungen
- Die Anwendung ist erreichbar und die erforderlichen Testdaten sind vorbereitet.
- Der Test wird in einer isolierten Umgebung mit nachvollziehbaren Benutzerrollen ausgeführt.

Schritte
1. Als passende Adminrolle anmelden.
2. Datensatz suchen und öffnen.
3. Änderung validiert speichern.
4. Liste, Detail und Audit erneut laden.

Erwartetes Ergebnis
Die Änderung ist einmalig wirksam, sichtbar und mit verantwortlicher Rolle nachvollziehbar.

Responsive Viewports
- Desktop: 1440 x 900 CSS-Pixel.
- Full HD: 1920 x 1080 CSS-Pixel.
- WQHD: 2560 x 1440 CSS-Pixel.
- Ultrawide: 3440 x 1440 CSS-Pixel.
- 4K: 3840 x 2160 CSS-Pixel.
- Tablet: 768 x 1024 CSS-Pixel.
- Smartphone: 390 x 844 CSS-Pixel.
- Bei UI-Tests jeden definierten Viewport pruefen und je Viewport einen eigenen Screenshot am Testlauf hinterlegen.

Beleg und Nachbereitung
- Fuer jeden einzelnen Testschritt unmittelbar nach der Ausfuehrung einen Screenshot als Anhang am Testlauf hinterlegen.
- Der Screenshot muss die relevante Ausgangslage bzw. Eingabe und das sichtbare Ergebnis des jeweiligen Schrittes nachvollziehbar zeigen.
- Alle Schritte des Tests muessen einen eigenen Nachweis besitzen; bei Eingabeschritten sind Eingabe und anschliessende Reaktion zu dokumentieren.
- PASS nur vergeben, wenn alle Schritte erfolgreich abgeschlossen und fuer alle Schritte Screenshots hinterlegt sind.
- FAIL oder BLOCKED ebenfalls mit Screenshot(s), tatsaechlichem Ergebnis, Datum, Tester und Umgebung dokumentieren; bei FAIL einen Bug mit Reproduktionsschritten und Verweis auf diesen Test anlegen.
- Passwoerter, Tokens, Zahlungsdaten und sonstige Geheimnisse niemals im Klartext speichern; vor dem Anhang maskieren oder schwaerzen."
KAN-797,E7-08 Kundenkonten administrieren – Rolle und Risikoaktion,"Abgedeckte Story: KAN-87 – E7-08 Kundenkonten administrieren
Testart: Rolle und Risikoaktion
Priorität der Story: Highest

Ziel
Unberechtigte und irreversible Aktionen prüfen

Vorbedingungen
- Die Anwendung ist erreichbar und die erforderlichen Testdaten sind vorbereitet.
- Der Test wird in einer isolierten Umgebung mit nachvollziehbaren Benutzerrollen ausgeführt.

Schritte
1. Mit eingeschränkter Rolle aufrufen.
2. Direkten API-/Deep-Link nutzen.
3. Irreversible Aktion abbrechen und bestätigen.
4. Berechtigung und Audit prüfen.

Erwartetes Ergebnis
Unberechtigte Aktionen werden abgewiesen; kritische Aktionen benötigen bewusste Bestätigung.

Responsive Viewports
- Desktop: 1440 x 900 CSS-Pixel.
- Full HD: 1920 x 1080 CSS-Pixel.
- WQHD: 2560 x 1440 CSS-Pixel.
- Ultrawide: 3440 x 1440 CSS-Pixel.
- 4K: 3840 x 2160 CSS-Pixel.
- Tablet: 768 x 1024 CSS-Pixel.
- Smartphone: 390 x 844 CSS-Pixel.
- Bei UI-Tests jeden definierten Viewport pruefen und je Viewport einen eigenen Screenshot am Testlauf hinterlegen.

Beleg und Nachbereitung
- Fuer jeden einzelnen Testschritt unmittelbar nach der Ausfuehrung einen Screenshot als Anhang am Testlauf hinterlegen.
- Der Screenshot muss die relevante Ausgangslage bzw. Eingabe und das sichtbare Ergebnis des jeweiligen Schrittes nachvollziehbar zeigen.
- Alle Schritte des Tests muessen einen eigenen Nachweis besitzen; bei Eingabeschritten sind Eingabe und anschliessende Reaktion zu dokumentieren.
- PASS nur vergeben, wenn alle Schritte erfolgreich abgeschlossen und fuer alle Schritte Screenshots hinterlegt sind.
- FAIL oder BLOCKED ebenfalls mit Screenshot(s), tatsaechlichem Ergebnis, Datum, Tester und Umgebung dokumentieren; bei FAIL einen Bug mit Reproduktionsschritten und Verweis auf diesen Test anlegen.
- Passwoerter, Tokens, Zahlungsdaten und sonstige Geheimnisse niemals im Klartext speichern; vor dem Anhang maskieren oder schwaerzen."
KAN-798,E7-08 Kundenkonten administrieren – Synchronisation und Fehler,"Abgedeckte Story: KAN-87 – E7-08 Kundenkonten administrieren
Testart: Synchronisation und Fehler
Priorität der Story: Highest

Ziel
Synchronisationslauf reproduzierbar behandeln

Vorbedingungen
- Die Anwendung ist erreichbar und die erforderlichen Testdaten sind vorbereitet.
- Der Test wird in einer isolierten Umgebung mit nachvollziehbaren Benutzerrollen ausgeführt.

Schritte
1. Lauf mit gültigen Daten starten.
2. Konflikt oder Fehlerdatensatz simulieren.
3. Status und Fehlerdetails prüfen.
4. Lauf sicher wiederholen.

Erwartetes Ergebnis
Gültige Daten werden verarbeitet; Fehler sind isoliert, erklärbar und ohne Doppelverarbeitung wiederholbar.

Responsive Viewports
- Desktop: 1440 x 900 CSS-Pixel.
- Full HD: 1920 x 1080 CSS-Pixel.
- WQHD: 2560 x 1440 CSS-Pixel.
- Ultrawide: 3440 x 1440 CSS-Pixel.
- 4K: 3840 x 2160 CSS-Pixel.
- Tablet: 768 x 1024 CSS-Pixel.
- Smartphone: 390 x 844 CSS-Pixel.
- Bei UI-Tests jeden definierten Viewport pruefen und je Viewport einen eigenen Screenshot am Testlauf hinterlegen.

Beleg und Nachbereitung
- Fuer jeden einzelnen Testschritt unmittelbar nach der Ausfuehrung einen Screenshot als Anhang am Testlauf hinterlegen.
- Der Screenshot muss die relevante Ausgangslage bzw. Eingabe und das sichtbare Ergebnis des jeweiligen Schrittes nachvollziehbar zeigen.
- Alle Schritte des Tests muessen einen eigenen Nachweis besitzen; bei Eingabeschritten sind Eingabe und anschliessende Reaktion zu dokumentieren.
- PASS nur vergeben, wenn alle Schritte erfolgreich abgeschlossen und fuer alle Schritte Screenshots hinterlegt sind.
- FAIL oder BLOCKED ebenfalls mit Screenshot(s), tatsaechlichem Ergebnis, Datum, Tester und Umgebung dokumentieren; bei FAIL einen Bug mit Reproduktionsschritten und Verweis auf diesen Test anlegen.
- Passwoerter, Tokens, Zahlungsdaten und sonstige Geheimnisse niemals im Klartext speichern; vor dem Anhang maskieren oder schwaerzen."
KAN-799,E7-09 Verkaufsangebote administrieren – Admin-Operation erfolgreich,"Abgedeckte Story: KAN-88 – E7-09 Verkaufsangebote administrieren
Testart: Admin-Operation erfolgreich
Priorität der Story: Medium

Ziel
Eine berechtigte Verwaltungsaktion ausführen

Vorbedingungen
- Die Anwendung ist erreichbar und die erforderlichen Testdaten sind vorbereitet.
- Der Test wird in einer isolierten Umgebung mit nachvollziehbaren Benutzerrollen ausgeführt.

Schritte
1. Als passende Adminrolle anmelden.
2. Datensatz suchen und öffnen.
3. Änderung validiert speichern.
4. Liste, Detail und Audit erneut laden.

Erwartetes Ergebnis
Die Änderung ist einmalig wirksam, sichtbar und mit verantwortlicher Rolle nachvollziehbar.

Responsive Viewports
- Desktop: 1440 x 900 CSS-Pixel.
- Full HD: 1920 x 1080 CSS-Pixel.
- WQHD: 2560 x 1440 CSS-Pixel.
- Ultrawide: 3440 x 1440 CSS-Pixel.
- 4K: 3840 x 2160 CSS-Pixel.
- Tablet: 768 x 1024 CSS-Pixel.
- Smartphone: 390 x 844 CSS-Pixel.
- Bei UI-Tests jeden definierten Viewport pruefen und je Viewport einen eigenen Screenshot am Testlauf hinterlegen.

Beleg und Nachbereitung
- Fuer jeden einzelnen Testschritt unmittelbar nach der Ausfuehrung einen Screenshot als Anhang am Testlauf hinterlegen.
- Der Screenshot muss die relevante Ausgangslage bzw. Eingabe und das sichtbare Ergebnis des jeweiligen Schrittes nachvollziehbar zeigen.
- Alle Schritte des Tests muessen einen eigenen Nachweis besitzen; bei Eingabeschritten sind Eingabe und anschliessende Reaktion zu dokumentieren.
- PASS nur vergeben, wenn alle Schritte erfolgreich abgeschlossen und fuer alle Schritte Screenshots hinterlegt sind.
- FAIL oder BLOCKED ebenfalls mit Screenshot(s), tatsaechlichem Ergebnis, Datum, Tester und Umgebung dokumentieren; bei FAIL einen Bug mit Reproduktionsschritten und Verweis auf diesen Test anlegen.
- Passwoerter, Tokens, Zahlungsdaten und sonstige Geheimnisse niemals im Klartext speichern; vor dem Anhang maskieren oder schwaerzen."
KAN-800,E7-09 Verkaufsangebote administrieren – Rolle und Risikoaktion,"Abgedeckte Story: KAN-88 – E7-09 Verkaufsangebote administrieren
Testart: Rolle und Risikoaktion
Priorität der Story: Medium

Ziel
Unberechtigte und irreversible Aktionen prüfen

Vorbedingungen
- Die Anwendung ist erreichbar und die erforderlichen Testdaten sind vorbereitet.
- Der Test wird in einer isolierten Umgebung mit nachvollziehbaren Benutzerrollen ausgeführt.

Schritte
1. Mit eingeschränkter Rolle aufrufen.
2. Direkten API-/Deep-Link nutzen.
3. Irreversible Aktion abbrechen und bestätigen.
4. Berechtigung und Audit prüfen.

Erwartetes Ergebnis
Unberechtigte Aktionen werden abgewiesen; kritische Aktionen benötigen bewusste Bestätigung.

Responsive Viewports
- Desktop: 1440 x 900 CSS-Pixel.
- Full HD: 1920 x 1080 CSS-Pixel.
- WQHD: 2560 x 1440 CSS-Pixel.
- Ultrawide: 3440 x 1440 CSS-Pixel.
- 4K: 3840 x 2160 CSS-Pixel.
- Tablet: 768 x 1024 CSS-Pixel.
- Smartphone: 390 x 844 CSS-Pixel.
- Bei UI-Tests jeden definierten Viewport pruefen und je Viewport einen eigenen Screenshot am Testlauf hinterlegen.

Beleg und Nachbereitung
- Fuer jeden einzelnen Testschritt unmittelbar nach der Ausfuehrung einen Screenshot als Anhang am Testlauf hinterlegen.
- Der Screenshot muss die relevante Ausgangslage bzw. Eingabe und das sichtbare Ergebnis des jeweiligen Schrittes nachvollziehbar zeigen.
- Alle Schritte des Tests muessen einen eigenen Nachweis besitzen; bei Eingabeschritten sind Eingabe und anschliessende Reaktion zu dokumentieren.
- PASS nur vergeben, wenn alle Schritte erfolgreich abgeschlossen und fuer alle Schritte Screenshots hinterlegt sind.
- FAIL oder BLOCKED ebenfalls mit Screenshot(s), tatsaechlichem Ergebnis, Datum, Tester und Umgebung dokumentieren; bei FAIL einen Bug mit Reproduktionsschritten und Verweis auf diesen Test anlegen.
- Passwoerter, Tokens, Zahlungsdaten und sonstige Geheimnisse niemals im Klartext speichern; vor dem Anhang maskieren oder schwaerzen."
KAN-801,E7-09 Verkaufsangebote administrieren – Synchronisation und Fehler,"Abgedeckte Story: KAN-88 – E7-09 Verkaufsangebote administrieren
Testart: Synchronisation und Fehler
Priorität der Story: Medium

Ziel
Synchronisationslauf reproduzierbar behandeln

Vorbedingungen
- Die Anwendung ist erreichbar und die erforderlichen Testdaten sind vorbereitet.
- Der Test wird in einer isolierten Umgebung mit nachvollziehbaren Benutzerrollen ausgeführt.

Schritte
1. Lauf mit gültigen Daten starten.
2. Konflikt oder Fehlerdatensatz simulieren.
3. Status und Fehlerdetails prüfen.
4. Lauf sicher wiederholen.

Erwartetes Ergebnis
Gültige Daten werden verarbeitet; Fehler sind isoliert, erklärbar und ohne Doppelverarbeitung wiederholbar.

Responsive Viewports
- Desktop: 1440 x 900 CSS-Pixel.
- Full HD: 1920 x 1080 CSS-Pixel.
- WQHD: 2560 x 1440 CSS-Pixel.
- Ultrawide: 3440 x 1440 CSS-Pixel.
- 4K: 3840 x 2160 CSS-Pixel.
- Tablet: 768 x 1024 CSS-Pixel.
- Smartphone: 390 x 844 CSS-Pixel.
- Bei UI-Tests jeden definierten Viewport pruefen und je Viewport einen eigenen Screenshot am Testlauf hinterlegen.

Beleg und Nachbereitung
- Fuer jeden einzelnen Testschritt unmittelbar nach der Ausfuehrung einen Screenshot als Anhang am Testlauf hinterlegen.
- Der Screenshot muss die relevante Ausgangslage bzw. Eingabe und das sichtbare Ergebnis des jeweiligen Schrittes nachvollziehbar zeigen.
- Alle Schritte des Tests muessen einen eigenen Nachweis besitzen; bei Eingabeschritten sind Eingabe und anschliessende Reaktion zu dokumentieren.
- PASS nur vergeben, wenn alle Schritte erfolgreich abgeschlossen und fuer alle Schritte Screenshots hinterlegt sind.
- FAIL oder BLOCKED ebenfalls mit Screenshot(s), tatsaechlichem Ergebnis, Datum, Tester und Umgebung dokumentieren; bei FAIL einen Bug mit Reproduktionsschritten und Verweis auf diesen Test anlegen.
- Passwoerter, Tokens, Zahlungsdaten und sonstige Geheimnisse niemals im Klartext speichern; vor dem Anhang maskieren oder schwaerzen."
KAN-802,E7-10 Katalogstammdaten verwalten – Admin-Operation erfolgreich,"Abgedeckte Story: KAN-89 – E7-10 Katalogstammdaten verwalten
Testart: Admin-Operation erfolgreich
Priorität der Story: Highest

Ziel
Eine berechtigte Verwaltungsaktion ausführen

Vorbedingungen
- Die Anwendung ist erreichbar und die erforderlichen Testdaten sind vorbereitet.
- Der Test wird in einer isolierten Umgebung mit nachvollziehbaren Benutzerrollen ausgeführt.

Schritte
1. Als passende Adminrolle anmelden.
2. Datensatz suchen und öffnen.
3. Änderung validiert speichern.
4. Liste, Detail und Audit erneut laden.

Erwartetes Ergebnis
Die Änderung ist einmalig wirksam, sichtbar und mit verantwortlicher Rolle nachvollziehbar.

Responsive Viewports
- Desktop: 1440 x 900 CSS-Pixel.
- Full HD: 1920 x 1080 CSS-Pixel.
- WQHD: 2560 x 1440 CSS-Pixel.
- Ultrawide: 3440 x 1440 CSS-Pixel.
- 4K: 3840 x 2160 CSS-Pixel.
- Tablet: 768 x 1024 CSS-Pixel.
- Smartphone: 390 x 844 CSS-Pixel.
- Bei UI-Tests jeden definierten Viewport pruefen und je Viewport einen eigenen Screenshot am Testlauf hinterlegen.

Beleg und Nachbereitung
- Fuer jeden einzelnen Testschritt unmittelbar nach der Ausfuehrung einen Screenshot als Anhang am Testlauf hinterlegen.
- Der Screenshot muss die relevante Ausgangslage bzw. Eingabe und das sichtbare Ergebnis des jeweiligen Schrittes nachvollziehbar zeigen.
- Alle Schritte des Tests muessen einen eigenen Nachweis besitzen; bei Eingabeschritten sind Eingabe und anschliessende Reaktion zu dokumentieren.
- PASS nur vergeben, wenn alle Schritte erfolgreich abgeschlossen und fuer alle Schritte Screenshots hinterlegt sind.
- FAIL oder BLOCKED ebenfalls mit Screenshot(s), tatsaechlichem Ergebnis, Datum, Tester und Umgebung dokumentieren; bei FAIL einen Bug mit Reproduktionsschritten und Verweis auf diesen Test anlegen.
- Passwoerter, Tokens, Zahlungsdaten und sonstige Geheimnisse niemals im Klartext speichern; vor dem Anhang maskieren oder schwaerzen."
KAN-803,E7-10 Katalogstammdaten verwalten – Rolle und Risikoaktion,"Abgedeckte Story: KAN-89 – E7-10 Katalogstammdaten verwalten
Testart: Rolle und Risikoaktion
Priorität der Story: Highest

Ziel
Unberechtigte und irreversible Aktionen prüfen

Vorbedingungen
- Die Anwendung ist erreichbar und die erforderlichen Testdaten sind vorbereitet.
- Der Test wird in einer isolierten Umgebung mit nachvollziehbaren Benutzerrollen ausgeführt.

Schritte
1. Mit eingeschränkter Rolle aufrufen.
2. Direkten API-/Deep-Link nutzen.
3. Irreversible Aktion abbrechen und bestätigen.
4. Berechtigung und Audit prüfen.

Erwartetes Ergebnis
Unberechtigte Aktionen werden abgewiesen; kritische Aktionen benötigen bewusste Bestätigung.

Responsive Viewports
- Desktop: 1440 x 900 CSS-Pixel.
- Full HD: 1920 x 1080 CSS-Pixel.
- WQHD: 2560 x 1440 CSS-Pixel.
- Ultrawide: 3440 x 1440 CSS-Pixel.
- 4K: 3840 x 2160 CSS-Pixel.
- Tablet: 768 x 1024 CSS-Pixel.
- Smartphone: 390 x 844 CSS-Pixel.
- Bei UI-Tests jeden definierten Viewport pruefen und je Viewport einen eigenen Screenshot am Testlauf hinterlegen.

Beleg und Nachbereitung
- Fuer jeden einzelnen Testschritt unmittelbar nach der Ausfuehrung einen Screenshot als Anhang am Testlauf hinterlegen.
- Der Screenshot muss die relevante Ausgangslage bzw. Eingabe und das sichtbare Ergebnis des jeweiligen Schrittes nachvollziehbar zeigen.
- Alle Schritte des Tests muessen einen eigenen Nachweis besitzen; bei Eingabeschritten sind Eingabe und anschliessende Reaktion zu dokumentieren.
- PASS nur vergeben, wenn alle Schritte erfolgreich abgeschlossen und fuer alle Schritte Screenshots hinterlegt sind.
- FAIL oder BLOCKED ebenfalls mit Screenshot(s), tatsaechlichem Ergebnis, Datum, Tester und Umgebung dokumentieren; bei FAIL einen Bug mit Reproduktionsschritten und Verweis auf diesen Test anlegen.
- Passwoerter, Tokens, Zahlungsdaten und sonstige Geheimnisse niemals im Klartext speichern; vor dem Anhang maskieren oder schwaerzen."
KAN-804,E7-10 Katalogstammdaten verwalten – Synchronisation und Fehler,"Abgedeckte Story: KAN-89 – E7-10 Katalogstammdaten verwalten
Testart: Synchronisation und Fehler
Priorität der Story: Highest

Ziel
Synchronisationslauf reproduzierbar behandeln

Vorbedingungen
- Die Anwendung ist erreichbar und die erforderlichen Testdaten sind vorbereitet.
- Der Test wird in einer isolierten Umgebung mit nachvollziehbaren Benutzerrollen ausgeführt.

Schritte
1. Lauf mit gültigen Daten starten.
2. Konflikt oder Fehlerdatensatz simulieren.
3. Status und Fehlerdetails prüfen.
4. Lauf sicher wiederholen.

Erwartetes Ergebnis
Gültige Daten werden verarbeitet; Fehler sind isoliert, erklärbar und ohne Doppelverarbeitung wiederholbar.

Responsive Viewports
- Desktop: 1440 x 900 CSS-Pixel.
- Full HD: 1920 x 1080 CSS-Pixel.
- WQHD: 2560 x 1440 CSS-Pixel.
- Ultrawide: 3440 x 1440 CSS-Pixel.
- 4K: 3840 x 2160 CSS-Pixel.
- Tablet: 768 x 1024 CSS-Pixel.
- Smartphone: 390 x 844 CSS-Pixel.
- Bei UI-Tests jeden definierten Viewport pruefen und je Viewport einen eigenen Screenshot am Testlauf hinterlegen.

Beleg und Nachbereitung
- Fuer jeden einzelnen Testschritt unmittelbar nach der Ausfuehrung einen Screenshot als Anhang am Testlauf hinterlegen.
- Der Screenshot muss die relevante Ausgangslage bzw. Eingabe und das sichtbare Ergebnis des jeweiligen Schrittes nachvollziehbar zeigen.
- Alle Schritte des Tests muessen einen eigenen Nachweis besitzen; bei Eingabeschritten sind Eingabe und anschliessende Reaktion zu dokumentieren.
- PASS nur vergeben, wenn alle Schritte erfolgreich abgeschlossen und fuer alle Schritte Screenshots hinterlegt sind.
- FAIL oder BLOCKED ebenfalls mit Screenshot(s), tatsaechlichem Ergebnis, Datum, Tester und Umgebung dokumentieren; bei FAIL einen Bug mit Reproduktionsschritten und Verweis auf diesen Test anlegen.
- Passwoerter, Tokens, Zahlungsdaten und sonstige Geheimnisse niemals im Klartext speichern; vor dem Anhang maskieren oder schwaerzen."
KAN-805,E7-11 Datenquellen synchronisieren – Admin-Operation erfolgreich,"Abgedeckte Story: KAN-90 – E7-11 Datenquellen synchronisieren
Testart: Admin-Operation erfolgreich
Priorität der Story: Highest

Ziel
Eine berechtigte Verwaltungsaktion ausführen

Vorbedingungen
- Die Anwendung ist erreichbar und die erforderlichen Testdaten sind vorbereitet.
- Der Test wird in einer isolierten Umgebung mit nachvollziehbaren Benutzerrollen ausgeführt.

Schritte
1. Als passende Adminrolle anmelden.
2. Datensatz suchen und öffnen.
3. Änderung validiert speichern.
4. Liste, Detail und Audit erneut laden.

Erwartetes Ergebnis
Die Änderung ist einmalig wirksam, sichtbar und mit verantwortlicher Rolle nachvollziehbar.

Responsive Viewports
- Desktop: 1440 x 900 CSS-Pixel.
- Full HD: 1920 x 1080 CSS-Pixel.
- WQHD: 2560 x 1440 CSS-Pixel.
- Ultrawide: 3440 x 1440 CSS-Pixel.
- 4K: 3840 x 2160 CSS-Pixel.
- Tablet: 768 x 1024 CSS-Pixel.
- Smartphone: 390 x 844 CSS-Pixel.
- Bei UI-Tests jeden definierten Viewport pruefen und je Viewport einen eigenen Screenshot am Testlauf hinterlegen.

Beleg und Nachbereitung
- Fuer jeden einzelnen Testschritt unmittelbar nach der Ausfuehrung einen Screenshot als Anhang am Testlauf hinterlegen.
- Der Screenshot muss die relevante Ausgangslage bzw. Eingabe und das sichtbare Ergebnis des jeweiligen Schrittes nachvollziehbar zeigen.
- Alle Schritte des Tests muessen einen eigenen Nachweis besitzen; bei Eingabeschritten sind Eingabe und anschliessende Reaktion zu dokumentieren.
- PASS nur vergeben, wenn alle Schritte erfolgreich abgeschlossen und fuer alle Schritte Screenshots hinterlegt sind.
- FAIL oder BLOCKED ebenfalls mit Screenshot(s), tatsaechlichem Ergebnis, Datum, Tester und Umgebung dokumentieren; bei FAIL einen Bug mit Reproduktionsschritten und Verweis auf diesen Test anlegen.
- Passwoerter, Tokens, Zahlungsdaten und sonstige Geheimnisse niemals im Klartext speichern; vor dem Anhang maskieren oder schwaerzen."
KAN-806,E7-11 Datenquellen synchronisieren – Rolle und Risikoaktion,"Abgedeckte Story: KAN-90 – E7-11 Datenquellen synchronisieren
Testart: Rolle und Risikoaktion
Priorität der Story: Highest

Ziel
Unberechtigte und irreversible Aktionen prüfen

Vorbedingungen
- Die Anwendung ist erreichbar und die erforderlichen Testdaten sind vorbereitet.
- Der Test wird in einer isolierten Umgebung mit nachvollziehbaren Benutzerrollen ausgeführt.

Schritte
1. Mit eingeschränkter Rolle aufrufen.
2. Direkten API-/Deep-Link nutzen.
3. Irreversible Aktion abbrechen und bestätigen.
4. Berechtigung und Audit prüfen.

Erwartetes Ergebnis
Unberechtigte Aktionen werden abgewiesen; kritische Aktionen benötigen bewusste Bestätigung.

Responsive Viewports
- Desktop: 1440 x 900 CSS-Pixel.
- Full HD: 1920 x 1080 CSS-Pixel.
- WQHD: 2560 x 1440 CSS-Pixel.
- Ultrawide: 3440 x 1440 CSS-Pixel.
- 4K: 3840 x 2160 CSS-Pixel.
- Tablet: 768 x 1024 CSS-Pixel.
- Smartphone: 390 x 844 CSS-Pixel.
- Bei UI-Tests jeden definierten Viewport pruefen und je Viewport einen eigenen Screenshot am Testlauf hinterlegen.

Beleg und Nachbereitung
- Fuer jeden einzelnen Testschritt unmittelbar nach der Ausfuehrung einen Screenshot als Anhang am Testlauf hinterlegen.
- Der Screenshot muss die relevante Ausgangslage bzw. Eingabe und das sichtbare Ergebnis des jeweiligen Schrittes nachvollziehbar zeigen.
- Alle Schritte des Tests muessen einen eigenen Nachweis besitzen; bei Eingabeschritten sind Eingabe und anschliessende Reaktion zu dokumentieren.
- PASS nur vergeben, wenn alle Schritte erfolgreich abgeschlossen und fuer alle Schritte Screenshots hinterlegt sind.
- FAIL oder BLOCKED ebenfalls mit Screenshot(s), tatsaechlichem Ergebnis, Datum, Tester und Umgebung dokumentieren; bei FAIL einen Bug mit Reproduktionsschritten und Verweis auf diesen Test anlegen.
- Passwoerter, Tokens, Zahlungsdaten und sonstige Geheimnisse niemals im Klartext speichern; vor dem Anhang maskieren oder schwaerzen."
KAN-807,E7-11 Datenquellen synchronisieren – Synchronisation und Fehler,"Abgedeckte Story: KAN-90 – E7-11 Datenquellen synchronisieren
Testart: Synchronisation und Fehler
Priorität der Story: Highest

Ziel
Synchronisationslauf reproduzierbar behandeln

Vorbedingungen
- Die Anwendung ist erreichbar und die erforderlichen Testdaten sind vorbereitet.
- Der Test wird in einer isolierten Umgebung mit nachvollziehbaren Benutzerrollen ausgeführt.

Schritte
1. Lauf mit gültigen Daten starten.
2. Konflikt oder Fehlerdatensatz simulieren.
3. Status und Fehlerdetails prüfen.
4. Lauf sicher wiederholen.

Erwartetes Ergebnis
Gültige Daten werden verarbeitet; Fehler sind isoliert, erklärbar und ohne Doppelverarbeitung wiederholbar.

Responsive Viewports
- Desktop: 1440 x 900 CSS-Pixel.
- Full HD: 1920 x 1080 CSS-Pixel.
- WQHD: 2560 x 1440 CSS-Pixel.
- Ultrawide: 3440 x 1440 CSS-Pixel.
- 4K: 3840 x 2160 CSS-Pixel.
- Tablet: 768 x 1024 CSS-Pixel.
- Smartphone: 390 x 844 CSS-Pixel.
- Bei UI-Tests jeden definierten Viewport pruefen und je Viewport einen eigenen Screenshot am Testlauf hinterlegen.

Beleg und Nachbereitung
- Fuer jeden einzelnen Testschritt unmittelbar nach der Ausfuehrung einen Screenshot als Anhang am Testlauf hinterlegen.
- Der Screenshot muss die relevante Ausgangslage bzw. Eingabe und das sichtbare Ergebnis des jeweiligen Schrittes nachvollziehbar zeigen.
- Alle Schritte des Tests muessen einen eigenen Nachweis besitzen; bei Eingabeschritten sind Eingabe und anschliessende Reaktion zu dokumentieren.
- PASS nur vergeben, wenn alle Schritte erfolgreich abgeschlossen und fuer alle Schritte Screenshots hinterlegt sind.
- FAIL oder BLOCKED ebenfalls mit Screenshot(s), tatsaechlichem Ergebnis, Datum, Tester und Umgebung dokumentieren; bei FAIL einen Bug mit Reproduktionsschritten und Verweis auf diesen Test anlegen.
- Passwoerter, Tokens, Zahlungsdaten und sonstige Geheimnisse niemals im Klartext speichern; vor dem Anhang maskieren oder schwaerzen."
KAN-808,E7-12 Synchronisationsfehler beheben – Admin-Operation erfolgreich,"Abgedeckte Story: KAN-91 – E7-12 Synchronisationsfehler beheben
Testart: Admin-Operation erfolgreich
Priorität der Story: Highest

Ziel
Eine berechtigte Verwaltungsaktion ausführen

Vorbedingungen
- Die Anwendung ist erreichbar und die erforderlichen Testdaten sind vorbereitet.
- Der Test wird in einer isolierten Umgebung mit nachvollziehbaren Benutzerrollen ausgeführt.

Schritte
1. Als passende Adminrolle anmelden.
2. Datensatz suchen und öffnen.
3. Änderung validiert speichern.
4. Liste, Detail und Audit erneut laden.

Erwartetes Ergebnis
Die Änderung ist einmalig wirksam, sichtbar und mit verantwortlicher Rolle nachvollziehbar.

Responsive Viewports
- Desktop: 1440 x 900 CSS-Pixel.
- Full HD: 1920 x 1080 CSS-Pixel.
- WQHD: 2560 x 1440 CSS-Pixel.
- Ultrawide: 3440 x 1440 CSS-Pixel.
- 4K: 3840 x 2160 CSS-Pixel.
- Tablet: 768 x 1024 CSS-Pixel.
- Smartphone: 390 x 844 CSS-Pixel.
- Bei UI-Tests jeden definierten Viewport pruefen und je Viewport einen eigenen Screenshot am Testlauf hinterlegen.

Beleg und Nachbereitung
- Fuer jeden einzelnen Testschritt unmittelbar nach der Ausfuehrung einen Screenshot als Anhang am Testlauf hinterlegen.
- Der Screenshot muss die relevante Ausgangslage bzw. Eingabe und das sichtbare Ergebnis des jeweiligen Schrittes nachvollziehbar zeigen.
- Alle Schritte des Tests muessen einen eigenen Nachweis besitzen; bei Eingabeschritten sind Eingabe und anschliessende Reaktion zu dokumentieren.
- PASS nur vergeben, wenn alle Schritte erfolgreich abgeschlossen und fuer alle Schritte Screenshots hinterlegt sind.
- FAIL oder BLOCKED ebenfalls mit Screenshot(s), tatsaechlichem Ergebnis, Datum, Tester und Umgebung dokumentieren; bei FAIL einen Bug mit Reproduktionsschritten und Verweis auf diesen Test anlegen.
- Passwoerter, Tokens, Zahlungsdaten und sonstige Geheimnisse niemals im Klartext speichern; vor dem Anhang maskieren oder schwaerzen."
KAN-809,E7-12 Synchronisationsfehler beheben – Rolle und Risikoaktion,"Abgedeckte Story: KAN-91 – E7-12 Synchronisationsfehler beheben
Testart: Rolle und Risikoaktion
Priorität der Story: Highest

Ziel
Unberechtigte und irreversible Aktionen prüfen

Vorbedingungen
- Die Anwendung ist erreichbar und die erforderlichen Testdaten sind vorbereitet.
- Der Test wird in einer isolierten Umgebung mit nachvollziehbaren Benutzerrollen ausgeführt.

Schritte
1. Mit eingeschränkter Rolle aufrufen.
2. Direkten API-/Deep-Link nutzen.
3. Irreversible Aktion abbrechen und bestätigen.
4. Berechtigung und Audit prüfen.

Erwartetes Ergebnis
Unberechtigte Aktionen werden abgewiesen; kritische Aktionen benötigen bewusste Bestätigung.

Responsive Viewports
- Desktop: 1440 x 900 CSS-Pixel.
- Full HD: 1920 x 1080 CSS-Pixel.
- WQHD: 2560 x 1440 CSS-Pixel.
- Ultrawide: 3440 x 1440 CSS-Pixel.
- 4K: 3840 x 2160 CSS-Pixel.
- Tablet: 768 x 1024 CSS-Pixel.
- Smartphone: 390 x 844 CSS-Pixel.
- Bei UI-Tests jeden definierten Viewport pruefen und je Viewport einen eigenen Screenshot am Testlauf hinterlegen.

Beleg und Nachbereitung
- Fuer jeden einzelnen Testschritt unmittelbar nach der Ausfuehrung einen Screenshot als Anhang am Testlauf hinterlegen.
- Der Screenshot muss die relevante Ausgangslage bzw. Eingabe und das sichtbare Ergebnis des jeweiligen Schrittes nachvollziehbar zeigen.
- Alle Schritte des Tests muessen einen eigenen Nachweis besitzen; bei Eingabeschritten sind Eingabe und anschliessende Reaktion zu dokumentieren.
- PASS nur vergeben, wenn alle Schritte erfolgreich abgeschlossen und fuer alle Schritte Screenshots hinterlegt sind.
- FAIL oder BLOCKED ebenfalls mit Screenshot(s), tatsaechlichem Ergebnis, Datum, Tester und Umgebung dokumentieren; bei FAIL einen Bug mit Reproduktionsschritten und Verweis auf diesen Test anlegen.
- Passwoerter, Tokens, Zahlungsdaten und sonstige Geheimnisse niemals im Klartext speichern; vor dem Anhang maskieren oder schwaerzen."
KAN-810,E7-12 Synchronisationsfehler beheben – Synchronisation und Fehler,"Abgedeckte Story: KAN-91 – E7-12 Synchronisationsfehler beheben
Testart: Synchronisation und Fehler
Priorität der Story: Highest

Ziel
Synchronisationslauf reproduzierbar behandeln

Vorbedingungen
- Die Anwendung ist erreichbar und die erforderlichen Testdaten sind vorbereitet.
- Der Test wird in einer isolierten Umgebung mit nachvollziehbaren Benutzerrollen ausgeführt.

Schritte
1. Lauf mit gültigen Daten starten.
2. Konflikt oder Fehlerdatensatz simulieren.
3. Status und Fehlerdetails prüfen.
4. Lauf sicher wiederholen.

Erwartetes Ergebnis
Gültige Daten werden verarbeitet; Fehler sind isoliert, erklärbar und ohne Doppelverarbeitung wiederholbar.

Responsive Viewports
- Desktop: 1440 x 900 CSS-Pixel.
- Full HD: 1920 x 1080 CSS-Pixel.
- WQHD: 2560 x 1440 CSS-Pixel.
- Ultrawide: 3440 x 1440 CSS-Pixel.
- 4K: 3840 x 2160 CSS-Pixel.
- Tablet: 768 x 1024 CSS-Pixel.
- Smartphone: 390 x 844 CSS-Pixel.
- Bei UI-Tests jeden definierten Viewport pruefen und je Viewport einen eigenen Screenshot am Testlauf hinterlegen.

Beleg und Nachbereitung
- Fuer jeden einzelnen Testschritt unmittelbar nach der Ausfuehrung einen Screenshot als Anhang am Testlauf hinterlegen.
- Der Screenshot muss die relevante Ausgangslage bzw. Eingabe und das sichtbare Ergebnis des jeweiligen Schrittes nachvollziehbar zeigen.
- Alle Schritte des Tests muessen einen eigenen Nachweis besitzen; bei Eingabeschritten sind Eingabe und anschliessende Reaktion zu dokumentieren.
- PASS nur vergeben, wenn alle Schritte erfolgreich abgeschlossen und fuer alle Schritte Screenshots hinterlegt sind.
- FAIL oder BLOCKED ebenfalls mit Screenshot(s), tatsaechlichem Ergebnis, Datum, Tester und Umgebung dokumentieren; bei FAIL einen Bug mit Reproduktionsschritten und Verweis auf diesen Test anlegen.
- Passwoerter, Tokens, Zahlungsdaten und sonstige Geheimnisse niemals im Klartext speichern; vor dem Anhang maskieren oder schwaerzen."
KAN-811,E7-13 Änderungen nachvollziehen – Admin-Operation erfolgreich,"Abgedeckte Story: KAN-92 – E7-13 Änderungen nachvollziehen
Testart: Admin-Operation erfolgreich
Priorität der Story: Highest

Ziel
Eine berechtigte Verwaltungsaktion ausführen

Vorbedingungen
- Die Anwendung ist erreichbar und die erforderlichen Testdaten sind vorbereitet.
- Der Test wird in einer isolierten Umgebung mit nachvollziehbaren Benutzerrollen ausgeführt.

Schritte
1. Als passende Adminrolle anmelden.
2. Datensatz suchen und öffnen.
3. Änderung validiert speichern.
4. Liste, Detail und Audit erneut laden.

Erwartetes Ergebnis
Die Änderung ist einmalig wirksam, sichtbar und mit verantwortlicher Rolle nachvollziehbar.

Responsive Viewports
- Desktop: 1440 x 900 CSS-Pixel.
- Full HD: 1920 x 1080 CSS-Pixel.
- WQHD: 2560 x 1440 CSS-Pixel.
- Ultrawide: 3440 x 1440 CSS-Pixel.
- 4K: 3840 x 2160 CSS-Pixel.
- Tablet: 768 x 1024 CSS-Pixel.
- Smartphone: 390 x 844 CSS-Pixel.
- Bei UI-Tests jeden definierten Viewport pruefen und je Viewport einen eigenen Screenshot am Testlauf hinterlegen.

Beleg und Nachbereitung
- Fuer jeden einzelnen Testschritt unmittelbar nach der Ausfuehrung einen Screenshot als Anhang am Testlauf hinterlegen.
- Der Screenshot muss die relevante Ausgangslage bzw. Eingabe und das sichtbare Ergebnis des jeweiligen Schrittes nachvollziehbar zeigen.
- Alle Schritte des Tests muessen einen eigenen Nachweis besitzen; bei Eingabeschritten sind Eingabe und anschliessende Reaktion zu dokumentieren.
- PASS nur vergeben, wenn alle Schritte erfolgreich abgeschlossen und fuer alle Schritte Screenshots hinterlegt sind.
- FAIL oder BLOCKED ebenfalls mit Screenshot(s), tatsaechlichem Ergebnis, Datum, Tester und Umgebung dokumentieren; bei FAIL einen Bug mit Reproduktionsschritten und Verweis auf diesen Test anlegen.
- Passwoerter, Tokens, Zahlungsdaten und sonstige Geheimnisse niemals im Klartext speichern; vor dem Anhang maskieren oder schwaerzen."
KAN-812,E7-13 Änderungen nachvollziehen – Rolle und Risikoaktion,"Abgedeckte Story: KAN-92 – E7-13 Änderungen nachvollziehen
Testart: Rolle und Risikoaktion
Priorität der Story: Highest

Ziel
Unberechtigte und irreversible Aktionen prüfen

Vorbedingungen
- Die Anwendung ist erreichbar und die erforderlichen Testdaten sind vorbereitet.
- Der Test wird in einer isolierten Umgebung mit nachvollziehbaren Benutzerrollen ausgeführt.

Schritte
1. Mit eingeschränkter Rolle aufrufen.
2. Direkten API-/Deep-Link nutzen.
3. Irreversible Aktion abbrechen und bestätigen.
4. Berechtigung und Audit prüfen.

Erwartetes Ergebnis
Unberechtigte Aktionen werden abgewiesen; kritische Aktionen benötigen bewusste Bestätigung.

Responsive Viewports
- Desktop: 1440 x 900 CSS-Pixel.
- Full HD: 1920 x 1080 CSS-Pixel.
- WQHD: 2560 x 1440 CSS-Pixel.
- Ultrawide: 3440 x 1440 CSS-Pixel.
- 4K: 3840 x 2160 CSS-Pixel.
- Tablet: 768 x 1024 CSS-Pixel.
- Smartphone: 390 x 844 CSS-Pixel.
- Bei UI-Tests jeden definierten Viewport pruefen und je Viewport einen eigenen Screenshot am Testlauf hinterlegen.

Beleg und Nachbereitung
- Fuer jeden einzelnen Testschritt unmittelbar nach der Ausfuehrung einen Screenshot als Anhang am Testlauf hinterlegen.
- Der Screenshot muss die relevante Ausgangslage bzw. Eingabe und das sichtbare Ergebnis des jeweiligen Schrittes nachvollziehbar zeigen.
- Alle Schritte des Tests muessen einen eigenen Nachweis besitzen; bei Eingabeschritten sind Eingabe und anschliessende Reaktion zu dokumentieren.
- PASS nur vergeben, wenn alle Schritte erfolgreich abgeschlossen und fuer alle Schritte Screenshots hinterlegt sind.
- FAIL oder BLOCKED ebenfalls mit Screenshot(s), tatsaechlichem Ergebnis, Datum, Tester und Umgebung dokumentieren; bei FAIL einen Bug mit Reproduktionsschritten und Verweis auf diesen Test anlegen.
- Passwoerter, Tokens, Zahlungsdaten und sonstige Geheimnisse niemals im Klartext speichern; vor dem Anhang maskieren oder schwaerzen."
KAN-813,E7-13 Änderungen nachvollziehen – Synchronisation und Fehler,"Abgedeckte Story: KAN-92 – E7-13 Änderungen nachvollziehen
Testart: Synchronisation und Fehler
Priorität der Story: Highest

Ziel
Synchronisationslauf reproduzierbar behandeln

Vorbedingungen
- Die Anwendung ist erreichbar und die erforderlichen Testdaten sind vorbereitet.
- Der Test wird in einer isolierten Umgebung mit nachvollziehbaren Benutzerrollen ausgeführt.

Schritte
1. Lauf mit gültigen Daten starten.
2. Konflikt oder Fehlerdatensatz simulieren.
3. Status und Fehlerdetails prüfen.
4. Lauf sicher wiederholen.

Erwartetes Ergebnis
Gültige Daten werden verarbeitet; Fehler sind isoliert, erklärbar und ohne Doppelverarbeitung wiederholbar.

Responsive Viewports
- Desktop: 1440 x 900 CSS-Pixel.
- Full HD: 1920 x 1080 CSS-Pixel.
- WQHD: 2560 x 1440 CSS-Pixel.
- Ultrawide: 3440 x 1440 CSS-Pixel.
- 4K: 3840 x 2160 CSS-Pixel.
- Tablet: 768 x 1024 CSS-Pixel.
- Smartphone: 390 x 844 CSS-Pixel.
- Bei UI-Tests jeden definierten Viewport pruefen und je Viewport einen eigenen Screenshot am Testlauf hinterlegen.

Beleg und Nachbereitung
- Fuer jeden einzelnen Testschritt unmittelbar nach der Ausfuehrung einen Screenshot als Anhang am Testlauf hinterlegen.
- Der Screenshot muss die relevante Ausgangslage bzw. Eingabe und das sichtbare Ergebnis des jeweiligen Schrittes nachvollziehbar zeigen.
- Alle Schritte des Tests muessen einen eigenen Nachweis besitzen; bei Eingabeschritten sind Eingabe und anschliessende Reaktion zu dokumentieren.
- PASS nur vergeben, wenn alle Schritte erfolgreich abgeschlossen und fuer alle Schritte Screenshots hinterlegt sind.
- FAIL oder BLOCKED ebenfalls mit Screenshot(s), tatsaechlichem Ergebnis, Datum, Tester und Umgebung dokumentieren; bei FAIL einen Bug mit Reproduktionsschritten und Verweis auf diesen Test anlegen.
- Passwoerter, Tokens, Zahlungsdaten und sonstige Geheimnisse niemals im Klartext speichern; vor dem Anhang maskieren oder schwaerzen."
KAN-814,E8-01 Hauptnavigation verstehen – Visueller Standardpfad,"Abgedeckte Story: KAN-93 – E8-01 Hauptnavigation verstehen
Testart: Visueller Standardpfad
Priorität der Story: High

Ziel
Die Oberfläche auf allen Zielbreiten prüfen

Vorbedingungen
- Die Anwendung ist erreichbar und die erforderlichen Testdaten sind vorbereitet.
- Der Test wird in einer isolierten Umgebung mit nachvollziehbaren Benutzerrollen ausgeführt.

Schritte
1. Relevante Seite mit Referenzdaten öffnen.
2. Desktop-, Tablet- und Smartphone-Breite verwenden.
3. Navigation und Kernaktion ausführen.
4. Screenshot oder Referenzabgleich erstellen.

Erwartetes Ergebnis
Layout, Typografie, Abstände, Bilder und primäre Aktionen entsprechen dem Designsystem ohne Überlauf.

Responsive Viewports
- Desktop: 1440 x 900 CSS-Pixel.
- Full HD: 1920 x 1080 CSS-Pixel.
- WQHD: 2560 x 1440 CSS-Pixel.
- Ultrawide: 3440 x 1440 CSS-Pixel.
- 4K: 3840 x 2160 CSS-Pixel.
- Tablet: 768 x 1024 CSS-Pixel.
- Smartphone: 390 x 844 CSS-Pixel.
- Bei UI-Tests jeden definierten Viewport pruefen und je Viewport einen eigenen Screenshot am Testlauf hinterlegen.

Beleg und Nachbereitung
- Fuer jeden einzelnen Testschritt unmittelbar nach der Ausfuehrung einen Screenshot als Anhang am Testlauf hinterlegen.
- Der Screenshot muss die relevante Ausgangslage bzw. Eingabe und das sichtbare Ergebnis des jeweiligen Schrittes nachvollziehbar zeigen.
- Alle Schritte des Tests muessen einen eigenen Nachweis besitzen; bei Eingabeschritten sind Eingabe und anschliessende Reaktion zu dokumentieren.
- PASS nur vergeben, wenn alle Schritte erfolgreich abgeschlossen und fuer alle Schritte Screenshots hinterlegt sind.
- FAIL oder BLOCKED ebenfalls mit Screenshot(s), tatsaechlichem Ergebnis, Datum, Tester und Umgebung dokumentieren; bei FAIL einen Bug mit Reproduktionsschritten und Verweis auf diesen Test anlegen.
- Passwoerter, Tokens, Zahlungsdaten und sonstige Geheimnisse niemals im Klartext speichern; vor dem Anhang maskieren oder schwaerzen."
KAN-815,E8-01 Hauptnavigation verstehen – Zustände und Formulare,"Abgedeckte Story: KAN-93 – E8-01 Hauptnavigation verstehen
Testart: Zustände und Formulare
Priorität der Story: High

Ziel
Loading, Leer, Fehler und Erfolg prüfen

Vorbedingungen
- Die Anwendung ist erreichbar und die erforderlichen Testdaten sind vorbereitet.
- Der Test wird in einer isolierten Umgebung mit nachvollziehbaren Benutzerrollen ausgeführt.

Schritte
1. Laden verzögern.
2. Keine Daten liefern.
3. Validierungs- und Serverfehler auslösen.
4. Erfolgreiche Aktion durchführen.

Erwartetes Ergebnis
Jeder Zustand ist eindeutig, verständlich und bietet die richtige nächste Aktion.

Responsive Viewports
- Desktop: 1440 x 900 CSS-Pixel.
- Full HD: 1920 x 1080 CSS-Pixel.
- WQHD: 2560 x 1440 CSS-Pixel.
- Ultrawide: 3440 x 1440 CSS-Pixel.
- 4K: 3840 x 2160 CSS-Pixel.
- Tablet: 768 x 1024 CSS-Pixel.
- Smartphone: 390 x 844 CSS-Pixel.
- Bei UI-Tests jeden definierten Viewport pruefen und je Viewport einen eigenen Screenshot am Testlauf hinterlegen.

Beleg und Nachbereitung
- Fuer jeden einzelnen Testschritt unmittelbar nach der Ausfuehrung einen Screenshot als Anhang am Testlauf hinterlegen.
- Der Screenshot muss die relevante Ausgangslage bzw. Eingabe und das sichtbare Ergebnis des jeweiligen Schrittes nachvollziehbar zeigen.
- Alle Schritte des Tests muessen einen eigenen Nachweis besitzen; bei Eingabeschritten sind Eingabe und anschliessende Reaktion zu dokumentieren.
- PASS nur vergeben, wenn alle Schritte erfolgreich abgeschlossen und fuer alle Schritte Screenshots hinterlegt sind.
- FAIL oder BLOCKED ebenfalls mit Screenshot(s), tatsaechlichem Ergebnis, Datum, Tester und Umgebung dokumentieren; bei FAIL einen Bug mit Reproduktionsschritten und Verweis auf diesen Test anlegen.
- Passwoerter, Tokens, Zahlungsdaten und sonstige Geheimnisse niemals im Klartext speichern; vor dem Anhang maskieren oder schwaerzen."
KAN-816,E8-01 Hauptnavigation verstehen – Accessibility und Auflösung,"Abgedeckte Story: KAN-93 – E8-01 Hauptnavigation verstehen
Testart: Accessibility und Auflösung
Priorität der Story: High

Ziel
Die Oberfläche ohne Maus und bei anderer Auflösung nutzen

Vorbedingungen
- Die Anwendung ist erreichbar und die erforderlichen Testdaten sind vorbereitet.
- Der Test wird in einer isolierten Umgebung mit nachvollziehbaren Benutzerrollen ausgeführt.

Schritte
1. Nur Tastatur verwenden.
2. Fokusreihenfolge und sichtbaren Fokus prüfen.
3. Screenreader-Struktur und Alternativtexte prüfen.
4. Zoom und hohe Auflösung verwenden.

Erwartetes Ergebnis
Alle Kernaktionen sind erreichbar; Fokus, Kontrast, Semantik und Text-/Bildqualität bleiben erhalten.

Responsive Viewports
- Desktop: 1440 x 900 CSS-Pixel.
- Full HD: 1920 x 1080 CSS-Pixel.
- WQHD: 2560 x 1440 CSS-Pixel.
- Ultrawide: 3440 x 1440 CSS-Pixel.
- 4K: 3840 x 2160 CSS-Pixel.
- Tablet: 768 x 1024 CSS-Pixel.
- Smartphone: 390 x 844 CSS-Pixel.
- Bei UI-Tests jeden definierten Viewport pruefen und je Viewport einen eigenen Screenshot am Testlauf hinterlegen.

Beleg und Nachbereitung
- Fuer jeden einzelnen Testschritt unmittelbar nach der Ausfuehrung einen Screenshot als Anhang am Testlauf hinterlegen.
- Der Screenshot muss die relevante Ausgangslage bzw. Eingabe und das sichtbare Ergebnis des jeweiligen Schrittes nachvollziehbar zeigen.
- Alle Schritte des Tests muessen einen eigenen Nachweis besitzen; bei Eingabeschritten sind Eingabe und anschliessende Reaktion zu dokumentieren.
- PASS nur vergeben, wenn alle Schritte erfolgreich abgeschlossen und fuer alle Schritte Screenshots hinterlegt sind.
- FAIL oder BLOCKED ebenfalls mit Screenshot(s), tatsaechlichem Ergebnis, Datum, Tester und Umgebung dokumentieren; bei FAIL einen Bug mit Reproduktionsschritten und Verweis auf diesen Test anlegen.
- Passwoerter, Tokens, Zahlungsdaten und sonstige Geheimnisse niemals im Klartext speichern; vor dem Anhang maskieren oder schwaerzen."
KAN-817,E8-02 Globale Shop-Navigation nutzen – Visueller Standardpfad,"Abgedeckte Story: KAN-94 – E8-02 Globale Shop-Navigation nutzen
Testart: Visueller Standardpfad
Priorität der Story: High

Ziel
Die Oberfläche auf allen Zielbreiten prüfen

Vorbedingungen
- Die Anwendung ist erreichbar und die erforderlichen Testdaten sind vorbereitet.
- Der Test wird in einer isolierten Umgebung mit nachvollziehbaren Benutzerrollen ausgeführt.

Schritte
1. Relevante Seite mit Referenzdaten öffnen.
2. Desktop-, Tablet- und Smartphone-Breite verwenden.
3. Navigation und Kernaktion ausführen.
4. Screenshot oder Referenzabgleich erstellen.

Erwartetes Ergebnis
Layout, Typografie, Abstände, Bilder und primäre Aktionen entsprechen dem Designsystem ohne Überlauf.

Responsive Viewports
- Desktop: 1440 x 900 CSS-Pixel.
- Full HD: 1920 x 1080 CSS-Pixel.
- WQHD: 2560 x 1440 CSS-Pixel.
- Ultrawide: 3440 x 1440 CSS-Pixel.
- 4K: 3840 x 2160 CSS-Pixel.
- Tablet: 768 x 1024 CSS-Pixel.
- Smartphone: 390 x 844 CSS-Pixel.
- Bei UI-Tests jeden definierten Viewport pruefen und je Viewport einen eigenen Screenshot am Testlauf hinterlegen.

Beleg und Nachbereitung
- Fuer jeden einzelnen Testschritt unmittelbar nach der Ausfuehrung einen Screenshot als Anhang am Testlauf hinterlegen.
- Der Screenshot muss die relevante Ausgangslage bzw. Eingabe und das sichtbare Ergebnis des jeweiligen Schrittes nachvollziehbar zeigen.
- Alle Schritte des Tests muessen einen eigenen Nachweis besitzen; bei Eingabeschritten sind Eingabe und anschliessende Reaktion zu dokumentieren.
- PASS nur vergeben, wenn alle Schritte erfolgreich abgeschlossen und fuer alle Schritte Screenshots hinterlegt sind.
- FAIL oder BLOCKED ebenfalls mit Screenshot(s), tatsaechlichem Ergebnis, Datum, Tester und Umgebung dokumentieren; bei FAIL einen Bug mit Reproduktionsschritten und Verweis auf diesen Test anlegen.
- Passwoerter, Tokens, Zahlungsdaten und sonstige Geheimnisse niemals im Klartext speichern; vor dem Anhang maskieren oder schwaerzen."
KAN-818,E8-02 Globale Shop-Navigation nutzen – Zustände und Formulare,"Abgedeckte Story: KAN-94 – E8-02 Globale Shop-Navigation nutzen
Testart: Zustände und Formulare
Priorität der Story: High

Ziel
Loading, Leer, Fehler und Erfolg prüfen

Vorbedingungen
- Die Anwendung ist erreichbar und die erforderlichen Testdaten sind vorbereitet.
- Der Test wird in einer isolierten Umgebung mit nachvollziehbaren Benutzerrollen ausgeführt.

Schritte
1. Laden verzögern.
2. Keine Daten liefern.
3. Validierungs- und Serverfehler auslösen.
4. Erfolgreiche Aktion durchführen.

Erwartetes Ergebnis
Jeder Zustand ist eindeutig, verständlich und bietet die richtige nächste Aktion.

Responsive Viewports
- Desktop: 1440 x 900 CSS-Pixel.
- Full HD: 1920 x 1080 CSS-Pixel.
- WQHD: 2560 x 1440 CSS-Pixel.
- Ultrawide: 3440 x 1440 CSS-Pixel.
- 4K: 3840 x 2160 CSS-Pixel.
- Tablet: 768 x 1024 CSS-Pixel.
- Smartphone: 390 x 844 CSS-Pixel.
- Bei UI-Tests jeden definierten Viewport pruefen und je Viewport einen eigenen Screenshot am Testlauf hinterlegen.

Beleg und Nachbereitung
- Fuer jeden einzelnen Testschritt unmittelbar nach der Ausfuehrung einen Screenshot als Anhang am Testlauf hinterlegen.
- Der Screenshot muss die relevante Ausgangslage bzw. Eingabe und das sichtbare Ergebnis des jeweiligen Schrittes nachvollziehbar zeigen.
- Alle Schritte des Tests muessen einen eigenen Nachweis besitzen; bei Eingabeschritten sind Eingabe und anschliessende Reaktion zu dokumentieren.
- PASS nur vergeben, wenn alle Schritte erfolgreich abgeschlossen und fuer alle Schritte Screenshots hinterlegt sind.
- FAIL oder BLOCKED ebenfalls mit Screenshot(s), tatsaechlichem Ergebnis, Datum, Tester und Umgebung dokumentieren; bei FAIL einen Bug mit Reproduktionsschritten und Verweis auf diesen Test anlegen.
- Passwoerter, Tokens, Zahlungsdaten und sonstige Geheimnisse niemals im Klartext speichern; vor dem Anhang maskieren oder schwaerzen."
KAN-819,E8-02 Globale Shop-Navigation nutzen – Accessibility und Auflösung,"Abgedeckte Story: KAN-94 – E8-02 Globale Shop-Navigation nutzen
Testart: Accessibility und Auflösung
Priorität der Story: High

Ziel
Die Oberfläche ohne Maus und bei anderer Auflösung nutzen

Vorbedingungen
- Die Anwendung ist erreichbar und die erforderlichen Testdaten sind vorbereitet.
- Der Test wird in einer isolierten Umgebung mit nachvollziehbaren Benutzerrollen ausgeführt.

Schritte
1. Nur Tastatur verwenden.
2. Fokusreihenfolge und sichtbaren Fokus prüfen.
3. Screenreader-Struktur und Alternativtexte prüfen.
4. Zoom und hohe Auflösung verwenden.

Erwartetes Ergebnis
Alle Kernaktionen sind erreichbar; Fokus, Kontrast, Semantik und Text-/Bildqualität bleiben erhalten.

Responsive Viewports
- Desktop: 1440 x 900 CSS-Pixel.
- Full HD: 1920 x 1080 CSS-Pixel.
- WQHD: 2560 x 1440 CSS-Pixel.
- Ultrawide: 3440 x 1440 CSS-Pixel.
- 4K: 3840 x 2160 CSS-Pixel.
- Tablet: 768 x 1024 CSS-Pixel.
- Smartphone: 390 x 844 CSS-Pixel.
- Bei UI-Tests jeden definierten Viewport pruefen und je Viewport einen eigenen Screenshot am Testlauf hinterlegen.

Beleg und Nachbereitung
- Fuer jeden einzelnen Testschritt unmittelbar nach der Ausfuehrung einen Screenshot als Anhang am Testlauf hinterlegen.
- Der Screenshot muss die relevante Ausgangslage bzw. Eingabe und das sichtbare Ergebnis des jeweiligen Schrittes nachvollziehbar zeigen.
- Alle Schritte des Tests muessen einen eigenen Nachweis besitzen; bei Eingabeschritten sind Eingabe und anschliessende Reaktion zu dokumentieren.
- PASS nur vergeben, wenn alle Schritte erfolgreich abgeschlossen und fuer alle Schritte Screenshots hinterlegt sind.
- FAIL oder BLOCKED ebenfalls mit Screenshot(s), tatsaechlichem Ergebnis, Datum, Tester und Umgebung dokumentieren; bei FAIL einen Bug mit Reproduktionsschritten und Verweis auf diesen Test anlegen.
- Passwoerter, Tokens, Zahlungsdaten und sonstige Geheimnisse niemals im Klartext speichern; vor dem Anhang maskieren oder schwaerzen."
KAN-820,E8-03 Einheitliches Design erleben – Visueller Standardpfad,"Abgedeckte Story: KAN-95 – E8-03 Einheitliches Design erleben
Testart: Visueller Standardpfad
Priorität der Story: High

Ziel
Die Oberfläche auf allen Zielbreiten prüfen

Vorbedingungen
- Die Anwendung ist erreichbar und die erforderlichen Testdaten sind vorbereitet.
- Der Test wird in einer isolierten Umgebung mit nachvollziehbaren Benutzerrollen ausgeführt.

Schritte
1. Relevante Seite mit Referenzdaten öffnen.
2. Desktop-, Tablet- und Smartphone-Breite verwenden.
3. Navigation und Kernaktion ausführen.
4. Screenshot oder Referenzabgleich erstellen.

Erwartetes Ergebnis
Layout, Typografie, Abstände, Bilder und primäre Aktionen entsprechen dem Designsystem ohne Überlauf.

Responsive Viewports
- Desktop: 1440 x 900 CSS-Pixel.
- Full HD: 1920 x 1080 CSS-Pixel.
- WQHD: 2560 x 1440 CSS-Pixel.
- Ultrawide: 3440 x 1440 CSS-Pixel.
- 4K: 3840 x 2160 CSS-Pixel.
- Tablet: 768 x 1024 CSS-Pixel.
- Smartphone: 390 x 844 CSS-Pixel.
- Bei UI-Tests jeden definierten Viewport pruefen und je Viewport einen eigenen Screenshot am Testlauf hinterlegen.

Beleg und Nachbereitung
- Fuer jeden einzelnen Testschritt unmittelbar nach der Ausfuehrung einen Screenshot als Anhang am Testlauf hinterlegen.
- Der Screenshot muss die relevante Ausgangslage bzw. Eingabe und das sichtbare Ergebnis des jeweiligen Schrittes nachvollziehbar zeigen.
- Alle Schritte des Tests muessen einen eigenen Nachweis besitzen; bei Eingabeschritten sind Eingabe und anschliessende Reaktion zu dokumentieren.
- PASS nur vergeben, wenn alle Schritte erfolgreich abgeschlossen und fuer alle Schritte Screenshots hinterlegt sind.
- FAIL oder BLOCKED ebenfalls mit Screenshot(s), tatsaechlichem Ergebnis, Datum, Tester und Umgebung dokumentieren; bei FAIL einen Bug mit Reproduktionsschritten und Verweis auf diesen Test anlegen.
- Passwoerter, Tokens, Zahlungsdaten und sonstige Geheimnisse niemals im Klartext speichern; vor dem Anhang maskieren oder schwaerzen."
KAN-821,E8-03 Einheitliches Design erleben – Zustände und Formulare,"Abgedeckte Story: KAN-95 – E8-03 Einheitliches Design erleben
Testart: Zustände und Formulare
Priorität der Story: High

Ziel
Loading, Leer, Fehler und Erfolg prüfen

Vorbedingungen
- Die Anwendung ist erreichbar und die erforderlichen Testdaten sind vorbereitet.
- Der Test wird in einer isolierten Umgebung mit nachvollziehbaren Benutzerrollen ausgeführt.

Schritte
1. Laden verzögern.
2. Keine Daten liefern.
3. Validierungs- und Serverfehler auslösen.
4. Erfolgreiche Aktion durchführen.

Erwartetes Ergebnis
Jeder Zustand ist eindeutig, verständlich und bietet die richtige nächste Aktion.

Responsive Viewports
- Desktop: 1440 x 900 CSS-Pixel.
- Full HD: 1920 x 1080 CSS-Pixel.
- WQHD: 2560 x 1440 CSS-Pixel.
- Ultrawide: 3440 x 1440 CSS-Pixel.
- 4K: 3840 x 2160 CSS-Pixel.
- Tablet: 768 x 1024 CSS-Pixel.
- Smartphone: 390 x 844 CSS-Pixel.
- Bei UI-Tests jeden definierten Viewport pruefen und je Viewport einen eigenen Screenshot am Testlauf hinterlegen.

Beleg und Nachbereitung
- Fuer jeden einzelnen Testschritt unmittelbar nach der Ausfuehrung einen Screenshot als Anhang am Testlauf hinterlegen.
- Der Screenshot muss die relevante Ausgangslage bzw. Eingabe und das sichtbare Ergebnis des jeweiligen Schrittes nachvollziehbar zeigen.
- Alle Schritte des Tests muessen einen eigenen Nachweis besitzen; bei Eingabeschritten sind Eingabe und anschliessende Reaktion zu dokumentieren.
- PASS nur vergeben, wenn alle Schritte erfolgreich abgeschlossen und fuer alle Schritte Screenshots hinterlegt sind.
- FAIL oder BLOCKED ebenfalls mit Screenshot(s), tatsaechlichem Ergebnis, Datum, Tester und Umgebung dokumentieren; bei FAIL einen Bug mit Reproduktionsschritten und Verweis auf diesen Test anlegen.
- Passwoerter, Tokens, Zahlungsdaten und sonstige Geheimnisse niemals im Klartext speichern; vor dem Anhang maskieren oder schwaerzen."
KAN-822,E8-03 Einheitliches Design erleben – Accessibility und Auflösung,"Abgedeckte Story: KAN-95 – E8-03 Einheitliches Design erleben
Testart: Accessibility und Auflösung
Priorität der Story: High

Ziel
Die Oberfläche ohne Maus und bei anderer Auflösung nutzen

Vorbedingungen
- Die Anwendung ist erreichbar und die erforderlichen Testdaten sind vorbereitet.
- Der Test wird in einer isolierten Umgebung mit nachvollziehbaren Benutzerrollen ausgeführt.

Schritte
1. Nur Tastatur verwenden.
2. Fokusreihenfolge und sichtbaren Fokus prüfen.
3. Screenreader-Struktur und Alternativtexte prüfen.
4. Zoom und hohe Auflösung verwenden.

Erwartetes Ergebnis
Alle Kernaktionen sind erreichbar; Fokus, Kontrast, Semantik und Text-/Bildqualität bleiben erhalten.

Responsive Viewports
- Desktop: 1440 x 900 CSS-Pixel.
- Full HD: 1920 x 1080 CSS-Pixel.
- WQHD: 2560 x 1440 CSS-Pixel.
- Ultrawide: 3440 x 1440 CSS-Pixel.
- 4K: 3840 x 2160 CSS-Pixel.
- Tablet: 768 x 1024 CSS-Pixel.
- Smartphone: 390 x 844 CSS-Pixel.
- Bei UI-Tests jeden definierten Viewport pruefen und je Viewport einen eigenen Screenshot am Testlauf hinterlegen.

Beleg und Nachbereitung
- Fuer jeden einzelnen Testschritt unmittelbar nach der Ausfuehrung einen Screenshot als Anhang am Testlauf hinterlegen.
- Der Screenshot muss die relevante Ausgangslage bzw. Eingabe und das sichtbare Ergebnis des jeweiligen Schrittes nachvollziehbar zeigen.
- Alle Schritte des Tests muessen einen eigenen Nachweis besitzen; bei Eingabeschritten sind Eingabe und anschliessende Reaktion zu dokumentieren.
- PASS nur vergeben, wenn alle Schritte erfolgreich abgeschlossen und fuer alle Schritte Screenshots hinterlegt sind.
- FAIL oder BLOCKED ebenfalls mit Screenshot(s), tatsaechlichem Ergebnis, Datum, Tester und Umgebung dokumentieren; bei FAIL einen Bug mit Reproduktionsschritten und Verweis auf diesen Test anlegen.
- Passwoerter, Tokens, Zahlungsdaten und sonstige Geheimnisse niemals im Klartext speichern; vor dem Anhang maskieren oder schwaerzen."
KAN-823,E8-04 Produktlisten übersichtlich sehen – Visueller Standardpfad,"Abgedeckte Story: KAN-96 – E8-04 Produktlisten übersichtlich sehen
Testart: Visueller Standardpfad
Priorität der Story: High

Ziel
Die Oberfläche auf allen Zielbreiten prüfen

Vorbedingungen
- Die Anwendung ist erreichbar und die erforderlichen Testdaten sind vorbereitet.
- Der Test wird in einer isolierten Umgebung mit nachvollziehbaren Benutzerrollen ausgeführt.

Schritte
1. Relevante Seite mit Referenzdaten öffnen.
2. Desktop-, Tablet- und Smartphone-Breite verwenden.
3. Navigation und Kernaktion ausführen.
4. Screenshot oder Referenzabgleich erstellen.

Erwartetes Ergebnis
Layout, Typografie, Abstände, Bilder und primäre Aktionen entsprechen dem Designsystem ohne Überlauf.

Responsive Viewports
- Desktop: 1440 x 900 CSS-Pixel.
- Full HD: 1920 x 1080 CSS-Pixel.
- WQHD: 2560 x 1440 CSS-Pixel.
- Ultrawide: 3440 x 1440 CSS-Pixel.
- 4K: 3840 x 2160 CSS-Pixel.
- Tablet: 768 x 1024 CSS-Pixel.
- Smartphone: 390 x 844 CSS-Pixel.
- Bei UI-Tests jeden definierten Viewport pruefen und je Viewport einen eigenen Screenshot am Testlauf hinterlegen.

Beleg und Nachbereitung
- Fuer jeden einzelnen Testschritt unmittelbar nach der Ausfuehrung einen Screenshot als Anhang am Testlauf hinterlegen.
- Der Screenshot muss die relevante Ausgangslage bzw. Eingabe und das sichtbare Ergebnis des jeweiligen Schrittes nachvollziehbar zeigen.
- Alle Schritte des Tests muessen einen eigenen Nachweis besitzen; bei Eingabeschritten sind Eingabe und anschliessende Reaktion zu dokumentieren.
- PASS nur vergeben, wenn alle Schritte erfolgreich abgeschlossen und fuer alle Schritte Screenshots hinterlegt sind.
- FAIL oder BLOCKED ebenfalls mit Screenshot(s), tatsaechlichem Ergebnis, Datum, Tester und Umgebung dokumentieren; bei FAIL einen Bug mit Reproduktionsschritten und Verweis auf diesen Test anlegen.
- Passwoerter, Tokens, Zahlungsdaten und sonstige Geheimnisse niemals im Klartext speichern; vor dem Anhang maskieren oder schwaerzen."
KAN-824,E8-04 Produktlisten übersichtlich sehen – Zustände und Formulare,"Abgedeckte Story: KAN-96 – E8-04 Produktlisten übersichtlich sehen
Testart: Zustände und Formulare
Priorität der Story: High

Ziel
Loading, Leer, Fehler und Erfolg prüfen

Vorbedingungen
- Die Anwendung ist erreichbar und die erforderlichen Testdaten sind vorbereitet.
- Der Test wird in einer isolierten Umgebung mit nachvollziehbaren Benutzerrollen ausgeführt.

Schritte
1. Laden verzögern.
2. Keine Daten liefern.
3. Validierungs- und Serverfehler auslösen.
4. Erfolgreiche Aktion durchführen.

Erwartetes Ergebnis
Jeder Zustand ist eindeutig, verständlich und bietet die richtige nächste Aktion.

Responsive Viewports
- Desktop: 1440 x 900 CSS-Pixel.
- Full HD: 1920 x 1080 CSS-Pixel.
- WQHD: 2560 x 1440 CSS-Pixel.
- Ultrawide: 3440 x 1440 CSS-Pixel.
- 4K: 3840 x 2160 CSS-Pixel.
- Tablet: 768 x 1024 CSS-Pixel.
- Smartphone: 390 x 844 CSS-Pixel.
- Bei UI-Tests jeden definierten Viewport pruefen und je Viewport einen eigenen Screenshot am Testlauf hinterlegen.

Beleg und Nachbereitung
- Fuer jeden einzelnen Testschritt unmittelbar nach der Ausfuehrung einen Screenshot als Anhang am Testlauf hinterlegen.
- Der Screenshot muss die relevante Ausgangslage bzw. Eingabe und das sichtbare Ergebnis des jeweiligen Schrittes nachvollziehbar zeigen.
- Alle Schritte des Tests muessen einen eigenen Nachweis besitzen; bei Eingabeschritten sind Eingabe und anschliessende Reaktion zu dokumentieren.
- PASS nur vergeben, wenn alle Schritte erfolgreich abgeschlossen und fuer alle Schritte Screenshots hinterlegt sind.
- FAIL oder BLOCKED ebenfalls mit Screenshot(s), tatsaechlichem Ergebnis, Datum, Tester und Umgebung dokumentieren; bei FAIL einen Bug mit Reproduktionsschritten und Verweis auf diesen Test anlegen.
- Passwoerter, Tokens, Zahlungsdaten und sonstige Geheimnisse niemals im Klartext speichern; vor dem Anhang maskieren oder schwaerzen."
KAN-825,E8-04 Produktlisten übersichtlich sehen – Accessibility und Auflösung,"Abgedeckte Story: KAN-96 – E8-04 Produktlisten übersichtlich sehen
Testart: Accessibility und Auflösung
Priorität der Story: High

Ziel
Die Oberfläche ohne Maus und bei anderer Auflösung nutzen

Vorbedingungen
- Die Anwendung ist erreichbar und die erforderlichen Testdaten sind vorbereitet.
- Der Test wird in einer isolierten Umgebung mit nachvollziehbaren Benutzerrollen ausgeführt.

Schritte
1. Nur Tastatur verwenden.
2. Fokusreihenfolge und sichtbaren Fokus prüfen.
3. Screenreader-Struktur und Alternativtexte prüfen.
4. Zoom und hohe Auflösung verwenden.

Erwartetes Ergebnis
Alle Kernaktionen sind erreichbar; Fokus, Kontrast, Semantik und Text-/Bildqualität bleiben erhalten.

Responsive Viewports
- Desktop: 1440 x 900 CSS-Pixel.
- Full HD: 1920 x 1080 CSS-Pixel.
- WQHD: 2560 x 1440 CSS-Pixel.
- Ultrawide: 3440 x 1440 CSS-Pixel.
- 4K: 3840 x 2160 CSS-Pixel.
- Tablet: 768 x 1024 CSS-Pixel.
- Smartphone: 390 x 844 CSS-Pixel.
- Bei UI-Tests jeden definierten Viewport pruefen und je Viewport einen eigenen Screenshot am Testlauf hinterlegen.

Beleg und Nachbereitung
- Fuer jeden einzelnen Testschritt unmittelbar nach der Ausfuehrung einen Screenshot als Anhang am Testlauf hinterlegen.
- Der Screenshot muss die relevante Ausgangslage bzw. Eingabe und das sichtbare Ergebnis des jeweiligen Schrittes nachvollziehbar zeigen.
- Alle Schritte des Tests muessen einen eigenen Nachweis besitzen; bei Eingabeschritten sind Eingabe und anschliessende Reaktion zu dokumentieren.
- PASS nur vergeben, wenn alle Schritte erfolgreich abgeschlossen und fuer alle Schritte Screenshots hinterlegt sind.
- FAIL oder BLOCKED ebenfalls mit Screenshot(s), tatsaechlichem Ergebnis, Datum, Tester und Umgebung dokumentieren; bei FAIL einen Bug mit Reproduktionsschritten und Verweis auf diesen Test anlegen.
- Passwoerter, Tokens, Zahlungsdaten und sonstige Geheimnisse niemals im Klartext speichern; vor dem Anhang maskieren oder schwaerzen."
KAN-826,E8-05 Produktdetails übersichtlich sehen – Visueller Standardpfad,"Abgedeckte Story: KAN-97 – E8-05 Produktdetails übersichtlich sehen
Testart: Visueller Standardpfad
Priorität der Story: High

Ziel
Die Oberfläche auf allen Zielbreiten prüfen

Vorbedingungen
- Die Anwendung ist erreichbar und die erforderlichen Testdaten sind vorbereitet.
- Der Test wird in einer isolierten Umgebung mit nachvollziehbaren Benutzerrollen ausgeführt.

Schritte
1. Relevante Seite mit Referenzdaten öffnen.
2. Desktop-, Tablet- und Smartphone-Breite verwenden.
3. Navigation und Kernaktion ausführen.
4. Screenshot oder Referenzabgleich erstellen.

Erwartetes Ergebnis
Layout, Typografie, Abstände, Bilder und primäre Aktionen entsprechen dem Designsystem ohne Überlauf.

Responsive Viewports
- Desktop: 1440 x 900 CSS-Pixel.
- Full HD: 1920 x 1080 CSS-Pixel.
- WQHD: 2560 x 1440 CSS-Pixel.
- Ultrawide: 3440 x 1440 CSS-Pixel.
- 4K: 3840 x 2160 CSS-Pixel.
- Tablet: 768 x 1024 CSS-Pixel.
- Smartphone: 390 x 844 CSS-Pixel.
- Bei UI-Tests jeden definierten Viewport pruefen und je Viewport einen eigenen Screenshot am Testlauf hinterlegen.

Beleg und Nachbereitung
- Fuer jeden einzelnen Testschritt unmittelbar nach der Ausfuehrung einen Screenshot als Anhang am Testlauf hinterlegen.
- Der Screenshot muss die relevante Ausgangslage bzw. Eingabe und das sichtbare Ergebnis des jeweiligen Schrittes nachvollziehbar zeigen.
- Alle Schritte des Tests muessen einen eigenen Nachweis besitzen; bei Eingabeschritten sind Eingabe und anschliessende Reaktion zu dokumentieren.
- PASS nur vergeben, wenn alle Schritte erfolgreich abgeschlossen und fuer alle Schritte Screenshots hinterlegt sind.
- FAIL oder BLOCKED ebenfalls mit Screenshot(s), tatsaechlichem Ergebnis, Datum, Tester und Umgebung dokumentieren; bei FAIL einen Bug mit Reproduktionsschritten und Verweis auf diesen Test anlegen.
- Passwoerter, Tokens, Zahlungsdaten und sonstige Geheimnisse niemals im Klartext speichern; vor dem Anhang maskieren oder schwaerzen."
KAN-827,E8-05 Produktdetails übersichtlich sehen – Zustände und Formulare,"Abgedeckte Story: KAN-97 – E8-05 Produktdetails übersichtlich sehen
Testart: Zustände und Formulare
Priorität der Story: High

Ziel
Loading, Leer, Fehler und Erfolg prüfen

Vorbedingungen
- Die Anwendung ist erreichbar und die erforderlichen Testdaten sind vorbereitet.
- Der Test wird in einer isolierten Umgebung mit nachvollziehbaren Benutzerrollen ausgeführt.

Schritte
1. Laden verzögern.
2. Keine Daten liefern.
3. Validierungs- und Serverfehler auslösen.
4. Erfolgreiche Aktion durchführen.

Erwartetes Ergebnis
Jeder Zustand ist eindeutig, verständlich und bietet die richtige nächste Aktion.

Responsive Viewports
- Desktop: 1440 x 900 CSS-Pixel.
- Full HD: 1920 x 1080 CSS-Pixel.
- WQHD: 2560 x 1440 CSS-Pixel.
- Ultrawide: 3440 x 1440 CSS-Pixel.
- 4K: 3840 x 2160 CSS-Pixel.
- Tablet: 768 x 1024 CSS-Pixel.
- Smartphone: 390 x 844 CSS-Pixel.
- Bei UI-Tests jeden definierten Viewport pruefen und je Viewport einen eigenen Screenshot am Testlauf hinterlegen.

Beleg und Nachbereitung
- Fuer jeden einzelnen Testschritt unmittelbar nach der Ausfuehrung einen Screenshot als Anhang am Testlauf hinterlegen.
- Der Screenshot muss die relevante Ausgangslage bzw. Eingabe und das sichtbare Ergebnis des jeweiligen Schrittes nachvollziehbar zeigen.
- Alle Schritte des Tests muessen einen eigenen Nachweis besitzen; bei Eingabeschritten sind Eingabe und anschliessende Reaktion zu dokumentieren.
- PASS nur vergeben, wenn alle Schritte erfolgreich abgeschlossen und fuer alle Schritte Screenshots hinterlegt sind.
- FAIL oder BLOCKED ebenfalls mit Screenshot(s), tatsaechlichem Ergebnis, Datum, Tester und Umgebung dokumentieren; bei FAIL einen Bug mit Reproduktionsschritten und Verweis auf diesen Test anlegen.
- Passwoerter, Tokens, Zahlungsdaten und sonstige Geheimnisse niemals im Klartext speichern; vor dem Anhang maskieren oder schwaerzen."
KAN-828,E8-05 Produktdetails übersichtlich sehen – Accessibility und Auflösung,"Abgedeckte Story: KAN-97 – E8-05 Produktdetails übersichtlich sehen
Testart: Accessibility und Auflösung
Priorität der Story: High

Ziel
Die Oberfläche ohne Maus und bei anderer Auflösung nutzen

Vorbedingungen
- Die Anwendung ist erreichbar und die erforderlichen Testdaten sind vorbereitet.
- Der Test wird in einer isolierten Umgebung mit nachvollziehbaren Benutzerrollen ausgeführt.

Schritte
1. Nur Tastatur verwenden.
2. Fokusreihenfolge und sichtbaren Fokus prüfen.
3. Screenreader-Struktur und Alternativtexte prüfen.
4. Zoom und hohe Auflösung verwenden.

Erwartetes Ergebnis
Alle Kernaktionen sind erreichbar; Fokus, Kontrast, Semantik und Text-/Bildqualität bleiben erhalten.

Responsive Viewports
- Desktop: 1440 x 900 CSS-Pixel.
- Full HD: 1920 x 1080 CSS-Pixel.
- WQHD: 2560 x 1440 CSS-Pixel.
- Ultrawide: 3440 x 1440 CSS-Pixel.
- 4K: 3840 x 2160 CSS-Pixel.
- Tablet: 768 x 1024 CSS-Pixel.
- Smartphone: 390 x 844 CSS-Pixel.
- Bei UI-Tests jeden definierten Viewport pruefen und je Viewport einen eigenen Screenshot am Testlauf hinterlegen.

Beleg und Nachbereitung
- Fuer jeden einzelnen Testschritt unmittelbar nach der Ausfuehrung einen Screenshot als Anhang am Testlauf hinterlegen.
- Der Screenshot muss die relevante Ausgangslage bzw. Eingabe und das sichtbare Ergebnis des jeweiligen Schrittes nachvollziehbar zeigen.
- Alle Schritte des Tests muessen einen eigenen Nachweis besitzen; bei Eingabeschritten sind Eingabe und anschliessende Reaktion zu dokumentieren.
- PASS nur vergeben, wenn alle Schritte erfolgreich abgeschlossen und fuer alle Schritte Screenshots hinterlegt sind.
- FAIL oder BLOCKED ebenfalls mit Screenshot(s), tatsaechlichem Ergebnis, Datum, Tester und Umgebung dokumentieren; bei FAIL einen Bug mit Reproduktionsschritten und Verweis auf diesen Test anlegen.
- Passwoerter, Tokens, Zahlungsdaten und sonstige Geheimnisse niemals im Klartext speichern; vor dem Anhang maskieren oder schwaerzen."
KAN-829,E8-06 Shop responsiv nutzen – Visueller Standardpfad,"Abgedeckte Story: KAN-98 – E8-06 Shop responsiv nutzen
Testart: Visueller Standardpfad
Priorität der Story: High

Ziel
Die Oberfläche auf allen Zielbreiten prüfen

Vorbedingungen
- Die Anwendung ist erreichbar und die erforderlichen Testdaten sind vorbereitet.
- Der Test wird in einer isolierten Umgebung mit nachvollziehbaren Benutzerrollen ausgeführt.

Schritte
1. Relevante Seite mit Referenzdaten öffnen.
2. Desktop-, Tablet- und Smartphone-Breite verwenden.
3. Navigation und Kernaktion ausführen.
4. Screenshot oder Referenzabgleich erstellen.

Erwartetes Ergebnis
Layout, Typografie, Abstände, Bilder und primäre Aktionen entsprechen dem Designsystem ohne Überlauf.

Responsive Viewports
- Desktop: 1440 x 900 CSS-Pixel.
- Full HD: 1920 x 1080 CSS-Pixel.
- WQHD: 2560 x 1440 CSS-Pixel.
- Ultrawide: 3440 x 1440 CSS-Pixel.
- 4K: 3840 x 2160 CSS-Pixel.
- Tablet: 768 x 1024 CSS-Pixel.
- Smartphone: 390 x 844 CSS-Pixel.
- Bei UI-Tests jeden definierten Viewport pruefen und je Viewport einen eigenen Screenshot am Testlauf hinterlegen.

Beleg und Nachbereitung
- Fuer jeden einzelnen Testschritt unmittelbar nach der Ausfuehrung einen Screenshot als Anhang am Testlauf hinterlegen.
- Der Screenshot muss die relevante Ausgangslage bzw. Eingabe und das sichtbare Ergebnis des jeweiligen Schrittes nachvollziehbar zeigen.
- Alle Schritte des Tests muessen einen eigenen Nachweis besitzen; bei Eingabeschritten sind Eingabe und anschliessende Reaktion zu dokumentieren.
- PASS nur vergeben, wenn alle Schritte erfolgreich abgeschlossen und fuer alle Schritte Screenshots hinterlegt sind.
- FAIL oder BLOCKED ebenfalls mit Screenshot(s), tatsaechlichem Ergebnis, Datum, Tester und Umgebung dokumentieren; bei FAIL einen Bug mit Reproduktionsschritten und Verweis auf diesen Test anlegen.
- Passwoerter, Tokens, Zahlungsdaten und sonstige Geheimnisse niemals im Klartext speichern; vor dem Anhang maskieren oder schwaerzen."
KAN-830,E8-06 Shop responsiv nutzen – Zustände und Formulare,"Abgedeckte Story: KAN-98 – E8-06 Shop responsiv nutzen
Testart: Zustände und Formulare
Priorität der Story: High

Ziel
Loading, Leer, Fehler und Erfolg prüfen

Vorbedingungen
- Die Anwendung ist erreichbar und die erforderlichen Testdaten sind vorbereitet.
- Der Test wird in einer isolierten Umgebung mit nachvollziehbaren Benutzerrollen ausgeführt.

Schritte
1. Laden verzögern.
2. Keine Daten liefern.
3. Validierungs- und Serverfehler auslösen.
4. Erfolgreiche Aktion durchführen.

Erwartetes Ergebnis
Jeder Zustand ist eindeutig, verständlich und bietet die richtige nächste Aktion.

Responsive Viewports
- Desktop: 1440 x 900 CSS-Pixel.
- Full HD: 1920 x 1080 CSS-Pixel.
- WQHD: 2560 x 1440 CSS-Pixel.
- Ultrawide: 3440 x 1440 CSS-Pixel.
- 4K: 3840 x 2160 CSS-Pixel.
- Tablet: 768 x 1024 CSS-Pixel.
- Smartphone: 390 x 844 CSS-Pixel.
- Bei UI-Tests jeden definierten Viewport pruefen und je Viewport einen eigenen Screenshot am Testlauf hinterlegen.

Beleg und Nachbereitung
- Fuer jeden einzelnen Testschritt unmittelbar nach der Ausfuehrung einen Screenshot als Anhang am Testlauf hinterlegen.
- Der Screenshot muss die relevante Ausgangslage bzw. Eingabe und das sichtbare Ergebnis des jeweiligen Schrittes nachvollziehbar zeigen.
- Alle Schritte des Tests muessen einen eigenen Nachweis besitzen; bei Eingabeschritten sind Eingabe und anschliessende Reaktion zu dokumentieren.
- PASS nur vergeben, wenn alle Schritte erfolgreich abgeschlossen und fuer alle Schritte Screenshots hinterlegt sind.
- FAIL oder BLOCKED ebenfalls mit Screenshot(s), tatsaechlichem Ergebnis, Datum, Tester und Umgebung dokumentieren; bei FAIL einen Bug mit Reproduktionsschritten und Verweis auf diesen Test anlegen.
- Passwoerter, Tokens, Zahlungsdaten und sonstige Geheimnisse niemals im Klartext speichern; vor dem Anhang maskieren oder schwaerzen."
KAN-831,E8-06 Shop responsiv nutzen – Accessibility und Auflösung,"Abgedeckte Story: KAN-98 – E8-06 Shop responsiv nutzen
Testart: Accessibility und Auflösung
Priorität der Story: High

Ziel
Die Oberfläche ohne Maus und bei anderer Auflösung nutzen

Vorbedingungen
- Die Anwendung ist erreichbar und die erforderlichen Testdaten sind vorbereitet.
- Der Test wird in einer isolierten Umgebung mit nachvollziehbaren Benutzerrollen ausgeführt.

Schritte
1. Nur Tastatur verwenden.
2. Fokusreihenfolge und sichtbaren Fokus prüfen.
3. Screenreader-Struktur und Alternativtexte prüfen.
4. Zoom und hohe Auflösung verwenden.

Erwartetes Ergebnis
Alle Kernaktionen sind erreichbar; Fokus, Kontrast, Semantik und Text-/Bildqualität bleiben erhalten.

Responsive Viewports
- Desktop: 1440 x 900 CSS-Pixel.
- Full HD: 1920 x 1080 CSS-Pixel.
- WQHD: 2560 x 1440 CSS-Pixel.
- Ultrawide: 3440 x 1440 CSS-Pixel.
- 4K: 3840 x 2160 CSS-Pixel.
- Tablet: 768 x 1024 CSS-Pixel.
- Smartphone: 390 x 844 CSS-Pixel.
- Bei UI-Tests jeden definierten Viewport pruefen und je Viewport einen eigenen Screenshot am Testlauf hinterlegen.

Beleg und Nachbereitung
- Fuer jeden einzelnen Testschritt unmittelbar nach der Ausfuehrung einen Screenshot als Anhang am Testlauf hinterlegen.
- Der Screenshot muss die relevante Ausgangslage bzw. Eingabe und das sichtbare Ergebnis des jeweiligen Schrittes nachvollziehbar zeigen.
- Alle Schritte des Tests muessen einen eigenen Nachweis besitzen; bei Eingabeschritten sind Eingabe und anschliessende Reaktion zu dokumentieren.
- PASS nur vergeben, wenn alle Schritte erfolgreich abgeschlossen und fuer alle Schritte Screenshots hinterlegt sind.
- FAIL oder BLOCKED ebenfalls mit Screenshot(s), tatsaechlichem Ergebnis, Datum, Tester und Umgebung dokumentieren; bei FAIL einen Bug mit Reproduktionsschritten und Verweis auf diesen Test anlegen.
- Passwoerter, Tokens, Zahlungsdaten und sonstige Geheimnisse niemals im Klartext speichern; vor dem Anhang maskieren oder schwaerzen."
KAN-832,E8-07 Konsistente Formulare nutzen – Visueller Standardpfad,"Abgedeckte Story: KAN-99 – E8-07 Konsistente Formulare nutzen
Testart: Visueller Standardpfad
Priorität der Story: High

Ziel
Die Oberfläche auf allen Zielbreiten prüfen

Vorbedingungen
- Die Anwendung ist erreichbar und die erforderlichen Testdaten sind vorbereitet.
- Der Test wird in einer isolierten Umgebung mit nachvollziehbaren Benutzerrollen ausgeführt.

Schritte
1. Relevante Seite mit Referenzdaten öffnen.
2. Desktop-, Tablet- und Smartphone-Breite verwenden.
3. Navigation und Kernaktion ausführen.
4. Screenshot oder Referenzabgleich erstellen.

Erwartetes Ergebnis
Layout, Typografie, Abstände, Bilder und primäre Aktionen entsprechen dem Designsystem ohne Überlauf.

Responsive Viewports
- Desktop: 1440 x 900 CSS-Pixel.
- Full HD: 1920 x 1080 CSS-Pixel.
- WQHD: 2560 x 1440 CSS-Pixel.
- Ultrawide: 3440 x 1440 CSS-Pixel.
- 4K: 3840 x 2160 CSS-Pixel.
- Tablet: 768 x 1024 CSS-Pixel.
- Smartphone: 390 x 844 CSS-Pixel.
- Bei UI-Tests jeden definierten Viewport pruefen und je Viewport einen eigenen Screenshot am Testlauf hinterlegen.

Beleg und Nachbereitung
- Fuer jeden einzelnen Testschritt unmittelbar nach der Ausfuehrung einen Screenshot als Anhang am Testlauf hinterlegen.
- Der Screenshot muss die relevante Ausgangslage bzw. Eingabe und das sichtbare Ergebnis des jeweiligen Schrittes nachvollziehbar zeigen.
- Alle Schritte des Tests muessen einen eigenen Nachweis besitzen; bei Eingabeschritten sind Eingabe und anschliessende Reaktion zu dokumentieren.
- PASS nur vergeben, wenn alle Schritte erfolgreich abgeschlossen und fuer alle Schritte Screenshots hinterlegt sind.
- FAIL oder BLOCKED ebenfalls mit Screenshot(s), tatsaechlichem Ergebnis, Datum, Tester und Umgebung dokumentieren; bei FAIL einen Bug mit Reproduktionsschritten und Verweis auf diesen Test anlegen.
- Passwoerter, Tokens, Zahlungsdaten und sonstige Geheimnisse niemals im Klartext speichern; vor dem Anhang maskieren oder schwaerzen."
KAN-833,E8-07 Konsistente Formulare nutzen – Zustände und Formulare,"Abgedeckte Story: KAN-99 – E8-07 Konsistente Formulare nutzen
Testart: Zustände und Formulare
Priorität der Story: High

Ziel
Loading, Leer, Fehler und Erfolg prüfen

Vorbedingungen
- Die Anwendung ist erreichbar und die erforderlichen Testdaten sind vorbereitet.
- Der Test wird in einer isolierten Umgebung mit nachvollziehbaren Benutzerrollen ausgeführt.

Schritte
1. Laden verzögern.
2. Keine Daten liefern.
3. Validierungs- und Serverfehler auslösen.
4. Erfolgreiche Aktion durchführen.

Erwartetes Ergebnis
Jeder Zustand ist eindeutig, verständlich und bietet die richtige nächste Aktion.

Responsive Viewports
- Desktop: 1440 x 900 CSS-Pixel.
- Full HD: 1920 x 1080 CSS-Pixel.
- WQHD: 2560 x 1440 CSS-Pixel.
- Ultrawide: 3440 x 1440 CSS-Pixel.
- 4K: 3840 x 2160 CSS-Pixel.
- Tablet: 768 x 1024 CSS-Pixel.
- Smartphone: 390 x 844 CSS-Pixel.
- Bei UI-Tests jeden definierten Viewport pruefen und je Viewport einen eigenen Screenshot am Testlauf hinterlegen.

Beleg und Nachbereitung
- Fuer jeden einzelnen Testschritt unmittelbar nach der Ausfuehrung einen Screenshot als Anhang am Testlauf hinterlegen.
- Der Screenshot muss die relevante Ausgangslage bzw. Eingabe und das sichtbare Ergebnis des jeweiligen Schrittes nachvollziehbar zeigen.
- Alle Schritte des Tests muessen einen eigenen Nachweis besitzen; bei Eingabeschritten sind Eingabe und anschliessende Reaktion zu dokumentieren.
- PASS nur vergeben, wenn alle Schritte erfolgreich abgeschlossen und fuer alle Schritte Screenshots hinterlegt sind.
- FAIL oder BLOCKED ebenfalls mit Screenshot(s), tatsaechlichem Ergebnis, Datum, Tester und Umgebung dokumentieren; bei FAIL einen Bug mit Reproduktionsschritten und Verweis auf diesen Test anlegen.
- Passwoerter, Tokens, Zahlungsdaten und sonstige Geheimnisse niemals im Klartext speichern; vor dem Anhang maskieren oder schwaerzen."
KAN-834,E8-07 Konsistente Formulare nutzen – Accessibility und Auflösung,"Abgedeckte Story: KAN-99 – E8-07 Konsistente Formulare nutzen
Testart: Accessibility und Auflösung
Priorität der Story: High

Ziel
Die Oberfläche ohne Maus und bei anderer Auflösung nutzen

Vorbedingungen
- Die Anwendung ist erreichbar und die erforderlichen Testdaten sind vorbereitet.
- Der Test wird in einer isolierten Umgebung mit nachvollziehbaren Benutzerrollen ausgeführt.

Schritte
1. Nur Tastatur verwenden.
2. Fokusreihenfolge und sichtbaren Fokus prüfen.
3. Screenreader-Struktur und Alternativtexte prüfen.
4. Zoom und hohe Auflösung verwenden.

Erwartetes Ergebnis
Alle Kernaktionen sind erreichbar; Fokus, Kontrast, Semantik und Text-/Bildqualität bleiben erhalten.

Responsive Viewports
- Desktop: 1440 x 900 CSS-Pixel.
- Full HD: 1920 x 1080 CSS-Pixel.
- WQHD: 2560 x 1440 CSS-Pixel.
- Ultrawide: 3440 x 1440 CSS-Pixel.
- 4K: 3840 x 2160 CSS-Pixel.
- Tablet: 768 x 1024 CSS-Pixel.
- Smartphone: 390 x 844 CSS-Pixel.
- Bei UI-Tests jeden definierten Viewport pruefen und je Viewport einen eigenen Screenshot am Testlauf hinterlegen.

Beleg und Nachbereitung
- Fuer jeden einzelnen Testschritt unmittelbar nach der Ausfuehrung einen Screenshot als Anhang am Testlauf hinterlegen.
- Der Screenshot muss die relevante Ausgangslage bzw. Eingabe und das sichtbare Ergebnis des jeweiligen Schrittes nachvollziehbar zeigen.
- Alle Schritte des Tests muessen einen eigenen Nachweis besitzen; bei Eingabeschritten sind Eingabe und anschliessende Reaktion zu dokumentieren.
- PASS nur vergeben, wenn alle Schritte erfolgreich abgeschlossen und fuer alle Schritte Screenshots hinterlegt sind.
- FAIL oder BLOCKED ebenfalls mit Screenshot(s), tatsaechlichem Ergebnis, Datum, Tester und Umgebung dokumentieren; bei FAIL einen Bug mit Reproduktionsschritten und Verweis auf diesen Test anlegen.
- Passwoerter, Tokens, Zahlungsdaten und sonstige Geheimnisse niemals im Klartext speichern; vor dem Anhang maskieren oder schwaerzen."
KAN-835,E8-08 Ladezustände erkennen – Visueller Standardpfad,"Abgedeckte Story: KAN-100 – E8-08 Ladezustände erkennen
Testart: Visueller Standardpfad
Priorität der Story: High

Ziel
Die Oberfläche auf allen Zielbreiten prüfen

Vorbedingungen
- Die Anwendung ist erreichbar und die erforderlichen Testdaten sind vorbereitet.
- Der Test wird in einer isolierten Umgebung mit nachvollziehbaren Benutzerrollen ausgeführt.

Schritte
1. Relevante Seite mit Referenzdaten öffnen.
2. Desktop-, Tablet- und Smartphone-Breite verwenden.
3. Navigation und Kernaktion ausführen.
4. Screenshot oder Referenzabgleich erstellen.

Erwartetes Ergebnis
Layout, Typografie, Abstände, Bilder und primäre Aktionen entsprechen dem Designsystem ohne Überlauf.

Responsive Viewports
- Desktop: 1440 x 900 CSS-Pixel.
- Full HD: 1920 x 1080 CSS-Pixel.
- WQHD: 2560 x 1440 CSS-Pixel.
- Ultrawide: 3440 x 1440 CSS-Pixel.
- 4K: 3840 x 2160 CSS-Pixel.
- Tablet: 768 x 1024 CSS-Pixel.
- Smartphone: 390 x 844 CSS-Pixel.
- Bei UI-Tests jeden definierten Viewport pruefen und je Viewport einen eigenen Screenshot am Testlauf hinterlegen.

Beleg und Nachbereitung
- Fuer jeden einzelnen Testschritt unmittelbar nach der Ausfuehrung einen Screenshot als Anhang am Testlauf hinterlegen.
- Der Screenshot muss die relevante Ausgangslage bzw. Eingabe und das sichtbare Ergebnis des jeweiligen Schrittes nachvollziehbar zeigen.
- Alle Schritte des Tests muessen einen eigenen Nachweis besitzen; bei Eingabeschritten sind Eingabe und anschliessende Reaktion zu dokumentieren.
- PASS nur vergeben, wenn alle Schritte erfolgreich abgeschlossen und fuer alle Schritte Screenshots hinterlegt sind.
- FAIL oder BLOCKED ebenfalls mit Screenshot(s), tatsaechlichem Ergebnis, Datum, Tester und Umgebung dokumentieren; bei FAIL einen Bug mit Reproduktionsschritten und Verweis auf diesen Test anlegen.
- Passwoerter, Tokens, Zahlungsdaten und sonstige Geheimnisse niemals im Klartext speichern; vor dem Anhang maskieren oder schwaerzen."
KAN-836,E8-08 Ladezustände erkennen – Zustände und Formulare,"Abgedeckte Story: KAN-100 – E8-08 Ladezustände erkennen
Testart: Zustände und Formulare
Priorität der Story: High

Ziel
Loading, Leer, Fehler und Erfolg prüfen

Vorbedingungen
- Die Anwendung ist erreichbar und die erforderlichen Testdaten sind vorbereitet.
- Der Test wird in einer isolierten Umgebung mit nachvollziehbaren Benutzerrollen ausgeführt.

Schritte
1. Laden verzögern.
2. Keine Daten liefern.
3. Validierungs- und Serverfehler auslösen.
4. Erfolgreiche Aktion durchführen.

Erwartetes Ergebnis
Jeder Zustand ist eindeutig, verständlich und bietet die richtige nächste Aktion.

Responsive Viewports
- Desktop: 1440 x 900 CSS-Pixel.
- Full HD: 1920 x 1080 CSS-Pixel.
- WQHD: 2560 x 1440 CSS-Pixel.
- Ultrawide: 3440 x 1440 CSS-Pixel.
- 4K: 3840 x 2160 CSS-Pixel.
- Tablet: 768 x 1024 CSS-Pixel.
- Smartphone: 390 x 844 CSS-Pixel.
- Bei UI-Tests jeden definierten Viewport pruefen und je Viewport einen eigenen Screenshot am Testlauf hinterlegen.

Beleg und Nachbereitung
- Fuer jeden einzelnen Testschritt unmittelbar nach der Ausfuehrung einen Screenshot als Anhang am Testlauf hinterlegen.
- Der Screenshot muss die relevante Ausgangslage bzw. Eingabe und das sichtbare Ergebnis des jeweiligen Schrittes nachvollziehbar zeigen.
- Alle Schritte des Tests muessen einen eigenen Nachweis besitzen; bei Eingabeschritten sind Eingabe und anschliessende Reaktion zu dokumentieren.
- PASS nur vergeben, wenn alle Schritte erfolgreich abgeschlossen und fuer alle Schritte Screenshots hinterlegt sind.
- FAIL oder BLOCKED ebenfalls mit Screenshot(s), tatsaechlichem Ergebnis, Datum, Tester und Umgebung dokumentieren; bei FAIL einen Bug mit Reproduktionsschritten und Verweis auf diesen Test anlegen.
- Passwoerter, Tokens, Zahlungsdaten und sonstige Geheimnisse niemals im Klartext speichern; vor dem Anhang maskieren oder schwaerzen."
KAN-837,E8-08 Ladezustände erkennen – Accessibility und Auflösung,"Abgedeckte Story: KAN-100 – E8-08 Ladezustände erkennen
Testart: Accessibility und Auflösung
Priorität der Story: High

Ziel
Die Oberfläche ohne Maus und bei anderer Auflösung nutzen

Vorbedingungen
- Die Anwendung ist erreichbar und die erforderlichen Testdaten sind vorbereitet.
- Der Test wird in einer isolierten Umgebung mit nachvollziehbaren Benutzerrollen ausgeführt.

Schritte
1. Nur Tastatur verwenden.
2. Fokusreihenfolge und sichtbaren Fokus prüfen.
3. Screenreader-Struktur und Alternativtexte prüfen.
4. Zoom und hohe Auflösung verwenden.

Erwartetes Ergebnis
Alle Kernaktionen sind erreichbar; Fokus, Kontrast, Semantik und Text-/Bildqualität bleiben erhalten.

Responsive Viewports
- Desktop: 1440 x 900 CSS-Pixel.
- Full HD: 1920 x 1080 CSS-Pixel.
- WQHD: 2560 x 1440 CSS-Pixel.
- Ultrawide: 3440 x 1440 CSS-Pixel.
- 4K: 3840 x 2160 CSS-Pixel.
- Tablet: 768 x 1024 CSS-Pixel.
- Smartphone: 390 x 844 CSS-Pixel.
- Bei UI-Tests jeden definierten Viewport pruefen und je Viewport einen eigenen Screenshot am Testlauf hinterlegen.

Beleg und Nachbereitung
- Fuer jeden einzelnen Testschritt unmittelbar nach der Ausfuehrung einen Screenshot als Anhang am Testlauf hinterlegen.
- Der Screenshot muss die relevante Ausgangslage bzw. Eingabe und das sichtbare Ergebnis des jeweiligen Schrittes nachvollziehbar zeigen.
- Alle Schritte des Tests muessen einen eigenen Nachweis besitzen; bei Eingabeschritten sind Eingabe und anschliessende Reaktion zu dokumentieren.
- PASS nur vergeben, wenn alle Schritte erfolgreich abgeschlossen und fuer alle Schritte Screenshots hinterlegt sind.
- FAIL oder BLOCKED ebenfalls mit Screenshot(s), tatsaechlichem Ergebnis, Datum, Tester und Umgebung dokumentieren; bei FAIL einen Bug mit Reproduktionsschritten und Verweis auf diesen Test anlegen.
- Passwoerter, Tokens, Zahlungsdaten und sonstige Geheimnisse niemals im Klartext speichern; vor dem Anhang maskieren oder schwaerzen."
KAN-838,E8-09 Fehler- und Leerzustände verstehen – Visueller Standardpfad,"Abgedeckte Story: KAN-101 – E8-09 Fehler- und Leerzustände verstehen
Testart: Visueller Standardpfad
Priorität der Story: High

Ziel
Die Oberfläche auf allen Zielbreiten prüfen

Vorbedingungen
- Die Anwendung ist erreichbar und die erforderlichen Testdaten sind vorbereitet.
- Der Test wird in einer isolierten Umgebung mit nachvollziehbaren Benutzerrollen ausgeführt.

Schritte
1. Relevante Seite mit Referenzdaten öffnen.
2. Desktop-, Tablet- und Smartphone-Breite verwenden.
3. Navigation und Kernaktion ausführen.
4. Screenshot oder Referenzabgleich erstellen.

Erwartetes Ergebnis
Layout, Typografie, Abstände, Bilder und primäre Aktionen entsprechen dem Designsystem ohne Überlauf.

Responsive Viewports
- Desktop: 1440 x 900 CSS-Pixel.
- Full HD: 1920 x 1080 CSS-Pixel.
- WQHD: 2560 x 1440 CSS-Pixel.
- Ultrawide: 3440 x 1440 CSS-Pixel.
- 4K: 3840 x 2160 CSS-Pixel.
- Tablet: 768 x 1024 CSS-Pixel.
- Smartphone: 390 x 844 CSS-Pixel.
- Bei UI-Tests jeden definierten Viewport pruefen und je Viewport einen eigenen Screenshot am Testlauf hinterlegen.

Beleg und Nachbereitung
- Fuer jeden einzelnen Testschritt unmittelbar nach der Ausfuehrung einen Screenshot als Anhang am Testlauf hinterlegen.
- Der Screenshot muss die relevante Ausgangslage bzw. Eingabe und das sichtbare Ergebnis des jeweiligen Schrittes nachvollziehbar zeigen.
- Alle Schritte des Tests muessen einen eigenen Nachweis besitzen; bei Eingabeschritten sind Eingabe und anschliessende Reaktion zu dokumentieren.
- PASS nur vergeben, wenn alle Schritte erfolgreich abgeschlossen und fuer alle Schritte Screenshots hinterlegt sind.
- FAIL oder BLOCKED ebenfalls mit Screenshot(s), tatsaechlichem Ergebnis, Datum, Tester und Umgebung dokumentieren; bei FAIL einen Bug mit Reproduktionsschritten und Verweis auf diesen Test anlegen.
- Passwoerter, Tokens, Zahlungsdaten und sonstige Geheimnisse niemals im Klartext speichern; vor dem Anhang maskieren oder schwaerzen."
KAN-839,E8-09 Fehler- und Leerzustände verstehen – Zustände und Formulare,"Abgedeckte Story: KAN-101 – E8-09 Fehler- und Leerzustände verstehen
Testart: Zustände und Formulare
Priorität der Story: High

Ziel
Loading, Leer, Fehler und Erfolg prüfen

Vorbedingungen
- Die Anwendung ist erreichbar und die erforderlichen Testdaten sind vorbereitet.
- Der Test wird in einer isolierten Umgebung mit nachvollziehbaren Benutzerrollen ausgeführt.

Schritte
1. Laden verzögern.
2. Keine Daten liefern.
3. Validierungs- und Serverfehler auslösen.
4. Erfolgreiche Aktion durchführen.

Erwartetes Ergebnis
Jeder Zustand ist eindeutig, verständlich und bietet die richtige nächste Aktion.

Responsive Viewports
- Desktop: 1440 x 900 CSS-Pixel.
- Full HD: 1920 x 1080 CSS-Pixel.
- WQHD: 2560 x 1440 CSS-Pixel.
- Ultrawide: 3440 x 1440 CSS-Pixel.
- 4K: 3840 x 2160 CSS-Pixel.
- Tablet: 768 x 1024 CSS-Pixel.
- Smartphone: 390 x 844 CSS-Pixel.
- Bei UI-Tests jeden definierten Viewport pruefen und je Viewport einen eigenen Screenshot am Testlauf hinterlegen.

Beleg und Nachbereitung
- Fuer jeden einzelnen Testschritt unmittelbar nach der Ausfuehrung einen Screenshot als Anhang am Testlauf hinterlegen.
- Der Screenshot muss die relevante Ausgangslage bzw. Eingabe und das sichtbare Ergebnis des jeweiligen Schrittes nachvollziehbar zeigen.
- Alle Schritte des Tests muessen einen eigenen Nachweis besitzen; bei Eingabeschritten sind Eingabe und anschliessende Reaktion zu dokumentieren.
- PASS nur vergeben, wenn alle Schritte erfolgreich abgeschlossen und fuer alle Schritte Screenshots hinterlegt sind.
- FAIL oder BLOCKED ebenfalls mit Screenshot(s), tatsaechlichem Ergebnis, Datum, Tester und Umgebung dokumentieren; bei FAIL einen Bug mit Reproduktionsschritten und Verweis auf diesen Test anlegen.
- Passwoerter, Tokens, Zahlungsdaten und sonstige Geheimnisse niemals im Klartext speichern; vor dem Anhang maskieren oder schwaerzen."
KAN-840,E8-09 Fehler- und Leerzustände verstehen – Accessibility und Auflösung,"Abgedeckte Story: KAN-101 – E8-09 Fehler- und Leerzustände verstehen
Testart: Accessibility und Auflösung
Priorität der Story: High

Ziel
Die Oberfläche ohne Maus und bei anderer Auflösung nutzen

Vorbedingungen
- Die Anwendung ist erreichbar und die erforderlichen Testdaten sind vorbereitet.
- Der Test wird in einer isolierten Umgebung mit nachvollziehbaren Benutzerrollen ausgeführt.

Schritte
1. Nur Tastatur verwenden.
2. Fokusreihenfolge und sichtbaren Fokus prüfen.
3. Screenreader-Struktur und Alternativtexte prüfen.
4. Zoom und hohe Auflösung verwenden.

Erwartetes Ergebnis
Alle Kernaktionen sind erreichbar; Fokus, Kontrast, Semantik und Text-/Bildqualität bleiben erhalten.

Responsive Viewports
- Desktop: 1440 x 900 CSS-Pixel.
- Full HD: 1920 x 1080 CSS-Pixel.
- WQHD: 2560 x 1440 CSS-Pixel.
- Ultrawide: 3440 x 1440 CSS-Pixel.
- 4K: 3840 x 2160 CSS-Pixel.
- Tablet: 768 x 1024 CSS-Pixel.
- Smartphone: 390 x 844 CSS-Pixel.
- Bei UI-Tests jeden definierten Viewport pruefen und je Viewport einen eigenen Screenshot am Testlauf hinterlegen.

Beleg und Nachbereitung
- Fuer jeden einzelnen Testschritt unmittelbar nach der Ausfuehrung einen Screenshot als Anhang am Testlauf hinterlegen.
- Der Screenshot muss die relevante Ausgangslage bzw. Eingabe und das sichtbare Ergebnis des jeweiligen Schrittes nachvollziehbar zeigen.
- Alle Schritte des Tests muessen einen eigenen Nachweis besitzen; bei Eingabeschritten sind Eingabe und anschliessende Reaktion zu dokumentieren.
- PASS nur vergeben, wenn alle Schritte erfolgreich abgeschlossen und fuer alle Schritte Screenshots hinterlegt sind.
- FAIL oder BLOCKED ebenfalls mit Screenshot(s), tatsaechlichem Ergebnis, Datum, Tester und Umgebung dokumentieren; bei FAIL einen Bug mit Reproduktionsschritten und Verweis auf diesen Test anlegen.
- Passwoerter, Tokens, Zahlungsdaten und sonstige Geheimnisse niemals im Klartext speichern; vor dem Anhang maskieren oder schwaerzen."
KAN-841,E8-10 Shop per Tastatur bedienen – Visueller Standardpfad,"Abgedeckte Story: KAN-102 – E8-10 Shop per Tastatur bedienen
Testart: Visueller Standardpfad
Priorität der Story: High

Ziel
Die Oberfläche auf allen Zielbreiten prüfen

Vorbedingungen
- Die Anwendung ist erreichbar und die erforderlichen Testdaten sind vorbereitet.
- Der Test wird in einer isolierten Umgebung mit nachvollziehbaren Benutzerrollen ausgeführt.

Schritte
1. Relevante Seite mit Referenzdaten öffnen.
2. Desktop-, Tablet- und Smartphone-Breite verwenden.
3. Navigation und Kernaktion ausführen.
4. Screenshot oder Referenzabgleich erstellen.

Erwartetes Ergebnis
Layout, Typografie, Abstände, Bilder und primäre Aktionen entsprechen dem Designsystem ohne Überlauf.

Responsive Viewports
- Desktop: 1440 x 900 CSS-Pixel.
- Full HD: 1920 x 1080 CSS-Pixel.
- WQHD: 2560 x 1440 CSS-Pixel.
- Ultrawide: 3440 x 1440 CSS-Pixel.
- 4K: 3840 x 2160 CSS-Pixel.
- Tablet: 768 x 1024 CSS-Pixel.
- Smartphone: 390 x 844 CSS-Pixel.
- Bei UI-Tests jeden definierten Viewport pruefen und je Viewport einen eigenen Screenshot am Testlauf hinterlegen.

Beleg und Nachbereitung
- Fuer jeden einzelnen Testschritt unmittelbar nach der Ausfuehrung einen Screenshot als Anhang am Testlauf hinterlegen.
- Der Screenshot muss die relevante Ausgangslage bzw. Eingabe und das sichtbare Ergebnis des jeweiligen Schrittes nachvollziehbar zeigen.
- Alle Schritte des Tests muessen einen eigenen Nachweis besitzen; bei Eingabeschritten sind Eingabe und anschliessende Reaktion zu dokumentieren.
- PASS nur vergeben, wenn alle Schritte erfolgreich abgeschlossen und fuer alle Schritte Screenshots hinterlegt sind.
- FAIL oder BLOCKED ebenfalls mit Screenshot(s), tatsaechlichem Ergebnis, Datum, Tester und Umgebung dokumentieren; bei FAIL einen Bug mit Reproduktionsschritten und Verweis auf diesen Test anlegen.
- Passwoerter, Tokens, Zahlungsdaten und sonstige Geheimnisse niemals im Klartext speichern; vor dem Anhang maskieren oder schwaerzen."
KAN-842,E8-10 Shop per Tastatur bedienen – Zustände und Formulare,"Abgedeckte Story: KAN-102 – E8-10 Shop per Tastatur bedienen
Testart: Zustände und Formulare
Priorität der Story: High

Ziel
Loading, Leer, Fehler und Erfolg prüfen

Vorbedingungen
- Die Anwendung ist erreichbar und die erforderlichen Testdaten sind vorbereitet.
- Der Test wird in einer isolierten Umgebung mit nachvollziehbaren Benutzerrollen ausgeführt.

Schritte
1. Laden verzögern.
2. Keine Daten liefern.
3. Validierungs- und Serverfehler auslösen.
4. Erfolgreiche Aktion durchführen.

Erwartetes Ergebnis
Jeder Zustand ist eindeutig, verständlich und bietet die richtige nächste Aktion.

Responsive Viewports
- Desktop: 1440 x 900 CSS-Pixel.
- Full HD: 1920 x 1080 CSS-Pixel.
- WQHD: 2560 x 1440 CSS-Pixel.
- Ultrawide: 3440 x 1440 CSS-Pixel.
- 4K: 3840 x 2160 CSS-Pixel.
- Tablet: 768 x 1024 CSS-Pixel.
- Smartphone: 390 x 844 CSS-Pixel.
- Bei UI-Tests jeden definierten Viewport pruefen und je Viewport einen eigenen Screenshot am Testlauf hinterlegen.

Beleg und Nachbereitung
- Fuer jeden einzelnen Testschritt unmittelbar nach der Ausfuehrung einen Screenshot als Anhang am Testlauf hinterlegen.
- Der Screenshot muss die relevante Ausgangslage bzw. Eingabe und das sichtbare Ergebnis des jeweiligen Schrittes nachvollziehbar zeigen.
- Alle Schritte des Tests muessen einen eigenen Nachweis besitzen; bei Eingabeschritten sind Eingabe und anschliessende Reaktion zu dokumentieren.
- PASS nur vergeben, wenn alle Schritte erfolgreich abgeschlossen und fuer alle Schritte Screenshots hinterlegt sind.
- FAIL oder BLOCKED ebenfalls mit Screenshot(s), tatsaechlichem Ergebnis, Datum, Tester und Umgebung dokumentieren; bei FAIL einen Bug mit Reproduktionsschritten und Verweis auf diesen Test anlegen.
- Passwoerter, Tokens, Zahlungsdaten und sonstige Geheimnisse niemals im Klartext speichern; vor dem Anhang maskieren oder schwaerzen."
KAN-843,E8-10 Shop per Tastatur bedienen – Accessibility und Auflösung,"Abgedeckte Story: KAN-102 – E8-10 Shop per Tastatur bedienen
Testart: Accessibility und Auflösung
Priorität der Story: High

Ziel
Die Oberfläche ohne Maus und bei anderer Auflösung nutzen

Vorbedingungen
- Die Anwendung ist erreichbar und die erforderlichen Testdaten sind vorbereitet.
- Der Test wird in einer isolierten Umgebung mit nachvollziehbaren Benutzerrollen ausgeführt.

Schritte
1. Nur Tastatur verwenden.
2. Fokusreihenfolge und sichtbaren Fokus prüfen.
3. Screenreader-Struktur und Alternativtexte prüfen.
4. Zoom und hohe Auflösung verwenden.

Erwartetes Ergebnis
Alle Kernaktionen sind erreichbar; Fokus, Kontrast, Semantik und Text-/Bildqualität bleiben erhalten.

Responsive Viewports
- Desktop: 1440 x 900 CSS-Pixel.
- Full HD: 1920 x 1080 CSS-Pixel.
- WQHD: 2560 x 1440 CSS-Pixel.
- Ultrawide: 3440 x 1440 CSS-Pixel.
- 4K: 3840 x 2160 CSS-Pixel.
- Tablet: 768 x 1024 CSS-Pixel.
- Smartphone: 390 x 844 CSS-Pixel.
- Bei UI-Tests jeden definierten Viewport pruefen und je Viewport einen eigenen Screenshot am Testlauf hinterlegen.

Beleg und Nachbereitung
- Fuer jeden einzelnen Testschritt unmittelbar nach der Ausfuehrung einen Screenshot als Anhang am Testlauf hinterlegen.
- Der Screenshot muss die relevante Ausgangslage bzw. Eingabe und das sichtbare Ergebnis des jeweiligen Schrittes nachvollziehbar zeigen.
- Alle Schritte des Tests muessen einen eigenen Nachweis besitzen; bei Eingabeschritten sind Eingabe und anschliessende Reaktion zu dokumentieren.
- PASS nur vergeben, wenn alle Schritte erfolgreich abgeschlossen und fuer alle Schritte Screenshots hinterlegt sind.
- FAIL oder BLOCKED ebenfalls mit Screenshot(s), tatsaechlichem Ergebnis, Datum, Tester und Umgebung dokumentieren; bei FAIL einen Bug mit Reproduktionsschritten und Verweis auf diesen Test anlegen.
- Passwoerter, Tokens, Zahlungsdaten und sonstige Geheimnisse niemals im Klartext speichern; vor dem Anhang maskieren oder schwaerzen."
KAN-844,E8-11 Shop mit Screenreader nutzen – Visueller Standardpfad,"Abgedeckte Story: KAN-103 – E8-11 Shop mit Screenreader nutzen
Testart: Visueller Standardpfad
Priorität der Story: High

Ziel
Die Oberfläche auf allen Zielbreiten prüfen

Vorbedingungen
- Die Anwendung ist erreichbar und die erforderlichen Testdaten sind vorbereitet.
- Der Test wird in einer isolierten Umgebung mit nachvollziehbaren Benutzerrollen ausgeführt.

Schritte
1. Relevante Seite mit Referenzdaten öffnen.
2. Desktop-, Tablet- und Smartphone-Breite verwenden.
3. Navigation und Kernaktion ausführen.
4. Screenshot oder Referenzabgleich erstellen.

Erwartetes Ergebnis
Layout, Typografie, Abstände, Bilder und primäre Aktionen entsprechen dem Designsystem ohne Überlauf.

Responsive Viewports
- Desktop: 1440 x 900 CSS-Pixel.
- Full HD: 1920 x 1080 CSS-Pixel.
- WQHD: 2560 x 1440 CSS-Pixel.
- Ultrawide: 3440 x 1440 CSS-Pixel.
- 4K: 3840 x 2160 CSS-Pixel.
- Tablet: 768 x 1024 CSS-Pixel.
- Smartphone: 390 x 844 CSS-Pixel.
- Bei UI-Tests jeden definierten Viewport pruefen und je Viewport einen eigenen Screenshot am Testlauf hinterlegen.

Beleg und Nachbereitung
- Fuer jeden einzelnen Testschritt unmittelbar nach der Ausfuehrung einen Screenshot als Anhang am Testlauf hinterlegen.
- Der Screenshot muss die relevante Ausgangslage bzw. Eingabe und das sichtbare Ergebnis des jeweiligen Schrittes nachvollziehbar zeigen.
- Alle Schritte des Tests muessen einen eigenen Nachweis besitzen; bei Eingabeschritten sind Eingabe und anschliessende Reaktion zu dokumentieren.
- PASS nur vergeben, wenn alle Schritte erfolgreich abgeschlossen und fuer alle Schritte Screenshots hinterlegt sind.
- FAIL oder BLOCKED ebenfalls mit Screenshot(s), tatsaechlichem Ergebnis, Datum, Tester und Umgebung dokumentieren; bei FAIL einen Bug mit Reproduktionsschritten und Verweis auf diesen Test anlegen.
- Passwoerter, Tokens, Zahlungsdaten und sonstige Geheimnisse niemals im Klartext speichern; vor dem Anhang maskieren oder schwaerzen."
KAN-845,E8-11 Shop mit Screenreader nutzen – Zustände und Formulare,"Abgedeckte Story: KAN-103 – E8-11 Shop mit Screenreader nutzen
Testart: Zustände und Formulare
Priorität der Story: High

Ziel
Loading, Leer, Fehler und Erfolg prüfen

Vorbedingungen
- Die Anwendung ist erreichbar und die erforderlichen Testdaten sind vorbereitet.
- Der Test wird in einer isolierten Umgebung mit nachvollziehbaren Benutzerrollen ausgeführt.

Schritte
1. Laden verzögern.
2. Keine Daten liefern.
3. Validierungs- und Serverfehler auslösen.
4. Erfolgreiche Aktion durchführen.

Erwartetes Ergebnis
Jeder Zustand ist eindeutig, verständlich und bietet die richtige nächste Aktion.

Responsive Viewports
- Desktop: 1440 x 900 CSS-Pixel.
- Full HD: 1920 x 1080 CSS-Pixel.
- WQHD: 2560 x 1440 CSS-Pixel.
- Ultrawide: 3440 x 1440 CSS-Pixel.
- 4K: 3840 x 2160 CSS-Pixel.
- Tablet: 768 x 1024 CSS-Pixel.
- Smartphone: 390 x 844 CSS-Pixel.
- Bei UI-Tests jeden definierten Viewport pruefen und je Viewport einen eigenen Screenshot am Testlauf hinterlegen.

Beleg und Nachbereitung
- Fuer jeden einzelnen Testschritt unmittelbar nach der Ausfuehrung einen Screenshot als Anhang am Testlauf hinterlegen.
- Der Screenshot muss die relevante Ausgangslage bzw. Eingabe und das sichtbare Ergebnis des jeweiligen Schrittes nachvollziehbar zeigen.
- Alle Schritte des Tests muessen einen eigenen Nachweis besitzen; bei Eingabeschritten sind Eingabe und anschliessende Reaktion zu dokumentieren.
- PASS nur vergeben, wenn alle Schritte erfolgreich abgeschlossen und fuer alle Schritte Screenshots hinterlegt sind.
- FAIL oder BLOCKED ebenfalls mit Screenshot(s), tatsaechlichem Ergebnis, Datum, Tester und Umgebung dokumentieren; bei FAIL einen Bug mit Reproduktionsschritten und Verweis auf diesen Test anlegen.
- Passwoerter, Tokens, Zahlungsdaten und sonstige Geheimnisse niemals im Klartext speichern; vor dem Anhang maskieren oder schwaerzen."
KAN-846,E8-11 Shop mit Screenreader nutzen – Accessibility und Auflösung,"Abgedeckte Story: KAN-103 – E8-11 Shop mit Screenreader nutzen
Testart: Accessibility und Auflösung
Priorität der Story: High

Ziel
Die Oberfläche ohne Maus und bei anderer Auflösung nutzen

Vorbedingungen
- Die Anwendung ist erreichbar und die erforderlichen Testdaten sind vorbereitet.
- Der Test wird in einer isolierten Umgebung mit nachvollziehbaren Benutzerrollen ausgeführt.

Schritte
1. Nur Tastatur verwenden.
2. Fokusreihenfolge und sichtbaren Fokus prüfen.
3. Screenreader-Struktur und Alternativtexte prüfen.
4. Zoom und hohe Auflösung verwenden.

Erwartetes Ergebnis
Alle Kernaktionen sind erreichbar; Fokus, Kontrast, Semantik und Text-/Bildqualität bleiben erhalten.

Responsive Viewports
- Desktop: 1440 x 900 CSS-Pixel.
- Full HD: 1920 x 1080 CSS-Pixel.
- WQHD: 2560 x 1440 CSS-Pixel.
- Ultrawide: 3440 x 1440 CSS-Pixel.
- 4K: 3840 x 2160 CSS-Pixel.
- Tablet: 768 x 1024 CSS-Pixel.
- Smartphone: 390 x 844 CSS-Pixel.
- Bei UI-Tests jeden definierten Viewport pruefen und je Viewport einen eigenen Screenshot am Testlauf hinterlegen.

Beleg und Nachbereitung
- Fuer jeden einzelnen Testschritt unmittelbar nach der Ausfuehrung einen Screenshot als Anhang am Testlauf hinterlegen.
- Der Screenshot muss die relevante Ausgangslage bzw. Eingabe und das sichtbare Ergebnis des jeweiligen Schrittes nachvollziehbar zeigen.
- Alle Schritte des Tests muessen einen eigenen Nachweis besitzen; bei Eingabeschritten sind Eingabe und anschliessende Reaktion zu dokumentieren.
- PASS nur vergeben, wenn alle Schritte erfolgreich abgeschlossen und fuer alle Schritte Screenshots hinterlegt sind.
- FAIL oder BLOCKED ebenfalls mit Screenshot(s), tatsaechlichem Ergebnis, Datum, Tester und Umgebung dokumentieren; bei FAIL einen Bug mit Reproduktionsschritten und Verweis auf diesen Test anlegen.
- Passwoerter, Tokens, Zahlungsdaten und sonstige Geheimnisse niemals im Klartext speichern; vor dem Anhang maskieren oder schwaerzen."
KAN-847,E8-12 Fokus- und Aktivzustände sehen – Visueller Standardpfad,"Abgedeckte Story: KAN-104 – E8-12 Fokus- und Aktivzustände sehen
Testart: Visueller Standardpfad
Priorität der Story: High

Ziel
Die Oberfläche auf allen Zielbreiten prüfen

Vorbedingungen
- Die Anwendung ist erreichbar und die erforderlichen Testdaten sind vorbereitet.
- Der Test wird in einer isolierten Umgebung mit nachvollziehbaren Benutzerrollen ausgeführt.

Schritte
1. Relevante Seite mit Referenzdaten öffnen.
2. Desktop-, Tablet- und Smartphone-Breite verwenden.
3. Navigation und Kernaktion ausführen.
4. Screenshot oder Referenzabgleich erstellen.

Erwartetes Ergebnis
Layout, Typografie, Abstände, Bilder und primäre Aktionen entsprechen dem Designsystem ohne Überlauf.

Responsive Viewports
- Desktop: 1440 x 900 CSS-Pixel.
- Full HD: 1920 x 1080 CSS-Pixel.
- WQHD: 2560 x 1440 CSS-Pixel.
- Ultrawide: 3440 x 1440 CSS-Pixel.
- 4K: 3840 x 2160 CSS-Pixel.
- Tablet: 768 x 1024 CSS-Pixel.
- Smartphone: 390 x 844 CSS-Pixel.
- Bei UI-Tests jeden definierten Viewport pruefen und je Viewport einen eigenen Screenshot am Testlauf hinterlegen.

Beleg und Nachbereitung
- Fuer jeden einzelnen Testschritt unmittelbar nach der Ausfuehrung einen Screenshot als Anhang am Testlauf hinterlegen.
- Der Screenshot muss die relevante Ausgangslage bzw. Eingabe und das sichtbare Ergebnis des jeweiligen Schrittes nachvollziehbar zeigen.
- Alle Schritte des Tests muessen einen eigenen Nachweis besitzen; bei Eingabeschritten sind Eingabe und anschliessende Reaktion zu dokumentieren.
- PASS nur vergeben, wenn alle Schritte erfolgreich abgeschlossen und fuer alle Schritte Screenshots hinterlegt sind.
- FAIL oder BLOCKED ebenfalls mit Screenshot(s), tatsaechlichem Ergebnis, Datum, Tester und Umgebung dokumentieren; bei FAIL einen Bug mit Reproduktionsschritten und Verweis auf diesen Test anlegen.
- Passwoerter, Tokens, Zahlungsdaten und sonstige Geheimnisse niemals im Klartext speichern; vor dem Anhang maskieren oder schwaerzen."
KAN-848,E8-12 Fokus- und Aktivzustände sehen – Zustände und Formulare,"Abgedeckte Story: KAN-104 – E8-12 Fokus- und Aktivzustände sehen
Testart: Zustände und Formulare
Priorität der Story: High

Ziel
Loading, Leer, Fehler und Erfolg prüfen

Vorbedingungen
- Die Anwendung ist erreichbar und die erforderlichen Testdaten sind vorbereitet.
- Der Test wird in einer isolierten Umgebung mit nachvollziehbaren Benutzerrollen ausgeführt.

Schritte
1. Laden verzögern.
2. Keine Daten liefern.
3. Validierungs- und Serverfehler auslösen.
4. Erfolgreiche Aktion durchführen.

Erwartetes Ergebnis
Jeder Zustand ist eindeutig, verständlich und bietet die richtige nächste Aktion.

Responsive Viewports
- Desktop: 1440 x 900 CSS-Pixel.
- Full HD: 1920 x 1080 CSS-Pixel.
- WQHD: 2560 x 1440 CSS-Pixel.
- Ultrawide: 3440 x 1440 CSS-Pixel.
- 4K: 3840 x 2160 CSS-Pixel.
- Tablet: 768 x 1024 CSS-Pixel.
- Smartphone: 390 x 844 CSS-Pixel.
- Bei UI-Tests jeden definierten Viewport pruefen und je Viewport einen eigenen Screenshot am Testlauf hinterlegen.

Beleg und Nachbereitung
- Fuer jeden einzelnen Testschritt unmittelbar nach der Ausfuehrung einen Screenshot als Anhang am Testlauf hinterlegen.
- Der Screenshot muss die relevante Ausgangslage bzw. Eingabe und das sichtbare Ergebnis des jeweiligen Schrittes nachvollziehbar zeigen.
- Alle Schritte des Tests muessen einen eigenen Nachweis besitzen; bei Eingabeschritten sind Eingabe und anschliessende Reaktion zu dokumentieren.
- PASS nur vergeben, wenn alle Schritte erfolgreich abgeschlossen und fuer alle Schritte Screenshots hinterlegt sind.
- FAIL oder BLOCKED ebenfalls mit Screenshot(s), tatsaechlichem Ergebnis, Datum, Tester und Umgebung dokumentieren; bei FAIL einen Bug mit Reproduktionsschritten und Verweis auf diesen Test anlegen.
- Passwoerter, Tokens, Zahlungsdaten und sonstige Geheimnisse niemals im Klartext speichern; vor dem Anhang maskieren oder schwaerzen."
KAN-849,E8-12 Fokus- und Aktivzustände sehen – Accessibility und Auflösung,"Abgedeckte Story: KAN-104 – E8-12 Fokus- und Aktivzustände sehen
Testart: Accessibility und Auflösung
Priorität der Story: High

Ziel
Die Oberfläche ohne Maus und bei anderer Auflösung nutzen

Vorbedingungen
- Die Anwendung ist erreichbar und die erforderlichen Testdaten sind vorbereitet.
- Der Test wird in einer isolierten Umgebung mit nachvollziehbaren Benutzerrollen ausgeführt.

Schritte
1. Nur Tastatur verwenden.
2. Fokusreihenfolge und sichtbaren Fokus prüfen.
3. Screenreader-Struktur und Alternativtexte prüfen.
4. Zoom und hohe Auflösung verwenden.

Erwartetes Ergebnis
Alle Kernaktionen sind erreichbar; Fokus, Kontrast, Semantik und Text-/Bildqualität bleiben erhalten.

Responsive Viewports
- Desktop: 1440 x 900 CSS-Pixel.
- Full HD: 1920 x 1080 CSS-Pixel.
- WQHD: 2560 x 1440 CSS-Pixel.
- Ultrawide: 3440 x 1440 CSS-Pixel.
- 4K: 3840 x 2160 CSS-Pixel.
- Tablet: 768 x 1024 CSS-Pixel.
- Smartphone: 390 x 844 CSS-Pixel.
- Bei UI-Tests jeden definierten Viewport pruefen und je Viewport einen eigenen Screenshot am Testlauf hinterlegen.

Beleg und Nachbereitung
- Fuer jeden einzelnen Testschritt unmittelbar nach der Ausfuehrung einen Screenshot als Anhang am Testlauf hinterlegen.
- Der Screenshot muss die relevante Ausgangslage bzw. Eingabe und das sichtbare Ergebnis des jeweiligen Schrittes nachvollziehbar zeigen.
- Alle Schritte des Tests muessen einen eigenen Nachweis besitzen; bei Eingabeschritten sind Eingabe und anschliessende Reaktion zu dokumentieren.
- PASS nur vergeben, wenn alle Schritte erfolgreich abgeschlossen und fuer alle Schritte Screenshots hinterlegt sind.
- FAIL oder BLOCKED ebenfalls mit Screenshot(s), tatsaechlichem Ergebnis, Datum, Tester und Umgebung dokumentieren; bei FAIL einen Bug mit Reproduktionsschritten und Verweis auf diesen Test anlegen.
- Passwoerter, Tokens, Zahlungsdaten und sonstige Geheimnisse niemals im Klartext speichern; vor dem Anhang maskieren oder schwaerzen."
KAN-850,E8-13 Optimierte Produktbilder erhalten – Visueller Standardpfad,"Abgedeckte Story: KAN-105 – E8-13 Optimierte Produktbilder erhalten
Testart: Visueller Standardpfad
Priorität der Story: High

Ziel
Die Oberfläche auf allen Zielbreiten prüfen

Vorbedingungen
- Die Anwendung ist erreichbar und die erforderlichen Testdaten sind vorbereitet.
- Der Test wird in einer isolierten Umgebung mit nachvollziehbaren Benutzerrollen ausgeführt.

Schritte
1. Relevante Seite mit Referenzdaten öffnen.
2. Desktop-, Tablet- und Smartphone-Breite verwenden.
3. Navigation und Kernaktion ausführen.
4. Screenshot oder Referenzabgleich erstellen.

Erwartetes Ergebnis
Layout, Typografie, Abstände, Bilder und primäre Aktionen entsprechen dem Designsystem ohne Überlauf.

Responsive Viewports
- Desktop: 1440 x 900 CSS-Pixel.
- Full HD: 1920 x 1080 CSS-Pixel.
- WQHD: 2560 x 1440 CSS-Pixel.
- Ultrawide: 3440 x 1440 CSS-Pixel.
- 4K: 3840 x 2160 CSS-Pixel.
- Tablet: 768 x 1024 CSS-Pixel.
- Smartphone: 390 x 844 CSS-Pixel.
- Bei UI-Tests jeden definierten Viewport pruefen und je Viewport einen eigenen Screenshot am Testlauf hinterlegen.

Beleg und Nachbereitung
- Fuer jeden einzelnen Testschritt unmittelbar nach der Ausfuehrung einen Screenshot als Anhang am Testlauf hinterlegen.
- Der Screenshot muss die relevante Ausgangslage bzw. Eingabe und das sichtbare Ergebnis des jeweiligen Schrittes nachvollziehbar zeigen.
- Alle Schritte des Tests muessen einen eigenen Nachweis besitzen; bei Eingabeschritten sind Eingabe und anschliessende Reaktion zu dokumentieren.
- PASS nur vergeben, wenn alle Schritte erfolgreich abgeschlossen und fuer alle Schritte Screenshots hinterlegt sind.
- FAIL oder BLOCKED ebenfalls mit Screenshot(s), tatsaechlichem Ergebnis, Datum, Tester und Umgebung dokumentieren; bei FAIL einen Bug mit Reproduktionsschritten und Verweis auf diesen Test anlegen.
- Passwoerter, Tokens, Zahlungsdaten und sonstige Geheimnisse niemals im Klartext speichern; vor dem Anhang maskieren oder schwaerzen."
KAN-851,E8-13 Optimierte Produktbilder erhalten – Zustände und Formulare,"Abgedeckte Story: KAN-105 – E8-13 Optimierte Produktbilder erhalten
Testart: Zustände und Formulare
Priorität der Story: High

Ziel
Loading, Leer, Fehler und Erfolg prüfen

Vorbedingungen
- Die Anwendung ist erreichbar und die erforderlichen Testdaten sind vorbereitet.
- Der Test wird in einer isolierten Umgebung mit nachvollziehbaren Benutzerrollen ausgeführt.

Schritte
1. Laden verzögern.
2. Keine Daten liefern.
3. Validierungs- und Serverfehler auslösen.
4. Erfolgreiche Aktion durchführen.

Erwartetes Ergebnis
Jeder Zustand ist eindeutig, verständlich und bietet die richtige nächste Aktion.

Responsive Viewports
- Desktop: 1440 x 900 CSS-Pixel.
- Full HD: 1920 x 1080 CSS-Pixel.
- WQHD: 2560 x 1440 CSS-Pixel.
- Ultrawide: 3440 x 1440 CSS-Pixel.
- 4K: 3840 x 2160 CSS-Pixel.
- Tablet: 768 x 1024 CSS-Pixel.
- Smartphone: 390 x 844 CSS-Pixel.
- Bei UI-Tests jeden definierten Viewport pruefen und je Viewport einen eigenen Screenshot am Testlauf hinterlegen.

Beleg und Nachbereitung
- Fuer jeden einzelnen Testschritt unmittelbar nach der Ausfuehrung einen Screenshot als Anhang am Testlauf hinterlegen.
- Der Screenshot muss die relevante Ausgangslage bzw. Eingabe und das sichtbare Ergebnis des jeweiligen Schrittes nachvollziehbar zeigen.
- Alle Schritte des Tests muessen einen eigenen Nachweis besitzen; bei Eingabeschritten sind Eingabe und anschliessende Reaktion zu dokumentieren.
- PASS nur vergeben, wenn alle Schritte erfolgreich abgeschlossen und fuer alle Schritte Screenshots hinterlegt sind.
- FAIL oder BLOCKED ebenfalls mit Screenshot(s), tatsaechlichem Ergebnis, Datum, Tester und Umgebung dokumentieren; bei FAIL einen Bug mit Reproduktionsschritten und Verweis auf diesen Test anlegen.
- Passwoerter, Tokens, Zahlungsdaten und sonstige Geheimnisse niemals im Klartext speichern; vor dem Anhang maskieren oder schwaerzen."
KAN-852,E8-13 Optimierte Produktbilder erhalten – Accessibility und Auflösung,"Abgedeckte Story: KAN-105 – E8-13 Optimierte Produktbilder erhalten
Testart: Accessibility und Auflösung
Priorität der Story: High

Ziel
Die Oberfläche ohne Maus und bei anderer Auflösung nutzen

Vorbedingungen
- Die Anwendung ist erreichbar und die erforderlichen Testdaten sind vorbereitet.
- Der Test wird in einer isolierten Umgebung mit nachvollziehbaren Benutzerrollen ausgeführt.

Schritte
1. Nur Tastatur verwenden.
2. Fokusreihenfolge und sichtbaren Fokus prüfen.
3. Screenreader-Struktur und Alternativtexte prüfen.
4. Zoom und hohe Auflösung verwenden.

Erwartetes Ergebnis
Alle Kernaktionen sind erreichbar; Fokus, Kontrast, Semantik und Text-/Bildqualität bleiben erhalten.

Responsive Viewports
- Desktop: 1440 x 900 CSS-Pixel.
- Full HD: 1920 x 1080 CSS-Pixel.
- WQHD: 2560 x 1440 CSS-Pixel.
- Ultrawide: 3440 x 1440 CSS-Pixel.
- 4K: 3840 x 2160 CSS-Pixel.
- Tablet: 768 x 1024 CSS-Pixel.
- Smartphone: 390 x 844 CSS-Pixel.
- Bei UI-Tests jeden definierten Viewport pruefen und je Viewport einen eigenen Screenshot am Testlauf hinterlegen.

Beleg und Nachbereitung
- Fuer jeden einzelnen Testschritt unmittelbar nach der Ausfuehrung einen Screenshot als Anhang am Testlauf hinterlegen.
- Der Screenshot muss die relevante Ausgangslage bzw. Eingabe und das sichtbare Ergebnis des jeweiligen Schrittes nachvollziehbar zeigen.
- Alle Schritte des Tests muessen einen eigenen Nachweis besitzen; bei Eingabeschritten sind Eingabe und anschliessende Reaktion zu dokumentieren.
- PASS nur vergeben, wenn alle Schritte erfolgreich abgeschlossen und fuer alle Schritte Screenshots hinterlegt sind.
- FAIL oder BLOCKED ebenfalls mit Screenshot(s), tatsaechlichem Ergebnis, Datum, Tester und Umgebung dokumentieren; bei FAIL einen Bug mit Reproduktionsschritten und Verweis auf diesen Test anlegen.
- Passwoerter, Tokens, Zahlungsdaten und sonstige Geheimnisse niemals im Klartext speichern; vor dem Anhang maskieren oder schwaerzen."
KAN-853,E8-14 Auflösungsunabhängiges Design erleben – Visueller Standardpfad,"Abgedeckte Story: KAN-106 – E8-14 Auflösungsunabhängiges Design erleben
Testart: Visueller Standardpfad
Priorität der Story: High

Ziel
Die Oberfläche auf allen Zielbreiten prüfen

Vorbedingungen
- Die Anwendung ist erreichbar und die erforderlichen Testdaten sind vorbereitet.
- Der Test wird in einer isolierten Umgebung mit nachvollziehbaren Benutzerrollen ausgeführt.

Schritte
1. Relevante Seite mit Referenzdaten öffnen.
2. Desktop-, Tablet- und Smartphone-Breite verwenden.
3. Navigation und Kernaktion ausführen.
4. Screenshot oder Referenzabgleich erstellen.

Erwartetes Ergebnis
Layout, Typografie, Abstände, Bilder und primäre Aktionen entsprechen dem Designsystem ohne Überlauf.

Responsive Viewports
- Desktop: 1440 x 900 CSS-Pixel.
- Full HD: 1920 x 1080 CSS-Pixel.
- WQHD: 2560 x 1440 CSS-Pixel.
- Ultrawide: 3440 x 1440 CSS-Pixel.
- 4K: 3840 x 2160 CSS-Pixel.
- Tablet: 768 x 1024 CSS-Pixel.
- Smartphone: 390 x 844 CSS-Pixel.
- Bei UI-Tests jeden definierten Viewport pruefen und je Viewport einen eigenen Screenshot am Testlauf hinterlegen.

Beleg und Nachbereitung
- Fuer jeden einzelnen Testschritt unmittelbar nach der Ausfuehrung einen Screenshot als Anhang am Testlauf hinterlegen.
- Der Screenshot muss die relevante Ausgangslage bzw. Eingabe und das sichtbare Ergebnis des jeweiligen Schrittes nachvollziehbar zeigen.
- Alle Schritte des Tests muessen einen eigenen Nachweis besitzen; bei Eingabeschritten sind Eingabe und anschliessende Reaktion zu dokumentieren.
- PASS nur vergeben, wenn alle Schritte erfolgreich abgeschlossen und fuer alle Schritte Screenshots hinterlegt sind.
- FAIL oder BLOCKED ebenfalls mit Screenshot(s), tatsaechlichem Ergebnis, Datum, Tester und Umgebung dokumentieren; bei FAIL einen Bug mit Reproduktionsschritten und Verweis auf diesen Test anlegen.
- Passwoerter, Tokens, Zahlungsdaten und sonstige Geheimnisse niemals im Klartext speichern; vor dem Anhang maskieren oder schwaerzen."
KAN-854,E8-14 Auflösungsunabhängiges Design erleben – Zustände und Formulare,"Abgedeckte Story: KAN-106 – E8-14 Auflösungsunabhängiges Design erleben
Testart: Zustände und Formulare
Priorität der Story: High

Ziel
Loading, Leer, Fehler und Erfolg prüfen

Vorbedingungen
- Die Anwendung ist erreichbar und die erforderlichen Testdaten sind vorbereitet.
- Der Test wird in einer isolierten Umgebung mit nachvollziehbaren Benutzerrollen ausgeführt.

Schritte
1. Laden verzögern.
2. Keine Daten liefern.
3. Validierungs- und Serverfehler auslösen.
4. Erfolgreiche Aktion durchführen.

Erwartetes Ergebnis
Jeder Zustand ist eindeutig, verständlich und bietet die richtige nächste Aktion.

Responsive Viewports
- Desktop: 1440 x 900 CSS-Pixel.
- Full HD: 1920 x 1080 CSS-Pixel.
- WQHD: 2560 x 1440 CSS-Pixel.
- Ultrawide: 3440 x 1440 CSS-Pixel.
- 4K: 3840 x 2160 CSS-Pixel.
- Tablet: 768 x 1024 CSS-Pixel.
- Smartphone: 390 x 844 CSS-Pixel.
- Bei UI-Tests jeden definierten Viewport pruefen und je Viewport einen eigenen Screenshot am Testlauf hinterlegen.

Beleg und Nachbereitung
- Fuer jeden einzelnen Testschritt unmittelbar nach der Ausfuehrung einen Screenshot als Anhang am Testlauf hinterlegen.
- Der Screenshot muss die relevante Ausgangslage bzw. Eingabe und das sichtbare Ergebnis des jeweiligen Schrittes nachvollziehbar zeigen.
- Alle Schritte des Tests muessen einen eigenen Nachweis besitzen; bei Eingabeschritten sind Eingabe und anschliessende Reaktion zu dokumentieren.
- PASS nur vergeben, wenn alle Schritte erfolgreich abgeschlossen und fuer alle Schritte Screenshots hinterlegt sind.
- FAIL oder BLOCKED ebenfalls mit Screenshot(s), tatsaechlichem Ergebnis, Datum, Tester und Umgebung dokumentieren; bei FAIL einen Bug mit Reproduktionsschritten und Verweis auf diesen Test anlegen.
- Passwoerter, Tokens, Zahlungsdaten und sonstige Geheimnisse niemals im Klartext speichern; vor dem Anhang maskieren oder schwaerzen."
KAN-855,E8-14 Auflösungsunabhängiges Design erleben – Accessibility und Auflösung,"Abgedeckte Story: KAN-106 – E8-14 Auflösungsunabhängiges Design erleben
Testart: Accessibility und Auflösung
Priorität der Story: High

Ziel
Die Oberfläche ohne Maus und bei anderer Auflösung nutzen

Vorbedingungen
- Die Anwendung ist erreichbar und die erforderlichen Testdaten sind vorbereitet.
- Der Test wird in einer isolierten Umgebung mit nachvollziehbaren Benutzerrollen ausgeführt.

Schritte
1. Nur Tastatur verwenden.
2. Fokusreihenfolge und sichtbaren Fokus prüfen.
3. Screenreader-Struktur und Alternativtexte prüfen.
4. Zoom und hohe Auflösung verwenden.

Erwartetes Ergebnis
Alle Kernaktionen sind erreichbar; Fokus, Kontrast, Semantik und Text-/Bildqualität bleiben erhalten.

Responsive Viewports
- Desktop: 1440 x 900 CSS-Pixel.
- Full HD: 1920 x 1080 CSS-Pixel.
- WQHD: 2560 x 1440 CSS-Pixel.
- Ultrawide: 3440 x 1440 CSS-Pixel.
- 4K: 3840 x 2160 CSS-Pixel.
- Tablet: 768 x 1024 CSS-Pixel.
- Smartphone: 390 x 844 CSS-Pixel.
- Bei UI-Tests jeden definierten Viewport pruefen und je Viewport einen eigenen Screenshot am Testlauf hinterlegen.

Beleg und Nachbereitung
- Fuer jeden einzelnen Testschritt unmittelbar nach der Ausfuehrung einen Screenshot als Anhang am Testlauf hinterlegen.
- Der Screenshot muss die relevante Ausgangslage bzw. Eingabe und das sichtbare Ergebnis des jeweiligen Schrittes nachvollziehbar zeigen.
- Alle Schritte des Tests muessen einen eigenen Nachweis besitzen; bei Eingabeschritten sind Eingabe und anschliessende Reaktion zu dokumentieren.
- PASS nur vergeben, wenn alle Schritte erfolgreich abgeschlossen und fuer alle Schritte Screenshots hinterlegt sind.
- FAIL oder BLOCKED ebenfalls mit Screenshot(s), tatsaechlichem Ergebnis, Datum, Tester und Umgebung dokumentieren; bei FAIL einen Bug mit Reproduktionsschritten und Verweis auf diesen Test anlegen.
- Passwoerter, Tokens, Zahlungsdaten und sonstige Geheimnisse niemals im Klartext speichern; vor dem Anhang maskieren oder schwaerzen."
KAN-856,E9-01 Akzeptanzkriterien vereinheitlichen – Testfall ausführbar,"Abgedeckte Story: KAN-107 – E9-01 Akzeptanzkriterien vereinheitlichen
Testart: Testfall ausführbar
Priorität der Story: High

Ziel
Einen vollständigen Xray-Test ausführen

Vorbedingungen
- Die Anwendung ist erreichbar und die erforderlichen Testdaten sind vorbereitet.
- Der Test wird in einer isolierten Umgebung mit nachvollziehbaren Benutzerrollen ausgeführt.

Schritte
1. Test aus Repository öffnen.
2. Vorbedingungen und Testdaten herstellen.
3. Schritte in Reihenfolge ausführen.
4. Ergebnisse und Beleg speichern.

Erwartetes Ergebnis
Der Test ist ohne Rückfragen ausführbar und Ergebnis sowie Evidenz sind dem Lauf zugeordnet.

Responsive Viewports
- Desktop: 1440 x 900 CSS-Pixel.
- Full HD: 1920 x 1080 CSS-Pixel.
- WQHD: 2560 x 1440 CSS-Pixel.
- Ultrawide: 3440 x 1440 CSS-Pixel.
- 4K: 3840 x 2160 CSS-Pixel.
- Tablet: 768 x 1024 CSS-Pixel.
- Smartphone: 390 x 844 CSS-Pixel.
- Bei UI-Tests jeden definierten Viewport pruefen und je Viewport einen eigenen Screenshot am Testlauf hinterlegen.

Beleg und Nachbereitung
- Fuer jeden einzelnen Testschritt unmittelbar nach der Ausfuehrung einen Screenshot als Anhang am Testlauf hinterlegen.
- Der Screenshot muss die relevante Ausgangslage bzw. Eingabe und das sichtbare Ergebnis des jeweiligen Schrittes nachvollziehbar zeigen.
- Alle Schritte des Tests muessen einen eigenen Nachweis besitzen; bei Eingabeschritten sind Eingabe und anschliessende Reaktion zu dokumentieren.
- PASS nur vergeben, wenn alle Schritte erfolgreich abgeschlossen und fuer alle Schritte Screenshots hinterlegt sind.
- FAIL oder BLOCKED ebenfalls mit Screenshot(s), tatsaechlichem Ergebnis, Datum, Tester und Umgebung dokumentieren; bei FAIL einen Bug mit Reproduktionsschritten und Verweis auf diesen Test anlegen.
- Passwoerter, Tokens, Zahlungsdaten und sonstige Geheimnisse niemals im Klartext speichern; vor dem Anhang maskieren oder schwaerzen."
KAN-857,E9-01 Akzeptanzkriterien vereinheitlichen – Traceability und Abdeckung,"Abgedeckte Story: KAN-107 – E9-01 Akzeptanzkriterien vereinheitlichen
Testart: Traceability und Abdeckung
Priorität der Story: High

Ziel
Story, Test Set und Test Plan nachvollziehen

Vorbedingungen
- Die Anwendung ist erreichbar und die erforderlichen Testdaten sind vorbereitet.
- Der Test wird in einer isolierten Umgebung mit nachvollziehbaren Benutzerrollen ausgeführt.

Schritte
1. Test mit Story verknüpfen.
2. In Test Set und Plan aufnehmen.
3. Execution starten.
4. Coverage und Status prüfen.

Erwartetes Ergebnis
Die Story-Abdeckung ist sichtbar und der Teststatus fließt in Set, Plan und Release-Ansicht ein.

Responsive Viewports
- Desktop: 1440 x 900 CSS-Pixel.
- Full HD: 1920 x 1080 CSS-Pixel.
- WQHD: 2560 x 1440 CSS-Pixel.
- Ultrawide: 3440 x 1440 CSS-Pixel.
- 4K: 3840 x 2160 CSS-Pixel.
- Tablet: 768 x 1024 CSS-Pixel.
- Smartphone: 390 x 844 CSS-Pixel.
- Bei UI-Tests jeden definierten Viewport pruefen und je Viewport einen eigenen Screenshot am Testlauf hinterlegen.

Beleg und Nachbereitung
- Fuer jeden einzelnen Testschritt unmittelbar nach der Ausfuehrung einen Screenshot als Anhang am Testlauf hinterlegen.
- Der Screenshot muss die relevante Ausgangslage bzw. Eingabe und das sichtbare Ergebnis des jeweiligen Schrittes nachvollziehbar zeigen.
- Alle Schritte des Tests muessen einen eigenen Nachweis besitzen; bei Eingabeschritten sind Eingabe und anschliessende Reaktion zu dokumentieren.
- PASS nur vergeben, wenn alle Schritte erfolgreich abgeschlossen und fuer alle Schritte Screenshots hinterlegt sind.
- FAIL oder BLOCKED ebenfalls mit Screenshot(s), tatsaechlichem Ergebnis, Datum, Tester und Umgebung dokumentieren; bei FAIL einen Bug mit Reproduktionsschritten und Verweis auf diesen Test anlegen.
- Passwoerter, Tokens, Zahlungsdaten und sonstige Geheimnisse niemals im Klartext speichern; vor dem Anhang maskieren oder schwaerzen."
KAN-858,E9-01 Akzeptanzkriterien vereinheitlichen – Fehler und Regression,"Abgedeckte Story: KAN-107 – E9-01 Akzeptanzkriterien vereinheitlichen
Testart: Fehler und Regression
Priorität der Story: High

Ziel
Fehlgeschlagenen Test reproduzieren und zurücksetzen

Vorbedingungen
- Die Anwendung ist erreichbar und die erforderlichen Testdaten sind vorbereitet.
- Der Test wird in einer isolierten Umgebung mit nachvollziehbaren Benutzerrollen ausgeführt.

Schritte
1. Negativ- oder Regressionstest ausführen.
2. Fehlschlag mit Kontext dokumentieren.
3. Bug beziehungsweise Abweichung erfassen.
4. Korrektur erneut testen.

Erwartetes Ergebnis
Der Fehler ist reproduzierbar beschrieben; Retest und Regression aktualisieren die Abdeckung korrekt.

Responsive Viewports
- Desktop: 1440 x 900 CSS-Pixel.
- Full HD: 1920 x 1080 CSS-Pixel.
- WQHD: 2560 x 1440 CSS-Pixel.
- Ultrawide: 3440 x 1440 CSS-Pixel.
- 4K: 3840 x 2160 CSS-Pixel.
- Tablet: 768 x 1024 CSS-Pixel.
- Smartphone: 390 x 844 CSS-Pixel.
- Bei UI-Tests jeden definierten Viewport pruefen und je Viewport einen eigenen Screenshot am Testlauf hinterlegen.

Beleg und Nachbereitung
- Fuer jeden einzelnen Testschritt unmittelbar nach der Ausfuehrung einen Screenshot als Anhang am Testlauf hinterlegen.
- Der Screenshot muss die relevante Ausgangslage bzw. Eingabe und das sichtbare Ergebnis des jeweiligen Schrittes nachvollziehbar zeigen.
- Alle Schritte des Tests muessen einen eigenen Nachweis besitzen; bei Eingabeschritten sind Eingabe und anschliessende Reaktion zu dokumentieren.
- PASS nur vergeben, wenn alle Schritte erfolgreich abgeschlossen und fuer alle Schritte Screenshots hinterlegt sind.
- FAIL oder BLOCKED ebenfalls mit Screenshot(s), tatsaechlichem Ergebnis, Datum, Tester und Umgebung dokumentieren; bei FAIL einen Bug mit Reproduktionsschritten und Verweis auf diesen Test anlegen.
- Passwoerter, Tokens, Zahlungsdaten und sonstige Geheimnisse niemals im Klartext speichern; vor dem Anhang maskieren oder schwaerzen."
KAN-859,E9-02 Xray-Testrepository strukturieren – Testfall ausführbar,"Abgedeckte Story: KAN-108 – E9-02 Xray-Testrepository strukturieren
Testart: Testfall ausführbar
Priorität der Story: High

Ziel
Einen vollständigen Xray-Test ausführen

Vorbedingungen
- Die Anwendung ist erreichbar und die erforderlichen Testdaten sind vorbereitet.
- Der Test wird in einer isolierten Umgebung mit nachvollziehbaren Benutzerrollen ausgeführt.

Schritte
1. Test aus Repository öffnen.
2. Vorbedingungen und Testdaten herstellen.
3. Schritte in Reihenfolge ausführen.
4. Ergebnisse und Beleg speichern.

Erwartetes Ergebnis
Der Test ist ohne Rückfragen ausführbar und Ergebnis sowie Evidenz sind dem Lauf zugeordnet.

Responsive Viewports
- Desktop: 1440 x 900 CSS-Pixel.
- Full HD: 1920 x 1080 CSS-Pixel.
- WQHD: 2560 x 1440 CSS-Pixel.
- Ultrawide: 3440 x 1440 CSS-Pixel.
- 4K: 3840 x 2160 CSS-Pixel.
- Tablet: 768 x 1024 CSS-Pixel.
- Smartphone: 390 x 844 CSS-Pixel.
- Bei UI-Tests jeden definierten Viewport pruefen und je Viewport einen eigenen Screenshot am Testlauf hinterlegen.

Beleg und Nachbereitung
- Fuer jeden einzelnen Testschritt unmittelbar nach der Ausfuehrung einen Screenshot als Anhang am Testlauf hinterlegen.
- Der Screenshot muss die relevante Ausgangslage bzw. Eingabe und das sichtbare Ergebnis des jeweiligen Schrittes nachvollziehbar zeigen.
- Alle Schritte des Tests muessen einen eigenen Nachweis besitzen; bei Eingabeschritten sind Eingabe und anschliessende Reaktion zu dokumentieren.
- PASS nur vergeben, wenn alle Schritte erfolgreich abgeschlossen und fuer alle Schritte Screenshots hinterlegt sind.
- FAIL oder BLOCKED ebenfalls mit Screenshot(s), tatsaechlichem Ergebnis, Datum, Tester und Umgebung dokumentieren; bei FAIL einen Bug mit Reproduktionsschritten und Verweis auf diesen Test anlegen.
- Passwoerter, Tokens, Zahlungsdaten und sonstige Geheimnisse niemals im Klartext speichern; vor dem Anhang maskieren oder schwaerzen."
KAN-860,E9-02 Xray-Testrepository strukturieren – Traceability und Abdeckung,"Abgedeckte Story: KAN-108 – E9-02 Xray-Testrepository strukturieren
Testart: Traceability und Abdeckung
Priorität der Story: High

Ziel
Story, Test Set und Test Plan nachvollziehen

Vorbedingungen
- Die Anwendung ist erreichbar und die erforderlichen Testdaten sind vorbereitet.
- Der Test wird in einer isolierten Umgebung mit nachvollziehbaren Benutzerrollen ausgeführt.

Schritte
1. Test mit Story verknüpfen.
2. In Test Set und Plan aufnehmen.
3. Execution starten.
4. Coverage und Status prüfen.

Erwartetes Ergebnis
Die Story-Abdeckung ist sichtbar und der Teststatus fließt in Set, Plan und Release-Ansicht ein.

Responsive Viewports
- Desktop: 1440 x 900 CSS-Pixel.
- Full HD: 1920 x 1080 CSS-Pixel.
- WQHD: 2560 x 1440 CSS-Pixel.
- Ultrawide: 3440 x 1440 CSS-Pixel.
- 4K: 3840 x 2160 CSS-Pixel.
- Tablet: 768 x 1024 CSS-Pixel.
- Smartphone: 390 x 844 CSS-Pixel.
- Bei UI-Tests jeden definierten Viewport pruefen und je Viewport einen eigenen Screenshot am Testlauf hinterlegen.

Beleg und Nachbereitung
- Fuer jeden einzelnen Testschritt unmittelbar nach der Ausfuehrung einen Screenshot als Anhang am Testlauf hinterlegen.
- Der Screenshot muss die relevante Ausgangslage bzw. Eingabe und das sichtbare Ergebnis des jeweiligen Schrittes nachvollziehbar zeigen.
- Alle Schritte des Tests muessen einen eigenen Nachweis besitzen; bei Eingabeschritten sind Eingabe und anschliessende Reaktion zu dokumentieren.
- PASS nur vergeben, wenn alle Schritte erfolgreich abgeschlossen und fuer alle Schritte Screenshots hinterlegt sind.
- FAIL oder BLOCKED ebenfalls mit Screenshot(s), tatsaechlichem Ergebnis, Datum, Tester und Umgebung dokumentieren; bei FAIL einen Bug mit Reproduktionsschritten und Verweis auf diesen Test anlegen.
- Passwoerter, Tokens, Zahlungsdaten und sonstige Geheimnisse niemals im Klartext speichern; vor dem Anhang maskieren oder schwaerzen."
KAN-861,E9-02 Xray-Testrepository strukturieren – Fehler und Regression,"Abgedeckte Story: KAN-108 – E9-02 Xray-Testrepository strukturieren
Testart: Fehler und Regression
Priorität der Story: High

Ziel
Fehlgeschlagenen Test reproduzieren und zurücksetzen

Vorbedingungen
- Die Anwendung ist erreichbar und die erforderlichen Testdaten sind vorbereitet.
- Der Test wird in einer isolierten Umgebung mit nachvollziehbaren Benutzerrollen ausgeführt.

Schritte
1. Negativ- oder Regressionstest ausführen.
2. Fehlschlag mit Kontext dokumentieren.
3. Bug beziehungsweise Abweichung erfassen.
4. Korrektur erneut testen.

Erwartetes Ergebnis
Der Fehler ist reproduzierbar beschrieben; Retest und Regression aktualisieren die Abdeckung korrekt.

Responsive Viewports
- Desktop: 1440 x 900 CSS-Pixel.
- Full HD: 1920 x 1080 CSS-Pixel.
- WQHD: 2560 x 1440 CSS-Pixel.
- Ultrawide: 3440 x 1440 CSS-Pixel.
- 4K: 3840 x 2160 CSS-Pixel.
- Tablet: 768 x 1024 CSS-Pixel.
- Smartphone: 390 x 844 CSS-Pixel.
- Bei UI-Tests jeden definierten Viewport pruefen und je Viewport einen eigenen Screenshot am Testlauf hinterlegen.

Beleg und Nachbereitung
- Fuer jeden einzelnen Testschritt unmittelbar nach der Ausfuehrung einen Screenshot als Anhang am Testlauf hinterlegen.
- Der Screenshot muss die relevante Ausgangslage bzw. Eingabe und das sichtbare Ergebnis des jeweiligen Schrittes nachvollziehbar zeigen.
- Alle Schritte des Tests muessen einen eigenen Nachweis besitzen; bei Eingabeschritten sind Eingabe und anschliessende Reaktion zu dokumentieren.
- PASS nur vergeben, wenn alle Schritte erfolgreich abgeschlossen und fuer alle Schritte Screenshots hinterlegt sind.
- FAIL oder BLOCKED ebenfalls mit Screenshot(s), tatsaechlichem Ergebnis, Datum, Tester und Umgebung dokumentieren; bei FAIL einen Bug mit Reproduktionsschritten und Verweis auf diesen Test anlegen.
- Passwoerter, Tokens, Zahlungsdaten und sonstige Geheimnisse niemals im Klartext speichern; vor dem Anhang maskieren oder schwaerzen."
KAN-862,E9-03 Testfall-Template verwenden – Testfall ausführbar,"Abgedeckte Story: KAN-109 – E9-03 Testfall-Template verwenden
Testart: Testfall ausführbar
Priorität der Story: High

Ziel
Einen vollständigen Xray-Test ausführen

Vorbedingungen
- Die Anwendung ist erreichbar und die erforderlichen Testdaten sind vorbereitet.
- Der Test wird in einer isolierten Umgebung mit nachvollziehbaren Benutzerrollen ausgeführt.

Schritte
1. Test aus Repository öffnen.
2. Vorbedingungen und Testdaten herstellen.
3. Schritte in Reihenfolge ausführen.
4. Ergebnisse und Beleg speichern.

Erwartetes Ergebnis
Der Test ist ohne Rückfragen ausführbar und Ergebnis sowie Evidenz sind dem Lauf zugeordnet.

Responsive Viewports
- Desktop: 1440 x 900 CSS-Pixel.
- Full HD: 1920 x 1080 CSS-Pixel.
- WQHD: 2560 x 1440 CSS-Pixel.
- Ultrawide: 3440 x 1440 CSS-Pixel.
- 4K: 3840 x 2160 CSS-Pixel.
- Tablet: 768 x 1024 CSS-Pixel.
- Smartphone: 390 x 844 CSS-Pixel.
- Bei UI-Tests jeden definierten Viewport pruefen und je Viewport einen eigenen Screenshot am Testlauf hinterlegen.

Beleg und Nachbereitung
- Fuer jeden einzelnen Testschritt unmittelbar nach der Ausfuehrung einen Screenshot als Anhang am Testlauf hinterlegen.
- Der Screenshot muss die relevante Ausgangslage bzw. Eingabe und das sichtbare Ergebnis des jeweiligen Schrittes nachvollziehbar zeigen.
- Alle Schritte des Tests muessen einen eigenen Nachweis besitzen; bei Eingabeschritten sind Eingabe und anschliessende Reaktion zu dokumentieren.
- PASS nur vergeben, wenn alle Schritte erfolgreich abgeschlossen und fuer alle Schritte Screenshots hinterlegt sind.
- FAIL oder BLOCKED ebenfalls mit Screenshot(s), tatsaechlichem Ergebnis, Datum, Tester und Umgebung dokumentieren; bei FAIL einen Bug mit Reproduktionsschritten und Verweis auf diesen Test anlegen.
- Passwoerter, Tokens, Zahlungsdaten und sonstige Geheimnisse niemals im Klartext speichern; vor dem Anhang maskieren oder schwaerzen."
KAN-863,E9-03 Testfall-Template verwenden – Traceability und Abdeckung,"Abgedeckte Story: KAN-109 – E9-03 Testfall-Template verwenden
Testart: Traceability und Abdeckung
Priorität der Story: High

Ziel
Story, Test Set und Test Plan nachvollziehen

Vorbedingungen
- Die Anwendung ist erreichbar und die erforderlichen Testdaten sind vorbereitet.
- Der Test wird in einer isolierten Umgebung mit nachvollziehbaren Benutzerrollen ausgeführt.

Schritte
1. Test mit Story verknüpfen.
2. In Test Set und Plan aufnehmen.
3. Execution starten.
4. Coverage und Status prüfen.

Erwartetes Ergebnis
Die Story-Abdeckung ist sichtbar und der Teststatus fließt in Set, Plan und Release-Ansicht ein.

Responsive Viewports
- Desktop: 1440 x 900 CSS-Pixel.
- Full HD: 1920 x 1080 CSS-Pixel.
- WQHD: 2560 x 1440 CSS-Pixel.
- Ultrawide: 3440 x 1440 CSS-Pixel.
- 4K: 3840 x 2160 CSS-Pixel.
- Tablet: 768 x 1024 CSS-Pixel.
- Smartphone: 390 x 844 CSS-Pixel.
- Bei UI-Tests jeden definierten Viewport pruefen und je Viewport einen eigenen Screenshot am Testlauf hinterlegen.

Beleg und Nachbereitung
- Fuer jeden einzelnen Testschritt unmittelbar nach der Ausfuehrung einen Screenshot als Anhang am Testlauf hinterlegen.
- Der Screenshot muss die relevante Ausgangslage bzw. Eingabe und das sichtbare Ergebnis des jeweiligen Schrittes nachvollziehbar zeigen.
- Alle Schritte des Tests muessen einen eigenen Nachweis besitzen; bei Eingabeschritten sind Eingabe und anschliessende Reaktion zu dokumentieren.
- PASS nur vergeben, wenn alle Schritte erfolgreich abgeschlossen und fuer alle Schritte Screenshots hinterlegt sind.
- FAIL oder BLOCKED ebenfalls mit Screenshot(s), tatsaechlichem Ergebnis, Datum, Tester und Umgebung dokumentieren; bei FAIL einen Bug mit Reproduktionsschritten und Verweis auf diesen Test anlegen.
- Passwoerter, Tokens, Zahlungsdaten und sonstige Geheimnisse niemals im Klartext speichern; vor dem Anhang maskieren oder schwaerzen."
KAN-864,E9-03 Testfall-Template verwenden – Fehler und Regression,"Abgedeckte Story: KAN-109 – E9-03 Testfall-Template verwenden
Testart: Fehler und Regression
Priorität der Story: High

Ziel
Fehlgeschlagenen Test reproduzieren und zurücksetzen

Vorbedingungen
- Die Anwendung ist erreichbar und die erforderlichen Testdaten sind vorbereitet.
- Der Test wird in einer isolierten Umgebung mit nachvollziehbaren Benutzerrollen ausgeführt.

Schritte
1. Negativ- oder Regressionstest ausführen.
2. Fehlschlag mit Kontext dokumentieren.
3. Bug beziehungsweise Abweichung erfassen.
4. Korrektur erneut testen.

Erwartetes Ergebnis
Der Fehler ist reproduzierbar beschrieben; Retest und Regression aktualisieren die Abdeckung korrekt.

Responsive Viewports
- Desktop: 1440 x 900 CSS-Pixel.
- Full HD: 1920 x 1080 CSS-Pixel.
- WQHD: 2560 x 1440 CSS-Pixel.
- Ultrawide: 3440 x 1440 CSS-Pixel.
- 4K: 3840 x 2160 CSS-Pixel.
- Tablet: 768 x 1024 CSS-Pixel.
- Smartphone: 390 x 844 CSS-Pixel.
- Bei UI-Tests jeden definierten Viewport pruefen und je Viewport einen eigenen Screenshot am Testlauf hinterlegen.

Beleg und Nachbereitung
- Fuer jeden einzelnen Testschritt unmittelbar nach der Ausfuehrung einen Screenshot als Anhang am Testlauf hinterlegen.
- Der Screenshot muss die relevante Ausgangslage bzw. Eingabe und das sichtbare Ergebnis des jeweiligen Schrittes nachvollziehbar zeigen.
- Alle Schritte des Tests muessen einen eigenen Nachweis besitzen; bei Eingabeschritten sind Eingabe und anschliessende Reaktion zu dokumentieren.
- PASS nur vergeben, wenn alle Schritte erfolgreich abgeschlossen und fuer alle Schritte Screenshots hinterlegt sind.
- FAIL oder BLOCKED ebenfalls mit Screenshot(s), tatsaechlichem Ergebnis, Datum, Tester und Umgebung dokumentieren; bei FAIL einen Bug mit Reproduktionsschritten und Verweis auf diesen Test anlegen.
- Passwoerter, Tokens, Zahlungsdaten und sonstige Geheimnisse niemals im Klartext speichern; vor dem Anhang maskieren oder schwaerzen."
KAN-865,E9-04 Testvorbedingungen definieren – Testfall ausführbar,"Abgedeckte Story: KAN-110 – E9-04 Testvorbedingungen definieren
Testart: Testfall ausführbar
Priorität der Story: High

Ziel
Einen vollständigen Xray-Test ausführen

Vorbedingungen
- Die Anwendung ist erreichbar und die erforderlichen Testdaten sind vorbereitet.
- Der Test wird in einer isolierten Umgebung mit nachvollziehbaren Benutzerrollen ausgeführt.

Schritte
1. Test aus Repository öffnen.
2. Vorbedingungen und Testdaten herstellen.
3. Schritte in Reihenfolge ausführen.
4. Ergebnisse und Beleg speichern.

Erwartetes Ergebnis
Der Test ist ohne Rückfragen ausführbar und Ergebnis sowie Evidenz sind dem Lauf zugeordnet.

Responsive Viewports
- Desktop: 1440 x 900 CSS-Pixel.
- Full HD: 1920 x 1080 CSS-Pixel.
- WQHD: 2560 x 1440 CSS-Pixel.
- Ultrawide: 3440 x 1440 CSS-Pixel.
- 4K: 3840 x 2160 CSS-Pixel.
- Tablet: 768 x 1024 CSS-Pixel.
- Smartphone: 390 x 844 CSS-Pixel.
- Bei UI-Tests jeden definierten Viewport pruefen und je Viewport einen eigenen Screenshot am Testlauf hinterlegen.

Beleg und Nachbereitung
- Fuer jeden einzelnen Testschritt unmittelbar nach der Ausfuehrung einen Screenshot als Anhang am Testlauf hinterlegen.
- Der Screenshot muss die relevante Ausgangslage bzw. Eingabe und das sichtbare Ergebnis des jeweiligen Schrittes nachvollziehbar zeigen.
- Alle Schritte des Tests muessen einen eigenen Nachweis besitzen; bei Eingabeschritten sind Eingabe und anschliessende Reaktion zu dokumentieren.
- PASS nur vergeben, wenn alle Schritte erfolgreich abgeschlossen und fuer alle Schritte Screenshots hinterlegt sind.
- FAIL oder BLOCKED ebenfalls mit Screenshot(s), tatsaechlichem Ergebnis, Datum, Tester und Umgebung dokumentieren; bei FAIL einen Bug mit Reproduktionsschritten und Verweis auf diesen Test anlegen.
- Passwoerter, Tokens, Zahlungsdaten und sonstige Geheimnisse niemals im Klartext speichern; vor dem Anhang maskieren oder schwaerzen."
KAN-866,E9-04 Testvorbedingungen definieren – Traceability und Abdeckung,"Abgedeckte Story: KAN-110 – E9-04 Testvorbedingungen definieren
Testart: Traceability und Abdeckung
Priorität der Story: High

Ziel
Story, Test Set und Test Plan nachvollziehen

Vorbedingungen
- Die Anwendung ist erreichbar und die erforderlichen Testdaten sind vorbereitet.
- Der Test wird in einer isolierten Umgebung mit nachvollziehbaren Benutzerrollen ausgeführt.

Schritte
1. Test mit Story verknüpfen.
2. In Test Set und Plan aufnehmen.
3. Execution starten.
4. Coverage und Status prüfen.

Erwartetes Ergebnis
Die Story-Abdeckung ist sichtbar und der Teststatus fließt in Set, Plan und Release-Ansicht ein.

Responsive Viewports
- Desktop: 1440 x 900 CSS-Pixel.
- Full HD: 1920 x 1080 CSS-Pixel.
- WQHD: 2560 x 1440 CSS-Pixel.
- Ultrawide: 3440 x 1440 CSS-Pixel.
- 4K: 3840 x 2160 CSS-Pixel.
- Tablet: 768 x 1024 CSS-Pixel.
- Smartphone: 390 x 844 CSS-Pixel.
- Bei UI-Tests jeden definierten Viewport pruefen und je Viewport einen eigenen Screenshot am Testlauf hinterlegen.

Beleg und Nachbereitung
- Fuer jeden einzelnen Testschritt unmittelbar nach der Ausfuehrung einen Screenshot als Anhang am Testlauf hinterlegen.
- Der Screenshot muss die relevante Ausgangslage bzw. Eingabe und das sichtbare Ergebnis des jeweiligen Schrittes nachvollziehbar zeigen.
- Alle Schritte des Tests muessen einen eigenen Nachweis besitzen; bei Eingabeschritten sind Eingabe und anschliessende Reaktion zu dokumentieren.
- PASS nur vergeben, wenn alle Schritte erfolgreich abgeschlossen und fuer alle Schritte Screenshots hinterlegt sind.
- FAIL oder BLOCKED ebenfalls mit Screenshot(s), tatsaechlichem Ergebnis, Datum, Tester und Umgebung dokumentieren; bei FAIL einen Bug mit Reproduktionsschritten und Verweis auf diesen Test anlegen.
- Passwoerter, Tokens, Zahlungsdaten und sonstige Geheimnisse niemals im Klartext speichern; vor dem Anhang maskieren oder schwaerzen."
KAN-867,E9-04 Testvorbedingungen definieren – Fehler und Regression,"Abgedeckte Story: KAN-110 – E9-04 Testvorbedingungen definieren
Testart: Fehler und Regression
Priorität der Story: High

Ziel
Fehlgeschlagenen Test reproduzieren und zurücksetzen

Vorbedingungen
- Die Anwendung ist erreichbar und die erforderlichen Testdaten sind vorbereitet.
- Der Test wird in einer isolierten Umgebung mit nachvollziehbaren Benutzerrollen ausgeführt.

Schritte
1. Negativ- oder Regressionstest ausführen.
2. Fehlschlag mit Kontext dokumentieren.
3. Bug beziehungsweise Abweichung erfassen.
4. Korrektur erneut testen.

Erwartetes Ergebnis
Der Fehler ist reproduzierbar beschrieben; Retest und Regression aktualisieren die Abdeckung korrekt.

Responsive Viewports
- Desktop: 1440 x 900 CSS-Pixel.
- Full HD: 1920 x 1080 CSS-Pixel.
- WQHD: 2560 x 1440 CSS-Pixel.
- Ultrawide: 3440 x 1440 CSS-Pixel.
- 4K: 3840 x 2160 CSS-Pixel.
- Tablet: 768 x 1024 CSS-Pixel.
- Smartphone: 390 x 844 CSS-Pixel.
- Bei UI-Tests jeden definierten Viewport pruefen und je Viewport einen eigenen Screenshot am Testlauf hinterlegen.

Beleg und Nachbereitung
- Fuer jeden einzelnen Testschritt unmittelbar nach der Ausfuehrung einen Screenshot als Anhang am Testlauf hinterlegen.
- Der Screenshot muss die relevante Ausgangslage bzw. Eingabe und das sichtbare Ergebnis des jeweiligen Schrittes nachvollziehbar zeigen.
- Alle Schritte des Tests muessen einen eigenen Nachweis besitzen; bei Eingabeschritten sind Eingabe und anschliessende Reaktion zu dokumentieren.
- PASS nur vergeben, wenn alle Schritte erfolgreich abgeschlossen und fuer alle Schritte Screenshots hinterlegt sind.
- FAIL oder BLOCKED ebenfalls mit Screenshot(s), tatsaechlichem Ergebnis, Datum, Tester und Umgebung dokumentieren; bei FAIL einen Bug mit Reproduktionsschritten und Verweis auf diesen Test anlegen.
- Passwoerter, Tokens, Zahlungsdaten und sonstige Geheimnisse niemals im Klartext speichern; vor dem Anhang maskieren oder schwaerzen."
KAN-868,E9-05 Tests zu Test Sets bündeln – Testfall ausführbar,"Abgedeckte Story: KAN-111 – E9-05 Tests zu Test Sets bündeln
Testart: Testfall ausführbar
Priorität der Story: High

Ziel
Einen vollständigen Xray-Test ausführen

Vorbedingungen
- Die Anwendung ist erreichbar und die erforderlichen Testdaten sind vorbereitet.
- Der Test wird in einer isolierten Umgebung mit nachvollziehbaren Benutzerrollen ausgeführt.

Schritte
1. Test aus Repository öffnen.
2. Vorbedingungen und Testdaten herstellen.
3. Schritte in Reihenfolge ausführen.
4. Ergebnisse und Beleg speichern.

Erwartetes Ergebnis
Der Test ist ohne Rückfragen ausführbar und Ergebnis sowie Evidenz sind dem Lauf zugeordnet.

Responsive Viewports
- Desktop: 1440 x 900 CSS-Pixel.
- Full HD: 1920 x 1080 CSS-Pixel.
- WQHD: 2560 x 1440 CSS-Pixel.
- Ultrawide: 3440 x 1440 CSS-Pixel.
- 4K: 3840 x 2160 CSS-Pixel.
- Tablet: 768 x 1024 CSS-Pixel.
- Smartphone: 390 x 844 CSS-Pixel.
- Bei UI-Tests jeden definierten Viewport pruefen und je Viewport einen eigenen Screenshot am Testlauf hinterlegen.

Beleg und Nachbereitung
- Fuer jeden einzelnen Testschritt unmittelbar nach der Ausfuehrung einen Screenshot als Anhang am Testlauf hinterlegen.
- Der Screenshot muss die relevante Ausgangslage bzw. Eingabe und das sichtbare Ergebnis des jeweiligen Schrittes nachvollziehbar zeigen.
- Alle Schritte des Tests muessen einen eigenen Nachweis besitzen; bei Eingabeschritten sind Eingabe und anschliessende Reaktion zu dokumentieren.
- PASS nur vergeben, wenn alle Schritte erfolgreich abgeschlossen und fuer alle Schritte Screenshots hinterlegt sind.
- FAIL oder BLOCKED ebenfalls mit Screenshot(s), tatsaechlichem Ergebnis, Datum, Tester und Umgebung dokumentieren; bei FAIL einen Bug mit Reproduktionsschritten und Verweis auf diesen Test anlegen.
- Passwoerter, Tokens, Zahlungsdaten und sonstige Geheimnisse niemals im Klartext speichern; vor dem Anhang maskieren oder schwaerzen."
KAN-869,E9-05 Tests zu Test Sets bündeln – Traceability und Abdeckung,"Abgedeckte Story: KAN-111 – E9-05 Tests zu Test Sets bündeln
Testart: Traceability und Abdeckung
Priorität der Story: High

Ziel
Story, Test Set und Test Plan nachvollziehen

Vorbedingungen
- Die Anwendung ist erreichbar und die erforderlichen Testdaten sind vorbereitet.
- Der Test wird in einer isolierten Umgebung mit nachvollziehbaren Benutzerrollen ausgeführt.

Schritte
1. Test mit Story verknüpfen.
2. In Test Set und Plan aufnehmen.
3. Execution starten.
4. Coverage und Status prüfen.

Erwartetes Ergebnis
Die Story-Abdeckung ist sichtbar und der Teststatus fließt in Set, Plan und Release-Ansicht ein.

Responsive Viewports
- Desktop: 1440 x 900 CSS-Pixel.
- Full HD: 1920 x 1080 CSS-Pixel.
- WQHD: 2560 x 1440 CSS-Pixel.
- Ultrawide: 3440 x 1440 CSS-Pixel.
- 4K: 3840 x 2160 CSS-Pixel.
- Tablet: 768 x 1024 CSS-Pixel.
- Smartphone: 390 x 844 CSS-Pixel.
- Bei UI-Tests jeden definierten Viewport pruefen und je Viewport einen eigenen Screenshot am Testlauf hinterlegen.

Beleg und Nachbereitung
- Fuer jeden einzelnen Testschritt unmittelbar nach der Ausfuehrung einen Screenshot als Anhang am Testlauf hinterlegen.
- Der Screenshot muss die relevante Ausgangslage bzw. Eingabe und das sichtbare Ergebnis des jeweiligen Schrittes nachvollziehbar zeigen.
- Alle Schritte des Tests muessen einen eigenen Nachweis besitzen; bei Eingabeschritten sind Eingabe und anschliessende Reaktion zu dokumentieren.
- PASS nur vergeben, wenn alle Schritte erfolgreich abgeschlossen und fuer alle Schritte Screenshots hinterlegt sind.
- FAIL oder BLOCKED ebenfalls mit Screenshot(s), tatsaechlichem Ergebnis, Datum, Tester und Umgebung dokumentieren; bei FAIL einen Bug mit Reproduktionsschritten und Verweis auf diesen Test anlegen.
- Passwoerter, Tokens, Zahlungsdaten und sonstige Geheimnisse niemals im Klartext speichern; vor dem Anhang maskieren oder schwaerzen."
KAN-870,E9-05 Tests zu Test Sets bündeln – Fehler und Regression,"Abgedeckte Story: KAN-111 – E9-05 Tests zu Test Sets bündeln
Testart: Fehler und Regression
Priorität der Story: High

Ziel
Fehlgeschlagenen Test reproduzieren und zurücksetzen

Vorbedingungen
- Die Anwendung ist erreichbar und die erforderlichen Testdaten sind vorbereitet.
- Der Test wird in einer isolierten Umgebung mit nachvollziehbaren Benutzerrollen ausgeführt.

Schritte
1. Negativ- oder Regressionstest ausführen.
2. Fehlschlag mit Kontext dokumentieren.
3. Bug beziehungsweise Abweichung erfassen.
4. Korrektur erneut testen.

Erwartetes Ergebnis
Der Fehler ist reproduzierbar beschrieben; Retest und Regression aktualisieren die Abdeckung korrekt.

Responsive Viewports
- Desktop: 1440 x 900 CSS-Pixel.
- Full HD: 1920 x 1080 CSS-Pixel.
- WQHD: 2560 x 1440 CSS-Pixel.
- Ultrawide: 3440 x 1440 CSS-Pixel.
- 4K: 3840 x 2160 CSS-Pixel.
- Tablet: 768 x 1024 CSS-Pixel.
- Smartphone: 390 x 844 CSS-Pixel.
- Bei UI-Tests jeden definierten Viewport pruefen und je Viewport einen eigenen Screenshot am Testlauf hinterlegen.

Beleg und Nachbereitung
- Fuer jeden einzelnen Testschritt unmittelbar nach der Ausfuehrung einen Screenshot als Anhang am Testlauf hinterlegen.
- Der Screenshot muss die relevante Ausgangslage bzw. Eingabe und das sichtbare Ergebnis des jeweiligen Schrittes nachvollziehbar zeigen.
- Alle Schritte des Tests muessen einen eigenen Nachweis besitzen; bei Eingabeschritten sind Eingabe und anschliessende Reaktion zu dokumentieren.
- PASS nur vergeben, wenn alle Schritte erfolgreich abgeschlossen und fuer alle Schritte Screenshots hinterlegt sind.
- FAIL oder BLOCKED ebenfalls mit Screenshot(s), tatsaechlichem Ergebnis, Datum, Tester und Umgebung dokumentieren; bei FAIL einen Bug mit Reproduktionsschritten und Verweis auf diesen Test anlegen.
- Passwoerter, Tokens, Zahlungsdaten und sonstige Geheimnisse niemals im Klartext speichern; vor dem Anhang maskieren oder schwaerzen."
KAN-871,E9-06 Testpläne für Releases erstellen – Testfall ausführbar,"Abgedeckte Story: KAN-112 – E9-06 Testpläne für Releases erstellen
Testart: Testfall ausführbar
Priorität der Story: High

Ziel
Einen vollständigen Xray-Test ausführen

Vorbedingungen
- Die Anwendung ist erreichbar und die erforderlichen Testdaten sind vorbereitet.
- Der Test wird in einer isolierten Umgebung mit nachvollziehbaren Benutzerrollen ausgeführt.

Schritte
1. Test aus Repository öffnen.
2. Vorbedingungen und Testdaten herstellen.
3. Schritte in Reihenfolge ausführen.
4. Ergebnisse und Beleg speichern.

Erwartetes Ergebnis
Der Test ist ohne Rückfragen ausführbar und Ergebnis sowie Evidenz sind dem Lauf zugeordnet.

Responsive Viewports
- Desktop: 1440 x 900 CSS-Pixel.
- Full HD: 1920 x 1080 CSS-Pixel.
- WQHD: 2560 x 1440 CSS-Pixel.
- Ultrawide: 3440 x 1440 CSS-Pixel.
- 4K: 3840 x 2160 CSS-Pixel.
- Tablet: 768 x 1024 CSS-Pixel.
- Smartphone: 390 x 844 CSS-Pixel.
- Bei UI-Tests jeden definierten Viewport pruefen und je Viewport einen eigenen Screenshot am Testlauf hinterlegen.

Beleg und Nachbereitung
- Fuer jeden einzelnen Testschritt unmittelbar nach der Ausfuehrung einen Screenshot als Anhang am Testlauf hinterlegen.
- Der Screenshot muss die relevante Ausgangslage bzw. Eingabe und das sichtbare Ergebnis des jeweiligen Schrittes nachvollziehbar zeigen.
- Alle Schritte des Tests muessen einen eigenen Nachweis besitzen; bei Eingabeschritten sind Eingabe und anschliessende Reaktion zu dokumentieren.
- PASS nur vergeben, wenn alle Schritte erfolgreich abgeschlossen und fuer alle Schritte Screenshots hinterlegt sind.
- FAIL oder BLOCKED ebenfalls mit Screenshot(s), tatsaechlichem Ergebnis, Datum, Tester und Umgebung dokumentieren; bei FAIL einen Bug mit Reproduktionsschritten und Verweis auf diesen Test anlegen.
- Passwoerter, Tokens, Zahlungsdaten und sonstige Geheimnisse niemals im Klartext speichern; vor dem Anhang maskieren oder schwaerzen."
KAN-872,E9-06 Testpläne für Releases erstellen – Traceability und Abdeckung,"Abgedeckte Story: KAN-112 – E9-06 Testpläne für Releases erstellen
Testart: Traceability und Abdeckung
Priorität der Story: High

Ziel
Story, Test Set und Test Plan nachvollziehen

Vorbedingungen
- Die Anwendung ist erreichbar und die erforderlichen Testdaten sind vorbereitet.
- Der Test wird in einer isolierten Umgebung mit nachvollziehbaren Benutzerrollen ausgeführt.

Schritte
1. Test mit Story verknüpfen.
2. In Test Set und Plan aufnehmen.
3. Execution starten.
4. Coverage und Status prüfen.

Erwartetes Ergebnis
Die Story-Abdeckung ist sichtbar und der Teststatus fließt in Set, Plan und Release-Ansicht ein.

Responsive Viewports
- Desktop: 1440 x 900 CSS-Pixel.
- Full HD: 1920 x 1080 CSS-Pixel.
- WQHD: 2560 x 1440 CSS-Pixel.
- Ultrawide: 3440 x 1440 CSS-Pixel.
- 4K: 3840 x 2160 CSS-Pixel.
- Tablet: 768 x 1024 CSS-Pixel.
- Smartphone: 390 x 844 CSS-Pixel.
- Bei UI-Tests jeden definierten Viewport pruefen und je Viewport einen eigenen Screenshot am Testlauf hinterlegen.

Beleg und Nachbereitung
- Fuer jeden einzelnen Testschritt unmittelbar nach der Ausfuehrung einen Screenshot als Anhang am Testlauf hinterlegen.
- Der Screenshot muss die relevante Ausgangslage bzw. Eingabe und das sichtbare Ergebnis des jeweiligen Schrittes nachvollziehbar zeigen.
- Alle Schritte des Tests muessen einen eigenen Nachweis besitzen; bei Eingabeschritten sind Eingabe und anschliessende Reaktion zu dokumentieren.
- PASS nur vergeben, wenn alle Schritte erfolgreich abgeschlossen und fuer alle Schritte Screenshots hinterlegt sind.
- FAIL oder BLOCKED ebenfalls mit Screenshot(s), tatsaechlichem Ergebnis, Datum, Tester und Umgebung dokumentieren; bei FAIL einen Bug mit Reproduktionsschritten und Verweis auf diesen Test anlegen.
- Passwoerter, Tokens, Zahlungsdaten und sonstige Geheimnisse niemals im Klartext speichern; vor dem Anhang maskieren oder schwaerzen."
KAN-873,E9-06 Testpläne für Releases erstellen – Fehler und Regression,"Abgedeckte Story: KAN-112 – E9-06 Testpläne für Releases erstellen
Testart: Fehler und Regression
Priorität der Story: High

Ziel
Fehlgeschlagenen Test reproduzieren und zurücksetzen

Vorbedingungen
- Die Anwendung ist erreichbar und die erforderlichen Testdaten sind vorbereitet.
- Der Test wird in einer isolierten Umgebung mit nachvollziehbaren Benutzerrollen ausgeführt.

Schritte
1. Negativ- oder Regressionstest ausführen.
2. Fehlschlag mit Kontext dokumentieren.
3. Bug beziehungsweise Abweichung erfassen.
4. Korrektur erneut testen.

Erwartetes Ergebnis
Der Fehler ist reproduzierbar beschrieben; Retest und Regression aktualisieren die Abdeckung korrekt.

Responsive Viewports
- Desktop: 1440 x 900 CSS-Pixel.
- Full HD: 1920 x 1080 CSS-Pixel.
- WQHD: 2560 x 1440 CSS-Pixel.
- Ultrawide: 3440 x 1440 CSS-Pixel.
- 4K: 3840 x 2160 CSS-Pixel.
- Tablet: 768 x 1024 CSS-Pixel.
- Smartphone: 390 x 844 CSS-Pixel.
- Bei UI-Tests jeden definierten Viewport pruefen und je Viewport einen eigenen Screenshot am Testlauf hinterlegen.

Beleg und Nachbereitung
- Fuer jeden einzelnen Testschritt unmittelbar nach der Ausfuehrung einen Screenshot als Anhang am Testlauf hinterlegen.
- Der Screenshot muss die relevante Ausgangslage bzw. Eingabe und das sichtbare Ergebnis des jeweiligen Schrittes nachvollziehbar zeigen.
- Alle Schritte des Tests muessen einen eigenen Nachweis besitzen; bei Eingabeschritten sind Eingabe und anschliessende Reaktion zu dokumentieren.
- PASS nur vergeben, wenn alle Schritte erfolgreich abgeschlossen und fuer alle Schritte Screenshots hinterlegt sind.
- FAIL oder BLOCKED ebenfalls mit Screenshot(s), tatsaechlichem Ergebnis, Datum, Tester und Umgebung dokumentieren; bei FAIL einen Bug mit Reproduktionsschritten und Verweis auf diesen Test anlegen.
- Passwoerter, Tokens, Zahlungsdaten und sonstige Geheimnisse niemals im Klartext speichern; vor dem Anhang maskieren oder schwaerzen."
KAN-874,E9-07 Testausführungen starten – Testfall ausführbar,"Abgedeckte Story: KAN-113 – E9-07 Testausführungen starten
Testart: Testfall ausführbar
Priorität der Story: High

Ziel
Einen vollständigen Xray-Test ausführen

Vorbedingungen
- Die Anwendung ist erreichbar und die erforderlichen Testdaten sind vorbereitet.
- Der Test wird in einer isolierten Umgebung mit nachvollziehbaren Benutzerrollen ausgeführt.

Schritte
1. Test aus Repository öffnen.
2. Vorbedingungen und Testdaten herstellen.
3. Schritte in Reihenfolge ausführen.
4. Ergebnisse und Beleg speichern.

Erwartetes Ergebnis
Der Test ist ohne Rückfragen ausführbar und Ergebnis sowie Evidenz sind dem Lauf zugeordnet.

Responsive Viewports
- Desktop: 1440 x 900 CSS-Pixel.
- Full HD: 1920 x 1080 CSS-Pixel.
- WQHD: 2560 x 1440 CSS-Pixel.
- Ultrawide: 3440 x 1440 CSS-Pixel.
- 4K: 3840 x 2160 CSS-Pixel.
- Tablet: 768 x 1024 CSS-Pixel.
- Smartphone: 390 x 844 CSS-Pixel.
- Bei UI-Tests jeden definierten Viewport pruefen und je Viewport einen eigenen Screenshot am Testlauf hinterlegen.

Beleg und Nachbereitung
- Fuer jeden einzelnen Testschritt unmittelbar nach der Ausfuehrung einen Screenshot als Anhang am Testlauf hinterlegen.
- Der Screenshot muss die relevante Ausgangslage bzw. Eingabe und das sichtbare Ergebnis des jeweiligen Schrittes nachvollziehbar zeigen.
- Alle Schritte des Tests muessen einen eigenen Nachweis besitzen; bei Eingabeschritten sind Eingabe und anschliessende Reaktion zu dokumentieren.
- PASS nur vergeben, wenn alle Schritte erfolgreich abgeschlossen und fuer alle Schritte Screenshots hinterlegt sind.
- FAIL oder BLOCKED ebenfalls mit Screenshot(s), tatsaechlichem Ergebnis, Datum, Tester und Umgebung dokumentieren; bei FAIL einen Bug mit Reproduktionsschritten und Verweis auf diesen Test anlegen.
- Passwoerter, Tokens, Zahlungsdaten und sonstige Geheimnisse niemals im Klartext speichern; vor dem Anhang maskieren oder schwaerzen."
KAN-875,E9-07 Testausführungen starten – Traceability und Abdeckung,"Abgedeckte Story: KAN-113 – E9-07 Testausführungen starten
Testart: Traceability und Abdeckung
Priorität der Story: High

Ziel
Story, Test Set und Test Plan nachvollziehen

Vorbedingungen
- Die Anwendung ist erreichbar und die erforderlichen Testdaten sind vorbereitet.
- Der Test wird in einer isolierten Umgebung mit nachvollziehbaren Benutzerrollen ausgeführt.

Schritte
1. Test mit Story verknüpfen.
2. In Test Set und Plan aufnehmen.
3. Execution starten.
4. Coverage und Status prüfen.

Erwartetes Ergebnis
Die Story-Abdeckung ist sichtbar und der Teststatus fließt in Set, Plan und Release-Ansicht ein.

Responsive Viewports
- Desktop: 1440 x 900 CSS-Pixel.
- Full HD: 1920 x 1080 CSS-Pixel.
- WQHD: 2560 x 1440 CSS-Pixel.
- Ultrawide: 3440 x 1440 CSS-Pixel.
- 4K: 3840 x 2160 CSS-Pixel.
- Tablet: 768 x 1024 CSS-Pixel.
- Smartphone: 390 x 844 CSS-Pixel.
- Bei UI-Tests jeden definierten Viewport pruefen und je Viewport einen eigenen Screenshot am Testlauf hinterlegen.

Beleg und Nachbereitung
- Fuer jeden einzelnen Testschritt unmittelbar nach der Ausfuehrung einen Screenshot als Anhang am Testlauf hinterlegen.
- Der Screenshot muss die relevante Ausgangslage bzw. Eingabe und das sichtbare Ergebnis des jeweiligen Schrittes nachvollziehbar zeigen.
- Alle Schritte des Tests muessen einen eigenen Nachweis besitzen; bei Eingabeschritten sind Eingabe und anschliessende Reaktion zu dokumentieren.
- PASS nur vergeben, wenn alle Schritte erfolgreich abgeschlossen und fuer alle Schritte Screenshots hinterlegt sind.
- FAIL oder BLOCKED ebenfalls mit Screenshot(s), tatsaechlichem Ergebnis, Datum, Tester und Umgebung dokumentieren; bei FAIL einen Bug mit Reproduktionsschritten und Verweis auf diesen Test anlegen.
- Passwoerter, Tokens, Zahlungsdaten und sonstige Geheimnisse niemals im Klartext speichern; vor dem Anhang maskieren oder schwaerzen."
KAN-876,E9-07 Testausführungen starten – Fehler und Regression,"Abgedeckte Story: KAN-113 – E9-07 Testausführungen starten
Testart: Fehler und Regression
Priorität der Story: High

Ziel
Fehlgeschlagenen Test reproduzieren und zurücksetzen

Vorbedingungen
- Die Anwendung ist erreichbar und die erforderlichen Testdaten sind vorbereitet.
- Der Test wird in einer isolierten Umgebung mit nachvollziehbaren Benutzerrollen ausgeführt.

Schritte
1. Negativ- oder Regressionstest ausführen.
2. Fehlschlag mit Kontext dokumentieren.
3. Bug beziehungsweise Abweichung erfassen.
4. Korrektur erneut testen.

Erwartetes Ergebnis
Der Fehler ist reproduzierbar beschrieben; Retest und Regression aktualisieren die Abdeckung korrekt.

Responsive Viewports
- Desktop: 1440 x 900 CSS-Pixel.
- Full HD: 1920 x 1080 CSS-Pixel.
- WQHD: 2560 x 1440 CSS-Pixel.
- Ultrawide: 3440 x 1440 CSS-Pixel.
- 4K: 3840 x 2160 CSS-Pixel.
- Tablet: 768 x 1024 CSS-Pixel.
- Smartphone: 390 x 844 CSS-Pixel.
- Bei UI-Tests jeden definierten Viewport pruefen und je Viewport einen eigenen Screenshot am Testlauf hinterlegen.

Beleg und Nachbereitung
- Fuer jeden einzelnen Testschritt unmittelbar nach der Ausfuehrung einen Screenshot als Anhang am Testlauf hinterlegen.
- Der Screenshot muss die relevante Ausgangslage bzw. Eingabe und das sichtbare Ergebnis des jeweiligen Schrittes nachvollziehbar zeigen.
- Alle Schritte des Tests muessen einen eigenen Nachweis besitzen; bei Eingabeschritten sind Eingabe und anschliessende Reaktion zu dokumentieren.
- PASS nur vergeben, wenn alle Schritte erfolgreich abgeschlossen und fuer alle Schritte Screenshots hinterlegt sind.
- FAIL oder BLOCKED ebenfalls mit Screenshot(s), tatsaechlichem Ergebnis, Datum, Tester und Umgebung dokumentieren; bei FAIL einen Bug mit Reproduktionsschritten und Verweis auf diesen Test anlegen.
- Passwoerter, Tokens, Zahlungsdaten und sonstige Geheimnisse niemals im Klartext speichern; vor dem Anhang maskieren oder schwaerzen."
KAN-877,E9-08 Tests mit Stories verknüpfen – Testfall ausführbar,"Abgedeckte Story: KAN-114 – E9-08 Tests mit Stories verknüpfen
Testart: Testfall ausführbar
Priorität der Story: High

Ziel
Einen vollständigen Xray-Test ausführen

Vorbedingungen
- Die Anwendung ist erreichbar und die erforderlichen Testdaten sind vorbereitet.
- Der Test wird in einer isolierten Umgebung mit nachvollziehbaren Benutzerrollen ausgeführt.

Schritte
1. Test aus Repository öffnen.
2. Vorbedingungen und Testdaten herstellen.
3. Schritte in Reihenfolge ausführen.
4. Ergebnisse und Beleg speichern.

Erwartetes Ergebnis
Der Test ist ohne Rückfragen ausführbar und Ergebnis sowie Evidenz sind dem Lauf zugeordnet.

Responsive Viewports
- Desktop: 1440 x 900 CSS-Pixel.
- Full HD: 1920 x 1080 CSS-Pixel.
- WQHD: 2560 x 1440 CSS-Pixel.
- Ultrawide: 3440 x 1440 CSS-Pixel.
- 4K: 3840 x 2160 CSS-Pixel.
- Tablet: 768 x 1024 CSS-Pixel.
- Smartphone: 390 x 844 CSS-Pixel.
- Bei UI-Tests jeden definierten Viewport pruefen und je Viewport einen eigenen Screenshot am Testlauf hinterlegen.

Beleg und Nachbereitung
- Fuer jeden einzelnen Testschritt unmittelbar nach der Ausfuehrung einen Screenshot als Anhang am Testlauf hinterlegen.
- Der Screenshot muss die relevante Ausgangslage bzw. Eingabe und das sichtbare Ergebnis des jeweiligen Schrittes nachvollziehbar zeigen.
- Alle Schritte des Tests muessen einen eigenen Nachweis besitzen; bei Eingabeschritten sind Eingabe und anschliessende Reaktion zu dokumentieren.
- PASS nur vergeben, wenn alle Schritte erfolgreich abgeschlossen und fuer alle Schritte Screenshots hinterlegt sind.
- FAIL oder BLOCKED ebenfalls mit Screenshot(s), tatsaechlichem Ergebnis, Datum, Tester und Umgebung dokumentieren; bei FAIL einen Bug mit Reproduktionsschritten und Verweis auf diesen Test anlegen.
- Passwoerter, Tokens, Zahlungsdaten und sonstige Geheimnisse niemals im Klartext speichern; vor dem Anhang maskieren oder schwaerzen."
KAN-878,E9-08 Tests mit Stories verknüpfen – Traceability und Abdeckung,"Abgedeckte Story: KAN-114 – E9-08 Tests mit Stories verknüpfen
Testart: Traceability und Abdeckung
Priorität der Story: High

Ziel
Story, Test Set und Test Plan nachvollziehen

Vorbedingungen
- Die Anwendung ist erreichbar und die erforderlichen Testdaten sind vorbereitet.
- Der Test wird in einer isolierten Umgebung mit nachvollziehbaren Benutzerrollen ausgeführt.

Schritte
1. Test mit Story verknüpfen.
2. In Test Set und Plan aufnehmen.
3. Execution starten.
4. Coverage und Status prüfen.

Erwartetes Ergebnis
Die Story-Abdeckung ist sichtbar und der Teststatus fließt in Set, Plan und Release-Ansicht ein.

Responsive Viewports
- Desktop: 1440 x 900 CSS-Pixel.
- Full HD: 1920 x 1080 CSS-Pixel.
- WQHD: 2560 x 1440 CSS-Pixel.
- Ultrawide: 3440 x 1440 CSS-Pixel.
- 4K: 3840 x 2160 CSS-Pixel.
- Tablet: 768 x 1024 CSS-Pixel.
- Smartphone: 390 x 844 CSS-Pixel.
- Bei UI-Tests jeden definierten Viewport pruefen und je Viewport einen eigenen Screenshot am Testlauf hinterlegen.

Beleg und Nachbereitung
- Fuer jeden einzelnen Testschritt unmittelbar nach der Ausfuehrung einen Screenshot als Anhang am Testlauf hinterlegen.
- Der Screenshot muss die relevante Ausgangslage bzw. Eingabe und das sichtbare Ergebnis des jeweiligen Schrittes nachvollziehbar zeigen.
- Alle Schritte des Tests muessen einen eigenen Nachweis besitzen; bei Eingabeschritten sind Eingabe und anschliessende Reaktion zu dokumentieren.
- PASS nur vergeben, wenn alle Schritte erfolgreich abgeschlossen und fuer alle Schritte Screenshots hinterlegt sind.
- FAIL oder BLOCKED ebenfalls mit Screenshot(s), tatsaechlichem Ergebnis, Datum, Tester und Umgebung dokumentieren; bei FAIL einen Bug mit Reproduktionsschritten und Verweis auf diesen Test anlegen.
- Passwoerter, Tokens, Zahlungsdaten und sonstige Geheimnisse niemals im Klartext speichern; vor dem Anhang maskieren oder schwaerzen."
KAN-879,E9-08 Tests mit Stories verknüpfen – Fehler und Regression,"Abgedeckte Story: KAN-114 – E9-08 Tests mit Stories verknüpfen
Testart: Fehler und Regression
Priorität der Story: High

Ziel
Fehlgeschlagenen Test reproduzieren und zurücksetzen

Vorbedingungen
- Die Anwendung ist erreichbar und die erforderlichen Testdaten sind vorbereitet.
- Der Test wird in einer isolierten Umgebung mit nachvollziehbaren Benutzerrollen ausgeführt.

Schritte
1. Negativ- oder Regressionstest ausführen.
2. Fehlschlag mit Kontext dokumentieren.
3. Bug beziehungsweise Abweichung erfassen.
4. Korrektur erneut testen.

Erwartetes Ergebnis
Der Fehler ist reproduzierbar beschrieben; Retest und Regression aktualisieren die Abdeckung korrekt.

Responsive Viewports
- Desktop: 1440 x 900 CSS-Pixel.
- Full HD: 1920 x 1080 CSS-Pixel.
- WQHD: 2560 x 1440 CSS-Pixel.
- Ultrawide: 3440 x 1440 CSS-Pixel.
- 4K: 3840 x 2160 CSS-Pixel.
- Tablet: 768 x 1024 CSS-Pixel.
- Smartphone: 390 x 844 CSS-Pixel.
- Bei UI-Tests jeden definierten Viewport pruefen und je Viewport einen eigenen Screenshot am Testlauf hinterlegen.

Beleg und Nachbereitung
- Fuer jeden einzelnen Testschritt unmittelbar nach der Ausfuehrung einen Screenshot als Anhang am Testlauf hinterlegen.
- Der Screenshot muss die relevante Ausgangslage bzw. Eingabe und das sichtbare Ergebnis des jeweiligen Schrittes nachvollziehbar zeigen.
- Alle Schritte des Tests muessen einen eigenen Nachweis besitzen; bei Eingabeschritten sind Eingabe und anschliessende Reaktion zu dokumentieren.
- PASS nur vergeben, wenn alle Schritte erfolgreich abgeschlossen und fuer alle Schritte Screenshots hinterlegt sind.
- FAIL oder BLOCKED ebenfalls mit Screenshot(s), tatsaechlichem Ergebnis, Datum, Tester und Umgebung dokumentieren; bei FAIL einen Bug mit Reproduktionsschritten und Verweis auf diesen Test anlegen.
- Passwoerter, Tokens, Zahlungsdaten und sonstige Geheimnisse niemals im Klartext speichern; vor dem Anhang maskieren oder schwaerzen."
KAN-880,E9-09 Regressionstestsuite pflegen – Testfall ausführbar,"Abgedeckte Story: KAN-115 – E9-09 Regressionstestsuite pflegen
Testart: Testfall ausführbar
Priorität der Story: High

Ziel
Einen vollständigen Xray-Test ausführen

Vorbedingungen
- Die Anwendung ist erreichbar und die erforderlichen Testdaten sind vorbereitet.
- Der Test wird in einer isolierten Umgebung mit nachvollziehbaren Benutzerrollen ausgeführt.

Schritte
1. Test aus Repository öffnen.
2. Vorbedingungen und Testdaten herstellen.
3. Schritte in Reihenfolge ausführen.
4. Ergebnisse und Beleg speichern.

Erwartetes Ergebnis
Der Test ist ohne Rückfragen ausführbar und Ergebnis sowie Evidenz sind dem Lauf zugeordnet.

Responsive Viewports
- Desktop: 1440 x 900 CSS-Pixel.
- Full HD: 1920 x 1080 CSS-Pixel.
- WQHD: 2560 x 1440 CSS-Pixel.
- Ultrawide: 3440 x 1440 CSS-Pixel.
- 4K: 3840 x 2160 CSS-Pixel.
- Tablet: 768 x 1024 CSS-Pixel.
- Smartphone: 390 x 844 CSS-Pixel.
- Bei UI-Tests jeden definierten Viewport pruefen und je Viewport einen eigenen Screenshot am Testlauf hinterlegen.

Beleg und Nachbereitung
- Fuer jeden einzelnen Testschritt unmittelbar nach der Ausfuehrung einen Screenshot als Anhang am Testlauf hinterlegen.
- Der Screenshot muss die relevante Ausgangslage bzw. Eingabe und das sichtbare Ergebnis des jeweiligen Schrittes nachvollziehbar zeigen.
- Alle Schritte des Tests muessen einen eigenen Nachweis besitzen; bei Eingabeschritten sind Eingabe und anschliessende Reaktion zu dokumentieren.
- PASS nur vergeben, wenn alle Schritte erfolgreich abgeschlossen und fuer alle Schritte Screenshots hinterlegt sind.
- FAIL oder BLOCKED ebenfalls mit Screenshot(s), tatsaechlichem Ergebnis, Datum, Tester und Umgebung dokumentieren; bei FAIL einen Bug mit Reproduktionsschritten und Verweis auf diesen Test anlegen.
- Passwoerter, Tokens, Zahlungsdaten und sonstige Geheimnisse niemals im Klartext speichern; vor dem Anhang maskieren oder schwaerzen."
KAN-881,E9-09 Regressionstestsuite pflegen – Traceability und Abdeckung,"Abgedeckte Story: KAN-115 – E9-09 Regressionstestsuite pflegen
Testart: Traceability und Abdeckung
Priorität der Story: High

Ziel
Story, Test Set und Test Plan nachvollziehen

Vorbedingungen
- Die Anwendung ist erreichbar und die erforderlichen Testdaten sind vorbereitet.
- Der Test wird in einer isolierten Umgebung mit nachvollziehbaren Benutzerrollen ausgeführt.

Schritte
1. Test mit Story verknüpfen.
2. In Test Set und Plan aufnehmen.
3. Execution starten.
4. Coverage und Status prüfen.

Erwartetes Ergebnis
Die Story-Abdeckung ist sichtbar und der Teststatus fließt in Set, Plan und Release-Ansicht ein.

Responsive Viewports
- Desktop: 1440 x 900 CSS-Pixel.
- Full HD: 1920 x 1080 CSS-Pixel.
- WQHD: 2560 x 1440 CSS-Pixel.
- Ultrawide: 3440 x 1440 CSS-Pixel.
- 4K: 3840 x 2160 CSS-Pixel.
- Tablet: 768 x 1024 CSS-Pixel.
- Smartphone: 390 x 844 CSS-Pixel.
- Bei UI-Tests jeden definierten Viewport pruefen und je Viewport einen eigenen Screenshot am Testlauf hinterlegen.

Beleg und Nachbereitung
- Fuer jeden einzelnen Testschritt unmittelbar nach der Ausfuehrung einen Screenshot als Anhang am Testlauf hinterlegen.
- Der Screenshot muss die relevante Ausgangslage bzw. Eingabe und das sichtbare Ergebnis des jeweiligen Schrittes nachvollziehbar zeigen.
- Alle Schritte des Tests muessen einen eigenen Nachweis besitzen; bei Eingabeschritten sind Eingabe und anschliessende Reaktion zu dokumentieren.
- PASS nur vergeben, wenn alle Schritte erfolgreich abgeschlossen und fuer alle Schritte Screenshots hinterlegt sind.
- FAIL oder BLOCKED ebenfalls mit Screenshot(s), tatsaechlichem Ergebnis, Datum, Tester und Umgebung dokumentieren; bei FAIL einen Bug mit Reproduktionsschritten und Verweis auf diesen Test anlegen.
- Passwoerter, Tokens, Zahlungsdaten und sonstige Geheimnisse niemals im Klartext speichern; vor dem Anhang maskieren oder schwaerzen."
KAN-882,E9-09 Regressionstestsuite pflegen – Fehler und Regression,"Abgedeckte Story: KAN-115 – E9-09 Regressionstestsuite pflegen
Testart: Fehler und Regression
Priorität der Story: High

Ziel
Fehlgeschlagenen Test reproduzieren und zurücksetzen

Vorbedingungen
- Die Anwendung ist erreichbar und die erforderlichen Testdaten sind vorbereitet.
- Der Test wird in einer isolierten Umgebung mit nachvollziehbaren Benutzerrollen ausgeführt.

Schritte
1. Negativ- oder Regressionstest ausführen.
2. Fehlschlag mit Kontext dokumentieren.
3. Bug beziehungsweise Abweichung erfassen.
4. Korrektur erneut testen.

Erwartetes Ergebnis
Der Fehler ist reproduzierbar beschrieben; Retest und Regression aktualisieren die Abdeckung korrekt.

Responsive Viewports
- Desktop: 1440 x 900 CSS-Pixel.
- Full HD: 1920 x 1080 CSS-Pixel.
- WQHD: 2560 x 1440 CSS-Pixel.
- Ultrawide: 3440 x 1440 CSS-Pixel.
- 4K: 3840 x 2160 CSS-Pixel.
- Tablet: 768 x 1024 CSS-Pixel.
- Smartphone: 390 x 844 CSS-Pixel.
- Bei UI-Tests jeden definierten Viewport pruefen und je Viewport einen eigenen Screenshot am Testlauf hinterlegen.

Beleg und Nachbereitung
- Fuer jeden einzelnen Testschritt unmittelbar nach der Ausfuehrung einen Screenshot als Anhang am Testlauf hinterlegen.
- Der Screenshot muss die relevante Ausgangslage bzw. Eingabe und das sichtbare Ergebnis des jeweiligen Schrittes nachvollziehbar zeigen.
- Alle Schritte des Tests muessen einen eigenen Nachweis besitzen; bei Eingabeschritten sind Eingabe und anschliessende Reaktion zu dokumentieren.
- PASS nur vergeben, wenn alle Schritte erfolgreich abgeschlossen und fuer alle Schritte Screenshots hinterlegt sind.
- FAIL oder BLOCKED ebenfalls mit Screenshot(s), tatsaechlichem Ergebnis, Datum, Tester und Umgebung dokumentieren; bei FAIL einen Bug mit Reproduktionsschritten und Verweis auf diesen Test anlegen.
- Passwoerter, Tokens, Zahlungsdaten und sonstige Geheimnisse niemals im Klartext speichern; vor dem Anhang maskieren oder schwaerzen."
KAN-883,E9-10 Browser- und Gerätetests durchführen – Testfall ausführbar,"Abgedeckte Story: KAN-116 – E9-10 Browser- und Gerätetests durchführen
Testart: Testfall ausführbar
Priorität der Story: High

Ziel
Einen vollständigen Xray-Test ausführen

Vorbedingungen
- Die Anwendung ist erreichbar und die erforderlichen Testdaten sind vorbereitet.
- Der Test wird in einer isolierten Umgebung mit nachvollziehbaren Benutzerrollen ausgeführt.

Schritte
1. Test aus Repository öffnen.
2. Vorbedingungen und Testdaten herstellen.
3. Schritte in Reihenfolge ausführen.
4. Ergebnisse und Beleg speichern.

Erwartetes Ergebnis
Der Test ist ohne Rückfragen ausführbar und Ergebnis sowie Evidenz sind dem Lauf zugeordnet.

Responsive Viewports
- Desktop: 1440 x 900 CSS-Pixel.
- Full HD: 1920 x 1080 CSS-Pixel.
- WQHD: 2560 x 1440 CSS-Pixel.
- Ultrawide: 3440 x 1440 CSS-Pixel.
- 4K: 3840 x 2160 CSS-Pixel.
- Tablet: 768 x 1024 CSS-Pixel.
- Smartphone: 390 x 844 CSS-Pixel.
- Bei UI-Tests jeden definierten Viewport pruefen und je Viewport einen eigenen Screenshot am Testlauf hinterlegen.

Beleg und Nachbereitung
- Fuer jeden einzelnen Testschritt unmittelbar nach der Ausfuehrung einen Screenshot als Anhang am Testlauf hinterlegen.
- Der Screenshot muss die relevante Ausgangslage bzw. Eingabe und das sichtbare Ergebnis des jeweiligen Schrittes nachvollziehbar zeigen.
- Alle Schritte des Tests muessen einen eigenen Nachweis besitzen; bei Eingabeschritten sind Eingabe und anschliessende Reaktion zu dokumentieren.
- PASS nur vergeben, wenn alle Schritte erfolgreich abgeschlossen und fuer alle Schritte Screenshots hinterlegt sind.
- FAIL oder BLOCKED ebenfalls mit Screenshot(s), tatsaechlichem Ergebnis, Datum, Tester und Umgebung dokumentieren; bei FAIL einen Bug mit Reproduktionsschritten und Verweis auf diesen Test anlegen.
- Passwoerter, Tokens, Zahlungsdaten und sonstige Geheimnisse niemals im Klartext speichern; vor dem Anhang maskieren oder schwaerzen."
KAN-884,E9-10 Browser- und Gerätetests durchführen – Traceability und Abdeckung,"Abgedeckte Story: KAN-116 – E9-10 Browser- und Gerätetests durchführen
Testart: Traceability und Abdeckung
Priorität der Story: High

Ziel
Story, Test Set und Test Plan nachvollziehen

Vorbedingungen
- Die Anwendung ist erreichbar und die erforderlichen Testdaten sind vorbereitet.
- Der Test wird in einer isolierten Umgebung mit nachvollziehbaren Benutzerrollen ausgeführt.

Schritte
1. Test mit Story verknüpfen.
2. In Test Set und Plan aufnehmen.
3. Execution starten.
4. Coverage und Status prüfen.

Erwartetes Ergebnis
Die Story-Abdeckung ist sichtbar und der Teststatus fließt in Set, Plan und Release-Ansicht ein.

Responsive Viewports
- Desktop: 1440 x 900 CSS-Pixel.
- Full HD: 1920 x 1080 CSS-Pixel.
- WQHD: 2560 x 1440 CSS-Pixel.
- Ultrawide: 3440 x 1440 CSS-Pixel.
- 4K: 3840 x 2160 CSS-Pixel.
- Tablet: 768 x 1024 CSS-Pixel.
- Smartphone: 390 x 844 CSS-Pixel.
- Bei UI-Tests jeden definierten Viewport pruefen und je Viewport einen eigenen Screenshot am Testlauf hinterlegen.

Beleg und Nachbereitung
- Fuer jeden einzelnen Testschritt unmittelbar nach der Ausfuehrung einen Screenshot als Anhang am Testlauf hinterlegen.
- Der Screenshot muss die relevante Ausgangslage bzw. Eingabe und das sichtbare Ergebnis des jeweiligen Schrittes nachvollziehbar zeigen.
- Alle Schritte des Tests muessen einen eigenen Nachweis besitzen; bei Eingabeschritten sind Eingabe und anschliessende Reaktion zu dokumentieren.
- PASS nur vergeben, wenn alle Schritte erfolgreich abgeschlossen und fuer alle Schritte Screenshots hinterlegt sind.
- FAIL oder BLOCKED ebenfalls mit Screenshot(s), tatsaechlichem Ergebnis, Datum, Tester und Umgebung dokumentieren; bei FAIL einen Bug mit Reproduktionsschritten und Verweis auf diesen Test anlegen.
- Passwoerter, Tokens, Zahlungsdaten und sonstige Geheimnisse niemals im Klartext speichern; vor dem Anhang maskieren oder schwaerzen."
KAN-885,E9-10 Browser- und Gerätetests durchführen – Fehler und Regression,"Abgedeckte Story: KAN-116 – E9-10 Browser- und Gerätetests durchführen
Testart: Fehler und Regression
Priorität der Story: High

Ziel
Fehlgeschlagenen Test reproduzieren und zurücksetzen

Vorbedingungen
- Die Anwendung ist erreichbar und die erforderlichen Testdaten sind vorbereitet.
- Der Test wird in einer isolierten Umgebung mit nachvollziehbaren Benutzerrollen ausgeführt.

Schritte
1. Negativ- oder Regressionstest ausführen.
2. Fehlschlag mit Kontext dokumentieren.
3. Bug beziehungsweise Abweichung erfassen.
4. Korrektur erneut testen.

Erwartetes Ergebnis
Der Fehler ist reproduzierbar beschrieben; Retest und Regression aktualisieren die Abdeckung korrekt.

Responsive Viewports
- Desktop: 1440 x 900 CSS-Pixel.
- Full HD: 1920 x 1080 CSS-Pixel.
- WQHD: 2560 x 1440 CSS-Pixel.
- Ultrawide: 3440 x 1440 CSS-Pixel.
- 4K: 3840 x 2160 CSS-Pixel.
- Tablet: 768 x 1024 CSS-Pixel.
- Smartphone: 390 x 844 CSS-Pixel.
- Bei UI-Tests jeden definierten Viewport pruefen und je Viewport einen eigenen Screenshot am Testlauf hinterlegen.

Beleg und Nachbereitung
- Fuer jeden einzelnen Testschritt unmittelbar nach der Ausfuehrung einen Screenshot als Anhang am Testlauf hinterlegen.
- Der Screenshot muss die relevante Ausgangslage bzw. Eingabe und das sichtbare Ergebnis des jeweiligen Schrittes nachvollziehbar zeigen.
- Alle Schritte des Tests muessen einen eigenen Nachweis besitzen; bei Eingabeschritten sind Eingabe und anschliessende Reaktion zu dokumentieren.
- PASS nur vergeben, wenn alle Schritte erfolgreich abgeschlossen und fuer alle Schritte Screenshots hinterlegt sind.
- FAIL oder BLOCKED ebenfalls mit Screenshot(s), tatsaechlichem Ergebnis, Datum, Tester und Umgebung dokumentieren; bei FAIL einen Bug mit Reproduktionsschritten und Verweis auf diesen Test anlegen.
- Passwoerter, Tokens, Zahlungsdaten und sonstige Geheimnisse niemals im Klartext speichern; vor dem Anhang maskieren oder schwaerzen."
KAN-886,E9-11 Testergebnisse dokumentieren – Testfall ausführbar,"Abgedeckte Story: KAN-117 – E9-11 Testergebnisse dokumentieren
Testart: Testfall ausführbar
Priorität der Story: High

Ziel
Einen vollständigen Xray-Test ausführen

Vorbedingungen
- Die Anwendung ist erreichbar und die erforderlichen Testdaten sind vorbereitet.
- Der Test wird in einer isolierten Umgebung mit nachvollziehbaren Benutzerrollen ausgeführt.

Schritte
1. Test aus Repository öffnen.
2. Vorbedingungen und Testdaten herstellen.
3. Schritte in Reihenfolge ausführen.
4. Ergebnisse und Beleg speichern.

Erwartetes Ergebnis
Der Test ist ohne Rückfragen ausführbar und Ergebnis sowie Evidenz sind dem Lauf zugeordnet.

Responsive Viewports
- Desktop: 1440 x 900 CSS-Pixel.
- Full HD: 1920 x 1080 CSS-Pixel.
- WQHD: 2560 x 1440 CSS-Pixel.
- Ultrawide: 3440 x 1440 CSS-Pixel.
- 4K: 3840 x 2160 CSS-Pixel.
- Tablet: 768 x 1024 CSS-Pixel.
- Smartphone: 390 x 844 CSS-Pixel.
- Bei UI-Tests jeden definierten Viewport pruefen und je Viewport einen eigenen Screenshot am Testlauf hinterlegen.

Beleg und Nachbereitung
- Fuer jeden einzelnen Testschritt unmittelbar nach der Ausfuehrung einen Screenshot als Anhang am Testlauf hinterlegen.
- Der Screenshot muss die relevante Ausgangslage bzw. Eingabe und das sichtbare Ergebnis des jeweiligen Schrittes nachvollziehbar zeigen.
- Alle Schritte des Tests muessen einen eigenen Nachweis besitzen; bei Eingabeschritten sind Eingabe und anschliessende Reaktion zu dokumentieren.
- PASS nur vergeben, wenn alle Schritte erfolgreich abgeschlossen und fuer alle Schritte Screenshots hinterlegt sind.
- FAIL oder BLOCKED ebenfalls mit Screenshot(s), tatsaechlichem Ergebnis, Datum, Tester und Umgebung dokumentieren; bei FAIL einen Bug mit Reproduktionsschritten und Verweis auf diesen Test anlegen.
- Passwoerter, Tokens, Zahlungsdaten und sonstige Geheimnisse niemals im Klartext speichern; vor dem Anhang maskieren oder schwaerzen."
KAN-887,E9-11 Testergebnisse dokumentieren – Traceability und Abdeckung,"Abgedeckte Story: KAN-117 – E9-11 Testergebnisse dokumentieren
Testart: Traceability und Abdeckung
Priorität der Story: High

Ziel
Story, Test Set und Test Plan nachvollziehen

Vorbedingungen
- Die Anwendung ist erreichbar und die erforderlichen Testdaten sind vorbereitet.
- Der Test wird in einer isolierten Umgebung mit nachvollziehbaren Benutzerrollen ausgeführt.

Schritte
1. Test mit Story verknüpfen.
2. In Test Set und Plan aufnehmen.
3. Execution starten.
4. Coverage und Status prüfen.

Erwartetes Ergebnis
Die Story-Abdeckung ist sichtbar und der Teststatus fließt in Set, Plan und Release-Ansicht ein.

Responsive Viewports
- Desktop: 1440 x 900 CSS-Pixel.
- Full HD: 1920 x 1080 CSS-Pixel.
- WQHD: 2560 x 1440 CSS-Pixel.
- Ultrawide: 3440 x 1440 CSS-Pixel.
- 4K: 3840 x 2160 CSS-Pixel.
- Tablet: 768 x 1024 CSS-Pixel.
- Smartphone: 390 x 844 CSS-Pixel.
- Bei UI-Tests jeden definierten Viewport pruefen und je Viewport einen eigenen Screenshot am Testlauf hinterlegen.

Beleg und Nachbereitung
- Fuer jeden einzelnen Testschritt unmittelbar nach der Ausfuehrung einen Screenshot als Anhang am Testlauf hinterlegen.
- Der Screenshot muss die relevante Ausgangslage bzw. Eingabe und das sichtbare Ergebnis des jeweiligen Schrittes nachvollziehbar zeigen.
- Alle Schritte des Tests muessen einen eigenen Nachweis besitzen; bei Eingabeschritten sind Eingabe und anschliessende Reaktion zu dokumentieren.
- PASS nur vergeben, wenn alle Schritte erfolgreich abgeschlossen und fuer alle Schritte Screenshots hinterlegt sind.
- FAIL oder BLOCKED ebenfalls mit Screenshot(s), tatsaechlichem Ergebnis, Datum, Tester und Umgebung dokumentieren; bei FAIL einen Bug mit Reproduktionsschritten und Verweis auf diesen Test anlegen.
- Passwoerter, Tokens, Zahlungsdaten und sonstige Geheimnisse niemals im Klartext speichern; vor dem Anhang maskieren oder schwaerzen."
KAN-888,E9-11 Testergebnisse dokumentieren – Fehler und Regression,"Abgedeckte Story: KAN-117 – E9-11 Testergebnisse dokumentieren
Testart: Fehler und Regression
Priorität der Story: High

Ziel
Fehlgeschlagenen Test reproduzieren und zurücksetzen

Vorbedingungen
- Die Anwendung ist erreichbar und die erforderlichen Testdaten sind vorbereitet.
- Der Test wird in einer isolierten Umgebung mit nachvollziehbaren Benutzerrollen ausgeführt.

Schritte
1. Negativ- oder Regressionstest ausführen.
2. Fehlschlag mit Kontext dokumentieren.
3. Bug beziehungsweise Abweichung erfassen.
4. Korrektur erneut testen.

Erwartetes Ergebnis
Der Fehler ist reproduzierbar beschrieben; Retest und Regression aktualisieren die Abdeckung korrekt.

Responsive Viewports
- Desktop: 1440 x 900 CSS-Pixel.
- Full HD: 1920 x 1080 CSS-Pixel.
- WQHD: 2560 x 1440 CSS-Pixel.
- Ultrawide: 3440 x 1440 CSS-Pixel.
- 4K: 3840 x 2160 CSS-Pixel.
- Tablet: 768 x 1024 CSS-Pixel.
- Smartphone: 390 x 844 CSS-Pixel.
- Bei UI-Tests jeden definierten Viewport pruefen und je Viewport einen eigenen Screenshot am Testlauf hinterlegen.

Beleg und Nachbereitung
- Fuer jeden einzelnen Testschritt unmittelbar nach der Ausfuehrung einen Screenshot als Anhang am Testlauf hinterlegen.
- Der Screenshot muss die relevante Ausgangslage bzw. Eingabe und das sichtbare Ergebnis des jeweiligen Schrittes nachvollziehbar zeigen.
- Alle Schritte des Tests muessen einen eigenen Nachweis besitzen; bei Eingabeschritten sind Eingabe und anschliessende Reaktion zu dokumentieren.
- PASS nur vergeben, wenn alle Schritte erfolgreich abgeschlossen und fuer alle Schritte Screenshots hinterlegt sind.
- FAIL oder BLOCKED ebenfalls mit Screenshot(s), tatsaechlichem Ergebnis, Datum, Tester und Umgebung dokumentieren; bei FAIL einen Bug mit Reproduktionsschritten und Verweis auf diesen Test anlegen.
- Passwoerter, Tokens, Zahlungsdaten und sonstige Geheimnisse niemals im Klartext speichern; vor dem Anhang maskieren oder schwaerzen."
KAN-889,E9-12 Fehler aus Tests erfassen – Testfall ausführbar,"Abgedeckte Story: KAN-118 – E9-12 Fehler aus Tests erfassen
Testart: Testfall ausführbar
Priorität der Story: High

Ziel
Einen vollständigen Xray-Test ausführen

Vorbedingungen
- Die Anwendung ist erreichbar und die erforderlichen Testdaten sind vorbereitet.
- Der Test wird in einer isolierten Umgebung mit nachvollziehbaren Benutzerrollen ausgeführt.

Schritte
1. Test aus Repository öffnen.
2. Vorbedingungen und Testdaten herstellen.
3. Schritte in Reihenfolge ausführen.
4. Ergebnisse und Beleg speichern.

Erwartetes Ergebnis
Der Test ist ohne Rückfragen ausführbar und Ergebnis sowie Evidenz sind dem Lauf zugeordnet.

Responsive Viewports
- Desktop: 1440 x 900 CSS-Pixel.
- Full HD: 1920 x 1080 CSS-Pixel.
- WQHD: 2560 x 1440 CSS-Pixel.
- Ultrawide: 3440 x 1440 CSS-Pixel.
- 4K: 3840 x 2160 CSS-Pixel.
- Tablet: 768 x 1024 CSS-Pixel.
- Smartphone: 390 x 844 CSS-Pixel.
- Bei UI-Tests jeden definierten Viewport pruefen und je Viewport einen eigenen Screenshot am Testlauf hinterlegen.

Beleg und Nachbereitung
- Fuer jeden einzelnen Testschritt unmittelbar nach der Ausfuehrung einen Screenshot als Anhang am Testlauf hinterlegen.
- Der Screenshot muss die relevante Ausgangslage bzw. Eingabe und das sichtbare Ergebnis des jeweiligen Schrittes nachvollziehbar zeigen.
- Alle Schritte des Tests muessen einen eigenen Nachweis besitzen; bei Eingabeschritten sind Eingabe und anschliessende Reaktion zu dokumentieren.
- PASS nur vergeben, wenn alle Schritte erfolgreich abgeschlossen und fuer alle Schritte Screenshots hinterlegt sind.
- FAIL oder BLOCKED ebenfalls mit Screenshot(s), tatsaechlichem Ergebnis, Datum, Tester und Umgebung dokumentieren; bei FAIL einen Bug mit Reproduktionsschritten und Verweis auf diesen Test anlegen.
- Passwoerter, Tokens, Zahlungsdaten und sonstige Geheimnisse niemals im Klartext speichern; vor dem Anhang maskieren oder schwaerzen."
KAN-890,E9-12 Fehler aus Tests erfassen – Traceability und Abdeckung,"Abgedeckte Story: KAN-118 – E9-12 Fehler aus Tests erfassen
Testart: Traceability und Abdeckung
Priorität der Story: High

Ziel
Story, Test Set und Test Plan nachvollziehen

Vorbedingungen
- Die Anwendung ist erreichbar und die erforderlichen Testdaten sind vorbereitet.
- Der Test wird in einer isolierten Umgebung mit nachvollziehbaren Benutzerrollen ausgeführt.

Schritte
1. Test mit Story verknüpfen.
2. In Test Set und Plan aufnehmen.
3. Execution starten.
4. Coverage und Status prüfen.

Erwartetes Ergebnis
Die Story-Abdeckung ist sichtbar und der Teststatus fließt in Set, Plan und Release-Ansicht ein.

Responsive Viewports
- Desktop: 1440 x 900 CSS-Pixel.
- Full HD: 1920 x 1080 CSS-Pixel.
- WQHD: 2560 x 1440 CSS-Pixel.
- Ultrawide: 3440 x 1440 CSS-Pixel.
- 4K: 3840 x 2160 CSS-Pixel.
- Tablet: 768 x 1024 CSS-Pixel.
- Smartphone: 390 x 844 CSS-Pixel.
- Bei UI-Tests jeden definierten Viewport pruefen und je Viewport einen eigenen Screenshot am Testlauf hinterlegen.

Beleg und Nachbereitung
- Fuer jeden einzelnen Testschritt unmittelbar nach der Ausfuehrung einen Screenshot als Anhang am Testlauf hinterlegen.
- Der Screenshot muss die relevante Ausgangslage bzw. Eingabe und das sichtbare Ergebnis des jeweiligen Schrittes nachvollziehbar zeigen.
- Alle Schritte des Tests muessen einen eigenen Nachweis besitzen; bei Eingabeschritten sind Eingabe und anschliessende Reaktion zu dokumentieren.
- PASS nur vergeben, wenn alle Schritte erfolgreich abgeschlossen und fuer alle Schritte Screenshots hinterlegt sind.
- FAIL oder BLOCKED ebenfalls mit Screenshot(s), tatsaechlichem Ergebnis, Datum, Tester und Umgebung dokumentieren; bei FAIL einen Bug mit Reproduktionsschritten und Verweis auf diesen Test anlegen.
- Passwoerter, Tokens, Zahlungsdaten und sonstige Geheimnisse niemals im Klartext speichern; vor dem Anhang maskieren oder schwaerzen."
KAN-891,E9-12 Fehler aus Tests erfassen – Fehler und Regression,"Abgedeckte Story: KAN-118 – E9-12 Fehler aus Tests erfassen
Testart: Fehler und Regression
Priorität der Story: High

Ziel
Fehlgeschlagenen Test reproduzieren und zurücksetzen

Vorbedingungen
- Die Anwendung ist erreichbar und die erforderlichen Testdaten sind vorbereitet.
- Der Test wird in einer isolierten Umgebung mit nachvollziehbaren Benutzerrollen ausgeführt.

Schritte
1. Negativ- oder Regressionstest ausführen.
2. Fehlschlag mit Kontext dokumentieren.
3. Bug beziehungsweise Abweichung erfassen.
4. Korrektur erneut testen.

Erwartetes Ergebnis
Der Fehler ist reproduzierbar beschrieben; Retest und Regression aktualisieren die Abdeckung korrekt.

Responsive Viewports
- Desktop: 1440 x 900 CSS-Pixel.
- Full HD: 1920 x 1080 CSS-Pixel.
- WQHD: 2560 x 1440 CSS-Pixel.
- Ultrawide: 3440 x 1440 CSS-Pixel.
- 4K: 3840 x 2160 CSS-Pixel.
- Tablet: 768 x 1024 CSS-Pixel.
- Smartphone: 390 x 844 CSS-Pixel.
- Bei UI-Tests jeden definierten Viewport pruefen und je Viewport einen eigenen Screenshot am Testlauf hinterlegen.

Beleg und Nachbereitung
- Fuer jeden einzelnen Testschritt unmittelbar nach der Ausfuehrung einen Screenshot als Anhang am Testlauf hinterlegen.
- Der Screenshot muss die relevante Ausgangslage bzw. Eingabe und das sichtbare Ergebnis des jeweiligen Schrittes nachvollziehbar zeigen.
- Alle Schritte des Tests muessen einen eigenen Nachweis besitzen; bei Eingabeschritten sind Eingabe und anschliessende Reaktion zu dokumentieren.
- PASS nur vergeben, wenn alle Schritte erfolgreich abgeschlossen und fuer alle Schritte Screenshots hinterlegt sind.
- FAIL oder BLOCKED ebenfalls mit Screenshot(s), tatsaechlichem Ergebnis, Datum, Tester und Umgebung dokumentieren; bei FAIL einen Bug mit Reproduktionsschritten und Verweis auf diesen Test anlegen.
- Passwoerter, Tokens, Zahlungsdaten und sonstige Geheimnisse niemals im Klartext speichern; vor dem Anhang maskieren oder schwaerzen."
KAN-892,E9-13 Testabdeckung sehen – Testfall ausführbar,"Abgedeckte Story: KAN-119 – E9-13 Testabdeckung sehen
Testart: Testfall ausführbar
Priorität der Story: High

Ziel
Einen vollständigen Xray-Test ausführen

Vorbedingungen
- Die Anwendung ist erreichbar und die erforderlichen Testdaten sind vorbereitet.
- Der Test wird in einer isolierten Umgebung mit nachvollziehbaren Benutzerrollen ausgeführt.

Schritte
1. Test aus Repository öffnen.
2. Vorbedingungen und Testdaten herstellen.
3. Schritte in Reihenfolge ausführen.
4. Ergebnisse und Beleg speichern.

Erwartetes Ergebnis
Der Test ist ohne Rückfragen ausführbar und Ergebnis sowie Evidenz sind dem Lauf zugeordnet.

Responsive Viewports
- Desktop: 1440 x 900 CSS-Pixel.
- Full HD: 1920 x 1080 CSS-Pixel.
- WQHD: 2560 x 1440 CSS-Pixel.
- Ultrawide: 3440 x 1440 CSS-Pixel.
- 4K: 3840 x 2160 CSS-Pixel.
- Tablet: 768 x 1024 CSS-Pixel.
- Smartphone: 390 x 844 CSS-Pixel.
- Bei UI-Tests jeden definierten Viewport pruefen und je Viewport einen eigenen Screenshot am Testlauf hinterlegen.

Beleg und Nachbereitung
- Fuer jeden einzelnen Testschritt unmittelbar nach der Ausfuehrung einen Screenshot als Anhang am Testlauf hinterlegen.
- Der Screenshot muss die relevante Ausgangslage bzw. Eingabe und das sichtbare Ergebnis des jeweiligen Schrittes nachvollziehbar zeigen.
- Alle Schritte des Tests muessen einen eigenen Nachweis besitzen; bei Eingabeschritten sind Eingabe und anschliessende Reaktion zu dokumentieren.
- PASS nur vergeben, wenn alle Schritte erfolgreich abgeschlossen und fuer alle Schritte Screenshots hinterlegt sind.
- FAIL oder BLOCKED ebenfalls mit Screenshot(s), tatsaechlichem Ergebnis, Datum, Tester und Umgebung dokumentieren; bei FAIL einen Bug mit Reproduktionsschritten und Verweis auf diesen Test anlegen.
- Passwoerter, Tokens, Zahlungsdaten und sonstige Geheimnisse niemals im Klartext speichern; vor dem Anhang maskieren oder schwaerzen."
KAN-893,E9-13 Testabdeckung sehen – Traceability und Abdeckung,"Abgedeckte Story: KAN-119 – E9-13 Testabdeckung sehen
Testart: Traceability und Abdeckung
Priorität der Story: High

Ziel
Story, Test Set und Test Plan nachvollziehen

Vorbedingungen
- Die Anwendung ist erreichbar und die erforderlichen Testdaten sind vorbereitet.
- Der Test wird in einer isolierten Umgebung mit nachvollziehbaren Benutzerrollen ausgeführt.

Schritte
1. Test mit Story verknüpfen.
2. In Test Set und Plan aufnehmen.
3. Execution starten.
4. Coverage und Status prüfen.

Erwartetes Ergebnis
Die Story-Abdeckung ist sichtbar und der Teststatus fließt in Set, Plan und Release-Ansicht ein.

Responsive Viewports
- Desktop: 1440 x 900 CSS-Pixel.
- Full HD: 1920 x 1080 CSS-Pixel.
- WQHD: 2560 x 1440 CSS-Pixel.
- Ultrawide: 3440 x 1440 CSS-Pixel.
- 4K: 3840 x 2160 CSS-Pixel.
- Tablet: 768 x 1024 CSS-Pixel.
- Smartphone: 390 x 844 CSS-Pixel.
- Bei UI-Tests jeden definierten Viewport pruefen und je Viewport einen eigenen Screenshot am Testlauf hinterlegen.

Beleg und Nachbereitung
- Fuer jeden einzelnen Testschritt unmittelbar nach der Ausfuehrung einen Screenshot als Anhang am Testlauf hinterlegen.
- Der Screenshot muss die relevante Ausgangslage bzw. Eingabe und das sichtbare Ergebnis des jeweiligen Schrittes nachvollziehbar zeigen.
- Alle Schritte des Tests muessen einen eigenen Nachweis besitzen; bei Eingabeschritten sind Eingabe und anschliessende Reaktion zu dokumentieren.
- PASS nur vergeben, wenn alle Schritte erfolgreich abgeschlossen und fuer alle Schritte Screenshots hinterlegt sind.
- FAIL oder BLOCKED ebenfalls mit Screenshot(s), tatsaechlichem Ergebnis, Datum, Tester und Umgebung dokumentieren; bei FAIL einen Bug mit Reproduktionsschritten und Verweis auf diesen Test anlegen.
- Passwoerter, Tokens, Zahlungsdaten und sonstige Geheimnisse niemals im Klartext speichern; vor dem Anhang maskieren oder schwaerzen."
KAN-894,E9-13 Testabdeckung sehen – Fehler und Regression,"Abgedeckte Story: KAN-119 – E9-13 Testabdeckung sehen
Testart: Fehler und Regression
Priorität der Story: High

Ziel
Fehlgeschlagenen Test reproduzieren und zurücksetzen

Vorbedingungen
- Die Anwendung ist erreichbar und die erforderlichen Testdaten sind vorbereitet.
- Der Test wird in einer isolierten Umgebung mit nachvollziehbaren Benutzerrollen ausgeführt.

Schritte
1. Negativ- oder Regressionstest ausführen.
2. Fehlschlag mit Kontext dokumentieren.
3. Bug beziehungsweise Abweichung erfassen.
4. Korrektur erneut testen.

Erwartetes Ergebnis
Der Fehler ist reproduzierbar beschrieben; Retest und Regression aktualisieren die Abdeckung korrekt.

Responsive Viewports
- Desktop: 1440 x 900 CSS-Pixel.
- Full HD: 1920 x 1080 CSS-Pixel.
- WQHD: 2560 x 1440 CSS-Pixel.
- Ultrawide: 3440 x 1440 CSS-Pixel.
- 4K: 3840 x 2160 CSS-Pixel.
- Tablet: 768 x 1024 CSS-Pixel.
- Smartphone: 390 x 844 CSS-Pixel.
- Bei UI-Tests jeden definierten Viewport pruefen und je Viewport einen eigenen Screenshot am Testlauf hinterlegen.

Beleg und Nachbereitung
- Fuer jeden einzelnen Testschritt unmittelbar nach der Ausfuehrung einen Screenshot als Anhang am Testlauf hinterlegen.
- Der Screenshot muss die relevante Ausgangslage bzw. Eingabe und das sichtbare Ergebnis des jeweiligen Schrittes nachvollziehbar zeigen.
- Alle Schritte des Tests muessen einen eigenen Nachweis besitzen; bei Eingabeschritten sind Eingabe und anschliessende Reaktion zu dokumentieren.
- PASS nur vergeben, wenn alle Schritte erfolgreich abgeschlossen und fuer alle Schritte Screenshots hinterlegt sind.
- FAIL oder BLOCKED ebenfalls mit Screenshot(s), tatsaechlichem Ergebnis, Datum, Tester und Umgebung dokumentieren; bei FAIL einen Bug mit Reproduktionsschritten und Verweis auf diesen Test anlegen.
- Passwoerter, Tokens, Zahlungsdaten und sonstige Geheimnisse niemals im Klartext speichern; vor dem Anhang maskieren oder schwaerzen."
KAN-895,E9-14 Release-Abnahmekriterien definieren – Testfall ausführbar,"Abgedeckte Story: KAN-120 – E9-14 Release-Abnahmekriterien definieren
Testart: Testfall ausführbar
Priorität der Story: High

Ziel
Einen vollständigen Xray-Test ausführen

Vorbedingungen
- Die Anwendung ist erreichbar und die erforderlichen Testdaten sind vorbereitet.
- Der Test wird in einer isolierten Umgebung mit nachvollziehbaren Benutzerrollen ausgeführt.

Schritte
1. Test aus Repository öffnen.
2. Vorbedingungen und Testdaten herstellen.
3. Schritte in Reihenfolge ausführen.
4. Ergebnisse und Beleg speichern.

Erwartetes Ergebnis
Der Test ist ohne Rückfragen ausführbar und Ergebnis sowie Evidenz sind dem Lauf zugeordnet.

Responsive Viewports
- Desktop: 1440 x 900 CSS-Pixel.
- Full HD: 1920 x 1080 CSS-Pixel.
- WQHD: 2560 x 1440 CSS-Pixel.
- Ultrawide: 3440 x 1440 CSS-Pixel.
- 4K: 3840 x 2160 CSS-Pixel.
- Tablet: 768 x 1024 CSS-Pixel.
- Smartphone: 390 x 844 CSS-Pixel.
- Bei UI-Tests jeden definierten Viewport pruefen und je Viewport einen eigenen Screenshot am Testlauf hinterlegen.

Beleg und Nachbereitung
- Fuer jeden einzelnen Testschritt unmittelbar nach der Ausfuehrung einen Screenshot als Anhang am Testlauf hinterlegen.
- Der Screenshot muss die relevante Ausgangslage bzw. Eingabe und das sichtbare Ergebnis des jeweiligen Schrittes nachvollziehbar zeigen.
- Alle Schritte des Tests muessen einen eigenen Nachweis besitzen; bei Eingabeschritten sind Eingabe und anschliessende Reaktion zu dokumentieren.
- PASS nur vergeben, wenn alle Schritte erfolgreich abgeschlossen und fuer alle Schritte Screenshots hinterlegt sind.
- FAIL oder BLOCKED ebenfalls mit Screenshot(s), tatsaechlichem Ergebnis, Datum, Tester und Umgebung dokumentieren; bei FAIL einen Bug mit Reproduktionsschritten und Verweis auf diesen Test anlegen.
- Passwoerter, Tokens, Zahlungsdaten und sonstige Geheimnisse niemals im Klartext speichern; vor dem Anhang maskieren oder schwaerzen."
KAN-896,E9-14 Release-Abnahmekriterien definieren – Traceability und Abdeckung,"Abgedeckte Story: KAN-120 – E9-14 Release-Abnahmekriterien definieren
Testart: Traceability und Abdeckung
Priorität der Story: High

Ziel
Story, Test Set und Test Plan nachvollziehen

Vorbedingungen
- Die Anwendung ist erreichbar und die erforderlichen Testdaten sind vorbereitet.
- Der Test wird in einer isolierten Umgebung mit nachvollziehbaren Benutzerrollen ausgeführt.

Schritte
1. Test mit Story verknüpfen.
2. In Test Set und Plan aufnehmen.
3. Execution starten.
4. Coverage und Status prüfen.

Erwartetes Ergebnis
Die Story-Abdeckung ist sichtbar und der Teststatus fließt in Set, Plan und Release-Ansicht ein.

Responsive Viewports
- Desktop: 1440 x 900 CSS-Pixel.
- Full HD: 1920 x 1080 CSS-Pixel.
- WQHD: 2560 x 1440 CSS-Pixel.
- Ultrawide: 3440 x 1440 CSS-Pixel.
- 4K: 3840 x 2160 CSS-Pixel.
- Tablet: 768 x 1024 CSS-Pixel.
- Smartphone: 390 x 844 CSS-Pixel.
- Bei UI-Tests jeden definierten Viewport pruefen und je Viewport einen eigenen Screenshot am Testlauf hinterlegen.

Beleg und Nachbereitung
- Fuer jeden einzelnen Testschritt unmittelbar nach der Ausfuehrung einen Screenshot als Anhang am Testlauf hinterlegen.
- Der Screenshot muss die relevante Ausgangslage bzw. Eingabe und das sichtbare Ergebnis des jeweiligen Schrittes nachvollziehbar zeigen.
- Alle Schritte des Tests muessen einen eigenen Nachweis besitzen; bei Eingabeschritten sind Eingabe und anschliessende Reaktion zu dokumentieren.
- PASS nur vergeben, wenn alle Schritte erfolgreich abgeschlossen und fuer alle Schritte Screenshots hinterlegt sind.
- FAIL oder BLOCKED ebenfalls mit Screenshot(s), tatsaechlichem Ergebnis, Datum, Tester und Umgebung dokumentieren; bei FAIL einen Bug mit Reproduktionsschritten und Verweis auf diesen Test anlegen.
- Passwoerter, Tokens, Zahlungsdaten und sonstige Geheimnisse niemals im Klartext speichern; vor dem Anhang maskieren oder schwaerzen."
KAN-897,E9-14 Release-Abnahmekriterien definieren – Fehler und Regression,"Abgedeckte Story: KAN-120 – E9-14 Release-Abnahmekriterien definieren
Testart: Fehler und Regression
Priorität der Story: High

Ziel
Fehlgeschlagenen Test reproduzieren und zurücksetzen

Vorbedingungen
- Die Anwendung ist erreichbar und die erforderlichen Testdaten sind vorbereitet.
- Der Test wird in einer isolierten Umgebung mit nachvollziehbaren Benutzerrollen ausgeführt.

Schritte
1. Negativ- oder Regressionstest ausführen.
2. Fehlschlag mit Kontext dokumentieren.
3. Bug beziehungsweise Abweichung erfassen.
4. Korrektur erneut testen.

Erwartetes Ergebnis
Der Fehler ist reproduzierbar beschrieben; Retest und Regression aktualisieren die Abdeckung korrekt.

Responsive Viewports
- Desktop: 1440 x 900 CSS-Pixel.
- Full HD: 1920 x 1080 CSS-Pixel.
- WQHD: 2560 x 1440 CSS-Pixel.
- Ultrawide: 3440 x 1440 CSS-Pixel.
- 4K: 3840 x 2160 CSS-Pixel.
- Tablet: 768 x 1024 CSS-Pixel.
- Smartphone: 390 x 844 CSS-Pixel.
- Bei UI-Tests jeden definierten Viewport pruefen und je Viewport einen eigenen Screenshot am Testlauf hinterlegen.

Beleg und Nachbereitung
- Fuer jeden einzelnen Testschritt unmittelbar nach der Ausfuehrung einen Screenshot als Anhang am Testlauf hinterlegen.
- Der Screenshot muss die relevante Ausgangslage bzw. Eingabe und das sichtbare Ergebnis des jeweiligen Schrittes nachvollziehbar zeigen.
- Alle Schritte des Tests muessen einen eigenen Nachweis besitzen; bei Eingabeschritten sind Eingabe und anschliessende Reaktion zu dokumentieren.
- PASS nur vergeben, wenn alle Schritte erfolgreich abgeschlossen und fuer alle Schritte Screenshots hinterlegt sind.
- FAIL oder BLOCKED ebenfalls mit Screenshot(s), tatsaechlichem Ergebnis, Datum, Tester und Umgebung dokumentieren; bei FAIL einen Bug mit Reproduktionsschritten und Verweis auf diesen Test anlegen.
- Passwoerter, Tokens, Zahlungsdaten und sonstige Geheimnisse niemals im Klartext speichern; vor dem Anhang maskieren oder schwaerzen."
