Work type,Summary,Description,Work item ID,Parent,Priority
Task,E1-01 Karte anlegen – Datenmodell und Fachregeln umsetzen,"Zugehörige Story: KAN-10 – E1-01 Karte anlegen
Priorität der Story: Highest

Ziel
Domänenmodell, Pflichtfelder, Wertebereiche, Eindeutigkeiten und Migrationsbedarf für die Story definieren und implementieren.

Vorgehen
1. Bestehende Schnittstellen, Daten und Randbedingungen für „Karte anlegen“ prüfen.
2. Die fachliche Regel an der zuständigen Schicht implementieren und gegen ungültige Eingaben absichern.
3. UI, API, Persistenz oder Testdaten so integrieren, dass der Ablauf reproduzierbar bleibt.
4. Erfolgs-, Fehler-, Berechtigungs- und Wiederholungsfall dokumentieren.

Erledigt wenn
- Persistenz ist migrationssicher, validiert ungültige Eingaben und hält bestehende Katalogdaten kompatibel.
- Die relevanten Akzeptanzkriterien der Story sind nachweisbar erfüllt.
- Automatisierte oder reproduzierbare Tests sind vorhanden und im Review nachvollziehbar.
- Keine bestehende Funktion außerhalb des Story-Scopes wird unbeabsichtigt verändert.

Abhängigkeiten
- Parent: KAN-10
- Testdaten und Fehlerszenarien werden mit dem zugehörigen Xray-Testfall abgestimmt.",300001,KAN-10,Highest
Task,E1-01 Karte anlegen – API und Geschäftslogik implementieren,"Zugehörige Story: KAN-10 – E1-01 Karte anlegen
Priorität der Story: Highest

Ziel
Use Cases, serverseitige Autorisierung, Transaktionen, Fehlercodes und idempotente Verarbeitung für die Story bereitstellen.

Vorgehen
1. Bestehende Schnittstellen, Daten und Randbedingungen für „Karte anlegen“ prüfen.
2. Die fachliche Regel an der zuständigen Schicht implementieren und gegen ungültige Eingaben absichern.
3. UI, API, Persistenz oder Testdaten so integrieren, dass der Ablauf reproduzierbar bleibt.
4. Erfolgs-, Fehler-, Berechtigungs- und Wiederholungsfall dokumentieren.

Erledigt wenn
- Der Use Case funktioniert unabhängig vom UI, ist gegen direkte Manipulation geschützt und liefert stabile Verträge.
- Die relevanten Akzeptanzkriterien der Story sind nachweisbar erfüllt.
- Automatisierte oder reproduzierbare Tests sind vorhanden und im Review nachvollziehbar.
- Keine bestehende Funktion außerhalb des Story-Scopes wird unbeabsichtigt verändert.

Abhängigkeiten
- Parent: KAN-10
- Testdaten und Fehlerszenarien werden mit dem zugehörigen Xray-Testfall abgestimmt.",300002,KAN-10,Highest
Task,E1-01 Karte anlegen – Admin- und Shop-Oberfläche bauen,"Zugehörige Story: KAN-10 – E1-01 Karte anlegen
Priorität der Story: Highest

Ziel
Formulare, Listen, Detailansichten, Ladezustände, Fehlerfälle und responsive Darstellung für die Story umsetzen.

Vorgehen
1. Bestehende Schnittstellen, Daten und Randbedingungen für „Karte anlegen“ prüfen.
2. Die fachliche Regel an der zuständigen Schicht implementieren und gegen ungültige Eingaben absichern.
3. UI, API, Persistenz oder Testdaten so integrieren, dass der Ablauf reproduzierbar bleibt.
4. Erfolgs-, Fehler-, Berechtigungs- und Wiederholungsfall dokumentieren.

Erledigt wenn
- Die Oberfläche führt Nutzer verständlich durch den Vorgang und verhindert inkonsistente Eingaben.
- Die relevanten Akzeptanzkriterien der Story sind nachweisbar erfüllt.
- Automatisierte oder reproduzierbare Tests sind vorhanden und im Review nachvollziehbar.
- Keine bestehende Funktion außerhalb des Story-Scopes wird unbeabsichtigt verändert.

Abhängigkeiten
- Parent: KAN-10
- Testdaten und Fehlerszenarien werden mit dem zugehörigen Xray-Testfall abgestimmt.",300003,KAN-10,Highest
Task,E1-01 Karte anlegen – Qualitätssicherung und Betriebsbeobachtung ergänzen,"Zugehörige Story: KAN-10 – E1-01 Karte anlegen
Priorität der Story: Highest

Ziel
Unit-, Integrations- und UI-Tests, Telemetrie sowie nachvollziehbare Logs für Erfolg und Fehler hinzufügen.

Vorgehen
1. Bestehende Schnittstellen, Daten und Randbedingungen für „Karte anlegen“ prüfen.
2. Die fachliche Regel an der zuständigen Schicht implementieren und gegen ungültige Eingaben absichern.
3. UI, API, Persistenz oder Testdaten so integrieren, dass der Ablauf reproduzierbar bleibt.
4. Erfolgs-, Fehler-, Berechtigungs- und Wiederholungsfall dokumentieren.

Erledigt wenn
- Die Akzeptanzkriterien sind automatisiert oder reproduzierbar geprüft; Fehler enthalten eine verwertbare Korrelation.
- Die relevanten Akzeptanzkriterien der Story sind nachweisbar erfüllt.
- Automatisierte oder reproduzierbare Tests sind vorhanden und im Review nachvollziehbar.
- Keine bestehende Funktion außerhalb des Story-Scopes wird unbeabsichtigt verändert.

Abhängigkeiten
- Parent: KAN-10
- Testdaten und Fehlerszenarien werden mit dem zugehörigen Xray-Testfall abgestimmt.",300004,KAN-10,Highest
Task,E1-02 Kartendaten bearbeiten – Datenmodell und Fachregeln umsetzen,"Zugehörige Story: KAN-11 – E1-02 Kartendaten bearbeiten
Priorität der Story: Highest

Ziel
Domänenmodell, Pflichtfelder, Wertebereiche, Eindeutigkeiten und Migrationsbedarf für die Story definieren und implementieren.

Vorgehen
1. Bestehende Schnittstellen, Daten und Randbedingungen für „Kartendaten bearbeiten“ prüfen.
2. Die fachliche Regel an der zuständigen Schicht implementieren und gegen ungültige Eingaben absichern.
3. UI, API, Persistenz oder Testdaten so integrieren, dass der Ablauf reproduzierbar bleibt.
4. Erfolgs-, Fehler-, Berechtigungs- und Wiederholungsfall dokumentieren.

Erledigt wenn
- Persistenz ist migrationssicher, validiert ungültige Eingaben und hält bestehende Katalogdaten kompatibel.
- Die relevanten Akzeptanzkriterien der Story sind nachweisbar erfüllt.
- Automatisierte oder reproduzierbare Tests sind vorhanden und im Review nachvollziehbar.
- Keine bestehende Funktion außerhalb des Story-Scopes wird unbeabsichtigt verändert.

Abhängigkeiten
- Parent: KAN-11
- Testdaten und Fehlerszenarien werden mit dem zugehörigen Xray-Testfall abgestimmt.",300005,KAN-11,Highest
Task,E1-02 Kartendaten bearbeiten – API und Geschäftslogik implementieren,"Zugehörige Story: KAN-11 – E1-02 Kartendaten bearbeiten
Priorität der Story: Highest

Ziel
Use Cases, serverseitige Autorisierung, Transaktionen, Fehlercodes und idempotente Verarbeitung für die Story bereitstellen.

Vorgehen
1. Bestehende Schnittstellen, Daten und Randbedingungen für „Kartendaten bearbeiten“ prüfen.
2. Die fachliche Regel an der zuständigen Schicht implementieren und gegen ungültige Eingaben absichern.
3. UI, API, Persistenz oder Testdaten so integrieren, dass der Ablauf reproduzierbar bleibt.
4. Erfolgs-, Fehler-, Berechtigungs- und Wiederholungsfall dokumentieren.

Erledigt wenn
- Der Use Case funktioniert unabhängig vom UI, ist gegen direkte Manipulation geschützt und liefert stabile Verträge.
- Die relevanten Akzeptanzkriterien der Story sind nachweisbar erfüllt.
- Automatisierte oder reproduzierbare Tests sind vorhanden und im Review nachvollziehbar.
- Keine bestehende Funktion außerhalb des Story-Scopes wird unbeabsichtigt verändert.

Abhängigkeiten
- Parent: KAN-11
- Testdaten und Fehlerszenarien werden mit dem zugehörigen Xray-Testfall abgestimmt.",300006,KAN-11,Highest
Task,E1-02 Kartendaten bearbeiten – Admin- und Shop-Oberfläche bauen,"Zugehörige Story: KAN-11 – E1-02 Kartendaten bearbeiten
Priorität der Story: Highest

Ziel
Formulare, Listen, Detailansichten, Ladezustände, Fehlerfälle und responsive Darstellung für die Story umsetzen.

Vorgehen
1. Bestehende Schnittstellen, Daten und Randbedingungen für „Kartendaten bearbeiten“ prüfen.
2. Die fachliche Regel an der zuständigen Schicht implementieren und gegen ungültige Eingaben absichern.
3. UI, API, Persistenz oder Testdaten so integrieren, dass der Ablauf reproduzierbar bleibt.
4. Erfolgs-, Fehler-, Berechtigungs- und Wiederholungsfall dokumentieren.

Erledigt wenn
- Die Oberfläche führt Nutzer verständlich durch den Vorgang und verhindert inkonsistente Eingaben.
- Die relevanten Akzeptanzkriterien der Story sind nachweisbar erfüllt.
- Automatisierte oder reproduzierbare Tests sind vorhanden und im Review nachvollziehbar.
- Keine bestehende Funktion außerhalb des Story-Scopes wird unbeabsichtigt verändert.

Abhängigkeiten
- Parent: KAN-11
- Testdaten und Fehlerszenarien werden mit dem zugehörigen Xray-Testfall abgestimmt.",300007,KAN-11,Highest
Task,E1-02 Kartendaten bearbeiten – Qualitätssicherung und Betriebsbeobachtung ergänzen,"Zugehörige Story: KAN-11 – E1-02 Kartendaten bearbeiten
Priorität der Story: Highest

Ziel
Unit-, Integrations- und UI-Tests, Telemetrie sowie nachvollziehbare Logs für Erfolg und Fehler hinzufügen.

Vorgehen
1. Bestehende Schnittstellen, Daten und Randbedingungen für „Kartendaten bearbeiten“ prüfen.
2. Die fachliche Regel an der zuständigen Schicht implementieren und gegen ungültige Eingaben absichern.
3. UI, API, Persistenz oder Testdaten so integrieren, dass der Ablauf reproduzierbar bleibt.
4. Erfolgs-, Fehler-, Berechtigungs- und Wiederholungsfall dokumentieren.

Erledigt wenn
- Die Akzeptanzkriterien sind automatisiert oder reproduzierbar geprüft; Fehler enthalten eine verwertbare Korrelation.
- Die relevanten Akzeptanzkriterien der Story sind nachweisbar erfüllt.
- Automatisierte oder reproduzierbare Tests sind vorhanden und im Review nachvollziehbar.
- Keine bestehende Funktion außerhalb des Story-Scopes wird unbeabsichtigt verändert.

Abhängigkeiten
- Parent: KAN-11
- Testdaten und Fehlerszenarien werden mit dem zugehörigen Xray-Testfall abgestimmt.",300008,KAN-11,Highest
Task,E1-03 Karten klassifizieren – Datenmodell und Fachregeln umsetzen,"Zugehörige Story: KAN-12 – E1-03 Karten klassifizieren
Priorität der Story: Highest

Ziel
Domänenmodell, Pflichtfelder, Wertebereiche, Eindeutigkeiten und Migrationsbedarf für die Story definieren und implementieren.

Vorgehen
1. Bestehende Schnittstellen, Daten und Randbedingungen für „Karten klassifizieren“ prüfen.
2. Die fachliche Regel an der zuständigen Schicht implementieren und gegen ungültige Eingaben absichern.
3. UI, API, Persistenz oder Testdaten so integrieren, dass der Ablauf reproduzierbar bleibt.
4. Erfolgs-, Fehler-, Berechtigungs- und Wiederholungsfall dokumentieren.

Erledigt wenn
- Persistenz ist migrationssicher, validiert ungültige Eingaben und hält bestehende Katalogdaten kompatibel.
- Die relevanten Akzeptanzkriterien der Story sind nachweisbar erfüllt.
- Automatisierte oder reproduzierbare Tests sind vorhanden und im Review nachvollziehbar.
- Keine bestehende Funktion außerhalb des Story-Scopes wird unbeabsichtigt verändert.

Abhängigkeiten
- Parent: KAN-12
- Testdaten und Fehlerszenarien werden mit dem zugehörigen Xray-Testfall abgestimmt.",300009,KAN-12,Highest
Task,E1-03 Karten klassifizieren – API und Geschäftslogik implementieren,"Zugehörige Story: KAN-12 – E1-03 Karten klassifizieren
Priorität der Story: Highest

Ziel
Use Cases, serverseitige Autorisierung, Transaktionen, Fehlercodes und idempotente Verarbeitung für die Story bereitstellen.

Vorgehen
1. Bestehende Schnittstellen, Daten und Randbedingungen für „Karten klassifizieren“ prüfen.
2. Die fachliche Regel an der zuständigen Schicht implementieren und gegen ungültige Eingaben absichern.
3. UI, API, Persistenz oder Testdaten so integrieren, dass der Ablauf reproduzierbar bleibt.
4. Erfolgs-, Fehler-, Berechtigungs- und Wiederholungsfall dokumentieren.

Erledigt wenn
- Der Use Case funktioniert unabhängig vom UI, ist gegen direkte Manipulation geschützt und liefert stabile Verträge.
- Die relevanten Akzeptanzkriterien der Story sind nachweisbar erfüllt.
- Automatisierte oder reproduzierbare Tests sind vorhanden und im Review nachvollziehbar.
- Keine bestehende Funktion außerhalb des Story-Scopes wird unbeabsichtigt verändert.

Abhängigkeiten
- Parent: KAN-12
- Testdaten und Fehlerszenarien werden mit dem zugehörigen Xray-Testfall abgestimmt.",300010,KAN-12,Highest
Task,E1-03 Karten klassifizieren – Admin- und Shop-Oberfläche bauen,"Zugehörige Story: KAN-12 – E1-03 Karten klassifizieren
Priorität der Story: Highest

Ziel
Formulare, Listen, Detailansichten, Ladezustände, Fehlerfälle und responsive Darstellung für die Story umsetzen.

Vorgehen
1. Bestehende Schnittstellen, Daten und Randbedingungen für „Karten klassifizieren“ prüfen.
2. Die fachliche Regel an der zuständigen Schicht implementieren und gegen ungültige Eingaben absichern.
3. UI, API, Persistenz oder Testdaten so integrieren, dass der Ablauf reproduzierbar bleibt.
4. Erfolgs-, Fehler-, Berechtigungs- und Wiederholungsfall dokumentieren.

Erledigt wenn
- Die Oberfläche führt Nutzer verständlich durch den Vorgang und verhindert inkonsistente Eingaben.
- Die relevanten Akzeptanzkriterien der Story sind nachweisbar erfüllt.
- Automatisierte oder reproduzierbare Tests sind vorhanden und im Review nachvollziehbar.
- Keine bestehende Funktion außerhalb des Story-Scopes wird unbeabsichtigt verändert.

Abhängigkeiten
- Parent: KAN-12
- Testdaten und Fehlerszenarien werden mit dem zugehörigen Xray-Testfall abgestimmt.",300011,KAN-12,Highest
Task,E1-03 Karten klassifizieren – Qualitätssicherung und Betriebsbeobachtung ergänzen,"Zugehörige Story: KAN-12 – E1-03 Karten klassifizieren
Priorität der Story: Highest

Ziel
Unit-, Integrations- und UI-Tests, Telemetrie sowie nachvollziehbare Logs für Erfolg und Fehler hinzufügen.

Vorgehen
1. Bestehende Schnittstellen, Daten und Randbedingungen für „Karten klassifizieren“ prüfen.
2. Die fachliche Regel an der zuständigen Schicht implementieren und gegen ungültige Eingaben absichern.
3. UI, API, Persistenz oder Testdaten so integrieren, dass der Ablauf reproduzierbar bleibt.
4. Erfolgs-, Fehler-, Berechtigungs- und Wiederholungsfall dokumentieren.

Erledigt wenn
- Die Akzeptanzkriterien sind automatisiert oder reproduzierbar geprüft; Fehler enthalten eine verwertbare Korrelation.
- Die relevanten Akzeptanzkriterien der Story sind nachweisbar erfüllt.
- Automatisierte oder reproduzierbare Tests sind vorhanden und im Review nachvollziehbar.
- Keine bestehende Funktion außerhalb des Story-Scopes wird unbeabsichtigt verändert.

Abhängigkeiten
- Parent: KAN-12
- Testdaten und Fehlerszenarien werden mit dem zugehörigen Xray-Testfall abgestimmt.",300012,KAN-12,Highest
Task,E1-04 Serien und Sets verwalten – Datenmodell und Fachregeln umsetzen,"Zugehörige Story: KAN-13 – E1-04 Serien und Sets verwalten
Priorität der Story: Highest

Ziel
Domänenmodell, Pflichtfelder, Wertebereiche, Eindeutigkeiten und Migrationsbedarf für die Story definieren und implementieren.

Vorgehen
1. Bestehende Schnittstellen, Daten und Randbedingungen für „Serien und Sets verwalten“ prüfen.
2. Die fachliche Regel an der zuständigen Schicht implementieren und gegen ungültige Eingaben absichern.
3. UI, API, Persistenz oder Testdaten so integrieren, dass der Ablauf reproduzierbar bleibt.
4. Erfolgs-, Fehler-, Berechtigungs- und Wiederholungsfall dokumentieren.

Erledigt wenn
- Persistenz ist migrationssicher, validiert ungültige Eingaben und hält bestehende Katalogdaten kompatibel.
- Die relevanten Akzeptanzkriterien der Story sind nachweisbar erfüllt.
- Automatisierte oder reproduzierbare Tests sind vorhanden und im Review nachvollziehbar.
- Keine bestehende Funktion außerhalb des Story-Scopes wird unbeabsichtigt verändert.

Abhängigkeiten
- Parent: KAN-13
- Testdaten und Fehlerszenarien werden mit dem zugehörigen Xray-Testfall abgestimmt.",300013,KAN-13,Highest
Task,E1-04 Serien und Sets verwalten – API und Geschäftslogik implementieren,"Zugehörige Story: KAN-13 – E1-04 Serien und Sets verwalten
Priorität der Story: Highest

Ziel
Use Cases, serverseitige Autorisierung, Transaktionen, Fehlercodes und idempotente Verarbeitung für die Story bereitstellen.

Vorgehen
1. Bestehende Schnittstellen, Daten und Randbedingungen für „Serien und Sets verwalten“ prüfen.
2. Die fachliche Regel an der zuständigen Schicht implementieren und gegen ungültige Eingaben absichern.
3. UI, API, Persistenz oder Testdaten so integrieren, dass der Ablauf reproduzierbar bleibt.
4. Erfolgs-, Fehler-, Berechtigungs- und Wiederholungsfall dokumentieren.

Erledigt wenn
- Der Use Case funktioniert unabhängig vom UI, ist gegen direkte Manipulation geschützt und liefert stabile Verträge.
- Die relevanten Akzeptanzkriterien der Story sind nachweisbar erfüllt.
- Automatisierte oder reproduzierbare Tests sind vorhanden und im Review nachvollziehbar.
- Keine bestehende Funktion außerhalb des Story-Scopes wird unbeabsichtigt verändert.

Abhängigkeiten
- Parent: KAN-13
- Testdaten und Fehlerszenarien werden mit dem zugehörigen Xray-Testfall abgestimmt.",300014,KAN-13,Highest
Task,E1-04 Serien und Sets verwalten – Admin- und Shop-Oberfläche bauen,"Zugehörige Story: KAN-13 – E1-04 Serien und Sets verwalten
Priorität der Story: Highest

Ziel
Formulare, Listen, Detailansichten, Ladezustände, Fehlerfälle und responsive Darstellung für die Story umsetzen.

Vorgehen
1. Bestehende Schnittstellen, Daten und Randbedingungen für „Serien und Sets verwalten“ prüfen.
2. Die fachliche Regel an der zuständigen Schicht implementieren und gegen ungültige Eingaben absichern.
3. UI, API, Persistenz oder Testdaten so integrieren, dass der Ablauf reproduzierbar bleibt.
4. Erfolgs-, Fehler-, Berechtigungs- und Wiederholungsfall dokumentieren.

Erledigt wenn
- Die Oberfläche führt Nutzer verständlich durch den Vorgang und verhindert inkonsistente Eingaben.
- Die relevanten Akzeptanzkriterien der Story sind nachweisbar erfüllt.
- Automatisierte oder reproduzierbare Tests sind vorhanden und im Review nachvollziehbar.
- Keine bestehende Funktion außerhalb des Story-Scopes wird unbeabsichtigt verändert.

Abhängigkeiten
- Parent: KAN-13
- Testdaten und Fehlerszenarien werden mit dem zugehörigen Xray-Testfall abgestimmt.",300015,KAN-13,Highest
Task,E1-04 Serien und Sets verwalten – Qualitätssicherung und Betriebsbeobachtung ergänzen,"Zugehörige Story: KAN-13 – E1-04 Serien und Sets verwalten
Priorität der Story: Highest

Ziel
Unit-, Integrations- und UI-Tests, Telemetrie sowie nachvollziehbare Logs für Erfolg und Fehler hinzufügen.

Vorgehen
1. Bestehende Schnittstellen, Daten und Randbedingungen für „Serien und Sets verwalten“ prüfen.
2. Die fachliche Regel an der zuständigen Schicht implementieren und gegen ungültige Eingaben absichern.
3. UI, API, Persistenz oder Testdaten so integrieren, dass der Ablauf reproduzierbar bleibt.
4. Erfolgs-, Fehler-, Berechtigungs- und Wiederholungsfall dokumentieren.

Erledigt wenn
- Die Akzeptanzkriterien sind automatisiert oder reproduzierbar geprüft; Fehler enthalten eine verwertbare Korrelation.
- Die relevanten Akzeptanzkriterien der Story sind nachweisbar erfüllt.
- Automatisierte oder reproduzierbare Tests sind vorhanden und im Review nachvollziehbar.
- Keine bestehende Funktion außerhalb des Story-Scopes wird unbeabsichtigt verändert.

Abhängigkeiten
- Parent: KAN-13
- Testdaten und Fehlerszenarien werden mit dem zugehörigen Xray-Testfall abgestimmt.",300016,KAN-13,Highest
Task,E1-05 Zustand und Grading erfassen – Datenmodell und Fachregeln umsetzen,"Zugehörige Story: KAN-14 – E1-05 Zustand und Grading erfassen
Priorität der Story: Highest

Ziel
Domänenmodell, Pflichtfelder, Wertebereiche, Eindeutigkeiten und Migrationsbedarf für die Story definieren und implementieren.

Vorgehen
1. Bestehende Schnittstellen, Daten und Randbedingungen für „Zustand und Grading erfassen“ prüfen.
2. Die fachliche Regel an der zuständigen Schicht implementieren und gegen ungültige Eingaben absichern.
3. UI, API, Persistenz oder Testdaten so integrieren, dass der Ablauf reproduzierbar bleibt.
4. Erfolgs-, Fehler-, Berechtigungs- und Wiederholungsfall dokumentieren.

Erledigt wenn
- Persistenz ist migrationssicher, validiert ungültige Eingaben und hält bestehende Katalogdaten kompatibel.
- Die relevanten Akzeptanzkriterien der Story sind nachweisbar erfüllt.
- Automatisierte oder reproduzierbare Tests sind vorhanden und im Review nachvollziehbar.
- Keine bestehende Funktion außerhalb des Story-Scopes wird unbeabsichtigt verändert.

Abhängigkeiten
- Parent: KAN-14
- Testdaten und Fehlerszenarien werden mit dem zugehörigen Xray-Testfall abgestimmt.",300017,KAN-14,Highest
Task,E1-05 Zustand und Grading erfassen – API und Geschäftslogik implementieren,"Zugehörige Story: KAN-14 – E1-05 Zustand und Grading erfassen
Priorität der Story: Highest

Ziel
Use Cases, serverseitige Autorisierung, Transaktionen, Fehlercodes und idempotente Verarbeitung für die Story bereitstellen.

Vorgehen
1. Bestehende Schnittstellen, Daten und Randbedingungen für „Zustand und Grading erfassen“ prüfen.
2. Die fachliche Regel an der zuständigen Schicht implementieren und gegen ungültige Eingaben absichern.
3. UI, API, Persistenz oder Testdaten so integrieren, dass der Ablauf reproduzierbar bleibt.
4. Erfolgs-, Fehler-, Berechtigungs- und Wiederholungsfall dokumentieren.

Erledigt wenn
- Der Use Case funktioniert unabhängig vom UI, ist gegen direkte Manipulation geschützt und liefert stabile Verträge.
- Die relevanten Akzeptanzkriterien der Story sind nachweisbar erfüllt.
- Automatisierte oder reproduzierbare Tests sind vorhanden und im Review nachvollziehbar.
- Keine bestehende Funktion außerhalb des Story-Scopes wird unbeabsichtigt verändert.

Abhängigkeiten
- Parent: KAN-14
- Testdaten und Fehlerszenarien werden mit dem zugehörigen Xray-Testfall abgestimmt.",300018,KAN-14,Highest
Task,E1-05 Zustand und Grading erfassen – Admin- und Shop-Oberfläche bauen,"Zugehörige Story: KAN-14 – E1-05 Zustand und Grading erfassen
Priorität der Story: Highest

Ziel
Formulare, Listen, Detailansichten, Ladezustände, Fehlerfälle und responsive Darstellung für die Story umsetzen.

Vorgehen
1. Bestehende Schnittstellen, Daten und Randbedingungen für „Zustand und Grading erfassen“ prüfen.
2. Die fachliche Regel an der zuständigen Schicht implementieren und gegen ungültige Eingaben absichern.
3. UI, API, Persistenz oder Testdaten so integrieren, dass der Ablauf reproduzierbar bleibt.
4. Erfolgs-, Fehler-, Berechtigungs- und Wiederholungsfall dokumentieren.

Erledigt wenn
- Die Oberfläche führt Nutzer verständlich durch den Vorgang und verhindert inkonsistente Eingaben.
- Die relevanten Akzeptanzkriterien der Story sind nachweisbar erfüllt.
- Automatisierte oder reproduzierbare Tests sind vorhanden und im Review nachvollziehbar.
- Keine bestehende Funktion außerhalb des Story-Scopes wird unbeabsichtigt verändert.

Abhängigkeiten
- Parent: KAN-14
- Testdaten und Fehlerszenarien werden mit dem zugehörigen Xray-Testfall abgestimmt.",300019,KAN-14,Highest
Task,E1-05 Zustand und Grading erfassen – Qualitätssicherung und Betriebsbeobachtung ergänzen,"Zugehörige Story: KAN-14 – E1-05 Zustand und Grading erfassen
Priorität der Story: Highest

Ziel
Unit-, Integrations- und UI-Tests, Telemetrie sowie nachvollziehbare Logs für Erfolg und Fehler hinzufügen.

Vorgehen
1. Bestehende Schnittstellen, Daten und Randbedingungen für „Zustand und Grading erfassen“ prüfen.
2. Die fachliche Regel an der zuständigen Schicht implementieren und gegen ungültige Eingaben absichern.
3. UI, API, Persistenz oder Testdaten so integrieren, dass der Ablauf reproduzierbar bleibt.
4. Erfolgs-, Fehler-, Berechtigungs- und Wiederholungsfall dokumentieren.

Erledigt wenn
- Die Akzeptanzkriterien sind automatisiert oder reproduzierbar geprüft; Fehler enthalten eine verwertbare Korrelation.
- Die relevanten Akzeptanzkriterien der Story sind nachweisbar erfüllt.
- Automatisierte oder reproduzierbare Tests sind vorhanden und im Review nachvollziehbar.
- Keine bestehende Funktion außerhalb des Story-Scopes wird unbeabsichtigt verändert.

Abhängigkeiten
- Parent: KAN-14
- Testdaten und Fehlerszenarien werden mit dem zugehörigen Xray-Testfall abgestimmt.",300020,KAN-14,Highest
Task,E1-06 Kartenbilder verwalten – Datenmodell und Fachregeln umsetzen,"Zugehörige Story: KAN-15 – E1-06 Kartenbilder verwalten
Priorität der Story: Highest

Ziel
Domänenmodell, Pflichtfelder, Wertebereiche, Eindeutigkeiten und Migrationsbedarf für die Story definieren und implementieren.

Vorgehen
1. Bestehende Schnittstellen, Daten und Randbedingungen für „Kartenbilder verwalten“ prüfen.
2. Die fachliche Regel an der zuständigen Schicht implementieren und gegen ungültige Eingaben absichern.
3. UI, API, Persistenz oder Testdaten so integrieren, dass der Ablauf reproduzierbar bleibt.
4. Erfolgs-, Fehler-, Berechtigungs- und Wiederholungsfall dokumentieren.

Erledigt wenn
- Persistenz ist migrationssicher, validiert ungültige Eingaben und hält bestehende Katalogdaten kompatibel.
- Die relevanten Akzeptanzkriterien der Story sind nachweisbar erfüllt.
- Automatisierte oder reproduzierbare Tests sind vorhanden und im Review nachvollziehbar.
- Keine bestehende Funktion außerhalb des Story-Scopes wird unbeabsichtigt verändert.

Abhängigkeiten
- Parent: KAN-15
- Testdaten und Fehlerszenarien werden mit dem zugehörigen Xray-Testfall abgestimmt.",300021,KAN-15,Highest
Task,E1-06 Kartenbilder verwalten – API und Geschäftslogik implementieren,"Zugehörige Story: KAN-15 – E1-06 Kartenbilder verwalten
Priorität der Story: Highest

Ziel
Use Cases, serverseitige Autorisierung, Transaktionen, Fehlercodes und idempotente Verarbeitung für die Story bereitstellen.

Vorgehen
1. Bestehende Schnittstellen, Daten und Randbedingungen für „Kartenbilder verwalten“ prüfen.
2. Die fachliche Regel an der zuständigen Schicht implementieren und gegen ungültige Eingaben absichern.
3. UI, API, Persistenz oder Testdaten so integrieren, dass der Ablauf reproduzierbar bleibt.
4. Erfolgs-, Fehler-, Berechtigungs- und Wiederholungsfall dokumentieren.

Erledigt wenn
- Der Use Case funktioniert unabhängig vom UI, ist gegen direkte Manipulation geschützt und liefert stabile Verträge.
- Die relevanten Akzeptanzkriterien der Story sind nachweisbar erfüllt.
- Automatisierte oder reproduzierbare Tests sind vorhanden und im Review nachvollziehbar.
- Keine bestehende Funktion außerhalb des Story-Scopes wird unbeabsichtigt verändert.

Abhängigkeiten
- Parent: KAN-15
- Testdaten und Fehlerszenarien werden mit dem zugehörigen Xray-Testfall abgestimmt.",300022,KAN-15,Highest
Task,E1-06 Kartenbilder verwalten – Admin- und Shop-Oberfläche bauen,"Zugehörige Story: KAN-15 – E1-06 Kartenbilder verwalten
Priorität der Story: Highest

Ziel
Formulare, Listen, Detailansichten, Ladezustände, Fehlerfälle und responsive Darstellung für die Story umsetzen.

Vorgehen
1. Bestehende Schnittstellen, Daten und Randbedingungen für „Kartenbilder verwalten“ prüfen.
2. Die fachliche Regel an der zuständigen Schicht implementieren und gegen ungültige Eingaben absichern.
3. UI, API, Persistenz oder Testdaten so integrieren, dass der Ablauf reproduzierbar bleibt.
4. Erfolgs-, Fehler-, Berechtigungs- und Wiederholungsfall dokumentieren.

Erledigt wenn
- Die Oberfläche führt Nutzer verständlich durch den Vorgang und verhindert inkonsistente Eingaben.
- Die relevanten Akzeptanzkriterien der Story sind nachweisbar erfüllt.
- Automatisierte oder reproduzierbare Tests sind vorhanden und im Review nachvollziehbar.
- Keine bestehende Funktion außerhalb des Story-Scopes wird unbeabsichtigt verändert.

Abhängigkeiten
- Parent: KAN-15
- Testdaten und Fehlerszenarien werden mit dem zugehörigen Xray-Testfall abgestimmt.",300023,KAN-15,Highest
Task,E1-06 Kartenbilder verwalten – Qualitätssicherung und Betriebsbeobachtung ergänzen,"Zugehörige Story: KAN-15 – E1-06 Kartenbilder verwalten
Priorität der Story: Highest

Ziel
Unit-, Integrations- und UI-Tests, Telemetrie sowie nachvollziehbare Logs für Erfolg und Fehler hinzufügen.

Vorgehen
1. Bestehende Schnittstellen, Daten und Randbedingungen für „Kartenbilder verwalten“ prüfen.
2. Die fachliche Regel an der zuständigen Schicht implementieren und gegen ungültige Eingaben absichern.
3. UI, API, Persistenz oder Testdaten so integrieren, dass der Ablauf reproduzierbar bleibt.
4. Erfolgs-, Fehler-, Berechtigungs- und Wiederholungsfall dokumentieren.

Erledigt wenn
- Die Akzeptanzkriterien sind automatisiert oder reproduzierbar geprüft; Fehler enthalten eine verwertbare Korrelation.
- Die relevanten Akzeptanzkriterien der Story sind nachweisbar erfüllt.
- Automatisierte oder reproduzierbare Tests sind vorhanden und im Review nachvollziehbar.
- Keine bestehende Funktion außerhalb des Story-Scopes wird unbeabsichtigt verändert.

Abhängigkeiten
- Parent: KAN-15
- Testdaten und Fehlerszenarien werden mit dem zugehörigen Xray-Testfall abgestimmt.",300024,KAN-15,Highest
Task,E1-07 Kartenpreise verwalten – Datenmodell und Fachregeln umsetzen,"Zugehörige Story: KAN-16 – E1-07 Kartenpreise verwalten
Priorität der Story: Highest

Ziel
Domänenmodell, Pflichtfelder, Wertebereiche, Eindeutigkeiten und Migrationsbedarf für die Story definieren und implementieren.

Vorgehen
1. Bestehende Schnittstellen, Daten und Randbedingungen für „Kartenpreise verwalten“ prüfen.
2. Die fachliche Regel an der zuständigen Schicht implementieren und gegen ungültige Eingaben absichern.
3. UI, API, Persistenz oder Testdaten so integrieren, dass der Ablauf reproduzierbar bleibt.
4. Erfolgs-, Fehler-, Berechtigungs- und Wiederholungsfall dokumentieren.

Erledigt wenn
- Persistenz ist migrationssicher, validiert ungültige Eingaben und hält bestehende Katalogdaten kompatibel.
- Die relevanten Akzeptanzkriterien der Story sind nachweisbar erfüllt.
- Automatisierte oder reproduzierbare Tests sind vorhanden und im Review nachvollziehbar.
- Keine bestehende Funktion außerhalb des Story-Scopes wird unbeabsichtigt verändert.

Abhängigkeiten
- Parent: KAN-16
- Testdaten und Fehlerszenarien werden mit dem zugehörigen Xray-Testfall abgestimmt.",300025,KAN-16,Highest
Task,E1-07 Kartenpreise verwalten – API und Geschäftslogik implementieren,"Zugehörige Story: KAN-16 – E1-07 Kartenpreise verwalten
Priorität der Story: Highest

Ziel
Use Cases, serverseitige Autorisierung, Transaktionen, Fehlercodes und idempotente Verarbeitung für die Story bereitstellen.

Vorgehen
1. Bestehende Schnittstellen, Daten und Randbedingungen für „Kartenpreise verwalten“ prüfen.
2. Die fachliche Regel an der zuständigen Schicht implementieren und gegen ungültige Eingaben absichern.
3. UI, API, Persistenz oder Testdaten so integrieren, dass der Ablauf reproduzierbar bleibt.
4. Erfolgs-, Fehler-, Berechtigungs- und Wiederholungsfall dokumentieren.

Erledigt wenn
- Der Use Case funktioniert unabhängig vom UI, ist gegen direkte Manipulation geschützt und liefert stabile Verträge.
- Die relevanten Akzeptanzkriterien der Story sind nachweisbar erfüllt.
- Automatisierte oder reproduzierbare Tests sind vorhanden und im Review nachvollziehbar.
- Keine bestehende Funktion außerhalb des Story-Scopes wird unbeabsichtigt verändert.

Abhängigkeiten
- Parent: KAN-16
- Testdaten und Fehlerszenarien werden mit dem zugehörigen Xray-Testfall abgestimmt.",300026,KAN-16,Highest
Task,E1-07 Kartenpreise verwalten – Admin- und Shop-Oberfläche bauen,"Zugehörige Story: KAN-16 – E1-07 Kartenpreise verwalten
Priorität der Story: Highest

Ziel
Formulare, Listen, Detailansichten, Ladezustände, Fehlerfälle und responsive Darstellung für die Story umsetzen.

Vorgehen
1. Bestehende Schnittstellen, Daten und Randbedingungen für „Kartenpreise verwalten“ prüfen.
2. Die fachliche Regel an der zuständigen Schicht implementieren und gegen ungültige Eingaben absichern.
3. UI, API, Persistenz oder Testdaten so integrieren, dass der Ablauf reproduzierbar bleibt.
4. Erfolgs-, Fehler-, Berechtigungs- und Wiederholungsfall dokumentieren.

Erledigt wenn
- Die Oberfläche führt Nutzer verständlich durch den Vorgang und verhindert inkonsistente Eingaben.
- Die relevanten Akzeptanzkriterien der Story sind nachweisbar erfüllt.
- Automatisierte oder reproduzierbare Tests sind vorhanden und im Review nachvollziehbar.
- Keine bestehende Funktion außerhalb des Story-Scopes wird unbeabsichtigt verändert.

Abhängigkeiten
- Parent: KAN-16
- Testdaten und Fehlerszenarien werden mit dem zugehörigen Xray-Testfall abgestimmt.",300027,KAN-16,Highest
Task,E1-07 Kartenpreise verwalten – Qualitätssicherung und Betriebsbeobachtung ergänzen,"Zugehörige Story: KAN-16 – E1-07 Kartenpreise verwalten
Priorität der Story: Highest

Ziel
Unit-, Integrations- und UI-Tests, Telemetrie sowie nachvollziehbare Logs für Erfolg und Fehler hinzufügen.

Vorgehen
1. Bestehende Schnittstellen, Daten und Randbedingungen für „Kartenpreise verwalten“ prüfen.
2. Die fachliche Regel an der zuständigen Schicht implementieren und gegen ungültige Eingaben absichern.
3. UI, API, Persistenz oder Testdaten so integrieren, dass der Ablauf reproduzierbar bleibt.
4. Erfolgs-, Fehler-, Berechtigungs- und Wiederholungsfall dokumentieren.

Erledigt wenn
- Die Akzeptanzkriterien sind automatisiert oder reproduzierbar geprüft; Fehler enthalten eine verwertbare Korrelation.
- Die relevanten Akzeptanzkriterien der Story sind nachweisbar erfüllt.
- Automatisierte oder reproduzierbare Tests sind vorhanden und im Review nachvollziehbar.
- Keine bestehende Funktion außerhalb des Story-Scopes wird unbeabsichtigt verändert.

Abhängigkeiten
- Parent: KAN-16
- Testdaten und Fehlerszenarien werden mit dem zugehörigen Xray-Testfall abgestimmt.",300028,KAN-16,Highest
Task,E1-08 Kartenbestand verwalten – Datenmodell und Fachregeln umsetzen,"Zugehörige Story: KAN-17 – E1-08 Kartenbestand verwalten
Priorität der Story: Highest

Ziel
Domänenmodell, Pflichtfelder, Wertebereiche, Eindeutigkeiten und Migrationsbedarf für die Story definieren und implementieren.

Vorgehen
1. Bestehende Schnittstellen, Daten und Randbedingungen für „Kartenbestand verwalten“ prüfen.
2. Die fachliche Regel an der zuständigen Schicht implementieren und gegen ungültige Eingaben absichern.
3. UI, API, Persistenz oder Testdaten so integrieren, dass der Ablauf reproduzierbar bleibt.
4. Erfolgs-, Fehler-, Berechtigungs- und Wiederholungsfall dokumentieren.

Erledigt wenn
- Persistenz ist migrationssicher, validiert ungültige Eingaben und hält bestehende Katalogdaten kompatibel.
- Die relevanten Akzeptanzkriterien der Story sind nachweisbar erfüllt.
- Automatisierte oder reproduzierbare Tests sind vorhanden und im Review nachvollziehbar.
- Keine bestehende Funktion außerhalb des Story-Scopes wird unbeabsichtigt verändert.

Abhängigkeiten
- Parent: KAN-17
- Testdaten und Fehlerszenarien werden mit dem zugehörigen Xray-Testfall abgestimmt.",300029,KAN-17,Highest
Task,E1-08 Kartenbestand verwalten – API und Geschäftslogik implementieren,"Zugehörige Story: KAN-17 – E1-08 Kartenbestand verwalten
Priorität der Story: Highest

Ziel
Use Cases, serverseitige Autorisierung, Transaktionen, Fehlercodes und idempotente Verarbeitung für die Story bereitstellen.

Vorgehen
1. Bestehende Schnittstellen, Daten und Randbedingungen für „Kartenbestand verwalten“ prüfen.
2. Die fachliche Regel an der zuständigen Schicht implementieren und gegen ungültige Eingaben absichern.
3. UI, API, Persistenz oder Testdaten so integrieren, dass der Ablauf reproduzierbar bleibt.
4. Erfolgs-, Fehler-, Berechtigungs- und Wiederholungsfall dokumentieren.

Erledigt wenn
- Der Use Case funktioniert unabhängig vom UI, ist gegen direkte Manipulation geschützt und liefert stabile Verträge.
- Die relevanten Akzeptanzkriterien der Story sind nachweisbar erfüllt.
- Automatisierte oder reproduzierbare Tests sind vorhanden und im Review nachvollziehbar.
- Keine bestehende Funktion außerhalb des Story-Scopes wird unbeabsichtigt verändert.

Abhängigkeiten
- Parent: KAN-17
- Testdaten und Fehlerszenarien werden mit dem zugehörigen Xray-Testfall abgestimmt.",300030,KAN-17,Highest
Task,E1-08 Kartenbestand verwalten – Admin- und Shop-Oberfläche bauen,"Zugehörige Story: KAN-17 – E1-08 Kartenbestand verwalten
Priorität der Story: Highest

Ziel
Formulare, Listen, Detailansichten, Ladezustände, Fehlerfälle und responsive Darstellung für die Story umsetzen.

Vorgehen
1. Bestehende Schnittstellen, Daten und Randbedingungen für „Kartenbestand verwalten“ prüfen.
2. Die fachliche Regel an der zuständigen Schicht implementieren und gegen ungültige Eingaben absichern.
3. UI, API, Persistenz oder Testdaten so integrieren, dass der Ablauf reproduzierbar bleibt.
4. Erfolgs-, Fehler-, Berechtigungs- und Wiederholungsfall dokumentieren.

Erledigt wenn
- Die Oberfläche führt Nutzer verständlich durch den Vorgang und verhindert inkonsistente Eingaben.
- Die relevanten Akzeptanzkriterien der Story sind nachweisbar erfüllt.
- Automatisierte oder reproduzierbare Tests sind vorhanden und im Review nachvollziehbar.
- Keine bestehende Funktion außerhalb des Story-Scopes wird unbeabsichtigt verändert.

Abhängigkeiten
- Parent: KAN-17
- Testdaten und Fehlerszenarien werden mit dem zugehörigen Xray-Testfall abgestimmt.",300031,KAN-17,Highest
Task,E1-08 Kartenbestand verwalten – Qualitätssicherung und Betriebsbeobachtung ergänzen,"Zugehörige Story: KAN-17 – E1-08 Kartenbestand verwalten
Priorität der Story: Highest

Ziel
Unit-, Integrations- und UI-Tests, Telemetrie sowie nachvollziehbare Logs für Erfolg und Fehler hinzufügen.

Vorgehen
1. Bestehende Schnittstellen, Daten und Randbedingungen für „Kartenbestand verwalten“ prüfen.
2. Die fachliche Regel an der zuständigen Schicht implementieren und gegen ungültige Eingaben absichern.
3. UI, API, Persistenz oder Testdaten so integrieren, dass der Ablauf reproduzierbar bleibt.
4. Erfolgs-, Fehler-, Berechtigungs- und Wiederholungsfall dokumentieren.

Erledigt wenn
- Die Akzeptanzkriterien sind automatisiert oder reproduzierbar geprüft; Fehler enthalten eine verwertbare Korrelation.
- Die relevanten Akzeptanzkriterien der Story sind nachweisbar erfüllt.
- Automatisierte oder reproduzierbare Tests sind vorhanden und im Review nachvollziehbar.
- Keine bestehende Funktion außerhalb des Story-Scopes wird unbeabsichtigt verändert.

Abhängigkeiten
- Parent: KAN-17
- Testdaten und Fehlerszenarien werden mit dem zugehörigen Xray-Testfall abgestimmt.",300032,KAN-17,Highest
Task,E1-09 Bundles und Sammlungen verwalten – Datenmodell und Fachregeln umsetzen,"Zugehörige Story: KAN-18 – E1-09 Bundles und Sammlungen verwalten
Priorität der Story: High

Ziel
Domänenmodell, Pflichtfelder, Wertebereiche, Eindeutigkeiten und Migrationsbedarf für die Story definieren und implementieren.

Vorgehen
1. Bestehende Schnittstellen, Daten und Randbedingungen für „Bundles und Sammlungen verwalten“ prüfen.
2. Die fachliche Regel an der zuständigen Schicht implementieren und gegen ungültige Eingaben absichern.
3. UI, API, Persistenz oder Testdaten so integrieren, dass der Ablauf reproduzierbar bleibt.
4. Erfolgs-, Fehler-, Berechtigungs- und Wiederholungsfall dokumentieren.

Erledigt wenn
- Persistenz ist migrationssicher, validiert ungültige Eingaben und hält bestehende Katalogdaten kompatibel.
- Die relevanten Akzeptanzkriterien der Story sind nachweisbar erfüllt.
- Automatisierte oder reproduzierbare Tests sind vorhanden und im Review nachvollziehbar.
- Keine bestehende Funktion außerhalb des Story-Scopes wird unbeabsichtigt verändert.

Abhängigkeiten
- Parent: KAN-18
- Testdaten und Fehlerszenarien werden mit dem zugehörigen Xray-Testfall abgestimmt.",300033,KAN-18,High
Task,E1-09 Bundles und Sammlungen verwalten – API und Geschäftslogik implementieren,"Zugehörige Story: KAN-18 – E1-09 Bundles und Sammlungen verwalten
Priorität der Story: High

Ziel
Use Cases, serverseitige Autorisierung, Transaktionen, Fehlercodes und idempotente Verarbeitung für die Story bereitstellen.

Vorgehen
1. Bestehende Schnittstellen, Daten und Randbedingungen für „Bundles und Sammlungen verwalten“ prüfen.
2. Die fachliche Regel an der zuständigen Schicht implementieren und gegen ungültige Eingaben absichern.
3. UI, API, Persistenz oder Testdaten so integrieren, dass der Ablauf reproduzierbar bleibt.
4. Erfolgs-, Fehler-, Berechtigungs- und Wiederholungsfall dokumentieren.

Erledigt wenn
- Der Use Case funktioniert unabhängig vom UI, ist gegen direkte Manipulation geschützt und liefert stabile Verträge.
- Die relevanten Akzeptanzkriterien der Story sind nachweisbar erfüllt.
- Automatisierte oder reproduzierbare Tests sind vorhanden und im Review nachvollziehbar.
- Keine bestehende Funktion außerhalb des Story-Scopes wird unbeabsichtigt verändert.

Abhängigkeiten
- Parent: KAN-18
- Testdaten und Fehlerszenarien werden mit dem zugehörigen Xray-Testfall abgestimmt.",300034,KAN-18,High
Task,E1-09 Bundles und Sammlungen verwalten – Admin- und Shop-Oberfläche bauen,"Zugehörige Story: KAN-18 – E1-09 Bundles und Sammlungen verwalten
Priorität der Story: High

Ziel
Formulare, Listen, Detailansichten, Ladezustände, Fehlerfälle und responsive Darstellung für die Story umsetzen.

Vorgehen
1. Bestehende Schnittstellen, Daten und Randbedingungen für „Bundles und Sammlungen verwalten“ prüfen.
2. Die fachliche Regel an der zuständigen Schicht implementieren und gegen ungültige Eingaben absichern.
3. UI, API, Persistenz oder Testdaten so integrieren, dass der Ablauf reproduzierbar bleibt.
4. Erfolgs-, Fehler-, Berechtigungs- und Wiederholungsfall dokumentieren.

Erledigt wenn
- Die Oberfläche führt Nutzer verständlich durch den Vorgang und verhindert inkonsistente Eingaben.
- Die relevanten Akzeptanzkriterien der Story sind nachweisbar erfüllt.
- Automatisierte oder reproduzierbare Tests sind vorhanden und im Review nachvollziehbar.
- Keine bestehende Funktion außerhalb des Story-Scopes wird unbeabsichtigt verändert.

Abhängigkeiten
- Parent: KAN-18
- Testdaten und Fehlerszenarien werden mit dem zugehörigen Xray-Testfall abgestimmt.",300035,KAN-18,High
Task,E1-09 Bundles und Sammlungen verwalten – Qualitätssicherung und Betriebsbeobachtung ergänzen,"Zugehörige Story: KAN-18 – E1-09 Bundles und Sammlungen verwalten
Priorität der Story: High

Ziel
Unit-, Integrations- und UI-Tests, Telemetrie sowie nachvollziehbare Logs für Erfolg und Fehler hinzufügen.

Vorgehen
1. Bestehende Schnittstellen, Daten und Randbedingungen für „Bundles und Sammlungen verwalten“ prüfen.
2. Die fachliche Regel an der zuständigen Schicht implementieren und gegen ungültige Eingaben absichern.
3. UI, API, Persistenz oder Testdaten so integrieren, dass der Ablauf reproduzierbar bleibt.
4. Erfolgs-, Fehler-, Berechtigungs- und Wiederholungsfall dokumentieren.

Erledigt wenn
- Die Akzeptanzkriterien sind automatisiert oder reproduzierbar geprüft; Fehler enthalten eine verwertbare Korrelation.
- Die relevanten Akzeptanzkriterien der Story sind nachweisbar erfüllt.
- Automatisierte oder reproduzierbare Tests sind vorhanden und im Review nachvollziehbar.
- Keine bestehende Funktion außerhalb des Story-Scopes wird unbeabsichtigt verändert.

Abhängigkeiten
- Parent: KAN-18
- Testdaten und Fehlerszenarien werden mit dem zugehörigen Xray-Testfall abgestimmt.",300036,KAN-18,High
Task,E1-10 Kartenstatus verwalten – Datenmodell und Fachregeln umsetzen,"Zugehörige Story: KAN-19 – E1-10 Kartenstatus verwalten
Priorität der Story: Highest

Ziel
Domänenmodell, Pflichtfelder, Wertebereiche, Eindeutigkeiten und Migrationsbedarf für die Story definieren und implementieren.

Vorgehen
1. Bestehende Schnittstellen, Daten und Randbedingungen für „Kartenstatus verwalten“ prüfen.
2. Die fachliche Regel an der zuständigen Schicht implementieren und gegen ungültige Eingaben absichern.
3. UI, API, Persistenz oder Testdaten so integrieren, dass der Ablauf reproduzierbar bleibt.
4. Erfolgs-, Fehler-, Berechtigungs- und Wiederholungsfall dokumentieren.

Erledigt wenn
- Persistenz ist migrationssicher, validiert ungültige Eingaben und hält bestehende Katalogdaten kompatibel.
- Die relevanten Akzeptanzkriterien der Story sind nachweisbar erfüllt.
- Automatisierte oder reproduzierbare Tests sind vorhanden und im Review nachvollziehbar.
- Keine bestehende Funktion außerhalb des Story-Scopes wird unbeabsichtigt verändert.

Abhängigkeiten
- Parent: KAN-19
- Testdaten und Fehlerszenarien werden mit dem zugehörigen Xray-Testfall abgestimmt.",300037,KAN-19,Highest
Task,E1-10 Kartenstatus verwalten – API und Geschäftslogik implementieren,"Zugehörige Story: KAN-19 – E1-10 Kartenstatus verwalten
Priorität der Story: Highest

Ziel
Use Cases, serverseitige Autorisierung, Transaktionen, Fehlercodes und idempotente Verarbeitung für die Story bereitstellen.

Vorgehen
1. Bestehende Schnittstellen, Daten und Randbedingungen für „Kartenstatus verwalten“ prüfen.
2. Die fachliche Regel an der zuständigen Schicht implementieren und gegen ungültige Eingaben absichern.
3. UI, API, Persistenz oder Testdaten so integrieren, dass der Ablauf reproduzierbar bleibt.
4. Erfolgs-, Fehler-, Berechtigungs- und Wiederholungsfall dokumentieren.

Erledigt wenn
- Der Use Case funktioniert unabhängig vom UI, ist gegen direkte Manipulation geschützt und liefert stabile Verträge.
- Die relevanten Akzeptanzkriterien der Story sind nachweisbar erfüllt.
- Automatisierte oder reproduzierbare Tests sind vorhanden und im Review nachvollziehbar.
- Keine bestehende Funktion außerhalb des Story-Scopes wird unbeabsichtigt verändert.

Abhängigkeiten
- Parent: KAN-19
- Testdaten und Fehlerszenarien werden mit dem zugehörigen Xray-Testfall abgestimmt.",300038,KAN-19,Highest
Task,E1-10 Kartenstatus verwalten – Admin- und Shop-Oberfläche bauen,"Zugehörige Story: KAN-19 – E1-10 Kartenstatus verwalten
Priorität der Story: Highest

Ziel
Formulare, Listen, Detailansichten, Ladezustände, Fehlerfälle und responsive Darstellung für die Story umsetzen.

Vorgehen
1. Bestehende Schnittstellen, Daten und Randbedingungen für „Kartenstatus verwalten“ prüfen.
2. Die fachliche Regel an der zuständigen Schicht implementieren und gegen ungültige Eingaben absichern.
3. UI, API, Persistenz oder Testdaten so integrieren, dass der Ablauf reproduzierbar bleibt.
4. Erfolgs-, Fehler-, Berechtigungs- und Wiederholungsfall dokumentieren.

Erledigt wenn
- Die Oberfläche führt Nutzer verständlich durch den Vorgang und verhindert inkonsistente Eingaben.
- Die relevanten Akzeptanzkriterien der Story sind nachweisbar erfüllt.
- Automatisierte oder reproduzierbare Tests sind vorhanden und im Review nachvollziehbar.
- Keine bestehende Funktion außerhalb des Story-Scopes wird unbeabsichtigt verändert.

Abhängigkeiten
- Parent: KAN-19
- Testdaten und Fehlerszenarien werden mit dem zugehörigen Xray-Testfall abgestimmt.",300039,KAN-19,Highest
Task,E1-10 Kartenstatus verwalten – Qualitätssicherung und Betriebsbeobachtung ergänzen,"Zugehörige Story: KAN-19 – E1-10 Kartenstatus verwalten
Priorität der Story: Highest

Ziel
Unit-, Integrations- und UI-Tests, Telemetrie sowie nachvollziehbare Logs für Erfolg und Fehler hinzufügen.

Vorgehen
1. Bestehende Schnittstellen, Daten und Randbedingungen für „Kartenstatus verwalten“ prüfen.
2. Die fachliche Regel an der zuständigen Schicht implementieren und gegen ungültige Eingaben absichern.
3. UI, API, Persistenz oder Testdaten so integrieren, dass der Ablauf reproduzierbar bleibt.
4. Erfolgs-, Fehler-, Berechtigungs- und Wiederholungsfall dokumentieren.

Erledigt wenn
- Die Akzeptanzkriterien sind automatisiert oder reproduzierbar geprüft; Fehler enthalten eine verwertbare Korrelation.
- Die relevanten Akzeptanzkriterien der Story sind nachweisbar erfüllt.
- Automatisierte oder reproduzierbare Tests sind vorhanden und im Review nachvollziehbar.
- Keine bestehende Funktion außerhalb des Story-Scopes wird unbeabsichtigt verändert.

Abhängigkeiten
- Parent: KAN-19
- Testdaten und Fehlerszenarien werden mit dem zugehörigen Xray-Testfall abgestimmt.",300040,KAN-19,Highest
Task,E1-11 Karten importieren und synchronisieren – Datenmodell und Fachregeln umsetzen,"Zugehörige Story: KAN-20 – E1-11 Karten importieren und synchronisieren
Priorität der Story: Highest

Ziel
Domänenmodell, Pflichtfelder, Wertebereiche, Eindeutigkeiten und Migrationsbedarf für die Story definieren und implementieren.

Vorgehen
1. Bestehende Schnittstellen, Daten und Randbedingungen für „Karten importieren und synchronisieren“ prüfen.
2. Die fachliche Regel an der zuständigen Schicht implementieren und gegen ungültige Eingaben absichern.
3. UI, API, Persistenz oder Testdaten so integrieren, dass der Ablauf reproduzierbar bleibt.
4. Erfolgs-, Fehler-, Berechtigungs- und Wiederholungsfall dokumentieren.

Erledigt wenn
- Persistenz ist migrationssicher, validiert ungültige Eingaben und hält bestehende Katalogdaten kompatibel.
- Die relevanten Akzeptanzkriterien der Story sind nachweisbar erfüllt.
- Automatisierte oder reproduzierbare Tests sind vorhanden und im Review nachvollziehbar.
- Keine bestehende Funktion außerhalb des Story-Scopes wird unbeabsichtigt verändert.

Abhängigkeiten
- Parent: KAN-20
- Testdaten und Fehlerszenarien werden mit dem zugehörigen Xray-Testfall abgestimmt.",300041,KAN-20,Highest
Task,E1-11 Karten importieren und synchronisieren – API und Geschäftslogik implementieren,"Zugehörige Story: KAN-20 – E1-11 Karten importieren und synchronisieren
Priorität der Story: Highest

Ziel
Use Cases, serverseitige Autorisierung, Transaktionen, Fehlercodes und idempotente Verarbeitung für die Story bereitstellen.

Vorgehen
1. Bestehende Schnittstellen, Daten und Randbedingungen für „Karten importieren und synchronisieren“ prüfen.
2. Die fachliche Regel an der zuständigen Schicht implementieren und gegen ungültige Eingaben absichern.
3. UI, API, Persistenz oder Testdaten so integrieren, dass der Ablauf reproduzierbar bleibt.
4. Erfolgs-, Fehler-, Berechtigungs- und Wiederholungsfall dokumentieren.

Erledigt wenn
- Der Use Case funktioniert unabhängig vom UI, ist gegen direkte Manipulation geschützt und liefert stabile Verträge.
- Die relevanten Akzeptanzkriterien der Story sind nachweisbar erfüllt.
- Automatisierte oder reproduzierbare Tests sind vorhanden und im Review nachvollziehbar.
- Keine bestehende Funktion außerhalb des Story-Scopes wird unbeabsichtigt verändert.

Abhängigkeiten
- Parent: KAN-20
- Testdaten und Fehlerszenarien werden mit dem zugehörigen Xray-Testfall abgestimmt.",300042,KAN-20,Highest
Task,E1-11 Karten importieren und synchronisieren – Admin- und Shop-Oberfläche bauen,"Zugehörige Story: KAN-20 – E1-11 Karten importieren und synchronisieren
Priorität der Story: Highest

Ziel
Formulare, Listen, Detailansichten, Ladezustände, Fehlerfälle und responsive Darstellung für die Story umsetzen.

Vorgehen
1. Bestehende Schnittstellen, Daten und Randbedingungen für „Karten importieren und synchronisieren“ prüfen.
2. Die fachliche Regel an der zuständigen Schicht implementieren und gegen ungültige Eingaben absichern.
3. UI, API, Persistenz oder Testdaten so integrieren, dass der Ablauf reproduzierbar bleibt.
4. Erfolgs-, Fehler-, Berechtigungs- und Wiederholungsfall dokumentieren.

Erledigt wenn
- Die Oberfläche führt Nutzer verständlich durch den Vorgang und verhindert inkonsistente Eingaben.
- Die relevanten Akzeptanzkriterien der Story sind nachweisbar erfüllt.
- Automatisierte oder reproduzierbare Tests sind vorhanden und im Review nachvollziehbar.
- Keine bestehende Funktion außerhalb des Story-Scopes wird unbeabsichtigt verändert.

Abhängigkeiten
- Parent: KAN-20
- Testdaten und Fehlerszenarien werden mit dem zugehörigen Xray-Testfall abgestimmt.",300043,KAN-20,Highest
Task,E1-11 Karten importieren und synchronisieren – Qualitätssicherung und Betriebsbeobachtung ergänzen,"Zugehörige Story: KAN-20 – E1-11 Karten importieren und synchronisieren
Priorität der Story: Highest

Ziel
Unit-, Integrations- und UI-Tests, Telemetrie sowie nachvollziehbare Logs für Erfolg und Fehler hinzufügen.

Vorgehen
1. Bestehende Schnittstellen, Daten und Randbedingungen für „Karten importieren und synchronisieren“ prüfen.
2. Die fachliche Regel an der zuständigen Schicht implementieren und gegen ungültige Eingaben absichern.
3. UI, API, Persistenz oder Testdaten so integrieren, dass der Ablauf reproduzierbar bleibt.
4. Erfolgs-, Fehler-, Berechtigungs- und Wiederholungsfall dokumentieren.

Erledigt wenn
- Die Akzeptanzkriterien sind automatisiert oder reproduzierbar geprüft; Fehler enthalten eine verwertbare Korrelation.
- Die relevanten Akzeptanzkriterien der Story sind nachweisbar erfüllt.
- Automatisierte oder reproduzierbare Tests sind vorhanden und im Review nachvollziehbar.
- Keine bestehende Funktion außerhalb des Story-Scopes wird unbeabsichtigt verändert.

Abhängigkeiten
- Parent: KAN-20
- Testdaten und Fehlerszenarien werden mit dem zugehörigen Xray-Testfall abgestimmt.",300044,KAN-20,Highest
Task,E2-01 Karten suchen – Such- und Abfragepfad implementieren,"Zugehörige Story: KAN-21 – E2-01 Karten suchen
Priorität der Story: Highest

Ziel
Filter, Sortierung, Pagination, Normalisierung von Suchbegriffen und die fachliche Query-Logik für die Story umsetzen.

Vorgehen
1. Bestehende Schnittstellen, Daten und Randbedingungen für „Karten suchen“ prüfen.
2. Die fachliche Regel an der zuständigen Schicht implementieren und gegen ungültige Eingaben absichern.
3. UI, API, Persistenz oder Testdaten so integrieren, dass der Ablauf reproduzierbar bleibt.
4. Erfolgs-, Fehler-, Berechtigungs- und Wiederholungsfall dokumentieren.

Erledigt wenn
- Treffer sind korrekt, stabil sortiert, paginiert und gegen ungültige oder missbräuchliche Eingaben geschützt.
- Die relevanten Akzeptanzkriterien der Story sind nachweisbar erfüllt.
- Automatisierte oder reproduzierbare Tests sind vorhanden und im Review nachvollziehbar.
- Keine bestehende Funktion außerhalb des Story-Scopes wird unbeabsichtigt verändert.

Abhängigkeiten
- Parent: KAN-21
- Testdaten und Fehlerszenarien werden mit dem zugehörigen Xray-Testfall abgestimmt.",300045,KAN-21,Highest
Task,E2-01 Karten suchen – Ergebnis- und Detailkomponenten umsetzen,"Zugehörige Story: KAN-21 – E2-01 Karten suchen
Priorität der Story: Highest

Ziel
Listen-, Karten- und Detailkomponenten mit URL-Zustand, Verfügbarkeit, Bildern und responsiven Varianten bauen.

Vorgehen
1. Bestehende Schnittstellen, Daten und Randbedingungen für „Karten suchen“ prüfen.
2. Die fachliche Regel an der zuständigen Schicht implementieren und gegen ungültige Eingaben absichern.
3. UI, API, Persistenz oder Testdaten so integrieren, dass der Ablauf reproduzierbar bleibt.
4. Erfolgs-, Fehler-, Berechtigungs- und Wiederholungsfall dokumentieren.

Erledigt wenn
- Der relevante Zustand bleibt beim Navigieren erhalten und ist auf den unterstützten Viewports nutzbar.
- Die relevanten Akzeptanzkriterien der Story sind nachweisbar erfüllt.
- Automatisierte oder reproduzierbare Tests sind vorhanden und im Review nachvollziehbar.
- Keine bestehende Funktion außerhalb des Story-Scopes wird unbeabsichtigt verändert.

Abhängigkeiten
- Parent: KAN-21
- Testdaten und Fehlerszenarien werden mit dem zugehörigen Xray-Testfall abgestimmt.",300046,KAN-21,Highest
Task,"E2-01 Karten suchen – Leere, Fehler- und Performancepfade absichern","Zugehörige Story: KAN-21 – E2-01 Karten suchen
Priorität der Story: Highest

Ziel
Keine-Treffer-, Fehler-, langsame Antwort- und große Ergebnismengen mit verständlicher Rückmeldung und geeigneten Limits behandeln.

Vorgehen
1. Bestehende Schnittstellen, Daten und Randbedingungen für „Karten suchen“ prüfen.
2. Die fachliche Regel an der zuständigen Schicht implementieren und gegen ungültige Eingaben absichern.
3. UI, API, Persistenz oder Testdaten so integrieren, dass der Ablauf reproduzierbar bleibt.
4. Erfolgs-, Fehler-, Berechtigungs- und Wiederholungsfall dokumentieren.

Erledigt wenn
- Kein Zustand wirkt wie ein erfolgreicher Treffer; Ladezeiten und Requests bleiben kontrollierbar.
- Die relevanten Akzeptanzkriterien der Story sind nachweisbar erfüllt.
- Automatisierte oder reproduzierbare Tests sind vorhanden und im Review nachvollziehbar.
- Keine bestehende Funktion außerhalb des Story-Scopes wird unbeabsichtigt verändert.

Abhängigkeiten
- Parent: KAN-21
- Testdaten und Fehlerszenarien werden mit dem zugehörigen Xray-Testfall abgestimmt.",300047,KAN-21,Highest
Task,E2-01 Karten suchen – Accessibility- und Regressionstests ergänzen,"Zugehörige Story: KAN-21 – E2-01 Karten suchen
Priorität der Story: Highest

Ziel
Tastaturpfade, Screenreader-Namen, Fokusreihenfolge, visuelle Regression und repräsentative Datenvarianten testen.

Vorgehen
1. Bestehende Schnittstellen, Daten und Randbedingungen für „Karten suchen“ prüfen.
2. Die fachliche Regel an der zuständigen Schicht implementieren und gegen ungültige Eingaben absichern.
3. UI, API, Persistenz oder Testdaten so integrieren, dass der Ablauf reproduzierbar bleibt.
4. Erfolgs-, Fehler-, Berechtigungs- und Wiederholungsfall dokumentieren.

Erledigt wenn
- Die wichtigsten Nutzungspfade sind reproduzierbar geprüft und die Ergebnisse im Testmanagement verwertbar.
- Die relevanten Akzeptanzkriterien der Story sind nachweisbar erfüllt.
- Automatisierte oder reproduzierbare Tests sind vorhanden und im Review nachvollziehbar.
- Keine bestehende Funktion außerhalb des Story-Scopes wird unbeabsichtigt verändert.

Abhängigkeiten
- Parent: KAN-21
- Testdaten und Fehlerszenarien werden mit dem zugehörigen Xray-Testfall abgestimmt.",300048,KAN-21,Highest
Task,E2-02 Suchvorschläge erhalten – Such- und Abfragepfad implementieren,"Zugehörige Story: KAN-22 – E2-02 Suchvorschläge erhalten
Priorität der Story: High

Ziel
Filter, Sortierung, Pagination, Normalisierung von Suchbegriffen und die fachliche Query-Logik für die Story umsetzen.

Vorgehen
1. Bestehende Schnittstellen, Daten und Randbedingungen für „Suchvorschläge erhalten“ prüfen.
2. Die fachliche Regel an der zuständigen Schicht implementieren und gegen ungültige Eingaben absichern.
3. UI, API, Persistenz oder Testdaten so integrieren, dass der Ablauf reproduzierbar bleibt.
4. Erfolgs-, Fehler-, Berechtigungs- und Wiederholungsfall dokumentieren.

Erledigt wenn
- Treffer sind korrekt, stabil sortiert, paginiert und gegen ungültige oder missbräuchliche Eingaben geschützt.
- Die relevanten Akzeptanzkriterien der Story sind nachweisbar erfüllt.
- Automatisierte oder reproduzierbare Tests sind vorhanden und im Review nachvollziehbar.
- Keine bestehende Funktion außerhalb des Story-Scopes wird unbeabsichtigt verändert.

Abhängigkeiten
- Parent: KAN-22
- Testdaten und Fehlerszenarien werden mit dem zugehörigen Xray-Testfall abgestimmt.",300049,KAN-22,High
Task,E2-02 Suchvorschläge erhalten – Ergebnis- und Detailkomponenten umsetzen,"Zugehörige Story: KAN-22 – E2-02 Suchvorschläge erhalten
Priorität der Story: High

Ziel
Listen-, Karten- und Detailkomponenten mit URL-Zustand, Verfügbarkeit, Bildern und responsiven Varianten bauen.

Vorgehen
1. Bestehende Schnittstellen, Daten und Randbedingungen für „Suchvorschläge erhalten“ prüfen.
2. Die fachliche Regel an der zuständigen Schicht implementieren und gegen ungültige Eingaben absichern.
3. UI, API, Persistenz oder Testdaten so integrieren, dass der Ablauf reproduzierbar bleibt.
4. Erfolgs-, Fehler-, Berechtigungs- und Wiederholungsfall dokumentieren.

Erledigt wenn
- Der relevante Zustand bleibt beim Navigieren erhalten und ist auf den unterstützten Viewports nutzbar.
- Die relevanten Akzeptanzkriterien der Story sind nachweisbar erfüllt.
- Automatisierte oder reproduzierbare Tests sind vorhanden und im Review nachvollziehbar.
- Keine bestehende Funktion außerhalb des Story-Scopes wird unbeabsichtigt verändert.

Abhängigkeiten
- Parent: KAN-22
- Testdaten und Fehlerszenarien werden mit dem zugehörigen Xray-Testfall abgestimmt.",300050,KAN-22,High
Task,"E2-02 Suchvorschläge erhalten – Leere, Fehler- und Performancepfade absichern","Zugehörige Story: KAN-22 – E2-02 Suchvorschläge erhalten
Priorität der Story: High

Ziel
Keine-Treffer-, Fehler-, langsame Antwort- und große Ergebnismengen mit verständlicher Rückmeldung und geeigneten Limits behandeln.

Vorgehen
1. Bestehende Schnittstellen, Daten und Randbedingungen für „Suchvorschläge erhalten“ prüfen.
2. Die fachliche Regel an der zuständigen Schicht implementieren und gegen ungültige Eingaben absichern.
3. UI, API, Persistenz oder Testdaten so integrieren, dass der Ablauf reproduzierbar bleibt.
4. Erfolgs-, Fehler-, Berechtigungs- und Wiederholungsfall dokumentieren.

Erledigt wenn
- Kein Zustand wirkt wie ein erfolgreicher Treffer; Ladezeiten und Requests bleiben kontrollierbar.
- Die relevanten Akzeptanzkriterien der Story sind nachweisbar erfüllt.
- Automatisierte oder reproduzierbare Tests sind vorhanden und im Review nachvollziehbar.
- Keine bestehende Funktion außerhalb des Story-Scopes wird unbeabsichtigt verändert.

Abhängigkeiten
- Parent: KAN-22
- Testdaten und Fehlerszenarien werden mit dem zugehörigen Xray-Testfall abgestimmt.",300051,KAN-22,High
Task,E2-02 Suchvorschläge erhalten – Accessibility- und Regressionstests ergänzen,"Zugehörige Story: KAN-22 – E2-02 Suchvorschläge erhalten
Priorität der Story: High

Ziel
Tastaturpfade, Screenreader-Namen, Fokusreihenfolge, visuelle Regression und repräsentative Datenvarianten testen.

Vorgehen
1. Bestehende Schnittstellen, Daten und Randbedingungen für „Suchvorschläge erhalten“ prüfen.
2. Die fachliche Regel an der zuständigen Schicht implementieren und gegen ungültige Eingaben absichern.
3. UI, API, Persistenz oder Testdaten so integrieren, dass der Ablauf reproduzierbar bleibt.
4. Erfolgs-, Fehler-, Berechtigungs- und Wiederholungsfall dokumentieren.

Erledigt wenn
- Die wichtigsten Nutzungspfade sind reproduzierbar geprüft und die Ergebnisse im Testmanagement verwertbar.
- Die relevanten Akzeptanzkriterien der Story sind nachweisbar erfüllt.
- Automatisierte oder reproduzierbare Tests sind vorhanden und im Review nachvollziehbar.
- Keine bestehende Funktion außerhalb des Story-Scopes wird unbeabsichtigt verändert.

Abhängigkeiten
- Parent: KAN-22
- Testdaten und Fehlerszenarien werden mit dem zugehörigen Xray-Testfall abgestimmt.",300052,KAN-22,High
Task,E2-03 Nach Sportart und Saison filtern – Such- und Abfragepfad implementieren,"Zugehörige Story: KAN-23 – E2-03 Nach Sportart und Saison filtern
Priorität der Story: Highest

Ziel
Filter, Sortierung, Pagination, Normalisierung von Suchbegriffen und die fachliche Query-Logik für die Story umsetzen.

Vorgehen
1. Bestehende Schnittstellen, Daten und Randbedingungen für „Nach Sportart und Saison filtern“ prüfen.
2. Die fachliche Regel an der zuständigen Schicht implementieren und gegen ungültige Eingaben absichern.
3. UI, API, Persistenz oder Testdaten so integrieren, dass der Ablauf reproduzierbar bleibt.
4. Erfolgs-, Fehler-, Berechtigungs- und Wiederholungsfall dokumentieren.

Erledigt wenn
- Treffer sind korrekt, stabil sortiert, paginiert und gegen ungültige oder missbräuchliche Eingaben geschützt.
- Die relevanten Akzeptanzkriterien der Story sind nachweisbar erfüllt.
- Automatisierte oder reproduzierbare Tests sind vorhanden und im Review nachvollziehbar.
- Keine bestehende Funktion außerhalb des Story-Scopes wird unbeabsichtigt verändert.

Abhängigkeiten
- Parent: KAN-23
- Testdaten und Fehlerszenarien werden mit dem zugehörigen Xray-Testfall abgestimmt.",300053,KAN-23,Highest
Task,E2-03 Nach Sportart und Saison filtern – Ergebnis- und Detailkomponenten umsetzen,"Zugehörige Story: KAN-23 – E2-03 Nach Sportart und Saison filtern
Priorität der Story: Highest

Ziel
Listen-, Karten- und Detailkomponenten mit URL-Zustand, Verfügbarkeit, Bildern und responsiven Varianten bauen.

Vorgehen
1. Bestehende Schnittstellen, Daten und Randbedingungen für „Nach Sportart und Saison filtern“ prüfen.
2. Die fachliche Regel an der zuständigen Schicht implementieren und gegen ungültige Eingaben absichern.
3. UI, API, Persistenz oder Testdaten so integrieren, dass der Ablauf reproduzierbar bleibt.
4. Erfolgs-, Fehler-, Berechtigungs- und Wiederholungsfall dokumentieren.

Erledigt wenn
- Der relevante Zustand bleibt beim Navigieren erhalten und ist auf den unterstützten Viewports nutzbar.
- Die relevanten Akzeptanzkriterien der Story sind nachweisbar erfüllt.
- Automatisierte oder reproduzierbare Tests sind vorhanden und im Review nachvollziehbar.
- Keine bestehende Funktion außerhalb des Story-Scopes wird unbeabsichtigt verändert.

Abhängigkeiten
- Parent: KAN-23
- Testdaten und Fehlerszenarien werden mit dem zugehörigen Xray-Testfall abgestimmt.",300054,KAN-23,Highest
Task,"E2-03 Nach Sportart und Saison filtern – Leere, Fehler- und Performancepfade absichern","Zugehörige Story: KAN-23 – E2-03 Nach Sportart und Saison filtern
Priorität der Story: Highest

Ziel
Keine-Treffer-, Fehler-, langsame Antwort- und große Ergebnismengen mit verständlicher Rückmeldung und geeigneten Limits behandeln.

Vorgehen
1. Bestehende Schnittstellen, Daten und Randbedingungen für „Nach Sportart und Saison filtern“ prüfen.
2. Die fachliche Regel an der zuständigen Schicht implementieren und gegen ungültige Eingaben absichern.
3. UI, API, Persistenz oder Testdaten so integrieren, dass der Ablauf reproduzierbar bleibt.
4. Erfolgs-, Fehler-, Berechtigungs- und Wiederholungsfall dokumentieren.

Erledigt wenn
- Kein Zustand wirkt wie ein erfolgreicher Treffer; Ladezeiten und Requests bleiben kontrollierbar.
- Die relevanten Akzeptanzkriterien der Story sind nachweisbar erfüllt.
- Automatisierte oder reproduzierbare Tests sind vorhanden und im Review nachvollziehbar.
- Keine bestehende Funktion außerhalb des Story-Scopes wird unbeabsichtigt verändert.

Abhängigkeiten
- Parent: KAN-23
- Testdaten und Fehlerszenarien werden mit dem zugehörigen Xray-Testfall abgestimmt.",300055,KAN-23,Highest
Task,E2-03 Nach Sportart und Saison filtern – Accessibility- und Regressionstests ergänzen,"Zugehörige Story: KAN-23 – E2-03 Nach Sportart und Saison filtern
Priorität der Story: Highest

Ziel
Tastaturpfade, Screenreader-Namen, Fokusreihenfolge, visuelle Regression und repräsentative Datenvarianten testen.

Vorgehen
1. Bestehende Schnittstellen, Daten und Randbedingungen für „Nach Sportart und Saison filtern“ prüfen.
2. Die fachliche Regel an der zuständigen Schicht implementieren und gegen ungültige Eingaben absichern.
3. UI, API, Persistenz oder Testdaten so integrieren, dass der Ablauf reproduzierbar bleibt.
4. Erfolgs-, Fehler-, Berechtigungs- und Wiederholungsfall dokumentieren.

Erledigt wenn
- Die wichtigsten Nutzungspfade sind reproduzierbar geprüft und die Ergebnisse im Testmanagement verwertbar.
- Die relevanten Akzeptanzkriterien der Story sind nachweisbar erfüllt.
- Automatisierte oder reproduzierbare Tests sind vorhanden und im Review nachvollziehbar.
- Keine bestehende Funktion außerhalb des Story-Scopes wird unbeabsichtigt verändert.

Abhängigkeiten
- Parent: KAN-23
- Testdaten und Fehlerszenarien werden mit dem zugehörigen Xray-Testfall abgestimmt.",300056,KAN-23,Highest
Task,E2-04 Nach Kartentyp und Set filtern – Such- und Abfragepfad implementieren,"Zugehörige Story: KAN-24 – E2-04 Nach Kartentyp und Set filtern
Priorität der Story: Highest

Ziel
Filter, Sortierung, Pagination, Normalisierung von Suchbegriffen und die fachliche Query-Logik für die Story umsetzen.

Vorgehen
1. Bestehende Schnittstellen, Daten und Randbedingungen für „Nach Kartentyp und Set filtern“ prüfen.
2. Die fachliche Regel an der zuständigen Schicht implementieren und gegen ungültige Eingaben absichern.
3. UI, API, Persistenz oder Testdaten so integrieren, dass der Ablauf reproduzierbar bleibt.
4. Erfolgs-, Fehler-, Berechtigungs- und Wiederholungsfall dokumentieren.

Erledigt wenn
- Treffer sind korrekt, stabil sortiert, paginiert und gegen ungültige oder missbräuchliche Eingaben geschützt.
- Die relevanten Akzeptanzkriterien der Story sind nachweisbar erfüllt.
- Automatisierte oder reproduzierbare Tests sind vorhanden und im Review nachvollziehbar.
- Keine bestehende Funktion außerhalb des Story-Scopes wird unbeabsichtigt verändert.

Abhängigkeiten
- Parent: KAN-24
- Testdaten und Fehlerszenarien werden mit dem zugehörigen Xray-Testfall abgestimmt.",300057,KAN-24,Highest
Task,E2-04 Nach Kartentyp und Set filtern – Ergebnis- und Detailkomponenten umsetzen,"Zugehörige Story: KAN-24 – E2-04 Nach Kartentyp und Set filtern
Priorität der Story: Highest

Ziel
Listen-, Karten- und Detailkomponenten mit URL-Zustand, Verfügbarkeit, Bildern und responsiven Varianten bauen.

Vorgehen
1. Bestehende Schnittstellen, Daten und Randbedingungen für „Nach Kartentyp und Set filtern“ prüfen.
2. Die fachliche Regel an der zuständigen Schicht implementieren und gegen ungültige Eingaben absichern.
3. UI, API, Persistenz oder Testdaten so integrieren, dass der Ablauf reproduzierbar bleibt.
4. Erfolgs-, Fehler-, Berechtigungs- und Wiederholungsfall dokumentieren.

Erledigt wenn
- Der relevante Zustand bleibt beim Navigieren erhalten und ist auf den unterstützten Viewports nutzbar.
- Die relevanten Akzeptanzkriterien der Story sind nachweisbar erfüllt.
- Automatisierte oder reproduzierbare Tests sind vorhanden und im Review nachvollziehbar.
- Keine bestehende Funktion außerhalb des Story-Scopes wird unbeabsichtigt verändert.

Abhängigkeiten
- Parent: KAN-24
- Testdaten und Fehlerszenarien werden mit dem zugehörigen Xray-Testfall abgestimmt.",300058,KAN-24,Highest
Task,"E2-04 Nach Kartentyp und Set filtern – Leere, Fehler- und Performancepfade absichern","Zugehörige Story: KAN-24 – E2-04 Nach Kartentyp und Set filtern
Priorität der Story: Highest

Ziel
Keine-Treffer-, Fehler-, langsame Antwort- und große Ergebnismengen mit verständlicher Rückmeldung und geeigneten Limits behandeln.

Vorgehen
1. Bestehende Schnittstellen, Daten und Randbedingungen für „Nach Kartentyp und Set filtern“ prüfen.
2. Die fachliche Regel an der zuständigen Schicht implementieren und gegen ungültige Eingaben absichern.
3. UI, API, Persistenz oder Testdaten so integrieren, dass der Ablauf reproduzierbar bleibt.
4. Erfolgs-, Fehler-, Berechtigungs- und Wiederholungsfall dokumentieren.

Erledigt wenn
- Kein Zustand wirkt wie ein erfolgreicher Treffer; Ladezeiten und Requests bleiben kontrollierbar.
- Die relevanten Akzeptanzkriterien der Story sind nachweisbar erfüllt.
- Automatisierte oder reproduzierbare Tests sind vorhanden und im Review nachvollziehbar.
- Keine bestehende Funktion außerhalb des Story-Scopes wird unbeabsichtigt verändert.

Abhängigkeiten
- Parent: KAN-24
- Testdaten und Fehlerszenarien werden mit dem zugehörigen Xray-Testfall abgestimmt.",300059,KAN-24,Highest
Task,E2-04 Nach Kartentyp und Set filtern – Accessibility- und Regressionstests ergänzen,"Zugehörige Story: KAN-24 – E2-04 Nach Kartentyp und Set filtern
Priorität der Story: Highest

Ziel
Tastaturpfade, Screenreader-Namen, Fokusreihenfolge, visuelle Regression und repräsentative Datenvarianten testen.

Vorgehen
1. Bestehende Schnittstellen, Daten und Randbedingungen für „Nach Kartentyp und Set filtern“ prüfen.
2. Die fachliche Regel an der zuständigen Schicht implementieren und gegen ungültige Eingaben absichern.
3. UI, API, Persistenz oder Testdaten so integrieren, dass der Ablauf reproduzierbar bleibt.
4. Erfolgs-, Fehler-, Berechtigungs- und Wiederholungsfall dokumentieren.

Erledigt wenn
- Die wichtigsten Nutzungspfade sind reproduzierbar geprüft und die Ergebnisse im Testmanagement verwertbar.
- Die relevanten Akzeptanzkriterien der Story sind nachweisbar erfüllt.
- Automatisierte oder reproduzierbare Tests sind vorhanden und im Review nachvollziehbar.
- Keine bestehende Funktion außerhalb des Story-Scopes wird unbeabsichtigt verändert.

Abhängigkeiten
- Parent: KAN-24
- Testdaten und Fehlerszenarien werden mit dem zugehörigen Xray-Testfall abgestimmt.",300060,KAN-24,Highest
Task,E2-05 Nach Zustand filtern – Such- und Abfragepfad implementieren,"Zugehörige Story: KAN-25 – E2-05 Nach Zustand filtern
Priorität der Story: Highest

Ziel
Filter, Sortierung, Pagination, Normalisierung von Suchbegriffen und die fachliche Query-Logik für die Story umsetzen.

Vorgehen
1. Bestehende Schnittstellen, Daten und Randbedingungen für „Nach Zustand filtern“ prüfen.
2. Die fachliche Regel an der zuständigen Schicht implementieren und gegen ungültige Eingaben absichern.
3. UI, API, Persistenz oder Testdaten so integrieren, dass der Ablauf reproduzierbar bleibt.
4. Erfolgs-, Fehler-, Berechtigungs- und Wiederholungsfall dokumentieren.

Erledigt wenn
- Treffer sind korrekt, stabil sortiert, paginiert und gegen ungültige oder missbräuchliche Eingaben geschützt.
- Die relevanten Akzeptanzkriterien der Story sind nachweisbar erfüllt.
- Automatisierte oder reproduzierbare Tests sind vorhanden und im Review nachvollziehbar.
- Keine bestehende Funktion außerhalb des Story-Scopes wird unbeabsichtigt verändert.

Abhängigkeiten
- Parent: KAN-25
- Testdaten und Fehlerszenarien werden mit dem zugehörigen Xray-Testfall abgestimmt.",300061,KAN-25,Highest
Task,E2-05 Nach Zustand filtern – Ergebnis- und Detailkomponenten umsetzen,"Zugehörige Story: KAN-25 – E2-05 Nach Zustand filtern
Priorität der Story: Highest

Ziel
Listen-, Karten- und Detailkomponenten mit URL-Zustand, Verfügbarkeit, Bildern und responsiven Varianten bauen.

Vorgehen
1. Bestehende Schnittstellen, Daten und Randbedingungen für „Nach Zustand filtern“ prüfen.
2. Die fachliche Regel an der zuständigen Schicht implementieren und gegen ungültige Eingaben absichern.
3. UI, API, Persistenz oder Testdaten so integrieren, dass der Ablauf reproduzierbar bleibt.
4. Erfolgs-, Fehler-, Berechtigungs- und Wiederholungsfall dokumentieren.

Erledigt wenn
- Der relevante Zustand bleibt beim Navigieren erhalten und ist auf den unterstützten Viewports nutzbar.
- Die relevanten Akzeptanzkriterien der Story sind nachweisbar erfüllt.
- Automatisierte oder reproduzierbare Tests sind vorhanden und im Review nachvollziehbar.
- Keine bestehende Funktion außerhalb des Story-Scopes wird unbeabsichtigt verändert.

Abhängigkeiten
- Parent: KAN-25
- Testdaten und Fehlerszenarien werden mit dem zugehörigen Xray-Testfall abgestimmt.",300062,KAN-25,Highest
Task,"E2-05 Nach Zustand filtern – Leere, Fehler- und Performancepfade absichern","Zugehörige Story: KAN-25 – E2-05 Nach Zustand filtern
Priorität der Story: Highest

Ziel
Keine-Treffer-, Fehler-, langsame Antwort- und große Ergebnismengen mit verständlicher Rückmeldung und geeigneten Limits behandeln.

Vorgehen
1. Bestehende Schnittstellen, Daten und Randbedingungen für „Nach Zustand filtern“ prüfen.
2. Die fachliche Regel an der zuständigen Schicht implementieren und gegen ungültige Eingaben absichern.
3. UI, API, Persistenz oder Testdaten so integrieren, dass der Ablauf reproduzierbar bleibt.
4. Erfolgs-, Fehler-, Berechtigungs- und Wiederholungsfall dokumentieren.

Erledigt wenn
- Kein Zustand wirkt wie ein erfolgreicher Treffer; Ladezeiten und Requests bleiben kontrollierbar.
- Die relevanten Akzeptanzkriterien der Story sind nachweisbar erfüllt.
- Automatisierte oder reproduzierbare Tests sind vorhanden und im Review nachvollziehbar.
- Keine bestehende Funktion außerhalb des Story-Scopes wird unbeabsichtigt verändert.

Abhängigkeiten
- Parent: KAN-25
- Testdaten und Fehlerszenarien werden mit dem zugehörigen Xray-Testfall abgestimmt.",300063,KAN-25,Highest
Task,E2-05 Nach Zustand filtern – Accessibility- und Regressionstests ergänzen,"Zugehörige Story: KAN-25 – E2-05 Nach Zustand filtern
Priorität der Story: Highest

Ziel
Tastaturpfade, Screenreader-Namen, Fokusreihenfolge, visuelle Regression und repräsentative Datenvarianten testen.

Vorgehen
1. Bestehende Schnittstellen, Daten und Randbedingungen für „Nach Zustand filtern“ prüfen.
2. Die fachliche Regel an der zuständigen Schicht implementieren und gegen ungültige Eingaben absichern.
3. UI, API, Persistenz oder Testdaten so integrieren, dass der Ablauf reproduzierbar bleibt.
4. Erfolgs-, Fehler-, Berechtigungs- und Wiederholungsfall dokumentieren.

Erledigt wenn
- Die wichtigsten Nutzungspfade sind reproduzierbar geprüft und die Ergebnisse im Testmanagement verwertbar.
- Die relevanten Akzeptanzkriterien der Story sind nachweisbar erfüllt.
- Automatisierte oder reproduzierbare Tests sind vorhanden und im Review nachvollziehbar.
- Keine bestehende Funktion außerhalb des Story-Scopes wird unbeabsichtigt verändert.

Abhängigkeiten
- Parent: KAN-25
- Testdaten und Fehlerszenarien werden mit dem zugehörigen Xray-Testfall abgestimmt.",300064,KAN-25,Highest
Task,E2-06 Nach Preis und Verfügbarkeit filtern – Such- und Abfragepfad implementieren,"Zugehörige Story: KAN-26 – E2-06 Nach Preis und Verfügbarkeit filtern
Priorität der Story: Highest

Ziel
Filter, Sortierung, Pagination, Normalisierung von Suchbegriffen und die fachliche Query-Logik für die Story umsetzen.

Vorgehen
1. Bestehende Schnittstellen, Daten und Randbedingungen für „Nach Preis und Verfügbarkeit filtern“ prüfen.
2. Die fachliche Regel an der zuständigen Schicht implementieren und gegen ungültige Eingaben absichern.
3. UI, API, Persistenz oder Testdaten so integrieren, dass der Ablauf reproduzierbar bleibt.
4. Erfolgs-, Fehler-, Berechtigungs- und Wiederholungsfall dokumentieren.

Erledigt wenn
- Treffer sind korrekt, stabil sortiert, paginiert und gegen ungültige oder missbräuchliche Eingaben geschützt.
- Die relevanten Akzeptanzkriterien der Story sind nachweisbar erfüllt.
- Automatisierte oder reproduzierbare Tests sind vorhanden und im Review nachvollziehbar.
- Keine bestehende Funktion außerhalb des Story-Scopes wird unbeabsichtigt verändert.

Abhängigkeiten
- Parent: KAN-26
- Testdaten und Fehlerszenarien werden mit dem zugehörigen Xray-Testfall abgestimmt.",300065,KAN-26,Highest
Task,E2-06 Nach Preis und Verfügbarkeit filtern – Ergebnis- und Detailkomponenten umsetzen,"Zugehörige Story: KAN-26 – E2-06 Nach Preis und Verfügbarkeit filtern
Priorität der Story: Highest

Ziel
Listen-, Karten- und Detailkomponenten mit URL-Zustand, Verfügbarkeit, Bildern und responsiven Varianten bauen.

Vorgehen
1. Bestehende Schnittstellen, Daten und Randbedingungen für „Nach Preis und Verfügbarkeit filtern“ prüfen.
2. Die fachliche Regel an der zuständigen Schicht implementieren und gegen ungültige Eingaben absichern.
3. UI, API, Persistenz oder Testdaten so integrieren, dass der Ablauf reproduzierbar bleibt.
4. Erfolgs-, Fehler-, Berechtigungs- und Wiederholungsfall dokumentieren.

Erledigt wenn
- Der relevante Zustand bleibt beim Navigieren erhalten und ist auf den unterstützten Viewports nutzbar.
- Die relevanten Akzeptanzkriterien der Story sind nachweisbar erfüllt.
- Automatisierte oder reproduzierbare Tests sind vorhanden und im Review nachvollziehbar.
- Keine bestehende Funktion außerhalb des Story-Scopes wird unbeabsichtigt verändert.

Abhängigkeiten
- Parent: KAN-26
- Testdaten und Fehlerszenarien werden mit dem zugehörigen Xray-Testfall abgestimmt.",300066,KAN-26,Highest
Task,"E2-06 Nach Preis und Verfügbarkeit filtern – Leere, Fehler- und Performancepfade absichern","Zugehörige Story: KAN-26 – E2-06 Nach Preis und Verfügbarkeit filtern
Priorität der Story: Highest

Ziel
Keine-Treffer-, Fehler-, langsame Antwort- und große Ergebnismengen mit verständlicher Rückmeldung und geeigneten Limits behandeln.

Vorgehen
1. Bestehende Schnittstellen, Daten und Randbedingungen für „Nach Preis und Verfügbarkeit filtern“ prüfen.
2. Die fachliche Regel an der zuständigen Schicht implementieren und gegen ungültige Eingaben absichern.
3. UI, API, Persistenz oder Testdaten so integrieren, dass der Ablauf reproduzierbar bleibt.
4. Erfolgs-, Fehler-, Berechtigungs- und Wiederholungsfall dokumentieren.

Erledigt wenn
- Kein Zustand wirkt wie ein erfolgreicher Treffer; Ladezeiten und Requests bleiben kontrollierbar.
- Die relevanten Akzeptanzkriterien der Story sind nachweisbar erfüllt.
- Automatisierte oder reproduzierbare Tests sind vorhanden und im Review nachvollziehbar.
- Keine bestehende Funktion außerhalb des Story-Scopes wird unbeabsichtigt verändert.

Abhängigkeiten
- Parent: KAN-26
- Testdaten und Fehlerszenarien werden mit dem zugehörigen Xray-Testfall abgestimmt.",300067,KAN-26,Highest
Task,E2-06 Nach Preis und Verfügbarkeit filtern – Accessibility- und Regressionstests ergänzen,"Zugehörige Story: KAN-26 – E2-06 Nach Preis und Verfügbarkeit filtern
Priorität der Story: Highest

Ziel
Tastaturpfade, Screenreader-Namen, Fokusreihenfolge, visuelle Regression und repräsentative Datenvarianten testen.

Vorgehen
1. Bestehende Schnittstellen, Daten und Randbedingungen für „Nach Preis und Verfügbarkeit filtern“ prüfen.
2. Die fachliche Regel an der zuständigen Schicht implementieren und gegen ungültige Eingaben absichern.
3. UI, API, Persistenz oder Testdaten so integrieren, dass der Ablauf reproduzierbar bleibt.
4. Erfolgs-, Fehler-, Berechtigungs- und Wiederholungsfall dokumentieren.

Erledigt wenn
- Die wichtigsten Nutzungspfade sind reproduzierbar geprüft und die Ergebnisse im Testmanagement verwertbar.
- Die relevanten Akzeptanzkriterien der Story sind nachweisbar erfüllt.
- Automatisierte oder reproduzierbare Tests sind vorhanden und im Review nachvollziehbar.
- Keine bestehende Funktion außerhalb des Story-Scopes wird unbeabsichtigt verändert.

Abhängigkeiten
- Parent: KAN-26
- Testdaten und Fehlerszenarien werden mit dem zugehörigen Xray-Testfall abgestimmt.",300068,KAN-26,Highest
Task,E2-07 Filter kombinieren – Such- und Abfragepfad implementieren,"Zugehörige Story: KAN-27 – E2-07 Filter kombinieren
Priorität der Story: Highest

Ziel
Filter, Sortierung, Pagination, Normalisierung von Suchbegriffen und die fachliche Query-Logik für die Story umsetzen.

Vorgehen
1. Bestehende Schnittstellen, Daten und Randbedingungen für „Filter kombinieren“ prüfen.
2. Die fachliche Regel an der zuständigen Schicht implementieren und gegen ungültige Eingaben absichern.
3. UI, API, Persistenz oder Testdaten so integrieren, dass der Ablauf reproduzierbar bleibt.
4. Erfolgs-, Fehler-, Berechtigungs- und Wiederholungsfall dokumentieren.

Erledigt wenn
- Treffer sind korrekt, stabil sortiert, paginiert und gegen ungültige oder missbräuchliche Eingaben geschützt.
- Die relevanten Akzeptanzkriterien der Story sind nachweisbar erfüllt.
- Automatisierte oder reproduzierbare Tests sind vorhanden und im Review nachvollziehbar.
- Keine bestehende Funktion außerhalb des Story-Scopes wird unbeabsichtigt verändert.

Abhängigkeiten
- Parent: KAN-27
- Testdaten und Fehlerszenarien werden mit dem zugehörigen Xray-Testfall abgestimmt.",300069,KAN-27,Highest
Task,E2-07 Filter kombinieren – Ergebnis- und Detailkomponenten umsetzen,"Zugehörige Story: KAN-27 – E2-07 Filter kombinieren
Priorität der Story: Highest

Ziel
Listen-, Karten- und Detailkomponenten mit URL-Zustand, Verfügbarkeit, Bildern und responsiven Varianten bauen.

Vorgehen
1. Bestehende Schnittstellen, Daten und Randbedingungen für „Filter kombinieren“ prüfen.
2. Die fachliche Regel an der zuständigen Schicht implementieren und gegen ungültige Eingaben absichern.
3. UI, API, Persistenz oder Testdaten so integrieren, dass der Ablauf reproduzierbar bleibt.
4. Erfolgs-, Fehler-, Berechtigungs- und Wiederholungsfall dokumentieren.

Erledigt wenn
- Der relevante Zustand bleibt beim Navigieren erhalten und ist auf den unterstützten Viewports nutzbar.
- Die relevanten Akzeptanzkriterien der Story sind nachweisbar erfüllt.
- Automatisierte oder reproduzierbare Tests sind vorhanden und im Review nachvollziehbar.
- Keine bestehende Funktion außerhalb des Story-Scopes wird unbeabsichtigt verändert.

Abhängigkeiten
- Parent: KAN-27
- Testdaten und Fehlerszenarien werden mit dem zugehörigen Xray-Testfall abgestimmt.",300070,KAN-27,Highest
Task,"E2-07 Filter kombinieren – Leere, Fehler- und Performancepfade absichern","Zugehörige Story: KAN-27 – E2-07 Filter kombinieren
Priorität der Story: Highest

Ziel
Keine-Treffer-, Fehler-, langsame Antwort- und große Ergebnismengen mit verständlicher Rückmeldung und geeigneten Limits behandeln.

Vorgehen
1. Bestehende Schnittstellen, Daten und Randbedingungen für „Filter kombinieren“ prüfen.
2. Die fachliche Regel an der zuständigen Schicht implementieren und gegen ungültige Eingaben absichern.
3. UI, API, Persistenz oder Testdaten so integrieren, dass der Ablauf reproduzierbar bleibt.
4. Erfolgs-, Fehler-, Berechtigungs- und Wiederholungsfall dokumentieren.

Erledigt wenn
- Kein Zustand wirkt wie ein erfolgreicher Treffer; Ladezeiten und Requests bleiben kontrollierbar.
- Die relevanten Akzeptanzkriterien der Story sind nachweisbar erfüllt.
- Automatisierte oder reproduzierbare Tests sind vorhanden und im Review nachvollziehbar.
- Keine bestehende Funktion außerhalb des Story-Scopes wird unbeabsichtigt verändert.

Abhängigkeiten
- Parent: KAN-27
- Testdaten und Fehlerszenarien werden mit dem zugehörigen Xray-Testfall abgestimmt.",300071,KAN-27,Highest
Task,E2-07 Filter kombinieren – Accessibility- und Regressionstests ergänzen,"Zugehörige Story: KAN-27 – E2-07 Filter kombinieren
Priorität der Story: Highest

Ziel
Tastaturpfade, Screenreader-Namen, Fokusreihenfolge, visuelle Regression und repräsentative Datenvarianten testen.

Vorgehen
1. Bestehende Schnittstellen, Daten und Randbedingungen für „Filter kombinieren“ prüfen.
2. Die fachliche Regel an der zuständigen Schicht implementieren und gegen ungültige Eingaben absichern.
3. UI, API, Persistenz oder Testdaten so integrieren, dass der Ablauf reproduzierbar bleibt.
4. Erfolgs-, Fehler-, Berechtigungs- und Wiederholungsfall dokumentieren.

Erledigt wenn
- Die wichtigsten Nutzungspfade sind reproduzierbar geprüft und die Ergebnisse im Testmanagement verwertbar.
- Die relevanten Akzeptanzkriterien der Story sind nachweisbar erfüllt.
- Automatisierte oder reproduzierbare Tests sind vorhanden und im Review nachvollziehbar.
- Keine bestehende Funktion außerhalb des Story-Scopes wird unbeabsichtigt verändert.

Abhängigkeiten
- Parent: KAN-27
- Testdaten und Fehlerszenarien werden mit dem zugehörigen Xray-Testfall abgestimmt.",300072,KAN-27,Highest
Task,E2-08 Ergebnisse sortieren – Such- und Abfragepfad implementieren,"Zugehörige Story: KAN-28 – E2-08 Ergebnisse sortieren
Priorität der Story: Highest

Ziel
Filter, Sortierung, Pagination, Normalisierung von Suchbegriffen und die fachliche Query-Logik für die Story umsetzen.

Vorgehen
1. Bestehende Schnittstellen, Daten und Randbedingungen für „Ergebnisse sortieren“ prüfen.
2. Die fachliche Regel an der zuständigen Schicht implementieren und gegen ungültige Eingaben absichern.
3. UI, API, Persistenz oder Testdaten so integrieren, dass der Ablauf reproduzierbar bleibt.
4. Erfolgs-, Fehler-, Berechtigungs- und Wiederholungsfall dokumentieren.

Erledigt wenn
- Treffer sind korrekt, stabil sortiert, paginiert und gegen ungültige oder missbräuchliche Eingaben geschützt.
- Die relevanten Akzeptanzkriterien der Story sind nachweisbar erfüllt.
- Automatisierte oder reproduzierbare Tests sind vorhanden und im Review nachvollziehbar.
- Keine bestehende Funktion außerhalb des Story-Scopes wird unbeabsichtigt verändert.

Abhängigkeiten
- Parent: KAN-28
- Testdaten und Fehlerszenarien werden mit dem zugehörigen Xray-Testfall abgestimmt.",300073,KAN-28,Highest
Task,E2-08 Ergebnisse sortieren – Ergebnis- und Detailkomponenten umsetzen,"Zugehörige Story: KAN-28 – E2-08 Ergebnisse sortieren
Priorität der Story: Highest

Ziel
Listen-, Karten- und Detailkomponenten mit URL-Zustand, Verfügbarkeit, Bildern und responsiven Varianten bauen.

Vorgehen
1. Bestehende Schnittstellen, Daten und Randbedingungen für „Ergebnisse sortieren“ prüfen.
2. Die fachliche Regel an der zuständigen Schicht implementieren und gegen ungültige Eingaben absichern.
3. UI, API, Persistenz oder Testdaten so integrieren, dass der Ablauf reproduzierbar bleibt.
4. Erfolgs-, Fehler-, Berechtigungs- und Wiederholungsfall dokumentieren.

Erledigt wenn
- Der relevante Zustand bleibt beim Navigieren erhalten und ist auf den unterstützten Viewports nutzbar.
- Die relevanten Akzeptanzkriterien der Story sind nachweisbar erfüllt.
- Automatisierte oder reproduzierbare Tests sind vorhanden und im Review nachvollziehbar.
- Keine bestehende Funktion außerhalb des Story-Scopes wird unbeabsichtigt verändert.

Abhängigkeiten
- Parent: KAN-28
- Testdaten und Fehlerszenarien werden mit dem zugehörigen Xray-Testfall abgestimmt.",300074,KAN-28,Highest
Task,"E2-08 Ergebnisse sortieren – Leere, Fehler- und Performancepfade absichern","Zugehörige Story: KAN-28 – E2-08 Ergebnisse sortieren
Priorität der Story: Highest

Ziel
Keine-Treffer-, Fehler-, langsame Antwort- und große Ergebnismengen mit verständlicher Rückmeldung und geeigneten Limits behandeln.

Vorgehen
1. Bestehende Schnittstellen, Daten und Randbedingungen für „Ergebnisse sortieren“ prüfen.
2. Die fachliche Regel an der zuständigen Schicht implementieren und gegen ungültige Eingaben absichern.
3. UI, API, Persistenz oder Testdaten so integrieren, dass der Ablauf reproduzierbar bleibt.
4. Erfolgs-, Fehler-, Berechtigungs- und Wiederholungsfall dokumentieren.

Erledigt wenn
- Kein Zustand wirkt wie ein erfolgreicher Treffer; Ladezeiten und Requests bleiben kontrollierbar.
- Die relevanten Akzeptanzkriterien der Story sind nachweisbar erfüllt.
- Automatisierte oder reproduzierbare Tests sind vorhanden und im Review nachvollziehbar.
- Keine bestehende Funktion außerhalb des Story-Scopes wird unbeabsichtigt verändert.

Abhängigkeiten
- Parent: KAN-28
- Testdaten und Fehlerszenarien werden mit dem zugehörigen Xray-Testfall abgestimmt.",300075,KAN-28,Highest
Task,E2-08 Ergebnisse sortieren – Accessibility- und Regressionstests ergänzen,"Zugehörige Story: KAN-28 – E2-08 Ergebnisse sortieren
Priorität der Story: Highest

Ziel
Tastaturpfade, Screenreader-Namen, Fokusreihenfolge, visuelle Regression und repräsentative Datenvarianten testen.

Vorgehen
1. Bestehende Schnittstellen, Daten und Randbedingungen für „Ergebnisse sortieren“ prüfen.
2. Die fachliche Regel an der zuständigen Schicht implementieren und gegen ungültige Eingaben absichern.
3. UI, API, Persistenz oder Testdaten so integrieren, dass der Ablauf reproduzierbar bleibt.
4. Erfolgs-, Fehler-, Berechtigungs- und Wiederholungsfall dokumentieren.

Erledigt wenn
- Die wichtigsten Nutzungspfade sind reproduzierbar geprüft und die Ergebnisse im Testmanagement verwertbar.
- Die relevanten Akzeptanzkriterien der Story sind nachweisbar erfüllt.
- Automatisierte oder reproduzierbare Tests sind vorhanden und im Review nachvollziehbar.
- Keine bestehende Funktion außerhalb des Story-Scopes wird unbeabsichtigt verändert.

Abhängigkeiten
- Parent: KAN-28
- Testdaten und Fehlerszenarien werden mit dem zugehörigen Xray-Testfall abgestimmt.",300076,KAN-28,Highest
Task,E2-09 Ergebnisse paginieren – Such- und Abfragepfad implementieren,"Zugehörige Story: KAN-29 – E2-09 Ergebnisse paginieren
Priorität der Story: Highest

Ziel
Filter, Sortierung, Pagination, Normalisierung von Suchbegriffen und die fachliche Query-Logik für die Story umsetzen.

Vorgehen
1. Bestehende Schnittstellen, Daten und Randbedingungen für „Ergebnisse paginieren“ prüfen.
2. Die fachliche Regel an der zuständigen Schicht implementieren und gegen ungültige Eingaben absichern.
3. UI, API, Persistenz oder Testdaten so integrieren, dass der Ablauf reproduzierbar bleibt.
4. Erfolgs-, Fehler-, Berechtigungs- und Wiederholungsfall dokumentieren.

Erledigt wenn
- Treffer sind korrekt, stabil sortiert, paginiert und gegen ungültige oder missbräuchliche Eingaben geschützt.
- Die relevanten Akzeptanzkriterien der Story sind nachweisbar erfüllt.
- Automatisierte oder reproduzierbare Tests sind vorhanden und im Review nachvollziehbar.
- Keine bestehende Funktion außerhalb des Story-Scopes wird unbeabsichtigt verändert.

Abhängigkeiten
- Parent: KAN-29
- Testdaten und Fehlerszenarien werden mit dem zugehörigen Xray-Testfall abgestimmt.",300077,KAN-29,Highest
Task,E2-09 Ergebnisse paginieren – Ergebnis- und Detailkomponenten umsetzen,"Zugehörige Story: KAN-29 – E2-09 Ergebnisse paginieren
Priorität der Story: Highest

Ziel
Listen-, Karten- und Detailkomponenten mit URL-Zustand, Verfügbarkeit, Bildern und responsiven Varianten bauen.

Vorgehen
1. Bestehende Schnittstellen, Daten und Randbedingungen für „Ergebnisse paginieren“ prüfen.
2. Die fachliche Regel an der zuständigen Schicht implementieren und gegen ungültige Eingaben absichern.
3. UI, API, Persistenz oder Testdaten so integrieren, dass der Ablauf reproduzierbar bleibt.
4. Erfolgs-, Fehler-, Berechtigungs- und Wiederholungsfall dokumentieren.

Erledigt wenn
- Der relevante Zustand bleibt beim Navigieren erhalten und ist auf den unterstützten Viewports nutzbar.
- Die relevanten Akzeptanzkriterien der Story sind nachweisbar erfüllt.
- Automatisierte oder reproduzierbare Tests sind vorhanden und im Review nachvollziehbar.
- Keine bestehende Funktion außerhalb des Story-Scopes wird unbeabsichtigt verändert.

Abhängigkeiten
- Parent: KAN-29
- Testdaten und Fehlerszenarien werden mit dem zugehörigen Xray-Testfall abgestimmt.",300078,KAN-29,Highest
Task,"E2-09 Ergebnisse paginieren – Leere, Fehler- und Performancepfade absichern","Zugehörige Story: KAN-29 – E2-09 Ergebnisse paginieren
Priorität der Story: Highest

Ziel
Keine-Treffer-, Fehler-, langsame Antwort- und große Ergebnismengen mit verständlicher Rückmeldung und geeigneten Limits behandeln.

Vorgehen
1. Bestehende Schnittstellen, Daten und Randbedingungen für „Ergebnisse paginieren“ prüfen.
2. Die fachliche Regel an der zuständigen Schicht implementieren und gegen ungültige Eingaben absichern.
3. UI, API, Persistenz oder Testdaten so integrieren, dass der Ablauf reproduzierbar bleibt.
4. Erfolgs-, Fehler-, Berechtigungs- und Wiederholungsfall dokumentieren.

Erledigt wenn
- Kein Zustand wirkt wie ein erfolgreicher Treffer; Ladezeiten und Requests bleiben kontrollierbar.
- Die relevanten Akzeptanzkriterien der Story sind nachweisbar erfüllt.
- Automatisierte oder reproduzierbare Tests sind vorhanden und im Review nachvollziehbar.
- Keine bestehende Funktion außerhalb des Story-Scopes wird unbeabsichtigt verändert.

Abhängigkeiten
- Parent: KAN-29
- Testdaten und Fehlerszenarien werden mit dem zugehörigen Xray-Testfall abgestimmt.",300079,KAN-29,Highest
Task,E2-09 Ergebnisse paginieren – Accessibility- und Regressionstests ergänzen,"Zugehörige Story: KAN-29 – E2-09 Ergebnisse paginieren
Priorität der Story: Highest

Ziel
Tastaturpfade, Screenreader-Namen, Fokusreihenfolge, visuelle Regression und repräsentative Datenvarianten testen.

Vorgehen
1. Bestehende Schnittstellen, Daten und Randbedingungen für „Ergebnisse paginieren“ prüfen.
2. Die fachliche Regel an der zuständigen Schicht implementieren und gegen ungültige Eingaben absichern.
3. UI, API, Persistenz oder Testdaten so integrieren, dass der Ablauf reproduzierbar bleibt.
4. Erfolgs-, Fehler-, Berechtigungs- und Wiederholungsfall dokumentieren.

Erledigt wenn
- Die wichtigsten Nutzungspfade sind reproduzierbar geprüft und die Ergebnisse im Testmanagement verwertbar.
- Die relevanten Akzeptanzkriterien der Story sind nachweisbar erfüllt.
- Automatisierte oder reproduzierbare Tests sind vorhanden und im Review nachvollziehbar.
- Keine bestehende Funktion außerhalb des Story-Scopes wird unbeabsichtigt verändert.

Abhängigkeiten
- Parent: KAN-29
- Testdaten und Fehlerszenarien werden mit dem zugehörigen Xray-Testfall abgestimmt.",300080,KAN-29,Highest
Task,E2-10 Produktdetailseite anzeigen – Such- und Abfragepfad implementieren,"Zugehörige Story: KAN-30 – E2-10 Produktdetailseite anzeigen
Priorität der Story: Highest

Ziel
Filter, Sortierung, Pagination, Normalisierung von Suchbegriffen und die fachliche Query-Logik für die Story umsetzen.

Vorgehen
1. Bestehende Schnittstellen, Daten und Randbedingungen für „Produktdetailseite anzeigen“ prüfen.
2. Die fachliche Regel an der zuständigen Schicht implementieren und gegen ungültige Eingaben absichern.
3. UI, API, Persistenz oder Testdaten so integrieren, dass der Ablauf reproduzierbar bleibt.
4. Erfolgs-, Fehler-, Berechtigungs- und Wiederholungsfall dokumentieren.

Erledigt wenn
- Treffer sind korrekt, stabil sortiert, paginiert und gegen ungültige oder missbräuchliche Eingaben geschützt.
- Die relevanten Akzeptanzkriterien der Story sind nachweisbar erfüllt.
- Automatisierte oder reproduzierbare Tests sind vorhanden und im Review nachvollziehbar.
- Keine bestehende Funktion außerhalb des Story-Scopes wird unbeabsichtigt verändert.

Abhängigkeiten
- Parent: KAN-30
- Testdaten und Fehlerszenarien werden mit dem zugehörigen Xray-Testfall abgestimmt.",300081,KAN-30,Highest
Task,E2-10 Produktdetailseite anzeigen – Ergebnis- und Detailkomponenten umsetzen,"Zugehörige Story: KAN-30 – E2-10 Produktdetailseite anzeigen
Priorität der Story: Highest

Ziel
Listen-, Karten- und Detailkomponenten mit URL-Zustand, Verfügbarkeit, Bildern und responsiven Varianten bauen.

Vorgehen
1. Bestehende Schnittstellen, Daten und Randbedingungen für „Produktdetailseite anzeigen“ prüfen.
2. Die fachliche Regel an der zuständigen Schicht implementieren und gegen ungültige Eingaben absichern.
3. UI, API, Persistenz oder Testdaten so integrieren, dass der Ablauf reproduzierbar bleibt.
4. Erfolgs-, Fehler-, Berechtigungs- und Wiederholungsfall dokumentieren.

Erledigt wenn
- Der relevante Zustand bleibt beim Navigieren erhalten und ist auf den unterstützten Viewports nutzbar.
- Die relevanten Akzeptanzkriterien der Story sind nachweisbar erfüllt.
- Automatisierte oder reproduzierbare Tests sind vorhanden und im Review nachvollziehbar.
- Keine bestehende Funktion außerhalb des Story-Scopes wird unbeabsichtigt verändert.

Abhängigkeiten
- Parent: KAN-30
- Testdaten und Fehlerszenarien werden mit dem zugehörigen Xray-Testfall abgestimmt.",300082,KAN-30,Highest
Task,"E2-10 Produktdetailseite anzeigen – Leere, Fehler- und Performancepfade absichern","Zugehörige Story: KAN-30 – E2-10 Produktdetailseite anzeigen
Priorität der Story: Highest

Ziel
Keine-Treffer-, Fehler-, langsame Antwort- und große Ergebnismengen mit verständlicher Rückmeldung und geeigneten Limits behandeln.

Vorgehen
1. Bestehende Schnittstellen, Daten und Randbedingungen für „Produktdetailseite anzeigen“ prüfen.
2. Die fachliche Regel an der zuständigen Schicht implementieren und gegen ungültige Eingaben absichern.
3. UI, API, Persistenz oder Testdaten so integrieren, dass der Ablauf reproduzierbar bleibt.
4. Erfolgs-, Fehler-, Berechtigungs- und Wiederholungsfall dokumentieren.

Erledigt wenn
- Kein Zustand wirkt wie ein erfolgreicher Treffer; Ladezeiten und Requests bleiben kontrollierbar.
- Die relevanten Akzeptanzkriterien der Story sind nachweisbar erfüllt.
- Automatisierte oder reproduzierbare Tests sind vorhanden und im Review nachvollziehbar.
- Keine bestehende Funktion außerhalb des Story-Scopes wird unbeabsichtigt verändert.

Abhängigkeiten
- Parent: KAN-30
- Testdaten und Fehlerszenarien werden mit dem zugehörigen Xray-Testfall abgestimmt.",300083,KAN-30,Highest
Task,E2-10 Produktdetailseite anzeigen – Accessibility- und Regressionstests ergänzen,"Zugehörige Story: KAN-30 – E2-10 Produktdetailseite anzeigen
Priorität der Story: Highest

Ziel
Tastaturpfade, Screenreader-Namen, Fokusreihenfolge, visuelle Regression und repräsentative Datenvarianten testen.

Vorgehen
1. Bestehende Schnittstellen, Daten und Randbedingungen für „Produktdetailseite anzeigen“ prüfen.
2. Die fachliche Regel an der zuständigen Schicht implementieren und gegen ungültige Eingaben absichern.
3. UI, API, Persistenz oder Testdaten so integrieren, dass der Ablauf reproduzierbar bleibt.
4. Erfolgs-, Fehler-, Berechtigungs- und Wiederholungsfall dokumentieren.

Erledigt wenn
- Die wichtigsten Nutzungspfade sind reproduzierbar geprüft und die Ergebnisse im Testmanagement verwertbar.
- Die relevanten Akzeptanzkriterien der Story sind nachweisbar erfüllt.
- Automatisierte oder reproduzierbare Tests sind vorhanden und im Review nachvollziehbar.
- Keine bestehende Funktion außerhalb des Story-Scopes wird unbeabsichtigt verändert.

Abhängigkeiten
- Parent: KAN-30
- Testdaten und Fehlerszenarien werden mit dem zugehörigen Xray-Testfall abgestimmt.",300084,KAN-30,Highest
Task,E2-11 Produktbilder vergrößern – Such- und Abfragepfad implementieren,"Zugehörige Story: KAN-31 – E2-11 Produktbilder vergrößern
Priorität der Story: Highest

Ziel
Filter, Sortierung, Pagination, Normalisierung von Suchbegriffen und die fachliche Query-Logik für die Story umsetzen.

Vorgehen
1. Bestehende Schnittstellen, Daten und Randbedingungen für „Produktbilder vergrößern“ prüfen.
2. Die fachliche Regel an der zuständigen Schicht implementieren und gegen ungültige Eingaben absichern.
3. UI, API, Persistenz oder Testdaten so integrieren, dass der Ablauf reproduzierbar bleibt.
4. Erfolgs-, Fehler-, Berechtigungs- und Wiederholungsfall dokumentieren.

Erledigt wenn
- Treffer sind korrekt, stabil sortiert, paginiert und gegen ungültige oder missbräuchliche Eingaben geschützt.
- Die relevanten Akzeptanzkriterien der Story sind nachweisbar erfüllt.
- Automatisierte oder reproduzierbare Tests sind vorhanden und im Review nachvollziehbar.
- Keine bestehende Funktion außerhalb des Story-Scopes wird unbeabsichtigt verändert.

Abhängigkeiten
- Parent: KAN-31
- Testdaten und Fehlerszenarien werden mit dem zugehörigen Xray-Testfall abgestimmt.",300085,KAN-31,Highest
Task,E2-11 Produktbilder vergrößern – Ergebnis- und Detailkomponenten umsetzen,"Zugehörige Story: KAN-31 – E2-11 Produktbilder vergrößern
Priorität der Story: Highest

Ziel
Listen-, Karten- und Detailkomponenten mit URL-Zustand, Verfügbarkeit, Bildern und responsiven Varianten bauen.

Vorgehen
1. Bestehende Schnittstellen, Daten und Randbedingungen für „Produktbilder vergrößern“ prüfen.
2. Die fachliche Regel an der zuständigen Schicht implementieren und gegen ungültige Eingaben absichern.
3. UI, API, Persistenz oder Testdaten so integrieren, dass der Ablauf reproduzierbar bleibt.
4. Erfolgs-, Fehler-, Berechtigungs- und Wiederholungsfall dokumentieren.

Erledigt wenn
- Der relevante Zustand bleibt beim Navigieren erhalten und ist auf den unterstützten Viewports nutzbar.
- Die relevanten Akzeptanzkriterien der Story sind nachweisbar erfüllt.
- Automatisierte oder reproduzierbare Tests sind vorhanden und im Review nachvollziehbar.
- Keine bestehende Funktion außerhalb des Story-Scopes wird unbeabsichtigt verändert.

Abhängigkeiten
- Parent: KAN-31
- Testdaten und Fehlerszenarien werden mit dem zugehörigen Xray-Testfall abgestimmt.",300086,KAN-31,Highest
Task,"E2-11 Produktbilder vergrößern – Leere, Fehler- und Performancepfade absichern","Zugehörige Story: KAN-31 – E2-11 Produktbilder vergrößern
Priorität der Story: Highest

Ziel
Keine-Treffer-, Fehler-, langsame Antwort- und große Ergebnismengen mit verständlicher Rückmeldung und geeigneten Limits behandeln.

Vorgehen
1. Bestehende Schnittstellen, Daten und Randbedingungen für „Produktbilder vergrößern“ prüfen.
2. Die fachliche Regel an der zuständigen Schicht implementieren und gegen ungültige Eingaben absichern.
3. UI, API, Persistenz oder Testdaten so integrieren, dass der Ablauf reproduzierbar bleibt.
4. Erfolgs-, Fehler-, Berechtigungs- und Wiederholungsfall dokumentieren.

Erledigt wenn
- Kein Zustand wirkt wie ein erfolgreicher Treffer; Ladezeiten und Requests bleiben kontrollierbar.
- Die relevanten Akzeptanzkriterien der Story sind nachweisbar erfüllt.
- Automatisierte oder reproduzierbare Tests sind vorhanden und im Review nachvollziehbar.
- Keine bestehende Funktion außerhalb des Story-Scopes wird unbeabsichtigt verändert.

Abhängigkeiten
- Parent: KAN-31
- Testdaten und Fehlerszenarien werden mit dem zugehörigen Xray-Testfall abgestimmt.",300087,KAN-31,Highest
Task,E2-11 Produktbilder vergrößern – Accessibility- und Regressionstests ergänzen,"Zugehörige Story: KAN-31 – E2-11 Produktbilder vergrößern
Priorität der Story: Highest

Ziel
Tastaturpfade, Screenreader-Namen, Fokusreihenfolge, visuelle Regression und repräsentative Datenvarianten testen.

Vorgehen
1. Bestehende Schnittstellen, Daten und Randbedingungen für „Produktbilder vergrößern“ prüfen.
2. Die fachliche Regel an der zuständigen Schicht implementieren und gegen ungültige Eingaben absichern.
3. UI, API, Persistenz oder Testdaten so integrieren, dass der Ablauf reproduzierbar bleibt.
4. Erfolgs-, Fehler-, Berechtigungs- und Wiederholungsfall dokumentieren.

Erledigt wenn
- Die wichtigsten Nutzungspfade sind reproduzierbar geprüft und die Ergebnisse im Testmanagement verwertbar.
- Die relevanten Akzeptanzkriterien der Story sind nachweisbar erfüllt.
- Automatisierte oder reproduzierbare Tests sind vorhanden und im Review nachvollziehbar.
- Keine bestehende Funktion außerhalb des Story-Scopes wird unbeabsichtigt verändert.

Abhängigkeiten
- Parent: KAN-31
- Testdaten und Fehlerszenarien werden mit dem zugehörigen Xray-Testfall abgestimmt.",300088,KAN-31,Highest
Task,E2-12 Ähnliche Karten anzeigen – Such- und Abfragepfad implementieren,"Zugehörige Story: KAN-32 – E2-12 Ähnliche Karten anzeigen
Priorität der Story: High

Ziel
Filter, Sortierung, Pagination, Normalisierung von Suchbegriffen und die fachliche Query-Logik für die Story umsetzen.

Vorgehen
1. Bestehende Schnittstellen, Daten und Randbedingungen für „Ähnliche Karten anzeigen“ prüfen.
2. Die fachliche Regel an der zuständigen Schicht implementieren und gegen ungültige Eingaben absichern.
3. UI, API, Persistenz oder Testdaten so integrieren, dass der Ablauf reproduzierbar bleibt.
4. Erfolgs-, Fehler-, Berechtigungs- und Wiederholungsfall dokumentieren.

Erledigt wenn
- Treffer sind korrekt, stabil sortiert, paginiert und gegen ungültige oder missbräuchliche Eingaben geschützt.
- Die relevanten Akzeptanzkriterien der Story sind nachweisbar erfüllt.
- Automatisierte oder reproduzierbare Tests sind vorhanden und im Review nachvollziehbar.
- Keine bestehende Funktion außerhalb des Story-Scopes wird unbeabsichtigt verändert.

Abhängigkeiten
- Parent: KAN-32
- Testdaten und Fehlerszenarien werden mit dem zugehörigen Xray-Testfall abgestimmt.",300089,KAN-32,High
Task,E2-12 Ähnliche Karten anzeigen – Ergebnis- und Detailkomponenten umsetzen,"Zugehörige Story: KAN-32 – E2-12 Ähnliche Karten anzeigen
Priorität der Story: High

Ziel
Listen-, Karten- und Detailkomponenten mit URL-Zustand, Verfügbarkeit, Bildern und responsiven Varianten bauen.

Vorgehen
1. Bestehende Schnittstellen, Daten und Randbedingungen für „Ähnliche Karten anzeigen“ prüfen.
2. Die fachliche Regel an der zuständigen Schicht implementieren und gegen ungültige Eingaben absichern.
3. UI, API, Persistenz oder Testdaten so integrieren, dass der Ablauf reproduzierbar bleibt.
4. Erfolgs-, Fehler-, Berechtigungs- und Wiederholungsfall dokumentieren.

Erledigt wenn
- Der relevante Zustand bleibt beim Navigieren erhalten und ist auf den unterstützten Viewports nutzbar.
- Die relevanten Akzeptanzkriterien der Story sind nachweisbar erfüllt.
- Automatisierte oder reproduzierbare Tests sind vorhanden und im Review nachvollziehbar.
- Keine bestehende Funktion außerhalb des Story-Scopes wird unbeabsichtigt verändert.

Abhängigkeiten
- Parent: KAN-32
- Testdaten und Fehlerszenarien werden mit dem zugehörigen Xray-Testfall abgestimmt.",300090,KAN-32,High
Task,"E2-12 Ähnliche Karten anzeigen – Leere, Fehler- und Performancepfade absichern","Zugehörige Story: KAN-32 – E2-12 Ähnliche Karten anzeigen
Priorität der Story: High

Ziel
Keine-Treffer-, Fehler-, langsame Antwort- und große Ergebnismengen mit verständlicher Rückmeldung und geeigneten Limits behandeln.

Vorgehen
1. Bestehende Schnittstellen, Daten und Randbedingungen für „Ähnliche Karten anzeigen“ prüfen.
2. Die fachliche Regel an der zuständigen Schicht implementieren und gegen ungültige Eingaben absichern.
3. UI, API, Persistenz oder Testdaten so integrieren, dass der Ablauf reproduzierbar bleibt.
4. Erfolgs-, Fehler-, Berechtigungs- und Wiederholungsfall dokumentieren.

Erledigt wenn
- Kein Zustand wirkt wie ein erfolgreicher Treffer; Ladezeiten und Requests bleiben kontrollierbar.
- Die relevanten Akzeptanzkriterien der Story sind nachweisbar erfüllt.
- Automatisierte oder reproduzierbare Tests sind vorhanden und im Review nachvollziehbar.
- Keine bestehende Funktion außerhalb des Story-Scopes wird unbeabsichtigt verändert.

Abhängigkeiten
- Parent: KAN-32
- Testdaten und Fehlerszenarien werden mit dem zugehörigen Xray-Testfall abgestimmt.",300091,KAN-32,High
Task,E2-12 Ähnliche Karten anzeigen – Accessibility- und Regressionstests ergänzen,"Zugehörige Story: KAN-32 – E2-12 Ähnliche Karten anzeigen
Priorität der Story: High

Ziel
Tastaturpfade, Screenreader-Namen, Fokusreihenfolge, visuelle Regression und repräsentative Datenvarianten testen.

Vorgehen
1. Bestehende Schnittstellen, Daten und Randbedingungen für „Ähnliche Karten anzeigen“ prüfen.
2. Die fachliche Regel an der zuständigen Schicht implementieren und gegen ungültige Eingaben absichern.
3. UI, API, Persistenz oder Testdaten so integrieren, dass der Ablauf reproduzierbar bleibt.
4. Erfolgs-, Fehler-, Berechtigungs- und Wiederholungsfall dokumentieren.

Erledigt wenn
- Die wichtigsten Nutzungspfade sind reproduzierbar geprüft und die Ergebnisse im Testmanagement verwertbar.
- Die relevanten Akzeptanzkriterien der Story sind nachweisbar erfüllt.
- Automatisierte oder reproduzierbare Tests sind vorhanden und im Review nachvollziehbar.
- Keine bestehende Funktion außerhalb des Story-Scopes wird unbeabsichtigt verändert.

Abhängigkeiten
- Parent: KAN-32
- Testdaten und Fehlerszenarien werden mit dem zugehörigen Xray-Testfall abgestimmt.",300092,KAN-32,High
Task,E2-13 Leere und fehlerhafte Ergebnisse verstehen – Such- und Abfragepfad implementieren,"Zugehörige Story: KAN-33 – E2-13 Leere und fehlerhafte Ergebnisse verstehen
Priorität der Story: Highest

Ziel
Filter, Sortierung, Pagination, Normalisierung von Suchbegriffen und die fachliche Query-Logik für die Story umsetzen.

Vorgehen
1. Bestehende Schnittstellen, Daten und Randbedingungen für „Leere und fehlerhafte Ergebnisse verstehen“ prüfen.
2. Die fachliche Regel an der zuständigen Schicht implementieren und gegen ungültige Eingaben absichern.
3. UI, API, Persistenz oder Testdaten so integrieren, dass der Ablauf reproduzierbar bleibt.
4. Erfolgs-, Fehler-, Berechtigungs- und Wiederholungsfall dokumentieren.

Erledigt wenn
- Treffer sind korrekt, stabil sortiert, paginiert und gegen ungültige oder missbräuchliche Eingaben geschützt.
- Die relevanten Akzeptanzkriterien der Story sind nachweisbar erfüllt.
- Automatisierte oder reproduzierbare Tests sind vorhanden und im Review nachvollziehbar.
- Keine bestehende Funktion außerhalb des Story-Scopes wird unbeabsichtigt verändert.

Abhängigkeiten
- Parent: KAN-33
- Testdaten und Fehlerszenarien werden mit dem zugehörigen Xray-Testfall abgestimmt.",300093,KAN-33,Highest
Task,E2-13 Leere und fehlerhafte Ergebnisse verstehen – Ergebnis- und Detailkomponenten umsetzen,"Zugehörige Story: KAN-33 – E2-13 Leere und fehlerhafte Ergebnisse verstehen
Priorität der Story: Highest

Ziel
Listen-, Karten- und Detailkomponenten mit URL-Zustand, Verfügbarkeit, Bildern und responsiven Varianten bauen.

Vorgehen
1. Bestehende Schnittstellen, Daten und Randbedingungen für „Leere und fehlerhafte Ergebnisse verstehen“ prüfen.
2. Die fachliche Regel an der zuständigen Schicht implementieren und gegen ungültige Eingaben absichern.
3. UI, API, Persistenz oder Testdaten so integrieren, dass der Ablauf reproduzierbar bleibt.
4. Erfolgs-, Fehler-, Berechtigungs- und Wiederholungsfall dokumentieren.

Erledigt wenn
- Der relevante Zustand bleibt beim Navigieren erhalten und ist auf den unterstützten Viewports nutzbar.
- Die relevanten Akzeptanzkriterien der Story sind nachweisbar erfüllt.
- Automatisierte oder reproduzierbare Tests sind vorhanden und im Review nachvollziehbar.
- Keine bestehende Funktion außerhalb des Story-Scopes wird unbeabsichtigt verändert.

Abhängigkeiten
- Parent: KAN-33
- Testdaten und Fehlerszenarien werden mit dem zugehörigen Xray-Testfall abgestimmt.",300094,KAN-33,Highest
Task,"E2-13 Leere und fehlerhafte Ergebnisse verstehen – Leere, Fehler- und Performancepfade absichern","Zugehörige Story: KAN-33 – E2-13 Leere und fehlerhafte Ergebnisse verstehen
Priorität der Story: Highest

Ziel
Keine-Treffer-, Fehler-, langsame Antwort- und große Ergebnismengen mit verständlicher Rückmeldung und geeigneten Limits behandeln.

Vorgehen
1. Bestehende Schnittstellen, Daten und Randbedingungen für „Leere und fehlerhafte Ergebnisse verstehen“ prüfen.
2. Die fachliche Regel an der zuständigen Schicht implementieren und gegen ungültige Eingaben absichern.
3. UI, API, Persistenz oder Testdaten so integrieren, dass der Ablauf reproduzierbar bleibt.
4. Erfolgs-, Fehler-, Berechtigungs- und Wiederholungsfall dokumentieren.

Erledigt wenn
- Kein Zustand wirkt wie ein erfolgreicher Treffer; Ladezeiten und Requests bleiben kontrollierbar.
- Die relevanten Akzeptanzkriterien der Story sind nachweisbar erfüllt.
- Automatisierte oder reproduzierbare Tests sind vorhanden und im Review nachvollziehbar.
- Keine bestehende Funktion außerhalb des Story-Scopes wird unbeabsichtigt verändert.

Abhängigkeiten
- Parent: KAN-33
- Testdaten und Fehlerszenarien werden mit dem zugehörigen Xray-Testfall abgestimmt.",300095,KAN-33,Highest
Task,E2-13 Leere und fehlerhafte Ergebnisse verstehen – Accessibility- und Regressionstests ergänzen,"Zugehörige Story: KAN-33 – E2-13 Leere und fehlerhafte Ergebnisse verstehen
Priorität der Story: Highest

Ziel
Tastaturpfade, Screenreader-Namen, Fokusreihenfolge, visuelle Regression und repräsentative Datenvarianten testen.

Vorgehen
1. Bestehende Schnittstellen, Daten und Randbedingungen für „Leere und fehlerhafte Ergebnisse verstehen“ prüfen.
2. Die fachliche Regel an der zuständigen Schicht implementieren und gegen ungültige Eingaben absichern.
3. UI, API, Persistenz oder Testdaten so integrieren, dass der Ablauf reproduzierbar bleibt.
4. Erfolgs-, Fehler-, Berechtigungs- und Wiederholungsfall dokumentieren.

Erledigt wenn
- Die wichtigsten Nutzungspfade sind reproduzierbar geprüft und die Ergebnisse im Testmanagement verwertbar.
- Die relevanten Akzeptanzkriterien der Story sind nachweisbar erfüllt.
- Automatisierte oder reproduzierbare Tests sind vorhanden und im Review nachvollziehbar.
- Keine bestehende Funktion außerhalb des Story-Scopes wird unbeabsichtigt verändert.

Abhängigkeiten
- Parent: KAN-33
- Testdaten und Fehlerszenarien werden mit dem zugehörigen Xray-Testfall abgestimmt.",300096,KAN-33,Highest
Task,E3-01 Karte in den Warenkorb legen – Warenkorb- und Checkout-Zustand modellieren,"Zugehörige Story: KAN-34 – E3-01 Karte in den Warenkorb legen
Priorität der Story: Highest

Ziel
Artikel, Mengen, Preise, Verfügbarkeit, Gast-/Konto-Kontext und Zustandsübergänge serverseitig definieren.

Vorgehen
1. Bestehende Schnittstellen, Daten und Randbedingungen für „Karte in den Warenkorb legen“ prüfen.
2. Die fachliche Regel an der zuständigen Schicht implementieren und gegen ungültige Eingaben absichern.
3. UI, API, Persistenz oder Testdaten so integrieren, dass der Ablauf reproduzierbar bleibt.
4. Erfolgs-, Fehler-, Berechtigungs- und Wiederholungsfall dokumentieren.

Erledigt wenn
- Der Server ist die Quelle der Wahrheit und verhindert Preis-, Bestands- oder Mengenabweichungen.
- Die relevanten Akzeptanzkriterien der Story sind nachweisbar erfüllt.
- Automatisierte oder reproduzierbare Tests sind vorhanden und im Review nachvollziehbar.
- Keine bestehende Funktion außerhalb des Story-Scopes wird unbeabsichtigt verändert.

Abhängigkeiten
- Parent: KAN-34
- Testdaten und Fehlerszenarien werden mit dem zugehörigen Xray-Testfall abgestimmt.",300097,KAN-34,Highest
Task,E3-01 Karte in den Warenkorb legen – Checkout-Oberfläche und Nutzerführung bauen,"Zugehörige Story: KAN-34 – E3-01 Karte in den Warenkorb legen
Priorität der Story: Highest

Ziel
Warenkorb, Adressen, Versandart, Zusammenfassung und Fortschrittsanzeige mit klaren Aktionen implementieren.

Vorgehen
1. Bestehende Schnittstellen, Daten und Randbedingungen für „Karte in den Warenkorb legen“ prüfen.
2. Die fachliche Regel an der zuständigen Schicht implementieren und gegen ungültige Eingaben absichern.
3. UI, API, Persistenz oder Testdaten so integrieren, dass der Ablauf reproduzierbar bleibt.
4. Erfolgs-, Fehler-, Berechtigungs- und Wiederholungsfall dokumentieren.

Erledigt wenn
- Der Nutzer kann jeden Schritt verstehen, ändern und ohne Datenverlust zurückgehen.
- Die relevanten Akzeptanzkriterien der Story sind nachweisbar erfüllt.
- Automatisierte oder reproduzierbare Tests sind vorhanden und im Review nachvollziehbar.
- Keine bestehende Funktion außerhalb des Story-Scopes wird unbeabsichtigt verändert.

Abhängigkeiten
- Parent: KAN-34
- Testdaten und Fehlerszenarien werden mit dem zugehörigen Xray-Testfall abgestimmt.",300098,KAN-34,Highest
Task,"E3-01 Karte in den Warenkorb legen – Validierung, Nebenläufigkeit und Fehlerbehandlung absichern","Zugehörige Story: KAN-34 – E3-01 Karte in den Warenkorb legen
Priorität der Story: Highest

Ziel
Formularfehler, abgelaufene Warenkörbe, Nichtverfügbarkeit, wiederholte Requests und Abbruchpfade behandeln.

Vorgehen
1. Bestehende Schnittstellen, Daten und Randbedingungen für „Karte in den Warenkorb legen“ prüfen.
2. Die fachliche Regel an der zuständigen Schicht implementieren und gegen ungültige Eingaben absichern.
3. UI, API, Persistenz oder Testdaten so integrieren, dass der Ablauf reproduzierbar bleibt.
4. Erfolgs-, Fehler-, Berechtigungs- und Wiederholungsfall dokumentieren.

Erledigt wenn
- Fehler sind verständlich; Reservierungen und Bestellungen bleiben auch bei Wiederholung konsistent.
- Die relevanten Akzeptanzkriterien der Story sind nachweisbar erfüllt.
- Automatisierte oder reproduzierbare Tests sind vorhanden und im Review nachvollziehbar.
- Keine bestehende Funktion außerhalb des Story-Scopes wird unbeabsichtigt verändert.

Abhängigkeiten
- Parent: KAN-34
- Testdaten und Fehlerszenarien werden mit dem zugehörigen Xray-Testfall abgestimmt.",300099,KAN-34,Highest
Task,E3-01 Karte in den Warenkorb legen – End-to-End- und Zahlungsübergabetests erstellen,"Zugehörige Story: KAN-34 – E3-01 Karte in den Warenkorb legen
Priorität der Story: Highest

Ziel
Gast- und Konto-Flows mit realistischen Artikeln, Adressen, Versandkosten und simulierten Zahlungsantworten prüfen.

Vorgehen
1. Bestehende Schnittstellen, Daten und Randbedingungen für „Karte in den Warenkorb legen“ prüfen.
2. Die fachliche Regel an der zuständigen Schicht implementieren und gegen ungültige Eingaben absichern.
3. UI, API, Persistenz oder Testdaten so integrieren, dass der Ablauf reproduzierbar bleibt.
4. Erfolgs-, Fehler-, Berechtigungs- und Wiederholungsfall dokumentieren.

Erledigt wenn
- Der vollständige Kaufpfad ist für Erfolg, Abbruch und Fehlzahlung reproduzierbar abgesichert.
- Die relevanten Akzeptanzkriterien der Story sind nachweisbar erfüllt.
- Automatisierte oder reproduzierbare Tests sind vorhanden und im Review nachvollziehbar.
- Keine bestehende Funktion außerhalb des Story-Scopes wird unbeabsichtigt verändert.

Abhängigkeiten
- Parent: KAN-34
- Testdaten und Fehlerszenarien werden mit dem zugehörigen Xray-Testfall abgestimmt.",300100,KAN-34,Highest
Task,E3-02 Warenkorbmenge ändern – Warenkorb- und Checkout-Zustand modellieren,"Zugehörige Story: KAN-35 – E3-02 Warenkorbmenge ändern
Priorität der Story: Highest

Ziel
Artikel, Mengen, Preise, Verfügbarkeit, Gast-/Konto-Kontext und Zustandsübergänge serverseitig definieren.

Vorgehen
1. Bestehende Schnittstellen, Daten und Randbedingungen für „Warenkorbmenge ändern“ prüfen.
2. Die fachliche Regel an der zuständigen Schicht implementieren und gegen ungültige Eingaben absichern.
3. UI, API, Persistenz oder Testdaten so integrieren, dass der Ablauf reproduzierbar bleibt.
4. Erfolgs-, Fehler-, Berechtigungs- und Wiederholungsfall dokumentieren.

Erledigt wenn
- Der Server ist die Quelle der Wahrheit und verhindert Preis-, Bestands- oder Mengenabweichungen.
- Die relevanten Akzeptanzkriterien der Story sind nachweisbar erfüllt.
- Automatisierte oder reproduzierbare Tests sind vorhanden und im Review nachvollziehbar.
- Keine bestehende Funktion außerhalb des Story-Scopes wird unbeabsichtigt verändert.

Abhängigkeiten
- Parent: KAN-35
- Testdaten und Fehlerszenarien werden mit dem zugehörigen Xray-Testfall abgestimmt.",300101,KAN-35,Highest
Task,E3-02 Warenkorbmenge ändern – Checkout-Oberfläche und Nutzerführung bauen,"Zugehörige Story: KAN-35 – E3-02 Warenkorbmenge ändern
Priorität der Story: Highest

Ziel
Warenkorb, Adressen, Versandart, Zusammenfassung und Fortschrittsanzeige mit klaren Aktionen implementieren.

Vorgehen
1. Bestehende Schnittstellen, Daten und Randbedingungen für „Warenkorbmenge ändern“ prüfen.
2. Die fachliche Regel an der zuständigen Schicht implementieren und gegen ungültige Eingaben absichern.
3. UI, API, Persistenz oder Testdaten so integrieren, dass der Ablauf reproduzierbar bleibt.
4. Erfolgs-, Fehler-, Berechtigungs- und Wiederholungsfall dokumentieren.

Erledigt wenn
- Der Nutzer kann jeden Schritt verstehen, ändern und ohne Datenverlust zurückgehen.
- Die relevanten Akzeptanzkriterien der Story sind nachweisbar erfüllt.
- Automatisierte oder reproduzierbare Tests sind vorhanden und im Review nachvollziehbar.
- Keine bestehende Funktion außerhalb des Story-Scopes wird unbeabsichtigt verändert.

Abhängigkeiten
- Parent: KAN-35
- Testdaten und Fehlerszenarien werden mit dem zugehörigen Xray-Testfall abgestimmt.",300102,KAN-35,Highest
Task,"E3-02 Warenkorbmenge ändern – Validierung, Nebenläufigkeit und Fehlerbehandlung absichern","Zugehörige Story: KAN-35 – E3-02 Warenkorbmenge ändern
Priorität der Story: Highest

Ziel
Formularfehler, abgelaufene Warenkörbe, Nichtverfügbarkeit, wiederholte Requests und Abbruchpfade behandeln.

Vorgehen
1. Bestehende Schnittstellen, Daten und Randbedingungen für „Warenkorbmenge ändern“ prüfen.
2. Die fachliche Regel an der zuständigen Schicht implementieren und gegen ungültige Eingaben absichern.
3. UI, API, Persistenz oder Testdaten so integrieren, dass der Ablauf reproduzierbar bleibt.
4. Erfolgs-, Fehler-, Berechtigungs- und Wiederholungsfall dokumentieren.

Erledigt wenn
- Fehler sind verständlich; Reservierungen und Bestellungen bleiben auch bei Wiederholung konsistent.
- Die relevanten Akzeptanzkriterien der Story sind nachweisbar erfüllt.
- Automatisierte oder reproduzierbare Tests sind vorhanden und im Review nachvollziehbar.
- Keine bestehende Funktion außerhalb des Story-Scopes wird unbeabsichtigt verändert.

Abhängigkeiten
- Parent: KAN-35
- Testdaten und Fehlerszenarien werden mit dem zugehörigen Xray-Testfall abgestimmt.",300103,KAN-35,Highest
Task,E3-02 Warenkorbmenge ändern – End-to-End- und Zahlungsübergabetests erstellen,"Zugehörige Story: KAN-35 – E3-02 Warenkorbmenge ändern
Priorität der Story: Highest

Ziel
Gast- und Konto-Flows mit realistischen Artikeln, Adressen, Versandkosten und simulierten Zahlungsantworten prüfen.

Vorgehen
1. Bestehende Schnittstellen, Daten und Randbedingungen für „Warenkorbmenge ändern“ prüfen.
2. Die fachliche Regel an der zuständigen Schicht implementieren und gegen ungültige Eingaben absichern.
3. UI, API, Persistenz oder Testdaten so integrieren, dass der Ablauf reproduzierbar bleibt.
4. Erfolgs-, Fehler-, Berechtigungs- und Wiederholungsfall dokumentieren.

Erledigt wenn
- Der vollständige Kaufpfad ist für Erfolg, Abbruch und Fehlzahlung reproduzierbar abgesichert.
- Die relevanten Akzeptanzkriterien der Story sind nachweisbar erfüllt.
- Automatisierte oder reproduzierbare Tests sind vorhanden und im Review nachvollziehbar.
- Keine bestehende Funktion außerhalb des Story-Scopes wird unbeabsichtigt verändert.

Abhängigkeiten
- Parent: KAN-35
- Testdaten und Fehlerszenarien werden mit dem zugehörigen Xray-Testfall abgestimmt.",300104,KAN-35,Highest
Task,E3-03 Warenkorbartikel entfernen – Warenkorb- und Checkout-Zustand modellieren,"Zugehörige Story: KAN-36 – E3-03 Warenkorbartikel entfernen
Priorität der Story: Highest

Ziel
Artikel, Mengen, Preise, Verfügbarkeit, Gast-/Konto-Kontext und Zustandsübergänge serverseitig definieren.

Vorgehen
1. Bestehende Schnittstellen, Daten und Randbedingungen für „Warenkorbartikel entfernen“ prüfen.
2. Die fachliche Regel an der zuständigen Schicht implementieren und gegen ungültige Eingaben absichern.
3. UI, API, Persistenz oder Testdaten so integrieren, dass der Ablauf reproduzierbar bleibt.
4. Erfolgs-, Fehler-, Berechtigungs- und Wiederholungsfall dokumentieren.

Erledigt wenn
- Der Server ist die Quelle der Wahrheit und verhindert Preis-, Bestands- oder Mengenabweichungen.
- Die relevanten Akzeptanzkriterien der Story sind nachweisbar erfüllt.
- Automatisierte oder reproduzierbare Tests sind vorhanden und im Review nachvollziehbar.
- Keine bestehende Funktion außerhalb des Story-Scopes wird unbeabsichtigt verändert.

Abhängigkeiten
- Parent: KAN-36
- Testdaten und Fehlerszenarien werden mit dem zugehörigen Xray-Testfall abgestimmt.",300105,KAN-36,Highest
Task,E3-03 Warenkorbartikel entfernen – Checkout-Oberfläche und Nutzerführung bauen,"Zugehörige Story: KAN-36 – E3-03 Warenkorbartikel entfernen
Priorität der Story: Highest

Ziel
Warenkorb, Adressen, Versandart, Zusammenfassung und Fortschrittsanzeige mit klaren Aktionen implementieren.

Vorgehen
1. Bestehende Schnittstellen, Daten und Randbedingungen für „Warenkorbartikel entfernen“ prüfen.
2. Die fachliche Regel an der zuständigen Schicht implementieren und gegen ungültige Eingaben absichern.
3. UI, API, Persistenz oder Testdaten so integrieren, dass der Ablauf reproduzierbar bleibt.
4. Erfolgs-, Fehler-, Berechtigungs- und Wiederholungsfall dokumentieren.

Erledigt wenn
- Der Nutzer kann jeden Schritt verstehen, ändern und ohne Datenverlust zurückgehen.
- Die relevanten Akzeptanzkriterien der Story sind nachweisbar erfüllt.
- Automatisierte oder reproduzierbare Tests sind vorhanden und im Review nachvollziehbar.
- Keine bestehende Funktion außerhalb des Story-Scopes wird unbeabsichtigt verändert.

Abhängigkeiten
- Parent: KAN-36
- Testdaten und Fehlerszenarien werden mit dem zugehörigen Xray-Testfall abgestimmt.",300106,KAN-36,Highest
Task,"E3-03 Warenkorbartikel entfernen – Validierung, Nebenläufigkeit und Fehlerbehandlung absichern","Zugehörige Story: KAN-36 – E3-03 Warenkorbartikel entfernen
Priorität der Story: Highest

Ziel
Formularfehler, abgelaufene Warenkörbe, Nichtverfügbarkeit, wiederholte Requests und Abbruchpfade behandeln.

Vorgehen
1. Bestehende Schnittstellen, Daten und Randbedingungen für „Warenkorbartikel entfernen“ prüfen.
2. Die fachliche Regel an der zuständigen Schicht implementieren und gegen ungültige Eingaben absichern.
3. UI, API, Persistenz oder Testdaten so integrieren, dass der Ablauf reproduzierbar bleibt.
4. Erfolgs-, Fehler-, Berechtigungs- und Wiederholungsfall dokumentieren.

Erledigt wenn
- Fehler sind verständlich; Reservierungen und Bestellungen bleiben auch bei Wiederholung konsistent.
- Die relevanten Akzeptanzkriterien der Story sind nachweisbar erfüllt.
- Automatisierte oder reproduzierbare Tests sind vorhanden und im Review nachvollziehbar.
- Keine bestehende Funktion außerhalb des Story-Scopes wird unbeabsichtigt verändert.

Abhängigkeiten
- Parent: KAN-36
- Testdaten und Fehlerszenarien werden mit dem zugehörigen Xray-Testfall abgestimmt.",300107,KAN-36,Highest
Task,E3-03 Warenkorbartikel entfernen – End-to-End- und Zahlungsübergabetests erstellen,"Zugehörige Story: KAN-36 – E3-03 Warenkorbartikel entfernen
Priorität der Story: Highest

Ziel
Gast- und Konto-Flows mit realistischen Artikeln, Adressen, Versandkosten und simulierten Zahlungsantworten prüfen.

Vorgehen
1. Bestehende Schnittstellen, Daten und Randbedingungen für „Warenkorbartikel entfernen“ prüfen.
2. Die fachliche Regel an der zuständigen Schicht implementieren und gegen ungültige Eingaben absichern.
3. UI, API, Persistenz oder Testdaten so integrieren, dass der Ablauf reproduzierbar bleibt.
4. Erfolgs-, Fehler-, Berechtigungs- und Wiederholungsfall dokumentieren.

Erledigt wenn
- Der vollständige Kaufpfad ist für Erfolg, Abbruch und Fehlzahlung reproduzierbar abgesichert.
- Die relevanten Akzeptanzkriterien der Story sind nachweisbar erfüllt.
- Automatisierte oder reproduzierbare Tests sind vorhanden und im Review nachvollziehbar.
- Keine bestehende Funktion außerhalb des Story-Scopes wird unbeabsichtigt verändert.

Abhängigkeiten
- Parent: KAN-36
- Testdaten und Fehlerszenarien werden mit dem zugehörigen Xray-Testfall abgestimmt.",300108,KAN-36,Highest
Task,E3-04 Gesamtpreis anzeigen – Warenkorb- und Checkout-Zustand modellieren,"Zugehörige Story: KAN-37 – E3-04 Gesamtpreis anzeigen
Priorität der Story: Highest

Ziel
Artikel, Mengen, Preise, Verfügbarkeit, Gast-/Konto-Kontext und Zustandsübergänge serverseitig definieren.

Vorgehen
1. Bestehende Schnittstellen, Daten und Randbedingungen für „Gesamtpreis anzeigen“ prüfen.
2. Die fachliche Regel an der zuständigen Schicht implementieren und gegen ungültige Eingaben absichern.
3. UI, API, Persistenz oder Testdaten so integrieren, dass der Ablauf reproduzierbar bleibt.
4. Erfolgs-, Fehler-, Berechtigungs- und Wiederholungsfall dokumentieren.

Erledigt wenn
- Der Server ist die Quelle der Wahrheit und verhindert Preis-, Bestands- oder Mengenabweichungen.
- Die relevanten Akzeptanzkriterien der Story sind nachweisbar erfüllt.
- Automatisierte oder reproduzierbare Tests sind vorhanden und im Review nachvollziehbar.
- Keine bestehende Funktion außerhalb des Story-Scopes wird unbeabsichtigt verändert.

Abhängigkeiten
- Parent: KAN-37
- Testdaten und Fehlerszenarien werden mit dem zugehörigen Xray-Testfall abgestimmt.",300109,KAN-37,Highest
Task,E3-04 Gesamtpreis anzeigen – Checkout-Oberfläche und Nutzerführung bauen,"Zugehörige Story: KAN-37 – E3-04 Gesamtpreis anzeigen
Priorität der Story: Highest

Ziel
Warenkorb, Adressen, Versandart, Zusammenfassung und Fortschrittsanzeige mit klaren Aktionen implementieren.

Vorgehen
1. Bestehende Schnittstellen, Daten und Randbedingungen für „Gesamtpreis anzeigen“ prüfen.
2. Die fachliche Regel an der zuständigen Schicht implementieren und gegen ungültige Eingaben absichern.
3. UI, API, Persistenz oder Testdaten so integrieren, dass der Ablauf reproduzierbar bleibt.
4. Erfolgs-, Fehler-, Berechtigungs- und Wiederholungsfall dokumentieren.

Erledigt wenn
- Der Nutzer kann jeden Schritt verstehen, ändern und ohne Datenverlust zurückgehen.
- Die relevanten Akzeptanzkriterien der Story sind nachweisbar erfüllt.
- Automatisierte oder reproduzierbare Tests sind vorhanden und im Review nachvollziehbar.
- Keine bestehende Funktion außerhalb des Story-Scopes wird unbeabsichtigt verändert.

Abhängigkeiten
- Parent: KAN-37
- Testdaten und Fehlerszenarien werden mit dem zugehörigen Xray-Testfall abgestimmt.",300110,KAN-37,Highest
Task,"E3-04 Gesamtpreis anzeigen – Validierung, Nebenläufigkeit und Fehlerbehandlung absichern","Zugehörige Story: KAN-37 – E3-04 Gesamtpreis anzeigen
Priorität der Story: Highest

Ziel
Formularfehler, abgelaufene Warenkörbe, Nichtverfügbarkeit, wiederholte Requests und Abbruchpfade behandeln.

Vorgehen
1. Bestehende Schnittstellen, Daten und Randbedingungen für „Gesamtpreis anzeigen“ prüfen.
2. Die fachliche Regel an der zuständigen Schicht implementieren und gegen ungültige Eingaben absichern.
3. UI, API, Persistenz oder Testdaten so integrieren, dass der Ablauf reproduzierbar bleibt.
4. Erfolgs-, Fehler-, Berechtigungs- und Wiederholungsfall dokumentieren.

Erledigt wenn
- Fehler sind verständlich; Reservierungen und Bestellungen bleiben auch bei Wiederholung konsistent.
- Die relevanten Akzeptanzkriterien der Story sind nachweisbar erfüllt.
- Automatisierte oder reproduzierbare Tests sind vorhanden und im Review nachvollziehbar.
- Keine bestehende Funktion außerhalb des Story-Scopes wird unbeabsichtigt verändert.

Abhängigkeiten
- Parent: KAN-37
- Testdaten und Fehlerszenarien werden mit dem zugehörigen Xray-Testfall abgestimmt.",300111,KAN-37,Highest
Task,E3-04 Gesamtpreis anzeigen – End-to-End- und Zahlungsübergabetests erstellen,"Zugehörige Story: KAN-37 – E3-04 Gesamtpreis anzeigen
Priorität der Story: Highest

Ziel
Gast- und Konto-Flows mit realistischen Artikeln, Adressen, Versandkosten und simulierten Zahlungsantworten prüfen.

Vorgehen
1. Bestehende Schnittstellen, Daten und Randbedingungen für „Gesamtpreis anzeigen“ prüfen.
2. Die fachliche Regel an der zuständigen Schicht implementieren und gegen ungültige Eingaben absichern.
3. UI, API, Persistenz oder Testdaten so integrieren, dass der Ablauf reproduzierbar bleibt.
4. Erfolgs-, Fehler-, Berechtigungs- und Wiederholungsfall dokumentieren.

Erledigt wenn
- Der vollständige Kaufpfad ist für Erfolg, Abbruch und Fehlzahlung reproduzierbar abgesichert.
- Die relevanten Akzeptanzkriterien der Story sind nachweisbar erfüllt.
- Automatisierte oder reproduzierbare Tests sind vorhanden und im Review nachvollziehbar.
- Keine bestehende Funktion außerhalb des Story-Scopes wird unbeabsichtigt verändert.

Abhängigkeiten
- Parent: KAN-37
- Testdaten und Fehlerszenarien werden mit dem zugehörigen Xray-Testfall abgestimmt.",300112,KAN-37,Highest
Task,E3-05 Nichtverfügbarkeit erkennen – Warenkorb- und Checkout-Zustand modellieren,"Zugehörige Story: KAN-38 – E3-05 Nichtverfügbarkeit erkennen
Priorität der Story: Highest

Ziel
Artikel, Mengen, Preise, Verfügbarkeit, Gast-/Konto-Kontext und Zustandsübergänge serverseitig definieren.

Vorgehen
1. Bestehende Schnittstellen, Daten und Randbedingungen für „Nichtverfügbarkeit erkennen“ prüfen.
2. Die fachliche Regel an der zuständigen Schicht implementieren und gegen ungültige Eingaben absichern.
3. UI, API, Persistenz oder Testdaten so integrieren, dass der Ablauf reproduzierbar bleibt.
4. Erfolgs-, Fehler-, Berechtigungs- und Wiederholungsfall dokumentieren.

Erledigt wenn
- Der Server ist die Quelle der Wahrheit und verhindert Preis-, Bestands- oder Mengenabweichungen.
- Die relevanten Akzeptanzkriterien der Story sind nachweisbar erfüllt.
- Automatisierte oder reproduzierbare Tests sind vorhanden und im Review nachvollziehbar.
- Keine bestehende Funktion außerhalb des Story-Scopes wird unbeabsichtigt verändert.

Abhängigkeiten
- Parent: KAN-38
- Testdaten und Fehlerszenarien werden mit dem zugehörigen Xray-Testfall abgestimmt.",300113,KAN-38,Highest
Task,E3-05 Nichtverfügbarkeit erkennen – Checkout-Oberfläche und Nutzerführung bauen,"Zugehörige Story: KAN-38 – E3-05 Nichtverfügbarkeit erkennen
Priorität der Story: Highest

Ziel
Warenkorb, Adressen, Versandart, Zusammenfassung und Fortschrittsanzeige mit klaren Aktionen implementieren.

Vorgehen
1. Bestehende Schnittstellen, Daten und Randbedingungen für „Nichtverfügbarkeit erkennen“ prüfen.
2. Die fachliche Regel an der zuständigen Schicht implementieren und gegen ungültige Eingaben absichern.
3. UI, API, Persistenz oder Testdaten so integrieren, dass der Ablauf reproduzierbar bleibt.
4. Erfolgs-, Fehler-, Berechtigungs- und Wiederholungsfall dokumentieren.

Erledigt wenn
- Der Nutzer kann jeden Schritt verstehen, ändern und ohne Datenverlust zurückgehen.
- Die relevanten Akzeptanzkriterien der Story sind nachweisbar erfüllt.
- Automatisierte oder reproduzierbare Tests sind vorhanden und im Review nachvollziehbar.
- Keine bestehende Funktion außerhalb des Story-Scopes wird unbeabsichtigt verändert.

Abhängigkeiten
- Parent: KAN-38
- Testdaten und Fehlerszenarien werden mit dem zugehörigen Xray-Testfall abgestimmt.",300114,KAN-38,Highest
Task,"E3-05 Nichtverfügbarkeit erkennen – Validierung, Nebenläufigkeit und Fehlerbehandlung absichern","Zugehörige Story: KAN-38 – E3-05 Nichtverfügbarkeit erkennen
Priorität der Story: Highest

Ziel
Formularfehler, abgelaufene Warenkörbe, Nichtverfügbarkeit, wiederholte Requests und Abbruchpfade behandeln.

Vorgehen
1. Bestehende Schnittstellen, Daten und Randbedingungen für „Nichtverfügbarkeit erkennen“ prüfen.
2. Die fachliche Regel an der zuständigen Schicht implementieren und gegen ungültige Eingaben absichern.
3. UI, API, Persistenz oder Testdaten so integrieren, dass der Ablauf reproduzierbar bleibt.
4. Erfolgs-, Fehler-, Berechtigungs- und Wiederholungsfall dokumentieren.

Erledigt wenn
- Fehler sind verständlich; Reservierungen und Bestellungen bleiben auch bei Wiederholung konsistent.
- Die relevanten Akzeptanzkriterien der Story sind nachweisbar erfüllt.
- Automatisierte oder reproduzierbare Tests sind vorhanden und im Review nachvollziehbar.
- Keine bestehende Funktion außerhalb des Story-Scopes wird unbeabsichtigt verändert.

Abhängigkeiten
- Parent: KAN-38
- Testdaten und Fehlerszenarien werden mit dem zugehörigen Xray-Testfall abgestimmt.",300115,KAN-38,Highest
Task,E3-05 Nichtverfügbarkeit erkennen – End-to-End- und Zahlungsübergabetests erstellen,"Zugehörige Story: KAN-38 – E3-05 Nichtverfügbarkeit erkennen
Priorität der Story: Highest

Ziel
Gast- und Konto-Flows mit realistischen Artikeln, Adressen, Versandkosten und simulierten Zahlungsantworten prüfen.

Vorgehen
1. Bestehende Schnittstellen, Daten und Randbedingungen für „Nichtverfügbarkeit erkennen“ prüfen.
2. Die fachliche Regel an der zuständigen Schicht implementieren und gegen ungültige Eingaben absichern.
3. UI, API, Persistenz oder Testdaten so integrieren, dass der Ablauf reproduzierbar bleibt.
4. Erfolgs-, Fehler-, Berechtigungs- und Wiederholungsfall dokumentieren.

Erledigt wenn
- Der vollständige Kaufpfad ist für Erfolg, Abbruch und Fehlzahlung reproduzierbar abgesichert.
- Die relevanten Akzeptanzkriterien der Story sind nachweisbar erfüllt.
- Automatisierte oder reproduzierbare Tests sind vorhanden und im Review nachvollziehbar.
- Keine bestehende Funktion außerhalb des Story-Scopes wird unbeabsichtigt verändert.

Abhängigkeiten
- Parent: KAN-38
- Testdaten und Fehlerszenarien werden mit dem zugehörigen Xray-Testfall abgestimmt.",300116,KAN-38,Highest
Task,E3-06 Warenkorb persistent halten – Warenkorb- und Checkout-Zustand modellieren,"Zugehörige Story: KAN-39 – E3-06 Warenkorb persistent halten
Priorität der Story: High

Ziel
Artikel, Mengen, Preise, Verfügbarkeit, Gast-/Konto-Kontext und Zustandsübergänge serverseitig definieren.

Vorgehen
1. Bestehende Schnittstellen, Daten und Randbedingungen für „Warenkorb persistent halten“ prüfen.
2. Die fachliche Regel an der zuständigen Schicht implementieren und gegen ungültige Eingaben absichern.
3. UI, API, Persistenz oder Testdaten so integrieren, dass der Ablauf reproduzierbar bleibt.
4. Erfolgs-, Fehler-, Berechtigungs- und Wiederholungsfall dokumentieren.

Erledigt wenn
- Der Server ist die Quelle der Wahrheit und verhindert Preis-, Bestands- oder Mengenabweichungen.
- Die relevanten Akzeptanzkriterien der Story sind nachweisbar erfüllt.
- Automatisierte oder reproduzierbare Tests sind vorhanden und im Review nachvollziehbar.
- Keine bestehende Funktion außerhalb des Story-Scopes wird unbeabsichtigt verändert.

Abhängigkeiten
- Parent: KAN-39
- Testdaten und Fehlerszenarien werden mit dem zugehörigen Xray-Testfall abgestimmt.",300117,KAN-39,High
Task,E3-06 Warenkorb persistent halten – Checkout-Oberfläche und Nutzerführung bauen,"Zugehörige Story: KAN-39 – E3-06 Warenkorb persistent halten
Priorität der Story: High

Ziel
Warenkorb, Adressen, Versandart, Zusammenfassung und Fortschrittsanzeige mit klaren Aktionen implementieren.

Vorgehen
1. Bestehende Schnittstellen, Daten und Randbedingungen für „Warenkorb persistent halten“ prüfen.
2. Die fachliche Regel an der zuständigen Schicht implementieren und gegen ungültige Eingaben absichern.
3. UI, API, Persistenz oder Testdaten so integrieren, dass der Ablauf reproduzierbar bleibt.
4. Erfolgs-, Fehler-, Berechtigungs- und Wiederholungsfall dokumentieren.

Erledigt wenn
- Der Nutzer kann jeden Schritt verstehen, ändern und ohne Datenverlust zurückgehen.
- Die relevanten Akzeptanzkriterien der Story sind nachweisbar erfüllt.
- Automatisierte oder reproduzierbare Tests sind vorhanden und im Review nachvollziehbar.
- Keine bestehende Funktion außerhalb des Story-Scopes wird unbeabsichtigt verändert.

Abhängigkeiten
- Parent: KAN-39
- Testdaten und Fehlerszenarien werden mit dem zugehörigen Xray-Testfall abgestimmt.",300118,KAN-39,High
Task,"E3-06 Warenkorb persistent halten – Validierung, Nebenläufigkeit und Fehlerbehandlung absichern","Zugehörige Story: KAN-39 – E3-06 Warenkorb persistent halten
Priorität der Story: High

Ziel
Formularfehler, abgelaufene Warenkörbe, Nichtverfügbarkeit, wiederholte Requests und Abbruchpfade behandeln.

Vorgehen
1. Bestehende Schnittstellen, Daten und Randbedingungen für „Warenkorb persistent halten“ prüfen.
2. Die fachliche Regel an der zuständigen Schicht implementieren und gegen ungültige Eingaben absichern.
3. UI, API, Persistenz oder Testdaten so integrieren, dass der Ablauf reproduzierbar bleibt.
4. Erfolgs-, Fehler-, Berechtigungs- und Wiederholungsfall dokumentieren.

Erledigt wenn
- Fehler sind verständlich; Reservierungen und Bestellungen bleiben auch bei Wiederholung konsistent.
- Die relevanten Akzeptanzkriterien der Story sind nachweisbar erfüllt.
- Automatisierte oder reproduzierbare Tests sind vorhanden und im Review nachvollziehbar.
- Keine bestehende Funktion außerhalb des Story-Scopes wird unbeabsichtigt verändert.

Abhängigkeiten
- Parent: KAN-39
- Testdaten und Fehlerszenarien werden mit dem zugehörigen Xray-Testfall abgestimmt.",300119,KAN-39,High
Task,E3-06 Warenkorb persistent halten – End-to-End- und Zahlungsübergabetests erstellen,"Zugehörige Story: KAN-39 – E3-06 Warenkorb persistent halten
Priorität der Story: High

Ziel
Gast- und Konto-Flows mit realistischen Artikeln, Adressen, Versandkosten und simulierten Zahlungsantworten prüfen.

Vorgehen
1. Bestehende Schnittstellen, Daten und Randbedingungen für „Warenkorb persistent halten“ prüfen.
2. Die fachliche Regel an der zuständigen Schicht implementieren und gegen ungültige Eingaben absichern.
3. UI, API, Persistenz oder Testdaten so integrieren, dass der Ablauf reproduzierbar bleibt.
4. Erfolgs-, Fehler-, Berechtigungs- und Wiederholungsfall dokumentieren.

Erledigt wenn
- Der vollständige Kaufpfad ist für Erfolg, Abbruch und Fehlzahlung reproduzierbar abgesichert.
- Die relevanten Akzeptanzkriterien der Story sind nachweisbar erfüllt.
- Automatisierte oder reproduzierbare Tests sind vorhanden und im Review nachvollziehbar.
- Keine bestehende Funktion außerhalb des Story-Scopes wird unbeabsichtigt verändert.

Abhängigkeiten
- Parent: KAN-39
- Testdaten und Fehlerszenarien werden mit dem zugehörigen Xray-Testfall abgestimmt.",300120,KAN-39,High
Task,E3-07 Als Gast bestellen – Warenkorb- und Checkout-Zustand modellieren,"Zugehörige Story: KAN-40 – E3-07 Als Gast bestellen
Priorität der Story: Highest

Ziel
Artikel, Mengen, Preise, Verfügbarkeit, Gast-/Konto-Kontext und Zustandsübergänge serverseitig definieren.

Vorgehen
1. Bestehende Schnittstellen, Daten und Randbedingungen für „Als Gast bestellen“ prüfen.
2. Die fachliche Regel an der zuständigen Schicht implementieren und gegen ungültige Eingaben absichern.
3. UI, API, Persistenz oder Testdaten so integrieren, dass der Ablauf reproduzierbar bleibt.
4. Erfolgs-, Fehler-, Berechtigungs- und Wiederholungsfall dokumentieren.

Erledigt wenn
- Der Server ist die Quelle der Wahrheit und verhindert Preis-, Bestands- oder Mengenabweichungen.
- Die relevanten Akzeptanzkriterien der Story sind nachweisbar erfüllt.
- Automatisierte oder reproduzierbare Tests sind vorhanden und im Review nachvollziehbar.
- Keine bestehende Funktion außerhalb des Story-Scopes wird unbeabsichtigt verändert.

Abhängigkeiten
- Parent: KAN-40
- Testdaten und Fehlerszenarien werden mit dem zugehörigen Xray-Testfall abgestimmt.",300121,KAN-40,Highest
Task,E3-07 Als Gast bestellen – Checkout-Oberfläche und Nutzerführung bauen,"Zugehörige Story: KAN-40 – E3-07 Als Gast bestellen
Priorität der Story: Highest

Ziel
Warenkorb, Adressen, Versandart, Zusammenfassung und Fortschrittsanzeige mit klaren Aktionen implementieren.

Vorgehen
1. Bestehende Schnittstellen, Daten und Randbedingungen für „Als Gast bestellen“ prüfen.
2. Die fachliche Regel an der zuständigen Schicht implementieren und gegen ungültige Eingaben absichern.
3. UI, API, Persistenz oder Testdaten so integrieren, dass der Ablauf reproduzierbar bleibt.
4. Erfolgs-, Fehler-, Berechtigungs- und Wiederholungsfall dokumentieren.

Erledigt wenn
- Der Nutzer kann jeden Schritt verstehen, ändern und ohne Datenverlust zurückgehen.
- Die relevanten Akzeptanzkriterien der Story sind nachweisbar erfüllt.
- Automatisierte oder reproduzierbare Tests sind vorhanden und im Review nachvollziehbar.
- Keine bestehende Funktion außerhalb des Story-Scopes wird unbeabsichtigt verändert.

Abhängigkeiten
- Parent: KAN-40
- Testdaten und Fehlerszenarien werden mit dem zugehörigen Xray-Testfall abgestimmt.",300122,KAN-40,Highest
Task,"E3-07 Als Gast bestellen – Validierung, Nebenläufigkeit und Fehlerbehandlung absichern","Zugehörige Story: KAN-40 – E3-07 Als Gast bestellen
Priorität der Story: Highest

Ziel
Formularfehler, abgelaufene Warenkörbe, Nichtverfügbarkeit, wiederholte Requests und Abbruchpfade behandeln.

Vorgehen
1. Bestehende Schnittstellen, Daten und Randbedingungen für „Als Gast bestellen“ prüfen.
2. Die fachliche Regel an der zuständigen Schicht implementieren und gegen ungültige Eingaben absichern.
3. UI, API, Persistenz oder Testdaten so integrieren, dass der Ablauf reproduzierbar bleibt.
4. Erfolgs-, Fehler-, Berechtigungs- und Wiederholungsfall dokumentieren.

Erledigt wenn
- Fehler sind verständlich; Reservierungen und Bestellungen bleiben auch bei Wiederholung konsistent.
- Die relevanten Akzeptanzkriterien der Story sind nachweisbar erfüllt.
- Automatisierte oder reproduzierbare Tests sind vorhanden und im Review nachvollziehbar.
- Keine bestehende Funktion außerhalb des Story-Scopes wird unbeabsichtigt verändert.

Abhängigkeiten
- Parent: KAN-40
- Testdaten und Fehlerszenarien werden mit dem zugehörigen Xray-Testfall abgestimmt.",300123,KAN-40,Highest
Task,E3-07 Als Gast bestellen – End-to-End- und Zahlungsübergabetests erstellen,"Zugehörige Story: KAN-40 – E3-07 Als Gast bestellen
Priorität der Story: Highest

Ziel
Gast- und Konto-Flows mit realistischen Artikeln, Adressen, Versandkosten und simulierten Zahlungsantworten prüfen.

Vorgehen
1. Bestehende Schnittstellen, Daten und Randbedingungen für „Als Gast bestellen“ prüfen.
2. Die fachliche Regel an der zuständigen Schicht implementieren und gegen ungültige Eingaben absichern.
3. UI, API, Persistenz oder Testdaten so integrieren, dass der Ablauf reproduzierbar bleibt.
4. Erfolgs-, Fehler-, Berechtigungs- und Wiederholungsfall dokumentieren.

Erledigt wenn
- Der vollständige Kaufpfad ist für Erfolg, Abbruch und Fehlzahlung reproduzierbar abgesichert.
- Die relevanten Akzeptanzkriterien der Story sind nachweisbar erfüllt.
- Automatisierte oder reproduzierbare Tests sind vorhanden und im Review nachvollziehbar.
- Keine bestehende Funktion außerhalb des Story-Scopes wird unbeabsichtigt verändert.

Abhängigkeiten
- Parent: KAN-40
- Testdaten und Fehlerszenarien werden mit dem zugehörigen Xray-Testfall abgestimmt.",300124,KAN-40,Highest
Task,E3-08 Mit Kundenkonto bestellen – Warenkorb- und Checkout-Zustand modellieren,"Zugehörige Story: KAN-41 – E3-08 Mit Kundenkonto bestellen
Priorität der Story: High

Ziel
Artikel, Mengen, Preise, Verfügbarkeit, Gast-/Konto-Kontext und Zustandsübergänge serverseitig definieren.

Vorgehen
1. Bestehende Schnittstellen, Daten und Randbedingungen für „Mit Kundenkonto bestellen“ prüfen.
2. Die fachliche Regel an der zuständigen Schicht implementieren und gegen ungültige Eingaben absichern.
3. UI, API, Persistenz oder Testdaten so integrieren, dass der Ablauf reproduzierbar bleibt.
4. Erfolgs-, Fehler-, Berechtigungs- und Wiederholungsfall dokumentieren.

Erledigt wenn
- Der Server ist die Quelle der Wahrheit und verhindert Preis-, Bestands- oder Mengenabweichungen.
- Die relevanten Akzeptanzkriterien der Story sind nachweisbar erfüllt.
- Automatisierte oder reproduzierbare Tests sind vorhanden und im Review nachvollziehbar.
- Keine bestehende Funktion außerhalb des Story-Scopes wird unbeabsichtigt verändert.

Abhängigkeiten
- Parent: KAN-41
- Testdaten und Fehlerszenarien werden mit dem zugehörigen Xray-Testfall abgestimmt.",300125,KAN-41,High
Task,E3-08 Mit Kundenkonto bestellen – Checkout-Oberfläche und Nutzerführung bauen,"Zugehörige Story: KAN-41 – E3-08 Mit Kundenkonto bestellen
Priorität der Story: High

Ziel
Warenkorb, Adressen, Versandart, Zusammenfassung und Fortschrittsanzeige mit klaren Aktionen implementieren.

Vorgehen
1. Bestehende Schnittstellen, Daten und Randbedingungen für „Mit Kundenkonto bestellen“ prüfen.
2. Die fachliche Regel an der zuständigen Schicht implementieren und gegen ungültige Eingaben absichern.
3. UI, API, Persistenz oder Testdaten so integrieren, dass der Ablauf reproduzierbar bleibt.
4. Erfolgs-, Fehler-, Berechtigungs- und Wiederholungsfall dokumentieren.

Erledigt wenn
- Der Nutzer kann jeden Schritt verstehen, ändern und ohne Datenverlust zurückgehen.
- Die relevanten Akzeptanzkriterien der Story sind nachweisbar erfüllt.
- Automatisierte oder reproduzierbare Tests sind vorhanden und im Review nachvollziehbar.
- Keine bestehende Funktion außerhalb des Story-Scopes wird unbeabsichtigt verändert.

Abhängigkeiten
- Parent: KAN-41
- Testdaten und Fehlerszenarien werden mit dem zugehörigen Xray-Testfall abgestimmt.",300126,KAN-41,High
Task,"E3-08 Mit Kundenkonto bestellen – Validierung, Nebenläufigkeit und Fehlerbehandlung absichern","Zugehörige Story: KAN-41 – E3-08 Mit Kundenkonto bestellen
Priorität der Story: High

Ziel
Formularfehler, abgelaufene Warenkörbe, Nichtverfügbarkeit, wiederholte Requests und Abbruchpfade behandeln.

Vorgehen
1. Bestehende Schnittstellen, Daten und Randbedingungen für „Mit Kundenkonto bestellen“ prüfen.
2. Die fachliche Regel an der zuständigen Schicht implementieren und gegen ungültige Eingaben absichern.
3. UI, API, Persistenz oder Testdaten so integrieren, dass der Ablauf reproduzierbar bleibt.
4. Erfolgs-, Fehler-, Berechtigungs- und Wiederholungsfall dokumentieren.

Erledigt wenn
- Fehler sind verständlich; Reservierungen und Bestellungen bleiben auch bei Wiederholung konsistent.
- Die relevanten Akzeptanzkriterien der Story sind nachweisbar erfüllt.
- Automatisierte oder reproduzierbare Tests sind vorhanden und im Review nachvollziehbar.
- Keine bestehende Funktion außerhalb des Story-Scopes wird unbeabsichtigt verändert.

Abhängigkeiten
- Parent: KAN-41
- Testdaten und Fehlerszenarien werden mit dem zugehörigen Xray-Testfall abgestimmt.",300127,KAN-41,High
Task,E3-08 Mit Kundenkonto bestellen – End-to-End- und Zahlungsübergabetests erstellen,"Zugehörige Story: KAN-41 – E3-08 Mit Kundenkonto bestellen
Priorität der Story: High

Ziel
Gast- und Konto-Flows mit realistischen Artikeln, Adressen, Versandkosten und simulierten Zahlungsantworten prüfen.

Vorgehen
1. Bestehende Schnittstellen, Daten und Randbedingungen für „Mit Kundenkonto bestellen“ prüfen.
2. Die fachliche Regel an der zuständigen Schicht implementieren und gegen ungültige Eingaben absichern.
3. UI, API, Persistenz oder Testdaten so integrieren, dass der Ablauf reproduzierbar bleibt.
4. Erfolgs-, Fehler-, Berechtigungs- und Wiederholungsfall dokumentieren.

Erledigt wenn
- Der vollständige Kaufpfad ist für Erfolg, Abbruch und Fehlzahlung reproduzierbar abgesichert.
- Die relevanten Akzeptanzkriterien der Story sind nachweisbar erfüllt.
- Automatisierte oder reproduzierbare Tests sind vorhanden und im Review nachvollziehbar.
- Keine bestehende Funktion außerhalb des Story-Scopes wird unbeabsichtigt verändert.

Abhängigkeiten
- Parent: KAN-41
- Testdaten und Fehlerszenarien werden mit dem zugehörigen Xray-Testfall abgestimmt.",300128,KAN-41,High
Task,E3-09 Lieferadresse verwalten – Warenkorb- und Checkout-Zustand modellieren,"Zugehörige Story: KAN-42 – E3-09 Lieferadresse verwalten
Priorität der Story: Highest

Ziel
Artikel, Mengen, Preise, Verfügbarkeit, Gast-/Konto-Kontext und Zustandsübergänge serverseitig definieren.

Vorgehen
1. Bestehende Schnittstellen, Daten und Randbedingungen für „Lieferadresse verwalten“ prüfen.
2. Die fachliche Regel an der zuständigen Schicht implementieren und gegen ungültige Eingaben absichern.
3. UI, API, Persistenz oder Testdaten so integrieren, dass der Ablauf reproduzierbar bleibt.
4. Erfolgs-, Fehler-, Berechtigungs- und Wiederholungsfall dokumentieren.

Erledigt wenn
- Der Server ist die Quelle der Wahrheit und verhindert Preis-, Bestands- oder Mengenabweichungen.
- Die relevanten Akzeptanzkriterien der Story sind nachweisbar erfüllt.
- Automatisierte oder reproduzierbare Tests sind vorhanden und im Review nachvollziehbar.
- Keine bestehende Funktion außerhalb des Story-Scopes wird unbeabsichtigt verändert.

Abhängigkeiten
- Parent: KAN-42
- Testdaten und Fehlerszenarien werden mit dem zugehörigen Xray-Testfall abgestimmt.",300129,KAN-42,Highest
Task,E3-09 Lieferadresse verwalten – Checkout-Oberfläche und Nutzerführung bauen,"Zugehörige Story: KAN-42 – E3-09 Lieferadresse verwalten
Priorität der Story: Highest

Ziel
Warenkorb, Adressen, Versandart, Zusammenfassung und Fortschrittsanzeige mit klaren Aktionen implementieren.

Vorgehen
1. Bestehende Schnittstellen, Daten und Randbedingungen für „Lieferadresse verwalten“ prüfen.
2. Die fachliche Regel an der zuständigen Schicht implementieren und gegen ungültige Eingaben absichern.
3. UI, API, Persistenz oder Testdaten so integrieren, dass der Ablauf reproduzierbar bleibt.
4. Erfolgs-, Fehler-, Berechtigungs- und Wiederholungsfall dokumentieren.

Erledigt wenn
- Der Nutzer kann jeden Schritt verstehen, ändern und ohne Datenverlust zurückgehen.
- Die relevanten Akzeptanzkriterien der Story sind nachweisbar erfüllt.
- Automatisierte oder reproduzierbare Tests sind vorhanden und im Review nachvollziehbar.
- Keine bestehende Funktion außerhalb des Story-Scopes wird unbeabsichtigt verändert.

Abhängigkeiten
- Parent: KAN-42
- Testdaten und Fehlerszenarien werden mit dem zugehörigen Xray-Testfall abgestimmt.",300130,KAN-42,Highest
Task,"E3-09 Lieferadresse verwalten – Validierung, Nebenläufigkeit und Fehlerbehandlung absichern","Zugehörige Story: KAN-42 – E3-09 Lieferadresse verwalten
Priorität der Story: Highest

Ziel
Formularfehler, abgelaufene Warenkörbe, Nichtverfügbarkeit, wiederholte Requests und Abbruchpfade behandeln.

Vorgehen
1. Bestehende Schnittstellen, Daten und Randbedingungen für „Lieferadresse verwalten“ prüfen.
2. Die fachliche Regel an der zuständigen Schicht implementieren und gegen ungültige Eingaben absichern.
3. UI, API, Persistenz oder Testdaten so integrieren, dass der Ablauf reproduzierbar bleibt.
4. Erfolgs-, Fehler-, Berechtigungs- und Wiederholungsfall dokumentieren.

Erledigt wenn
- Fehler sind verständlich; Reservierungen und Bestellungen bleiben auch bei Wiederholung konsistent.
- Die relevanten Akzeptanzkriterien der Story sind nachweisbar erfüllt.
- Automatisierte oder reproduzierbare Tests sind vorhanden und im Review nachvollziehbar.
- Keine bestehende Funktion außerhalb des Story-Scopes wird unbeabsichtigt verändert.

Abhängigkeiten
- Parent: KAN-42
- Testdaten und Fehlerszenarien werden mit dem zugehörigen Xray-Testfall abgestimmt.",300131,KAN-42,Highest
Task,E3-09 Lieferadresse verwalten – End-to-End- und Zahlungsübergabetests erstellen,"Zugehörige Story: KAN-42 – E3-09 Lieferadresse verwalten
Priorität der Story: Highest

Ziel
Gast- und Konto-Flows mit realistischen Artikeln, Adressen, Versandkosten und simulierten Zahlungsantworten prüfen.

Vorgehen
1. Bestehende Schnittstellen, Daten und Randbedingungen für „Lieferadresse verwalten“ prüfen.
2. Die fachliche Regel an der zuständigen Schicht implementieren und gegen ungültige Eingaben absichern.
3. UI, API, Persistenz oder Testdaten so integrieren, dass der Ablauf reproduzierbar bleibt.
4. Erfolgs-, Fehler-, Berechtigungs- und Wiederholungsfall dokumentieren.

Erledigt wenn
- Der vollständige Kaufpfad ist für Erfolg, Abbruch und Fehlzahlung reproduzierbar abgesichert.
- Die relevanten Akzeptanzkriterien der Story sind nachweisbar erfüllt.
- Automatisierte oder reproduzierbare Tests sind vorhanden und im Review nachvollziehbar.
- Keine bestehende Funktion außerhalb des Story-Scopes wird unbeabsichtigt verändert.

Abhängigkeiten
- Parent: KAN-42
- Testdaten und Fehlerszenarien werden mit dem zugehörigen Xray-Testfall abgestimmt.",300132,KAN-42,Highest
Task,E3-10 Versandart auswählen – Warenkorb- und Checkout-Zustand modellieren,"Zugehörige Story: KAN-43 – E3-10 Versandart auswählen
Priorität der Story: Highest

Ziel
Artikel, Mengen, Preise, Verfügbarkeit, Gast-/Konto-Kontext und Zustandsübergänge serverseitig definieren.

Vorgehen
1. Bestehende Schnittstellen, Daten und Randbedingungen für „Versandart auswählen“ prüfen.
2. Die fachliche Regel an der zuständigen Schicht implementieren und gegen ungültige Eingaben absichern.
3. UI, API, Persistenz oder Testdaten so integrieren, dass der Ablauf reproduzierbar bleibt.
4. Erfolgs-, Fehler-, Berechtigungs- und Wiederholungsfall dokumentieren.

Erledigt wenn
- Der Server ist die Quelle der Wahrheit und verhindert Preis-, Bestands- oder Mengenabweichungen.
- Die relevanten Akzeptanzkriterien der Story sind nachweisbar erfüllt.
- Automatisierte oder reproduzierbare Tests sind vorhanden und im Review nachvollziehbar.
- Keine bestehende Funktion außerhalb des Story-Scopes wird unbeabsichtigt verändert.

Abhängigkeiten
- Parent: KAN-43
- Testdaten und Fehlerszenarien werden mit dem zugehörigen Xray-Testfall abgestimmt.",300133,KAN-43,Highest
Task,E3-10 Versandart auswählen – Checkout-Oberfläche und Nutzerführung bauen,"Zugehörige Story: KAN-43 – E3-10 Versandart auswählen
Priorität der Story: Highest

Ziel
Warenkorb, Adressen, Versandart, Zusammenfassung und Fortschrittsanzeige mit klaren Aktionen implementieren.

Vorgehen
1. Bestehende Schnittstellen, Daten und Randbedingungen für „Versandart auswählen“ prüfen.
2. Die fachliche Regel an der zuständigen Schicht implementieren und gegen ungültige Eingaben absichern.
3. UI, API, Persistenz oder Testdaten so integrieren, dass der Ablauf reproduzierbar bleibt.
4. Erfolgs-, Fehler-, Berechtigungs- und Wiederholungsfall dokumentieren.

Erledigt wenn
- Der Nutzer kann jeden Schritt verstehen, ändern und ohne Datenverlust zurückgehen.
- Die relevanten Akzeptanzkriterien der Story sind nachweisbar erfüllt.
- Automatisierte oder reproduzierbare Tests sind vorhanden und im Review nachvollziehbar.
- Keine bestehende Funktion außerhalb des Story-Scopes wird unbeabsichtigt verändert.

Abhängigkeiten
- Parent: KAN-43
- Testdaten und Fehlerszenarien werden mit dem zugehörigen Xray-Testfall abgestimmt.",300134,KAN-43,Highest
Task,"E3-10 Versandart auswählen – Validierung, Nebenläufigkeit und Fehlerbehandlung absichern","Zugehörige Story: KAN-43 – E3-10 Versandart auswählen
Priorität der Story: Highest

Ziel
Formularfehler, abgelaufene Warenkörbe, Nichtverfügbarkeit, wiederholte Requests und Abbruchpfade behandeln.

Vorgehen
1. Bestehende Schnittstellen, Daten und Randbedingungen für „Versandart auswählen“ prüfen.
2. Die fachliche Regel an der zuständigen Schicht implementieren und gegen ungültige Eingaben absichern.
3. UI, API, Persistenz oder Testdaten so integrieren, dass der Ablauf reproduzierbar bleibt.
4. Erfolgs-, Fehler-, Berechtigungs- und Wiederholungsfall dokumentieren.

Erledigt wenn
- Fehler sind verständlich; Reservierungen und Bestellungen bleiben auch bei Wiederholung konsistent.
- Die relevanten Akzeptanzkriterien der Story sind nachweisbar erfüllt.
- Automatisierte oder reproduzierbare Tests sind vorhanden und im Review nachvollziehbar.
- Keine bestehende Funktion außerhalb des Story-Scopes wird unbeabsichtigt verändert.

Abhängigkeiten
- Parent: KAN-43
- Testdaten und Fehlerszenarien werden mit dem zugehörigen Xray-Testfall abgestimmt.",300135,KAN-43,Highest
Task,E3-10 Versandart auswählen – End-to-End- und Zahlungsübergabetests erstellen,"Zugehörige Story: KAN-43 – E3-10 Versandart auswählen
Priorität der Story: Highest

Ziel
Gast- und Konto-Flows mit realistischen Artikeln, Adressen, Versandkosten und simulierten Zahlungsantworten prüfen.

Vorgehen
1. Bestehende Schnittstellen, Daten und Randbedingungen für „Versandart auswählen“ prüfen.
2. Die fachliche Regel an der zuständigen Schicht implementieren und gegen ungültige Eingaben absichern.
3. UI, API, Persistenz oder Testdaten so integrieren, dass der Ablauf reproduzierbar bleibt.
4. Erfolgs-, Fehler-, Berechtigungs- und Wiederholungsfall dokumentieren.

Erledigt wenn
- Der vollständige Kaufpfad ist für Erfolg, Abbruch und Fehlzahlung reproduzierbar abgesichert.
- Die relevanten Akzeptanzkriterien der Story sind nachweisbar erfüllt.
- Automatisierte oder reproduzierbare Tests sind vorhanden und im Review nachvollziehbar.
- Keine bestehende Funktion außerhalb des Story-Scopes wird unbeabsichtigt verändert.

Abhängigkeiten
- Parent: KAN-43
- Testdaten und Fehlerszenarien werden mit dem zugehörigen Xray-Testfall abgestimmt.",300136,KAN-43,Highest
Task,E3-11 Bestellung vor dem Kauf prüfen – Warenkorb- und Checkout-Zustand modellieren,"Zugehörige Story: KAN-44 – E3-11 Bestellung vor dem Kauf prüfen
Priorität der Story: Highest

Ziel
Artikel, Mengen, Preise, Verfügbarkeit, Gast-/Konto-Kontext und Zustandsübergänge serverseitig definieren.

Vorgehen
1. Bestehende Schnittstellen, Daten und Randbedingungen für „Bestellung vor dem Kauf prüfen“ prüfen.
2. Die fachliche Regel an der zuständigen Schicht implementieren und gegen ungültige Eingaben absichern.
3. UI, API, Persistenz oder Testdaten so integrieren, dass der Ablauf reproduzierbar bleibt.
4. Erfolgs-, Fehler-, Berechtigungs- und Wiederholungsfall dokumentieren.

Erledigt wenn
- Der Server ist die Quelle der Wahrheit und verhindert Preis-, Bestands- oder Mengenabweichungen.
- Die relevanten Akzeptanzkriterien der Story sind nachweisbar erfüllt.
- Automatisierte oder reproduzierbare Tests sind vorhanden und im Review nachvollziehbar.
- Keine bestehende Funktion außerhalb des Story-Scopes wird unbeabsichtigt verändert.

Abhängigkeiten
- Parent: KAN-44
- Testdaten und Fehlerszenarien werden mit dem zugehörigen Xray-Testfall abgestimmt.",300137,KAN-44,Highest
Task,E3-11 Bestellung vor dem Kauf prüfen – Checkout-Oberfläche und Nutzerführung bauen,"Zugehörige Story: KAN-44 – E3-11 Bestellung vor dem Kauf prüfen
Priorität der Story: Highest

Ziel
Warenkorb, Adressen, Versandart, Zusammenfassung und Fortschrittsanzeige mit klaren Aktionen implementieren.

Vorgehen
1. Bestehende Schnittstellen, Daten und Randbedingungen für „Bestellung vor dem Kauf prüfen“ prüfen.
2. Die fachliche Regel an der zuständigen Schicht implementieren und gegen ungültige Eingaben absichern.
3. UI, API, Persistenz oder Testdaten so integrieren, dass der Ablauf reproduzierbar bleibt.
4. Erfolgs-, Fehler-, Berechtigungs- und Wiederholungsfall dokumentieren.

Erledigt wenn
- Der Nutzer kann jeden Schritt verstehen, ändern und ohne Datenverlust zurückgehen.
- Die relevanten Akzeptanzkriterien der Story sind nachweisbar erfüllt.
- Automatisierte oder reproduzierbare Tests sind vorhanden und im Review nachvollziehbar.
- Keine bestehende Funktion außerhalb des Story-Scopes wird unbeabsichtigt verändert.

Abhängigkeiten
- Parent: KAN-44
- Testdaten und Fehlerszenarien werden mit dem zugehörigen Xray-Testfall abgestimmt.",300138,KAN-44,Highest
Task,"E3-11 Bestellung vor dem Kauf prüfen – Validierung, Nebenläufigkeit und Fehlerbehandlung absichern","Zugehörige Story: KAN-44 – E3-11 Bestellung vor dem Kauf prüfen
Priorität der Story: Highest

Ziel
Formularfehler, abgelaufene Warenkörbe, Nichtverfügbarkeit, wiederholte Requests und Abbruchpfade behandeln.

Vorgehen
1. Bestehende Schnittstellen, Daten und Randbedingungen für „Bestellung vor dem Kauf prüfen“ prüfen.
2. Die fachliche Regel an der zuständigen Schicht implementieren und gegen ungültige Eingaben absichern.
3. UI, API, Persistenz oder Testdaten so integrieren, dass der Ablauf reproduzierbar bleibt.
4. Erfolgs-, Fehler-, Berechtigungs- und Wiederholungsfall dokumentieren.

Erledigt wenn
- Fehler sind verständlich; Reservierungen und Bestellungen bleiben auch bei Wiederholung konsistent.
- Die relevanten Akzeptanzkriterien der Story sind nachweisbar erfüllt.
- Automatisierte oder reproduzierbare Tests sind vorhanden und im Review nachvollziehbar.
- Keine bestehende Funktion außerhalb des Story-Scopes wird unbeabsichtigt verändert.

Abhängigkeiten
- Parent: KAN-44
- Testdaten und Fehlerszenarien werden mit dem zugehörigen Xray-Testfall abgestimmt.",300139,KAN-44,Highest
Task,E3-11 Bestellung vor dem Kauf prüfen – End-to-End- und Zahlungsübergabetests erstellen,"Zugehörige Story: KAN-44 – E3-11 Bestellung vor dem Kauf prüfen
Priorität der Story: Highest

Ziel
Gast- und Konto-Flows mit realistischen Artikeln, Adressen, Versandkosten und simulierten Zahlungsantworten prüfen.

Vorgehen
1. Bestehende Schnittstellen, Daten und Randbedingungen für „Bestellung vor dem Kauf prüfen“ prüfen.
2. Die fachliche Regel an der zuständigen Schicht implementieren und gegen ungültige Eingaben absichern.
3. UI, API, Persistenz oder Testdaten so integrieren, dass der Ablauf reproduzierbar bleibt.
4. Erfolgs-, Fehler-, Berechtigungs- und Wiederholungsfall dokumentieren.

Erledigt wenn
- Der vollständige Kaufpfad ist für Erfolg, Abbruch und Fehlzahlung reproduzierbar abgesichert.
- Die relevanten Akzeptanzkriterien der Story sind nachweisbar erfüllt.
- Automatisierte oder reproduzierbare Tests sind vorhanden und im Review nachvollziehbar.
- Keine bestehende Funktion außerhalb des Story-Scopes wird unbeabsichtigt verändert.

Abhängigkeiten
- Parent: KAN-44
- Testdaten und Fehlerszenarien werden mit dem zugehörigen Xray-Testfall abgestimmt.",300140,KAN-44,Highest
Task,E3-12 Formularfehler verstehen – Warenkorb- und Checkout-Zustand modellieren,"Zugehörige Story: KAN-45 – E3-12 Formularfehler verstehen
Priorität der Story: Highest

Ziel
Artikel, Mengen, Preise, Verfügbarkeit, Gast-/Konto-Kontext und Zustandsübergänge serverseitig definieren.

Vorgehen
1. Bestehende Schnittstellen, Daten und Randbedingungen für „Formularfehler verstehen“ prüfen.
2. Die fachliche Regel an der zuständigen Schicht implementieren und gegen ungültige Eingaben absichern.
3. UI, API, Persistenz oder Testdaten so integrieren, dass der Ablauf reproduzierbar bleibt.
4. Erfolgs-, Fehler-, Berechtigungs- und Wiederholungsfall dokumentieren.

Erledigt wenn
- Der Server ist die Quelle der Wahrheit und verhindert Preis-, Bestands- oder Mengenabweichungen.
- Die relevanten Akzeptanzkriterien der Story sind nachweisbar erfüllt.
- Automatisierte oder reproduzierbare Tests sind vorhanden und im Review nachvollziehbar.
- Keine bestehende Funktion außerhalb des Story-Scopes wird unbeabsichtigt verändert.

Abhängigkeiten
- Parent: KAN-45
- Testdaten und Fehlerszenarien werden mit dem zugehörigen Xray-Testfall abgestimmt.",300141,KAN-45,Highest
Task,E3-12 Formularfehler verstehen – Checkout-Oberfläche und Nutzerführung bauen,"Zugehörige Story: KAN-45 – E3-12 Formularfehler verstehen
Priorität der Story: Highest

Ziel
Warenkorb, Adressen, Versandart, Zusammenfassung und Fortschrittsanzeige mit klaren Aktionen implementieren.

Vorgehen
1. Bestehende Schnittstellen, Daten und Randbedingungen für „Formularfehler verstehen“ prüfen.
2. Die fachliche Regel an der zuständigen Schicht implementieren und gegen ungültige Eingaben absichern.
3. UI, API, Persistenz oder Testdaten so integrieren, dass der Ablauf reproduzierbar bleibt.
4. Erfolgs-, Fehler-, Berechtigungs- und Wiederholungsfall dokumentieren.

Erledigt wenn
- Der Nutzer kann jeden Schritt verstehen, ändern und ohne Datenverlust zurückgehen.
- Die relevanten Akzeptanzkriterien der Story sind nachweisbar erfüllt.
- Automatisierte oder reproduzierbare Tests sind vorhanden und im Review nachvollziehbar.
- Keine bestehende Funktion außerhalb des Story-Scopes wird unbeabsichtigt verändert.

Abhängigkeiten
- Parent: KAN-45
- Testdaten und Fehlerszenarien werden mit dem zugehörigen Xray-Testfall abgestimmt.",300142,KAN-45,Highest
Task,"E3-12 Formularfehler verstehen – Validierung, Nebenläufigkeit und Fehlerbehandlung absichern","Zugehörige Story: KAN-45 – E3-12 Formularfehler verstehen
Priorität der Story: Highest

Ziel
Formularfehler, abgelaufene Warenkörbe, Nichtverfügbarkeit, wiederholte Requests und Abbruchpfade behandeln.

Vorgehen
1. Bestehende Schnittstellen, Daten und Randbedingungen für „Formularfehler verstehen“ prüfen.
2. Die fachliche Regel an der zuständigen Schicht implementieren und gegen ungültige Eingaben absichern.
3. UI, API, Persistenz oder Testdaten so integrieren, dass der Ablauf reproduzierbar bleibt.
4. Erfolgs-, Fehler-, Berechtigungs- und Wiederholungsfall dokumentieren.

Erledigt wenn
- Fehler sind verständlich; Reservierungen und Bestellungen bleiben auch bei Wiederholung konsistent.
- Die relevanten Akzeptanzkriterien der Story sind nachweisbar erfüllt.
- Automatisierte oder reproduzierbare Tests sind vorhanden und im Review nachvollziehbar.
- Keine bestehende Funktion außerhalb des Story-Scopes wird unbeabsichtigt verändert.

Abhängigkeiten
- Parent: KAN-45
- Testdaten und Fehlerszenarien werden mit dem zugehörigen Xray-Testfall abgestimmt.",300143,KAN-45,Highest
Task,E3-12 Formularfehler verstehen – End-to-End- und Zahlungsübergabetests erstellen,"Zugehörige Story: KAN-45 – E3-12 Formularfehler verstehen
Priorität der Story: Highest

Ziel
Gast- und Konto-Flows mit realistischen Artikeln, Adressen, Versandkosten und simulierten Zahlungsantworten prüfen.

Vorgehen
1. Bestehende Schnittstellen, Daten und Randbedingungen für „Formularfehler verstehen“ prüfen.
2. Die fachliche Regel an der zuständigen Schicht implementieren und gegen ungültige Eingaben absichern.
3. UI, API, Persistenz oder Testdaten so integrieren, dass der Ablauf reproduzierbar bleibt.
4. Erfolgs-, Fehler-, Berechtigungs- und Wiederholungsfall dokumentieren.

Erledigt wenn
- Der vollständige Kaufpfad ist für Erfolg, Abbruch und Fehlzahlung reproduzierbar abgesichert.
- Die relevanten Akzeptanzkriterien der Story sind nachweisbar erfüllt.
- Automatisierte oder reproduzierbare Tests sind vorhanden und im Review nachvollziehbar.
- Keine bestehende Funktion außerhalb des Story-Scopes wird unbeabsichtigt verändert.

Abhängigkeiten
- Parent: KAN-45
- Testdaten und Fehlerszenarien werden mit dem zugehörigen Xray-Testfall abgestimmt.",300144,KAN-45,Highest
Task,E4-01 Mit PayPal bezahlen – Bestell- und Zahlungszustandsmaschine implementieren,"Zugehörige Story: KAN-46 – E4-01 Mit PayPal bezahlen
Priorität der Story: Highest

Ziel
Zahlbetrag, Bestellung, Reservierung, Capture, Fehlzahlung, Erstattung und Statusübergänge als explizite Regeln umsetzen.

Vorgehen
1. Bestehende Schnittstellen, Daten und Randbedingungen für „Mit PayPal bezahlen“ prüfen.
2. Die fachliche Regel an der zuständigen Schicht implementieren und gegen ungültige Eingaben absichern.
3. UI, API, Persistenz oder Testdaten so integrieren, dass der Ablauf reproduzierbar bleibt.
4. Erfolgs-, Fehler-, Berechtigungs- und Wiederholungsfall dokumentieren.

Erledigt wenn
- Nur erlaubte Übergänge sind möglich; jeder Zustand ist eindeutig und wiederherstellbar.
- Die relevanten Akzeptanzkriterien der Story sind nachweisbar erfüllt.
- Automatisierte oder reproduzierbare Tests sind vorhanden und im Review nachvollziehbar.
- Keine bestehende Funktion außerhalb des Story-Scopes wird unbeabsichtigt verändert.

Abhängigkeiten
- Parent: KAN-46
- Testdaten und Fehlerszenarien werden mit dem zugehörigen Xray-Testfall abgestimmt.",300145,KAN-46,Highest
Task,E4-01 Mit PayPal bezahlen – Zahlungsintegration und Idempotenz absichern,"Zugehörige Story: KAN-46 – E4-01 Mit PayPal bezahlen
Priorität der Story: Highest

Ziel
Provider-Aufrufe, Signatur-/Statusprüfung, Webhook-Verarbeitung, Wiederholungen und Timeoutpfade implementieren.

Vorgehen
1. Bestehende Schnittstellen, Daten und Randbedingungen für „Mit PayPal bezahlen“ prüfen.
2. Die fachliche Regel an der zuständigen Schicht implementieren und gegen ungültige Eingaben absichern.
3. UI, API, Persistenz oder Testdaten so integrieren, dass der Ablauf reproduzierbar bleibt.
4. Erfolgs-, Fehler-, Berechtigungs- und Wiederholungsfall dokumentieren.

Erledigt wenn
- Doppelte Ereignisse erzeugen keine doppelten Bestellungen, Captures, Nachrichten oder Bestandsänderungen.
- Die relevanten Akzeptanzkriterien der Story sind nachweisbar erfüllt.
- Automatisierte oder reproduzierbare Tests sind vorhanden und im Review nachvollziehbar.
- Keine bestehende Funktion außerhalb des Story-Scopes wird unbeabsichtigt verändert.

Abhängigkeiten
- Parent: KAN-46
- Testdaten und Fehlerszenarien werden mit dem zugehörigen Xray-Testfall abgestimmt.",300146,KAN-46,Highest
Task,"E4-01 Mit PayPal bezahlen – Admin-, Versand- und Supportabläufe integrieren","Zugehörige Story: KAN-46 – E4-01 Mit PayPal bezahlen
Priorität der Story: Highest

Ziel
Bestellansicht, Versandvorbereitung, Tracking, Storno und Erstattung mit Berechtigungen und Audit-Spuren umsetzen.

Vorgehen
1. Bestehende Schnittstellen, Daten und Randbedingungen für „Mit PayPal bezahlen“ prüfen.
2. Die fachliche Regel an der zuständigen Schicht implementieren und gegen ungültige Eingaben absichern.
3. UI, API, Persistenz oder Testdaten so integrieren, dass der Ablauf reproduzierbar bleibt.
4. Erfolgs-, Fehler-, Berechtigungs- und Wiederholungsfall dokumentieren.

Erledigt wenn
- Support kann den Bestellstatus erklären und jede Aktion nachvollziehen.
- Die relevanten Akzeptanzkriterien der Story sind nachweisbar erfüllt.
- Automatisierte oder reproduzierbare Tests sind vorhanden und im Review nachvollziehbar.
- Keine bestehende Funktion außerhalb des Story-Scopes wird unbeabsichtigt verändert.

Abhängigkeiten
- Parent: KAN-46
- Testdaten und Fehlerszenarien werden mit dem zugehörigen Xray-Testfall abgestimmt.",300147,KAN-46,Highest
Task,E4-01 Mit PayPal bezahlen – Monitoring und Fehlerdiagnose ergänzen,"Zugehörige Story: KAN-46 – E4-01 Mit PayPal bezahlen
Priorität der Story: Highest

Ziel
Metriken, strukturierte Logs, Alarmbedingungen und sichere Supportinformationen für Zahlungs- und Synchronisationsfehler definieren.

Vorgehen
1. Bestehende Schnittstellen, Daten und Randbedingungen für „Mit PayPal bezahlen“ prüfen.
2. Die fachliche Regel an der zuständigen Schicht implementieren und gegen ungültige Eingaben absichern.
3. UI, API, Persistenz oder Testdaten so integrieren, dass der Ablauf reproduzierbar bleibt.
4. Erfolgs-, Fehler-, Berechtigungs- und Wiederholungsfall dokumentieren.

Erledigt wenn
- Fehler sind ohne sensible Zahlungsdaten diagnostizierbar und mit einer Bestellkorrelation auffindbar.
- Die relevanten Akzeptanzkriterien der Story sind nachweisbar erfüllt.
- Automatisierte oder reproduzierbare Tests sind vorhanden und im Review nachvollziehbar.
- Keine bestehende Funktion außerhalb des Story-Scopes wird unbeabsichtigt verändert.

Abhängigkeiten
- Parent: KAN-46
- Testdaten und Fehlerszenarien werden mit dem zugehörigen Xray-Testfall abgestimmt.",300148,KAN-46,Highest
Task,E4-02 Zahlbetrag vor Zahlung prüfen – Bestell- und Zahlungszustandsmaschine implementieren,"Zugehörige Story: KAN-47 – E4-02 Zahlbetrag vor Zahlung prüfen
Priorität der Story: Highest

Ziel
Zahlbetrag, Bestellung, Reservierung, Capture, Fehlzahlung, Erstattung und Statusübergänge als explizite Regeln umsetzen.

Vorgehen
1. Bestehende Schnittstellen, Daten und Randbedingungen für „Zahlbetrag vor Zahlung prüfen“ prüfen.
2. Die fachliche Regel an der zuständigen Schicht implementieren und gegen ungültige Eingaben absichern.
3. UI, API, Persistenz oder Testdaten so integrieren, dass der Ablauf reproduzierbar bleibt.
4. Erfolgs-, Fehler-, Berechtigungs- und Wiederholungsfall dokumentieren.

Erledigt wenn
- Nur erlaubte Übergänge sind möglich; jeder Zustand ist eindeutig und wiederherstellbar.
- Die relevanten Akzeptanzkriterien der Story sind nachweisbar erfüllt.
- Automatisierte oder reproduzierbare Tests sind vorhanden und im Review nachvollziehbar.
- Keine bestehende Funktion außerhalb des Story-Scopes wird unbeabsichtigt verändert.

Abhängigkeiten
- Parent: KAN-47
- Testdaten und Fehlerszenarien werden mit dem zugehörigen Xray-Testfall abgestimmt.",300149,KAN-47,Highest
Task,E4-02 Zahlbetrag vor Zahlung prüfen – Zahlungsintegration und Idempotenz absichern,"Zugehörige Story: KAN-47 – E4-02 Zahlbetrag vor Zahlung prüfen
Priorität der Story: Highest

Ziel
Provider-Aufrufe, Signatur-/Statusprüfung, Webhook-Verarbeitung, Wiederholungen und Timeoutpfade implementieren.

Vorgehen
1. Bestehende Schnittstellen, Daten und Randbedingungen für „Zahlbetrag vor Zahlung prüfen“ prüfen.
2. Die fachliche Regel an der zuständigen Schicht implementieren und gegen ungültige Eingaben absichern.
3. UI, API, Persistenz oder Testdaten so integrieren, dass der Ablauf reproduzierbar bleibt.
4. Erfolgs-, Fehler-, Berechtigungs- und Wiederholungsfall dokumentieren.

Erledigt wenn
- Doppelte Ereignisse erzeugen keine doppelten Bestellungen, Captures, Nachrichten oder Bestandsänderungen.
- Die relevanten Akzeptanzkriterien der Story sind nachweisbar erfüllt.
- Automatisierte oder reproduzierbare Tests sind vorhanden und im Review nachvollziehbar.
- Keine bestehende Funktion außerhalb des Story-Scopes wird unbeabsichtigt verändert.

Abhängigkeiten
- Parent: KAN-47
- Testdaten und Fehlerszenarien werden mit dem zugehörigen Xray-Testfall abgestimmt.",300150,KAN-47,Highest
Task,"E4-02 Zahlbetrag vor Zahlung prüfen – Admin-, Versand- und Supportabläufe integrieren","Zugehörige Story: KAN-47 – E4-02 Zahlbetrag vor Zahlung prüfen
Priorität der Story: Highest

Ziel
Bestellansicht, Versandvorbereitung, Tracking, Storno und Erstattung mit Berechtigungen und Audit-Spuren umsetzen.

Vorgehen
1. Bestehende Schnittstellen, Daten und Randbedingungen für „Zahlbetrag vor Zahlung prüfen“ prüfen.
2. Die fachliche Regel an der zuständigen Schicht implementieren und gegen ungültige Eingaben absichern.
3. UI, API, Persistenz oder Testdaten so integrieren, dass der Ablauf reproduzierbar bleibt.
4. Erfolgs-, Fehler-, Berechtigungs- und Wiederholungsfall dokumentieren.

Erledigt wenn
- Support kann den Bestellstatus erklären und jede Aktion nachvollziehen.
- Die relevanten Akzeptanzkriterien der Story sind nachweisbar erfüllt.
- Automatisierte oder reproduzierbare Tests sind vorhanden und im Review nachvollziehbar.
- Keine bestehende Funktion außerhalb des Story-Scopes wird unbeabsichtigt verändert.

Abhängigkeiten
- Parent: KAN-47
- Testdaten und Fehlerszenarien werden mit dem zugehörigen Xray-Testfall abgestimmt.",300151,KAN-47,Highest
Task,E4-02 Zahlbetrag vor Zahlung prüfen – Monitoring und Fehlerdiagnose ergänzen,"Zugehörige Story: KAN-47 – E4-02 Zahlbetrag vor Zahlung prüfen
Priorität der Story: Highest

Ziel
Metriken, strukturierte Logs, Alarmbedingungen und sichere Supportinformationen für Zahlungs- und Synchronisationsfehler definieren.

Vorgehen
1. Bestehende Schnittstellen, Daten und Randbedingungen für „Zahlbetrag vor Zahlung prüfen“ prüfen.
2. Die fachliche Regel an der zuständigen Schicht implementieren und gegen ungültige Eingaben absichern.
3. UI, API, Persistenz oder Testdaten so integrieren, dass der Ablauf reproduzierbar bleibt.
4. Erfolgs-, Fehler-, Berechtigungs- und Wiederholungsfall dokumentieren.

Erledigt wenn
- Fehler sind ohne sensible Zahlungsdaten diagnostizierbar und mit einer Bestellkorrelation auffindbar.
- Die relevanten Akzeptanzkriterien der Story sind nachweisbar erfüllt.
- Automatisierte oder reproduzierbare Tests sind vorhanden und im Review nachvollziehbar.
- Keine bestehende Funktion außerhalb des Story-Scopes wird unbeabsichtigt verändert.

Abhängigkeiten
- Parent: KAN-47
- Testdaten und Fehlerszenarien werden mit dem zugehörigen Xray-Testfall abgestimmt.",300152,KAN-47,Highest
Task,E4-03 Fehlgeschlagene Zahlung verstehen – Bestell- und Zahlungszustandsmaschine implementieren,"Zugehörige Story: KAN-48 – E4-03 Fehlgeschlagene Zahlung verstehen
Priorität der Story: Highest

Ziel
Zahlbetrag, Bestellung, Reservierung, Capture, Fehlzahlung, Erstattung und Statusübergänge als explizite Regeln umsetzen.

Vorgehen
1. Bestehende Schnittstellen, Daten und Randbedingungen für „Fehlgeschlagene Zahlung verstehen“ prüfen.
2. Die fachliche Regel an der zuständigen Schicht implementieren und gegen ungültige Eingaben absichern.
3. UI, API, Persistenz oder Testdaten so integrieren, dass der Ablauf reproduzierbar bleibt.
4. Erfolgs-, Fehler-, Berechtigungs- und Wiederholungsfall dokumentieren.

Erledigt wenn
- Nur erlaubte Übergänge sind möglich; jeder Zustand ist eindeutig und wiederherstellbar.
- Die relevanten Akzeptanzkriterien der Story sind nachweisbar erfüllt.
- Automatisierte oder reproduzierbare Tests sind vorhanden und im Review nachvollziehbar.
- Keine bestehende Funktion außerhalb des Story-Scopes wird unbeabsichtigt verändert.

Abhängigkeiten
- Parent: KAN-48
- Testdaten und Fehlerszenarien werden mit dem zugehörigen Xray-Testfall abgestimmt.",300153,KAN-48,Highest
Task,E4-03 Fehlgeschlagene Zahlung verstehen – Zahlungsintegration und Idempotenz absichern,"Zugehörige Story: KAN-48 – E4-03 Fehlgeschlagene Zahlung verstehen
Priorität der Story: Highest

Ziel
Provider-Aufrufe, Signatur-/Statusprüfung, Webhook-Verarbeitung, Wiederholungen und Timeoutpfade implementieren.

Vorgehen
1. Bestehende Schnittstellen, Daten und Randbedingungen für „Fehlgeschlagene Zahlung verstehen“ prüfen.
2. Die fachliche Regel an der zuständigen Schicht implementieren und gegen ungültige Eingaben absichern.
3. UI, API, Persistenz oder Testdaten so integrieren, dass der Ablauf reproduzierbar bleibt.
4. Erfolgs-, Fehler-, Berechtigungs- und Wiederholungsfall dokumentieren.

Erledigt wenn
- Doppelte Ereignisse erzeugen keine doppelten Bestellungen, Captures, Nachrichten oder Bestandsänderungen.
- Die relevanten Akzeptanzkriterien der Story sind nachweisbar erfüllt.
- Automatisierte oder reproduzierbare Tests sind vorhanden und im Review nachvollziehbar.
- Keine bestehende Funktion außerhalb des Story-Scopes wird unbeabsichtigt verändert.

Abhängigkeiten
- Parent: KAN-48
- Testdaten und Fehlerszenarien werden mit dem zugehörigen Xray-Testfall abgestimmt.",300154,KAN-48,Highest
Task,"E4-03 Fehlgeschlagene Zahlung verstehen – Admin-, Versand- und Supportabläufe integrieren","Zugehörige Story: KAN-48 – E4-03 Fehlgeschlagene Zahlung verstehen
Priorität der Story: Highest

Ziel
Bestellansicht, Versandvorbereitung, Tracking, Storno und Erstattung mit Berechtigungen und Audit-Spuren umsetzen.

Vorgehen
1. Bestehende Schnittstellen, Daten und Randbedingungen für „Fehlgeschlagene Zahlung verstehen“ prüfen.
2. Die fachliche Regel an der zuständigen Schicht implementieren und gegen ungültige Eingaben absichern.
3. UI, API, Persistenz oder Testdaten so integrieren, dass der Ablauf reproduzierbar bleibt.
4. Erfolgs-, Fehler-, Berechtigungs- und Wiederholungsfall dokumentieren.

Erledigt wenn
- Support kann den Bestellstatus erklären und jede Aktion nachvollziehen.
- Die relevanten Akzeptanzkriterien der Story sind nachweisbar erfüllt.
- Automatisierte oder reproduzierbare Tests sind vorhanden und im Review nachvollziehbar.
- Keine bestehende Funktion außerhalb des Story-Scopes wird unbeabsichtigt verändert.

Abhängigkeiten
- Parent: KAN-48
- Testdaten und Fehlerszenarien werden mit dem zugehörigen Xray-Testfall abgestimmt.",300155,KAN-48,Highest
Task,E4-03 Fehlgeschlagene Zahlung verstehen – Monitoring und Fehlerdiagnose ergänzen,"Zugehörige Story: KAN-48 – E4-03 Fehlgeschlagene Zahlung verstehen
Priorität der Story: Highest

Ziel
Metriken, strukturierte Logs, Alarmbedingungen und sichere Supportinformationen für Zahlungs- und Synchronisationsfehler definieren.

Vorgehen
1. Bestehende Schnittstellen, Daten und Randbedingungen für „Fehlgeschlagene Zahlung verstehen“ prüfen.
2. Die fachliche Regel an der zuständigen Schicht implementieren und gegen ungültige Eingaben absichern.
3. UI, API, Persistenz oder Testdaten so integrieren, dass der Ablauf reproduzierbar bleibt.
4. Erfolgs-, Fehler-, Berechtigungs- und Wiederholungsfall dokumentieren.

Erledigt wenn
- Fehler sind ohne sensible Zahlungsdaten diagnostizierbar und mit einer Bestellkorrelation auffindbar.
- Die relevanten Akzeptanzkriterien der Story sind nachweisbar erfüllt.
- Automatisierte oder reproduzierbare Tests sind vorhanden und im Review nachvollziehbar.
- Keine bestehende Funktion außerhalb des Story-Scopes wird unbeabsichtigt verändert.

Abhängigkeiten
- Parent: KAN-48
- Testdaten und Fehlerszenarien werden mit dem zugehörigen Xray-Testfall abgestimmt.",300156,KAN-48,Highest
Task,E4-04 Bestand reservieren – Bestell- und Zahlungszustandsmaschine implementieren,"Zugehörige Story: KAN-49 – E4-04 Bestand reservieren
Priorität der Story: Highest

Ziel
Zahlbetrag, Bestellung, Reservierung, Capture, Fehlzahlung, Erstattung und Statusübergänge als explizite Regeln umsetzen.

Vorgehen
1. Bestehende Schnittstellen, Daten und Randbedingungen für „Bestand reservieren“ prüfen.
2. Die fachliche Regel an der zuständigen Schicht implementieren und gegen ungültige Eingaben absichern.
3. UI, API, Persistenz oder Testdaten so integrieren, dass der Ablauf reproduzierbar bleibt.
4. Erfolgs-, Fehler-, Berechtigungs- und Wiederholungsfall dokumentieren.

Erledigt wenn
- Nur erlaubte Übergänge sind möglich; jeder Zustand ist eindeutig und wiederherstellbar.
- Die relevanten Akzeptanzkriterien der Story sind nachweisbar erfüllt.
- Automatisierte oder reproduzierbare Tests sind vorhanden und im Review nachvollziehbar.
- Keine bestehende Funktion außerhalb des Story-Scopes wird unbeabsichtigt verändert.

Abhängigkeiten
- Parent: KAN-49
- Testdaten und Fehlerszenarien werden mit dem zugehörigen Xray-Testfall abgestimmt.",300157,KAN-49,Highest
Task,E4-04 Bestand reservieren – Zahlungsintegration und Idempotenz absichern,"Zugehörige Story: KAN-49 – E4-04 Bestand reservieren
Priorität der Story: Highest

Ziel
Provider-Aufrufe, Signatur-/Statusprüfung, Webhook-Verarbeitung, Wiederholungen und Timeoutpfade implementieren.

Vorgehen
1. Bestehende Schnittstellen, Daten und Randbedingungen für „Bestand reservieren“ prüfen.
2. Die fachliche Regel an der zuständigen Schicht implementieren und gegen ungültige Eingaben absichern.
3. UI, API, Persistenz oder Testdaten so integrieren, dass der Ablauf reproduzierbar bleibt.
4. Erfolgs-, Fehler-, Berechtigungs- und Wiederholungsfall dokumentieren.

Erledigt wenn
- Doppelte Ereignisse erzeugen keine doppelten Bestellungen, Captures, Nachrichten oder Bestandsänderungen.
- Die relevanten Akzeptanzkriterien der Story sind nachweisbar erfüllt.
- Automatisierte oder reproduzierbare Tests sind vorhanden und im Review nachvollziehbar.
- Keine bestehende Funktion außerhalb des Story-Scopes wird unbeabsichtigt verändert.

Abhängigkeiten
- Parent: KAN-49
- Testdaten und Fehlerszenarien werden mit dem zugehörigen Xray-Testfall abgestimmt.",300158,KAN-49,Highest
Task,"E4-04 Bestand reservieren – Admin-, Versand- und Supportabläufe integrieren","Zugehörige Story: KAN-49 – E4-04 Bestand reservieren
Priorität der Story: Highest

Ziel
Bestellansicht, Versandvorbereitung, Tracking, Storno und Erstattung mit Berechtigungen und Audit-Spuren umsetzen.

Vorgehen
1. Bestehende Schnittstellen, Daten und Randbedingungen für „Bestand reservieren“ prüfen.
2. Die fachliche Regel an der zuständigen Schicht implementieren und gegen ungültige Eingaben absichern.
3. UI, API, Persistenz oder Testdaten so integrieren, dass der Ablauf reproduzierbar bleibt.
4. Erfolgs-, Fehler-, Berechtigungs- und Wiederholungsfall dokumentieren.

Erledigt wenn
- Support kann den Bestellstatus erklären und jede Aktion nachvollziehen.
- Die relevanten Akzeptanzkriterien der Story sind nachweisbar erfüllt.
- Automatisierte oder reproduzierbare Tests sind vorhanden und im Review nachvollziehbar.
- Keine bestehende Funktion außerhalb des Story-Scopes wird unbeabsichtigt verändert.

Abhängigkeiten
- Parent: KAN-49
- Testdaten und Fehlerszenarien werden mit dem zugehörigen Xray-Testfall abgestimmt.",300159,KAN-49,Highest
Task,E4-04 Bestand reservieren – Monitoring und Fehlerdiagnose ergänzen,"Zugehörige Story: KAN-49 – E4-04 Bestand reservieren
Priorität der Story: Highest

Ziel
Metriken, strukturierte Logs, Alarmbedingungen und sichere Supportinformationen für Zahlungs- und Synchronisationsfehler definieren.

Vorgehen
1. Bestehende Schnittstellen, Daten und Randbedingungen für „Bestand reservieren“ prüfen.
2. Die fachliche Regel an der zuständigen Schicht implementieren und gegen ungültige Eingaben absichern.
3. UI, API, Persistenz oder Testdaten so integrieren, dass der Ablauf reproduzierbar bleibt.
4. Erfolgs-, Fehler-, Berechtigungs- und Wiederholungsfall dokumentieren.

Erledigt wenn
- Fehler sind ohne sensible Zahlungsdaten diagnostizierbar und mit einer Bestellkorrelation auffindbar.
- Die relevanten Akzeptanzkriterien der Story sind nachweisbar erfüllt.
- Automatisierte oder reproduzierbare Tests sind vorhanden und im Review nachvollziehbar.
- Keine bestehende Funktion außerhalb des Story-Scopes wird unbeabsichtigt verändert.

Abhängigkeiten
- Parent: KAN-49
- Testdaten und Fehlerszenarien werden mit dem zugehörigen Xray-Testfall abgestimmt.",300160,KAN-49,Highest
Task,E4-05 Reservierungen freigeben – Bestell- und Zahlungszustandsmaschine implementieren,"Zugehörige Story: KAN-50 – E4-05 Reservierungen freigeben
Priorität der Story: Highest

Ziel
Zahlbetrag, Bestellung, Reservierung, Capture, Fehlzahlung, Erstattung und Statusübergänge als explizite Regeln umsetzen.

Vorgehen
1. Bestehende Schnittstellen, Daten und Randbedingungen für „Reservierungen freigeben“ prüfen.
2. Die fachliche Regel an der zuständigen Schicht implementieren und gegen ungültige Eingaben absichern.
3. UI, API, Persistenz oder Testdaten so integrieren, dass der Ablauf reproduzierbar bleibt.
4. Erfolgs-, Fehler-, Berechtigungs- und Wiederholungsfall dokumentieren.

Erledigt wenn
- Nur erlaubte Übergänge sind möglich; jeder Zustand ist eindeutig und wiederherstellbar.
- Die relevanten Akzeptanzkriterien der Story sind nachweisbar erfüllt.
- Automatisierte oder reproduzierbare Tests sind vorhanden und im Review nachvollziehbar.
- Keine bestehende Funktion außerhalb des Story-Scopes wird unbeabsichtigt verändert.

Abhängigkeiten
- Parent: KAN-50
- Testdaten und Fehlerszenarien werden mit dem zugehörigen Xray-Testfall abgestimmt.",300161,KAN-50,Highest
Task,E4-05 Reservierungen freigeben – Zahlungsintegration und Idempotenz absichern,"Zugehörige Story: KAN-50 – E4-05 Reservierungen freigeben
Priorität der Story: Highest

Ziel
Provider-Aufrufe, Signatur-/Statusprüfung, Webhook-Verarbeitung, Wiederholungen und Timeoutpfade implementieren.

Vorgehen
1. Bestehende Schnittstellen, Daten und Randbedingungen für „Reservierungen freigeben“ prüfen.
2. Die fachliche Regel an der zuständigen Schicht implementieren und gegen ungültige Eingaben absichern.
3. UI, API, Persistenz oder Testdaten so integrieren, dass der Ablauf reproduzierbar bleibt.
4. Erfolgs-, Fehler-, Berechtigungs- und Wiederholungsfall dokumentieren.

Erledigt wenn
- Doppelte Ereignisse erzeugen keine doppelten Bestellungen, Captures, Nachrichten oder Bestandsänderungen.
- Die relevanten Akzeptanzkriterien der Story sind nachweisbar erfüllt.
- Automatisierte oder reproduzierbare Tests sind vorhanden und im Review nachvollziehbar.
- Keine bestehende Funktion außerhalb des Story-Scopes wird unbeabsichtigt verändert.

Abhängigkeiten
- Parent: KAN-50
- Testdaten und Fehlerszenarien werden mit dem zugehörigen Xray-Testfall abgestimmt.",300162,KAN-50,Highest
Task,"E4-05 Reservierungen freigeben – Admin-, Versand- und Supportabläufe integrieren","Zugehörige Story: KAN-50 – E4-05 Reservierungen freigeben
Priorität der Story: Highest

Ziel
Bestellansicht, Versandvorbereitung, Tracking, Storno und Erstattung mit Berechtigungen und Audit-Spuren umsetzen.

Vorgehen
1. Bestehende Schnittstellen, Daten und Randbedingungen für „Reservierungen freigeben“ prüfen.
2. Die fachliche Regel an der zuständigen Schicht implementieren und gegen ungültige Eingaben absichern.
3. UI, API, Persistenz oder Testdaten so integrieren, dass der Ablauf reproduzierbar bleibt.
4. Erfolgs-, Fehler-, Berechtigungs- und Wiederholungsfall dokumentieren.

Erledigt wenn
- Support kann den Bestellstatus erklären und jede Aktion nachvollziehen.
- Die relevanten Akzeptanzkriterien der Story sind nachweisbar erfüllt.
- Automatisierte oder reproduzierbare Tests sind vorhanden und im Review nachvollziehbar.
- Keine bestehende Funktion außerhalb des Story-Scopes wird unbeabsichtigt verändert.

Abhängigkeiten
- Parent: KAN-50
- Testdaten und Fehlerszenarien werden mit dem zugehörigen Xray-Testfall abgestimmt.",300163,KAN-50,Highest
Task,E4-05 Reservierungen freigeben – Monitoring und Fehlerdiagnose ergänzen,"Zugehörige Story: KAN-50 – E4-05 Reservierungen freigeben
Priorität der Story: Highest

Ziel
Metriken, strukturierte Logs, Alarmbedingungen und sichere Supportinformationen für Zahlungs- und Synchronisationsfehler definieren.

Vorgehen
1. Bestehende Schnittstellen, Daten und Randbedingungen für „Reservierungen freigeben“ prüfen.
2. Die fachliche Regel an der zuständigen Schicht implementieren und gegen ungültige Eingaben absichern.
3. UI, API, Persistenz oder Testdaten so integrieren, dass der Ablauf reproduzierbar bleibt.
4. Erfolgs-, Fehler-, Berechtigungs- und Wiederholungsfall dokumentieren.

Erledigt wenn
- Fehler sind ohne sensible Zahlungsdaten diagnostizierbar und mit einer Bestellkorrelation auffindbar.
- Die relevanten Akzeptanzkriterien der Story sind nachweisbar erfüllt.
- Automatisierte oder reproduzierbare Tests sind vorhanden und im Review nachvollziehbar.
- Keine bestehende Funktion außerhalb des Story-Scopes wird unbeabsichtigt verändert.

Abhängigkeiten
- Parent: KAN-50
- Testdaten und Fehlerszenarien werden mit dem zugehörigen Xray-Testfall abgestimmt.",300164,KAN-50,Highest
Task,E4-06 Zahlung verifizieren – Bestell- und Zahlungszustandsmaschine implementieren,"Zugehörige Story: KAN-51 – E4-06 Zahlung verifizieren
Priorität der Story: Highest

Ziel
Zahlbetrag, Bestellung, Reservierung, Capture, Fehlzahlung, Erstattung und Statusübergänge als explizite Regeln umsetzen.

Vorgehen
1. Bestehende Schnittstellen, Daten und Randbedingungen für „Zahlung verifizieren“ prüfen.
2. Die fachliche Regel an der zuständigen Schicht implementieren und gegen ungültige Eingaben absichern.
3. UI, API, Persistenz oder Testdaten so integrieren, dass der Ablauf reproduzierbar bleibt.
4. Erfolgs-, Fehler-, Berechtigungs- und Wiederholungsfall dokumentieren.

Erledigt wenn
- Nur erlaubte Übergänge sind möglich; jeder Zustand ist eindeutig und wiederherstellbar.
- Die relevanten Akzeptanzkriterien der Story sind nachweisbar erfüllt.
- Automatisierte oder reproduzierbare Tests sind vorhanden und im Review nachvollziehbar.
- Keine bestehende Funktion außerhalb des Story-Scopes wird unbeabsichtigt verändert.

Abhängigkeiten
- Parent: KAN-51
- Testdaten und Fehlerszenarien werden mit dem zugehörigen Xray-Testfall abgestimmt.",300165,KAN-51,Highest
Task,E4-06 Zahlung verifizieren – Zahlungsintegration und Idempotenz absichern,"Zugehörige Story: KAN-51 – E4-06 Zahlung verifizieren
Priorität der Story: Highest

Ziel
Provider-Aufrufe, Signatur-/Statusprüfung, Webhook-Verarbeitung, Wiederholungen und Timeoutpfade implementieren.

Vorgehen
1. Bestehende Schnittstellen, Daten und Randbedingungen für „Zahlung verifizieren“ prüfen.
2. Die fachliche Regel an der zuständigen Schicht implementieren und gegen ungültige Eingaben absichern.
3. UI, API, Persistenz oder Testdaten so integrieren, dass der Ablauf reproduzierbar bleibt.
4. Erfolgs-, Fehler-, Berechtigungs- und Wiederholungsfall dokumentieren.

Erledigt wenn
- Doppelte Ereignisse erzeugen keine doppelten Bestellungen, Captures, Nachrichten oder Bestandsänderungen.
- Die relevanten Akzeptanzkriterien der Story sind nachweisbar erfüllt.
- Automatisierte oder reproduzierbare Tests sind vorhanden und im Review nachvollziehbar.
- Keine bestehende Funktion außerhalb des Story-Scopes wird unbeabsichtigt verändert.

Abhängigkeiten
- Parent: KAN-51
- Testdaten und Fehlerszenarien werden mit dem zugehörigen Xray-Testfall abgestimmt.",300166,KAN-51,Highest
Task,"E4-06 Zahlung verifizieren – Admin-, Versand- und Supportabläufe integrieren","Zugehörige Story: KAN-51 – E4-06 Zahlung verifizieren
Priorität der Story: Highest

Ziel
Bestellansicht, Versandvorbereitung, Tracking, Storno und Erstattung mit Berechtigungen und Audit-Spuren umsetzen.

Vorgehen
1. Bestehende Schnittstellen, Daten und Randbedingungen für „Zahlung verifizieren“ prüfen.
2. Die fachliche Regel an der zuständigen Schicht implementieren und gegen ungültige Eingaben absichern.
3. UI, API, Persistenz oder Testdaten so integrieren, dass der Ablauf reproduzierbar bleibt.
4. Erfolgs-, Fehler-, Berechtigungs- und Wiederholungsfall dokumentieren.

Erledigt wenn
- Support kann den Bestellstatus erklären und jede Aktion nachvollziehen.
- Die relevanten Akzeptanzkriterien der Story sind nachweisbar erfüllt.
- Automatisierte oder reproduzierbare Tests sind vorhanden und im Review nachvollziehbar.
- Keine bestehende Funktion außerhalb des Story-Scopes wird unbeabsichtigt verändert.

Abhängigkeiten
- Parent: KAN-51
- Testdaten und Fehlerszenarien werden mit dem zugehörigen Xray-Testfall abgestimmt.",300167,KAN-51,Highest
Task,E4-06 Zahlung verifizieren – Monitoring und Fehlerdiagnose ergänzen,"Zugehörige Story: KAN-51 – E4-06 Zahlung verifizieren
Priorität der Story: Highest

Ziel
Metriken, strukturierte Logs, Alarmbedingungen und sichere Supportinformationen für Zahlungs- und Synchronisationsfehler definieren.

Vorgehen
1. Bestehende Schnittstellen, Daten und Randbedingungen für „Zahlung verifizieren“ prüfen.
2. Die fachliche Regel an der zuständigen Schicht implementieren und gegen ungültige Eingaben absichern.
3. UI, API, Persistenz oder Testdaten so integrieren, dass der Ablauf reproduzierbar bleibt.
4. Erfolgs-, Fehler-, Berechtigungs- und Wiederholungsfall dokumentieren.

Erledigt wenn
- Fehler sind ohne sensible Zahlungsdaten diagnostizierbar und mit einer Bestellkorrelation auffindbar.
- Die relevanten Akzeptanzkriterien der Story sind nachweisbar erfüllt.
- Automatisierte oder reproduzierbare Tests sind vorhanden und im Review nachvollziehbar.
- Keine bestehende Funktion außerhalb des Story-Scopes wird unbeabsichtigt verändert.

Abhängigkeiten
- Parent: KAN-51
- Testdaten und Fehlerszenarien werden mit dem zugehörigen Xray-Testfall abgestimmt.",300168,KAN-51,Highest
Task,E4-07 Bestellstatus aktualisieren – Bestell- und Zahlungszustandsmaschine implementieren,"Zugehörige Story: KAN-52 – E4-07 Bestellstatus aktualisieren
Priorität der Story: Highest

Ziel
Zahlbetrag, Bestellung, Reservierung, Capture, Fehlzahlung, Erstattung und Statusübergänge als explizite Regeln umsetzen.

Vorgehen
1. Bestehende Schnittstellen, Daten und Randbedingungen für „Bestellstatus aktualisieren“ prüfen.
2. Die fachliche Regel an der zuständigen Schicht implementieren und gegen ungültige Eingaben absichern.
3. UI, API, Persistenz oder Testdaten so integrieren, dass der Ablauf reproduzierbar bleibt.
4. Erfolgs-, Fehler-, Berechtigungs- und Wiederholungsfall dokumentieren.

Erledigt wenn
- Nur erlaubte Übergänge sind möglich; jeder Zustand ist eindeutig und wiederherstellbar.
- Die relevanten Akzeptanzkriterien der Story sind nachweisbar erfüllt.
- Automatisierte oder reproduzierbare Tests sind vorhanden und im Review nachvollziehbar.
- Keine bestehende Funktion außerhalb des Story-Scopes wird unbeabsichtigt verändert.

Abhängigkeiten
- Parent: KAN-52
- Testdaten und Fehlerszenarien werden mit dem zugehörigen Xray-Testfall abgestimmt.",300169,KAN-52,Highest
Task,E4-07 Bestellstatus aktualisieren – Zahlungsintegration und Idempotenz absichern,"Zugehörige Story: KAN-52 – E4-07 Bestellstatus aktualisieren
Priorität der Story: Highest

Ziel
Provider-Aufrufe, Signatur-/Statusprüfung, Webhook-Verarbeitung, Wiederholungen und Timeoutpfade implementieren.

Vorgehen
1. Bestehende Schnittstellen, Daten und Randbedingungen für „Bestellstatus aktualisieren“ prüfen.
2. Die fachliche Regel an der zuständigen Schicht implementieren und gegen ungültige Eingaben absichern.
3. UI, API, Persistenz oder Testdaten so integrieren, dass der Ablauf reproduzierbar bleibt.
4. Erfolgs-, Fehler-, Berechtigungs- und Wiederholungsfall dokumentieren.

Erledigt wenn
- Doppelte Ereignisse erzeugen keine doppelten Bestellungen, Captures, Nachrichten oder Bestandsänderungen.
- Die relevanten Akzeptanzkriterien der Story sind nachweisbar erfüllt.
- Automatisierte oder reproduzierbare Tests sind vorhanden und im Review nachvollziehbar.
- Keine bestehende Funktion außerhalb des Story-Scopes wird unbeabsichtigt verändert.

Abhängigkeiten
- Parent: KAN-52
- Testdaten und Fehlerszenarien werden mit dem zugehörigen Xray-Testfall abgestimmt.",300170,KAN-52,Highest
Task,"E4-07 Bestellstatus aktualisieren – Admin-, Versand- und Supportabläufe integrieren","Zugehörige Story: KAN-52 – E4-07 Bestellstatus aktualisieren
Priorität der Story: Highest

Ziel
Bestellansicht, Versandvorbereitung, Tracking, Storno und Erstattung mit Berechtigungen und Audit-Spuren umsetzen.

Vorgehen
1. Bestehende Schnittstellen, Daten und Randbedingungen für „Bestellstatus aktualisieren“ prüfen.
2. Die fachliche Regel an der zuständigen Schicht implementieren und gegen ungültige Eingaben absichern.
3. UI, API, Persistenz oder Testdaten so integrieren, dass der Ablauf reproduzierbar bleibt.
4. Erfolgs-, Fehler-, Berechtigungs- und Wiederholungsfall dokumentieren.

Erledigt wenn
- Support kann den Bestellstatus erklären und jede Aktion nachvollziehen.
- Die relevanten Akzeptanzkriterien der Story sind nachweisbar erfüllt.
- Automatisierte oder reproduzierbare Tests sind vorhanden und im Review nachvollziehbar.
- Keine bestehende Funktion außerhalb des Story-Scopes wird unbeabsichtigt verändert.

Abhängigkeiten
- Parent: KAN-52
- Testdaten und Fehlerszenarien werden mit dem zugehörigen Xray-Testfall abgestimmt.",300171,KAN-52,Highest
Task,E4-07 Bestellstatus aktualisieren – Monitoring und Fehlerdiagnose ergänzen,"Zugehörige Story: KAN-52 – E4-07 Bestellstatus aktualisieren
Priorität der Story: Highest

Ziel
Metriken, strukturierte Logs, Alarmbedingungen und sichere Supportinformationen für Zahlungs- und Synchronisationsfehler definieren.

Vorgehen
1. Bestehende Schnittstellen, Daten und Randbedingungen für „Bestellstatus aktualisieren“ prüfen.
2. Die fachliche Regel an der zuständigen Schicht implementieren und gegen ungültige Eingaben absichern.
3. UI, API, Persistenz oder Testdaten so integrieren, dass der Ablauf reproduzierbar bleibt.
4. Erfolgs-, Fehler-, Berechtigungs- und Wiederholungsfall dokumentieren.

Erledigt wenn
- Fehler sind ohne sensible Zahlungsdaten diagnostizierbar und mit einer Bestellkorrelation auffindbar.
- Die relevanten Akzeptanzkriterien der Story sind nachweisbar erfüllt.
- Automatisierte oder reproduzierbare Tests sind vorhanden und im Review nachvollziehbar.
- Keine bestehende Funktion außerhalb des Story-Scopes wird unbeabsichtigt verändert.

Abhängigkeiten
- Parent: KAN-52
- Testdaten und Fehlerszenarien werden mit dem zugehörigen Xray-Testfall abgestimmt.",300172,KAN-52,Highest
Task,E4-08 Doppelte Zahlungsbestätigungen verhindern – Bestell- und Zahlungszustandsmaschine implementieren,"Zugehörige Story: KAN-53 – E4-08 Doppelte Zahlungsbestätigungen verhindern
Priorität der Story: Highest

Ziel
Zahlbetrag, Bestellung, Reservierung, Capture, Fehlzahlung, Erstattung und Statusübergänge als explizite Regeln umsetzen.

Vorgehen
1. Bestehende Schnittstellen, Daten und Randbedingungen für „Doppelte Zahlungsbestätigungen verhindern“ prüfen.
2. Die fachliche Regel an der zuständigen Schicht implementieren und gegen ungültige Eingaben absichern.
3. UI, API, Persistenz oder Testdaten so integrieren, dass der Ablauf reproduzierbar bleibt.
4. Erfolgs-, Fehler-, Berechtigungs- und Wiederholungsfall dokumentieren.

Erledigt wenn
- Nur erlaubte Übergänge sind möglich; jeder Zustand ist eindeutig und wiederherstellbar.
- Die relevanten Akzeptanzkriterien der Story sind nachweisbar erfüllt.
- Automatisierte oder reproduzierbare Tests sind vorhanden und im Review nachvollziehbar.
- Keine bestehende Funktion außerhalb des Story-Scopes wird unbeabsichtigt verändert.

Abhängigkeiten
- Parent: KAN-53
- Testdaten und Fehlerszenarien werden mit dem zugehörigen Xray-Testfall abgestimmt.",300173,KAN-53,Highest
Task,E4-08 Doppelte Zahlungsbestätigungen verhindern – Zahlungsintegration und Idempotenz absichern,"Zugehörige Story: KAN-53 – E4-08 Doppelte Zahlungsbestätigungen verhindern
Priorität der Story: Highest

Ziel
Provider-Aufrufe, Signatur-/Statusprüfung, Webhook-Verarbeitung, Wiederholungen und Timeoutpfade implementieren.

Vorgehen
1. Bestehende Schnittstellen, Daten und Randbedingungen für „Doppelte Zahlungsbestätigungen verhindern“ prüfen.
2. Die fachliche Regel an der zuständigen Schicht implementieren und gegen ungültige Eingaben absichern.
3. UI, API, Persistenz oder Testdaten so integrieren, dass der Ablauf reproduzierbar bleibt.
4. Erfolgs-, Fehler-, Berechtigungs- und Wiederholungsfall dokumentieren.

Erledigt wenn
- Doppelte Ereignisse erzeugen keine doppelten Bestellungen, Captures, Nachrichten oder Bestandsänderungen.
- Die relevanten Akzeptanzkriterien der Story sind nachweisbar erfüllt.
- Automatisierte oder reproduzierbare Tests sind vorhanden und im Review nachvollziehbar.
- Keine bestehende Funktion außerhalb des Story-Scopes wird unbeabsichtigt verändert.

Abhängigkeiten
- Parent: KAN-53
- Testdaten und Fehlerszenarien werden mit dem zugehörigen Xray-Testfall abgestimmt.",300174,KAN-53,Highest
Task,"E4-08 Doppelte Zahlungsbestätigungen verhindern – Admin-, Versand- und Supportabläufe integrieren","Zugehörige Story: KAN-53 – E4-08 Doppelte Zahlungsbestätigungen verhindern
Priorität der Story: Highest

Ziel
Bestellansicht, Versandvorbereitung, Tracking, Storno und Erstattung mit Berechtigungen und Audit-Spuren umsetzen.

Vorgehen
1. Bestehende Schnittstellen, Daten und Randbedingungen für „Doppelte Zahlungsbestätigungen verhindern“ prüfen.
2. Die fachliche Regel an der zuständigen Schicht implementieren und gegen ungültige Eingaben absichern.
3. UI, API, Persistenz oder Testdaten so integrieren, dass der Ablauf reproduzierbar bleibt.
4. Erfolgs-, Fehler-, Berechtigungs- und Wiederholungsfall dokumentieren.

Erledigt wenn
- Support kann den Bestellstatus erklären und jede Aktion nachvollziehen.
- Die relevanten Akzeptanzkriterien der Story sind nachweisbar erfüllt.
- Automatisierte oder reproduzierbare Tests sind vorhanden und im Review nachvollziehbar.
- Keine bestehende Funktion außerhalb des Story-Scopes wird unbeabsichtigt verändert.

Abhängigkeiten
- Parent: KAN-53
- Testdaten und Fehlerszenarien werden mit dem zugehörigen Xray-Testfall abgestimmt.",300175,KAN-53,Highest
Task,E4-08 Doppelte Zahlungsbestätigungen verhindern – Monitoring und Fehlerdiagnose ergänzen,"Zugehörige Story: KAN-53 – E4-08 Doppelte Zahlungsbestätigungen verhindern
Priorität der Story: Highest

Ziel
Metriken, strukturierte Logs, Alarmbedingungen und sichere Supportinformationen für Zahlungs- und Synchronisationsfehler definieren.

Vorgehen
1. Bestehende Schnittstellen, Daten und Randbedingungen für „Doppelte Zahlungsbestätigungen verhindern“ prüfen.
2. Die fachliche Regel an der zuständigen Schicht implementieren und gegen ungültige Eingaben absichern.
3. UI, API, Persistenz oder Testdaten so integrieren, dass der Ablauf reproduzierbar bleibt.
4. Erfolgs-, Fehler-, Berechtigungs- und Wiederholungsfall dokumentieren.

Erledigt wenn
- Fehler sind ohne sensible Zahlungsdaten diagnostizierbar und mit einer Bestellkorrelation auffindbar.
- Die relevanten Akzeptanzkriterien der Story sind nachweisbar erfüllt.
- Automatisierte oder reproduzierbare Tests sind vorhanden und im Review nachvollziehbar.
- Keine bestehende Funktion außerhalb des Story-Scopes wird unbeabsichtigt verändert.

Abhängigkeiten
- Parent: KAN-53
- Testdaten und Fehlerszenarien werden mit dem zugehörigen Xray-Testfall abgestimmt.",300176,KAN-53,Highest
Task,E4-09 Bestellungen administrieren – Bestell- und Zahlungszustandsmaschine implementieren,"Zugehörige Story: KAN-54 – E4-09 Bestellungen administrieren
Priorität der Story: Highest

Ziel
Zahlbetrag, Bestellung, Reservierung, Capture, Fehlzahlung, Erstattung und Statusübergänge als explizite Regeln umsetzen.

Vorgehen
1. Bestehende Schnittstellen, Daten und Randbedingungen für „Bestellungen administrieren“ prüfen.
2. Die fachliche Regel an der zuständigen Schicht implementieren und gegen ungültige Eingaben absichern.
3. UI, API, Persistenz oder Testdaten so integrieren, dass der Ablauf reproduzierbar bleibt.
4. Erfolgs-, Fehler-, Berechtigungs- und Wiederholungsfall dokumentieren.

Erledigt wenn
- Nur erlaubte Übergänge sind möglich; jeder Zustand ist eindeutig und wiederherstellbar.
- Die relevanten Akzeptanzkriterien der Story sind nachweisbar erfüllt.
- Automatisierte oder reproduzierbare Tests sind vorhanden und im Review nachvollziehbar.
- Keine bestehende Funktion außerhalb des Story-Scopes wird unbeabsichtigt verändert.

Abhängigkeiten
- Parent: KAN-54
- Testdaten und Fehlerszenarien werden mit dem zugehörigen Xray-Testfall abgestimmt.",300177,KAN-54,Highest
Task,E4-09 Bestellungen administrieren – Zahlungsintegration und Idempotenz absichern,"Zugehörige Story: KAN-54 – E4-09 Bestellungen administrieren
Priorität der Story: Highest

Ziel
Provider-Aufrufe, Signatur-/Statusprüfung, Webhook-Verarbeitung, Wiederholungen und Timeoutpfade implementieren.

Vorgehen
1. Bestehende Schnittstellen, Daten und Randbedingungen für „Bestellungen administrieren“ prüfen.
2. Die fachliche Regel an der zuständigen Schicht implementieren und gegen ungültige Eingaben absichern.
3. UI, API, Persistenz oder Testdaten so integrieren, dass der Ablauf reproduzierbar bleibt.
4. Erfolgs-, Fehler-, Berechtigungs- und Wiederholungsfall dokumentieren.

Erledigt wenn
- Doppelte Ereignisse erzeugen keine doppelten Bestellungen, Captures, Nachrichten oder Bestandsänderungen.
- Die relevanten Akzeptanzkriterien der Story sind nachweisbar erfüllt.
- Automatisierte oder reproduzierbare Tests sind vorhanden und im Review nachvollziehbar.
- Keine bestehende Funktion außerhalb des Story-Scopes wird unbeabsichtigt verändert.

Abhängigkeiten
- Parent: KAN-54
- Testdaten und Fehlerszenarien werden mit dem zugehörigen Xray-Testfall abgestimmt.",300178,KAN-54,Highest
Task,"E4-09 Bestellungen administrieren – Admin-, Versand- und Supportabläufe integrieren","Zugehörige Story: KAN-54 – E4-09 Bestellungen administrieren
Priorität der Story: Highest

Ziel
Bestellansicht, Versandvorbereitung, Tracking, Storno und Erstattung mit Berechtigungen und Audit-Spuren umsetzen.

Vorgehen
1. Bestehende Schnittstellen, Daten und Randbedingungen für „Bestellungen administrieren“ prüfen.
2. Die fachliche Regel an der zuständigen Schicht implementieren und gegen ungültige Eingaben absichern.
3. UI, API, Persistenz oder Testdaten so integrieren, dass der Ablauf reproduzierbar bleibt.
4. Erfolgs-, Fehler-, Berechtigungs- und Wiederholungsfall dokumentieren.

Erledigt wenn
- Support kann den Bestellstatus erklären und jede Aktion nachvollziehen.
- Die relevanten Akzeptanzkriterien der Story sind nachweisbar erfüllt.
- Automatisierte oder reproduzierbare Tests sind vorhanden und im Review nachvollziehbar.
- Keine bestehende Funktion außerhalb des Story-Scopes wird unbeabsichtigt verändert.

Abhängigkeiten
- Parent: KAN-54
- Testdaten und Fehlerszenarien werden mit dem zugehörigen Xray-Testfall abgestimmt.",300179,KAN-54,Highest
Task,E4-09 Bestellungen administrieren – Monitoring und Fehlerdiagnose ergänzen,"Zugehörige Story: KAN-54 – E4-09 Bestellungen administrieren
Priorität der Story: Highest

Ziel
Metriken, strukturierte Logs, Alarmbedingungen und sichere Supportinformationen für Zahlungs- und Synchronisationsfehler definieren.

Vorgehen
1. Bestehende Schnittstellen, Daten und Randbedingungen für „Bestellungen administrieren“ prüfen.
2. Die fachliche Regel an der zuständigen Schicht implementieren und gegen ungültige Eingaben absichern.
3. UI, API, Persistenz oder Testdaten so integrieren, dass der Ablauf reproduzierbar bleibt.
4. Erfolgs-, Fehler-, Berechtigungs- und Wiederholungsfall dokumentieren.

Erledigt wenn
- Fehler sind ohne sensible Zahlungsdaten diagnostizierbar und mit einer Bestellkorrelation auffindbar.
- Die relevanten Akzeptanzkriterien der Story sind nachweisbar erfüllt.
- Automatisierte oder reproduzierbare Tests sind vorhanden und im Review nachvollziehbar.
- Keine bestehende Funktion außerhalb des Story-Scopes wird unbeabsichtigt verändert.

Abhängigkeiten
- Parent: KAN-54
- Testdaten und Fehlerszenarien werden mit dem zugehörigen Xray-Testfall abgestimmt.",300180,KAN-54,Highest
Task,E4-10 Bestellung für Versand vorbereiten – Bestell- und Zahlungszustandsmaschine implementieren,"Zugehörige Story: KAN-55 – E4-10 Bestellung für Versand vorbereiten
Priorität der Story: Highest

Ziel
Zahlbetrag, Bestellung, Reservierung, Capture, Fehlzahlung, Erstattung und Statusübergänge als explizite Regeln umsetzen.

Vorgehen
1. Bestehende Schnittstellen, Daten und Randbedingungen für „Bestellung für Versand vorbereiten“ prüfen.
2. Die fachliche Regel an der zuständigen Schicht implementieren und gegen ungültige Eingaben absichern.
3. UI, API, Persistenz oder Testdaten so integrieren, dass der Ablauf reproduzierbar bleibt.
4. Erfolgs-, Fehler-, Berechtigungs- und Wiederholungsfall dokumentieren.

Erledigt wenn
- Nur erlaubte Übergänge sind möglich; jeder Zustand ist eindeutig und wiederherstellbar.
- Die relevanten Akzeptanzkriterien der Story sind nachweisbar erfüllt.
- Automatisierte oder reproduzierbare Tests sind vorhanden und im Review nachvollziehbar.
- Keine bestehende Funktion außerhalb des Story-Scopes wird unbeabsichtigt verändert.

Abhängigkeiten
- Parent: KAN-55
- Testdaten und Fehlerszenarien werden mit dem zugehörigen Xray-Testfall abgestimmt.",300181,KAN-55,Highest
Task,E4-10 Bestellung für Versand vorbereiten – Zahlungsintegration und Idempotenz absichern,"Zugehörige Story: KAN-55 – E4-10 Bestellung für Versand vorbereiten
Priorität der Story: Highest

Ziel
Provider-Aufrufe, Signatur-/Statusprüfung, Webhook-Verarbeitung, Wiederholungen und Timeoutpfade implementieren.

Vorgehen
1. Bestehende Schnittstellen, Daten und Randbedingungen für „Bestellung für Versand vorbereiten“ prüfen.
2. Die fachliche Regel an der zuständigen Schicht implementieren und gegen ungültige Eingaben absichern.
3. UI, API, Persistenz oder Testdaten so integrieren, dass der Ablauf reproduzierbar bleibt.
4. Erfolgs-, Fehler-, Berechtigungs- und Wiederholungsfall dokumentieren.

Erledigt wenn
- Doppelte Ereignisse erzeugen keine doppelten Bestellungen, Captures, Nachrichten oder Bestandsänderungen.
- Die relevanten Akzeptanzkriterien der Story sind nachweisbar erfüllt.
- Automatisierte oder reproduzierbare Tests sind vorhanden und im Review nachvollziehbar.
- Keine bestehende Funktion außerhalb des Story-Scopes wird unbeabsichtigt verändert.

Abhängigkeiten
- Parent: KAN-55
- Testdaten und Fehlerszenarien werden mit dem zugehörigen Xray-Testfall abgestimmt.",300182,KAN-55,Highest
Task,"E4-10 Bestellung für Versand vorbereiten – Admin-, Versand- und Supportabläufe integrieren","Zugehörige Story: KAN-55 – E4-10 Bestellung für Versand vorbereiten
Priorität der Story: Highest

Ziel
Bestellansicht, Versandvorbereitung, Tracking, Storno und Erstattung mit Berechtigungen und Audit-Spuren umsetzen.

Vorgehen
1. Bestehende Schnittstellen, Daten und Randbedingungen für „Bestellung für Versand vorbereiten“ prüfen.
2. Die fachliche Regel an der zuständigen Schicht implementieren und gegen ungültige Eingaben absichern.
3. UI, API, Persistenz oder Testdaten so integrieren, dass der Ablauf reproduzierbar bleibt.
4. Erfolgs-, Fehler-, Berechtigungs- und Wiederholungsfall dokumentieren.

Erledigt wenn
- Support kann den Bestellstatus erklären und jede Aktion nachvollziehen.
- Die relevanten Akzeptanzkriterien der Story sind nachweisbar erfüllt.
- Automatisierte oder reproduzierbare Tests sind vorhanden und im Review nachvollziehbar.
- Keine bestehende Funktion außerhalb des Story-Scopes wird unbeabsichtigt verändert.

Abhängigkeiten
- Parent: KAN-55
- Testdaten und Fehlerszenarien werden mit dem zugehörigen Xray-Testfall abgestimmt.",300183,KAN-55,Highest
Task,E4-10 Bestellung für Versand vorbereiten – Monitoring und Fehlerdiagnose ergänzen,"Zugehörige Story: KAN-55 – E4-10 Bestellung für Versand vorbereiten
Priorität der Story: Highest

Ziel
Metriken, strukturierte Logs, Alarmbedingungen und sichere Supportinformationen für Zahlungs- und Synchronisationsfehler definieren.

Vorgehen
1. Bestehende Schnittstellen, Daten und Randbedingungen für „Bestellung für Versand vorbereiten“ prüfen.
2. Die fachliche Regel an der zuständigen Schicht implementieren und gegen ungültige Eingaben absichern.
3. UI, API, Persistenz oder Testdaten so integrieren, dass der Ablauf reproduzierbar bleibt.
4. Erfolgs-, Fehler-, Berechtigungs- und Wiederholungsfall dokumentieren.

Erledigt wenn
- Fehler sind ohne sensible Zahlungsdaten diagnostizierbar und mit einer Bestellkorrelation auffindbar.
- Die relevanten Akzeptanzkriterien der Story sind nachweisbar erfüllt.
- Automatisierte oder reproduzierbare Tests sind vorhanden und im Review nachvollziehbar.
- Keine bestehende Funktion außerhalb des Story-Scopes wird unbeabsichtigt verändert.

Abhängigkeiten
- Parent: KAN-55
- Testdaten und Fehlerszenarien werden mit dem zugehörigen Xray-Testfall abgestimmt.",300184,KAN-55,Highest
Task,E4-11 Sendungsnummer anzeigen – Bestell- und Zahlungszustandsmaschine implementieren,"Zugehörige Story: KAN-56 – E4-11 Sendungsnummer anzeigen
Priorität der Story: High

Ziel
Zahlbetrag, Bestellung, Reservierung, Capture, Fehlzahlung, Erstattung und Statusübergänge als explizite Regeln umsetzen.

Vorgehen
1. Bestehende Schnittstellen, Daten und Randbedingungen für „Sendungsnummer anzeigen“ prüfen.
2. Die fachliche Regel an der zuständigen Schicht implementieren und gegen ungültige Eingaben absichern.
3. UI, API, Persistenz oder Testdaten so integrieren, dass der Ablauf reproduzierbar bleibt.
4. Erfolgs-, Fehler-, Berechtigungs- und Wiederholungsfall dokumentieren.

Erledigt wenn
- Nur erlaubte Übergänge sind möglich; jeder Zustand ist eindeutig und wiederherstellbar.
- Die relevanten Akzeptanzkriterien der Story sind nachweisbar erfüllt.
- Automatisierte oder reproduzierbare Tests sind vorhanden und im Review nachvollziehbar.
- Keine bestehende Funktion außerhalb des Story-Scopes wird unbeabsichtigt verändert.

Abhängigkeiten
- Parent: KAN-56
- Testdaten und Fehlerszenarien werden mit dem zugehörigen Xray-Testfall abgestimmt.",300185,KAN-56,High
Task,E4-11 Sendungsnummer anzeigen – Zahlungsintegration und Idempotenz absichern,"Zugehörige Story: KAN-56 – E4-11 Sendungsnummer anzeigen
Priorität der Story: High

Ziel
Provider-Aufrufe, Signatur-/Statusprüfung, Webhook-Verarbeitung, Wiederholungen und Timeoutpfade implementieren.

Vorgehen
1. Bestehende Schnittstellen, Daten und Randbedingungen für „Sendungsnummer anzeigen“ prüfen.
2. Die fachliche Regel an der zuständigen Schicht implementieren und gegen ungültige Eingaben absichern.
3. UI, API, Persistenz oder Testdaten so integrieren, dass der Ablauf reproduzierbar bleibt.
4. Erfolgs-, Fehler-, Berechtigungs- und Wiederholungsfall dokumentieren.

Erledigt wenn
- Doppelte Ereignisse erzeugen keine doppelten Bestellungen, Captures, Nachrichten oder Bestandsänderungen.
- Die relevanten Akzeptanzkriterien der Story sind nachweisbar erfüllt.
- Automatisierte oder reproduzierbare Tests sind vorhanden und im Review nachvollziehbar.
- Keine bestehende Funktion außerhalb des Story-Scopes wird unbeabsichtigt verändert.

Abhängigkeiten
- Parent: KAN-56
- Testdaten und Fehlerszenarien werden mit dem zugehörigen Xray-Testfall abgestimmt.",300186,KAN-56,High
Task,"E4-11 Sendungsnummer anzeigen – Admin-, Versand- und Supportabläufe integrieren","Zugehörige Story: KAN-56 – E4-11 Sendungsnummer anzeigen
Priorität der Story: High

Ziel
Bestellansicht, Versandvorbereitung, Tracking, Storno und Erstattung mit Berechtigungen und Audit-Spuren umsetzen.

Vorgehen
1. Bestehende Schnittstellen, Daten und Randbedingungen für „Sendungsnummer anzeigen“ prüfen.
2. Die fachliche Regel an der zuständigen Schicht implementieren und gegen ungültige Eingaben absichern.
3. UI, API, Persistenz oder Testdaten so integrieren, dass der Ablauf reproduzierbar bleibt.
4. Erfolgs-, Fehler-, Berechtigungs- und Wiederholungsfall dokumentieren.

Erledigt wenn
- Support kann den Bestellstatus erklären und jede Aktion nachvollziehen.
- Die relevanten Akzeptanzkriterien der Story sind nachweisbar erfüllt.
- Automatisierte oder reproduzierbare Tests sind vorhanden und im Review nachvollziehbar.
- Keine bestehende Funktion außerhalb des Story-Scopes wird unbeabsichtigt verändert.

Abhängigkeiten
- Parent: KAN-56
- Testdaten und Fehlerszenarien werden mit dem zugehörigen Xray-Testfall abgestimmt.",300187,KAN-56,High
Task,E4-11 Sendungsnummer anzeigen – Monitoring und Fehlerdiagnose ergänzen,"Zugehörige Story: KAN-56 – E4-11 Sendungsnummer anzeigen
Priorität der Story: High

Ziel
Metriken, strukturierte Logs, Alarmbedingungen und sichere Supportinformationen für Zahlungs- und Synchronisationsfehler definieren.

Vorgehen
1. Bestehende Schnittstellen, Daten und Randbedingungen für „Sendungsnummer anzeigen“ prüfen.
2. Die fachliche Regel an der zuständigen Schicht implementieren und gegen ungültige Eingaben absichern.
3. UI, API, Persistenz oder Testdaten so integrieren, dass der Ablauf reproduzierbar bleibt.
4. Erfolgs-, Fehler-, Berechtigungs- und Wiederholungsfall dokumentieren.

Erledigt wenn
- Fehler sind ohne sensible Zahlungsdaten diagnostizierbar und mit einer Bestellkorrelation auffindbar.
- Die relevanten Akzeptanzkriterien der Story sind nachweisbar erfüllt.
- Automatisierte oder reproduzierbare Tests sind vorhanden und im Review nachvollziehbar.
- Keine bestehende Funktion außerhalb des Story-Scopes wird unbeabsichtigt verändert.

Abhängigkeiten
- Parent: KAN-56
- Testdaten und Fehlerszenarien werden mit dem zugehörigen Xray-Testfall abgestimmt.",300188,KAN-56,High
Task,E4-12 Bestellung stornieren oder erstatten – Bestell- und Zahlungszustandsmaschine implementieren,"Zugehörige Story: KAN-57 – E4-12 Bestellung stornieren oder erstatten
Priorität der Story: Medium

Ziel
Zahlbetrag, Bestellung, Reservierung, Capture, Fehlzahlung, Erstattung und Statusübergänge als explizite Regeln umsetzen.

Vorgehen
1. Bestehende Schnittstellen, Daten und Randbedingungen für „Bestellung stornieren oder erstatten“ prüfen.
2. Die fachliche Regel an der zuständigen Schicht implementieren und gegen ungültige Eingaben absichern.
3. UI, API, Persistenz oder Testdaten so integrieren, dass der Ablauf reproduzierbar bleibt.
4. Erfolgs-, Fehler-, Berechtigungs- und Wiederholungsfall dokumentieren.

Erledigt wenn
- Nur erlaubte Übergänge sind möglich; jeder Zustand ist eindeutig und wiederherstellbar.
- Die relevanten Akzeptanzkriterien der Story sind nachweisbar erfüllt.
- Automatisierte oder reproduzierbare Tests sind vorhanden und im Review nachvollziehbar.
- Keine bestehende Funktion außerhalb des Story-Scopes wird unbeabsichtigt verändert.

Abhängigkeiten
- Parent: KAN-57
- Testdaten und Fehlerszenarien werden mit dem zugehörigen Xray-Testfall abgestimmt.",300189,KAN-57,Medium
Task,E4-12 Bestellung stornieren oder erstatten – Zahlungsintegration und Idempotenz absichern,"Zugehörige Story: KAN-57 – E4-12 Bestellung stornieren oder erstatten
Priorität der Story: Medium

Ziel
Provider-Aufrufe, Signatur-/Statusprüfung, Webhook-Verarbeitung, Wiederholungen und Timeoutpfade implementieren.

Vorgehen
1. Bestehende Schnittstellen, Daten und Randbedingungen für „Bestellung stornieren oder erstatten“ prüfen.
2. Die fachliche Regel an der zuständigen Schicht implementieren und gegen ungültige Eingaben absichern.
3. UI, API, Persistenz oder Testdaten so integrieren, dass der Ablauf reproduzierbar bleibt.
4. Erfolgs-, Fehler-, Berechtigungs- und Wiederholungsfall dokumentieren.

Erledigt wenn
- Doppelte Ereignisse erzeugen keine doppelten Bestellungen, Captures, Nachrichten oder Bestandsänderungen.
- Die relevanten Akzeptanzkriterien der Story sind nachweisbar erfüllt.
- Automatisierte oder reproduzierbare Tests sind vorhanden und im Review nachvollziehbar.
- Keine bestehende Funktion außerhalb des Story-Scopes wird unbeabsichtigt verändert.

Abhängigkeiten
- Parent: KAN-57
- Testdaten und Fehlerszenarien werden mit dem zugehörigen Xray-Testfall abgestimmt.",300190,KAN-57,Medium
Task,"E4-12 Bestellung stornieren oder erstatten – Admin-, Versand- und Supportabläufe integrieren","Zugehörige Story: KAN-57 – E4-12 Bestellung stornieren oder erstatten
Priorität der Story: Medium

Ziel
Bestellansicht, Versandvorbereitung, Tracking, Storno und Erstattung mit Berechtigungen und Audit-Spuren umsetzen.

Vorgehen
1. Bestehende Schnittstellen, Daten und Randbedingungen für „Bestellung stornieren oder erstatten“ prüfen.
2. Die fachliche Regel an der zuständigen Schicht implementieren und gegen ungültige Eingaben absichern.
3. UI, API, Persistenz oder Testdaten so integrieren, dass der Ablauf reproduzierbar bleibt.
4. Erfolgs-, Fehler-, Berechtigungs- und Wiederholungsfall dokumentieren.

Erledigt wenn
- Support kann den Bestellstatus erklären und jede Aktion nachvollziehen.
- Die relevanten Akzeptanzkriterien der Story sind nachweisbar erfüllt.
- Automatisierte oder reproduzierbare Tests sind vorhanden und im Review nachvollziehbar.
- Keine bestehende Funktion außerhalb des Story-Scopes wird unbeabsichtigt verändert.

Abhängigkeiten
- Parent: KAN-57
- Testdaten und Fehlerszenarien werden mit dem zugehörigen Xray-Testfall abgestimmt.",300191,KAN-57,Medium
Task,E4-12 Bestellung stornieren oder erstatten – Monitoring und Fehlerdiagnose ergänzen,"Zugehörige Story: KAN-57 – E4-12 Bestellung stornieren oder erstatten
Priorität der Story: Medium

Ziel
Metriken, strukturierte Logs, Alarmbedingungen und sichere Supportinformationen für Zahlungs- und Synchronisationsfehler definieren.

Vorgehen
1. Bestehende Schnittstellen, Daten und Randbedingungen für „Bestellung stornieren oder erstatten“ prüfen.
2. Die fachliche Regel an der zuständigen Schicht implementieren und gegen ungültige Eingaben absichern.
3. UI, API, Persistenz oder Testdaten so integrieren, dass der Ablauf reproduzierbar bleibt.
4. Erfolgs-, Fehler-, Berechtigungs- und Wiederholungsfall dokumentieren.

Erledigt wenn
- Fehler sind ohne sensible Zahlungsdaten diagnostizierbar und mit einer Bestellkorrelation auffindbar.
- Die relevanten Akzeptanzkriterien der Story sind nachweisbar erfüllt.
- Automatisierte oder reproduzierbare Tests sind vorhanden und im Review nachvollziehbar.
- Keine bestehende Funktion außerhalb des Story-Scopes wird unbeabsichtigt verändert.

Abhängigkeiten
- Parent: KAN-57
- Testdaten und Fehlerszenarien werden mit dem zugehörigen Xray-Testfall abgestimmt.",300192,KAN-57,Medium
Task,E5-01 Kundenkonto registrieren – Authentifizierung und Kontosicherheit implementieren,"Zugehörige Story: KAN-58 – E5-01 Kundenkonto registrieren
Priorität der Story: High

Ziel
Registrierung, Bestätigung, Login, Logout, Passwortreset, Sessions und Rate Limits sicher umsetzen.

Vorgehen
1. Bestehende Schnittstellen, Daten und Randbedingungen für „Kundenkonto registrieren“ prüfen.
2. Die fachliche Regel an der zuständigen Schicht implementieren und gegen ungültige Eingaben absichern.
3. UI, API, Persistenz oder Testdaten so integrieren, dass der Ablauf reproduzierbar bleibt.
4. Erfolgs-, Fehler-, Berechtigungs- und Wiederholungsfall dokumentieren.

Erledigt wenn
- Fehlversuche, abgelaufene Tokens und unbestätigte Konten werden sicher und verständlich behandelt.
- Die relevanten Akzeptanzkriterien der Story sind nachweisbar erfüllt.
- Automatisierte oder reproduzierbare Tests sind vorhanden und im Review nachvollziehbar.
- Keine bestehende Funktion außerhalb des Story-Scopes wird unbeabsichtigt verändert.

Abhängigkeiten
- Parent: KAN-58
- Testdaten und Fehlerszenarien werden mit dem zugehörigen Xray-Testfall abgestimmt.",300193,KAN-58,High
Task,E5-01 Kundenkonto registrieren – Konto- und Adressoberflächen bauen,"Zugehörige Story: KAN-58 – E5-01 Kundenkonto registrieren
Priorität der Story: High

Ziel
Persönliche Daten, Lieferadressen, Bestellhistorie und Kontostatus mit Validierung und responsiver Nutzerführung umsetzen.

Vorgehen
1. Bestehende Schnittstellen, Daten und Randbedingungen für „Kundenkonto registrieren“ prüfen.
2. Die fachliche Regel an der zuständigen Schicht implementieren und gegen ungültige Eingaben absichern.
3. UI, API, Persistenz oder Testdaten so integrieren, dass der Ablauf reproduzierbar bleibt.
4. Erfolgs-, Fehler-, Berechtigungs- und Wiederholungsfall dokumentieren.

Erledigt wenn
- Nutzer sehen und ändern ausschließlich eigene Daten; Änderungen sind nach Reload konsistent.
- Die relevanten Akzeptanzkriterien der Story sind nachweisbar erfüllt.
- Automatisierte oder reproduzierbare Tests sind vorhanden und im Review nachvollziehbar.
- Keine bestehende Funktion außerhalb des Story-Scopes wird unbeabsichtigt verändert.

Abhängigkeiten
- Parent: KAN-58
- Testdaten und Fehlerszenarien werden mit dem zugehörigen Xray-Testfall abgestimmt.",300194,KAN-58,High
Task,E5-01 Kundenkonto registrieren – Datenschutz- und Lebenszyklusfälle behandeln,"Zugehörige Story: KAN-58 – E5-01 Kundenkonto registrieren
Priorität der Story: High

Ziel
Export, Löschung, Re-Authentifizierung, abhängige Bestellungen und Benachrichtigungen fachlich klären und implementieren.

Vorgehen
1. Bestehende Schnittstellen, Daten und Randbedingungen für „Kundenkonto registrieren“ prüfen.
2. Die fachliche Regel an der zuständigen Schicht implementieren und gegen ungültige Eingaben absichern.
3. UI, API, Persistenz oder Testdaten so integrieren, dass der Ablauf reproduzierbar bleibt.
4. Erfolgs-, Fehler-, Berechtigungs- und Wiederholungsfall dokumentieren.

Erledigt wenn
- Datenschutzaktionen sind vollständig, nachvollziehbar und gegen versehentliche Ausführung geschützt.
- Die relevanten Akzeptanzkriterien der Story sind nachweisbar erfüllt.
- Automatisierte oder reproduzierbare Tests sind vorhanden und im Review nachvollziehbar.
- Keine bestehende Funktion außerhalb des Story-Scopes wird unbeabsichtigt verändert.

Abhängigkeiten
- Parent: KAN-58
- Testdaten und Fehlerszenarien werden mit dem zugehörigen Xray-Testfall abgestimmt.",300195,KAN-58,High
Task,E5-01 Kundenkonto registrieren – Sicherheits- und Regressionstests ergänzen,"Zugehörige Story: KAN-58 – E5-01 Kundenkonto registrieren
Priorität der Story: High

Ziel
Berechtigungsgrenzen, Sessionablauf, Passwortreset, Kontodaten und wichtige Kaufpfade automatisiert prüfen.

Vorgehen
1. Bestehende Schnittstellen, Daten und Randbedingungen für „Kundenkonto registrieren“ prüfen.
2. Die fachliche Regel an der zuständigen Schicht implementieren und gegen ungültige Eingaben absichern.
3. UI, API, Persistenz oder Testdaten so integrieren, dass der Ablauf reproduzierbar bleibt.
4. Erfolgs-, Fehler-, Berechtigungs- und Wiederholungsfall dokumentieren.

Erledigt wenn
- Kein Test kann auf fremde Kontodaten zugreifen; kritische Flows sind reproduzierbar abgesichert.
- Die relevanten Akzeptanzkriterien der Story sind nachweisbar erfüllt.
- Automatisierte oder reproduzierbare Tests sind vorhanden und im Review nachvollziehbar.
- Keine bestehende Funktion außerhalb des Story-Scopes wird unbeabsichtigt verändert.

Abhängigkeiten
- Parent: KAN-58
- Testdaten und Fehlerszenarien werden mit dem zugehörigen Xray-Testfall abgestimmt.",300196,KAN-58,High
Task,E5-02 E-Mail-Adresse bestätigen – Authentifizierung und Kontosicherheit implementieren,"Zugehörige Story: KAN-59 – E5-02 E-Mail-Adresse bestätigen
Priorität der Story: High

Ziel
Registrierung, Bestätigung, Login, Logout, Passwortreset, Sessions und Rate Limits sicher umsetzen.

Vorgehen
1. Bestehende Schnittstellen, Daten und Randbedingungen für „E-Mail-Adresse bestätigen“ prüfen.
2. Die fachliche Regel an der zuständigen Schicht implementieren und gegen ungültige Eingaben absichern.
3. UI, API, Persistenz oder Testdaten so integrieren, dass der Ablauf reproduzierbar bleibt.
4. Erfolgs-, Fehler-, Berechtigungs- und Wiederholungsfall dokumentieren.

Erledigt wenn
- Fehlversuche, abgelaufene Tokens und unbestätigte Konten werden sicher und verständlich behandelt.
- Die relevanten Akzeptanzkriterien der Story sind nachweisbar erfüllt.
- Automatisierte oder reproduzierbare Tests sind vorhanden und im Review nachvollziehbar.
- Keine bestehende Funktion außerhalb des Story-Scopes wird unbeabsichtigt verändert.

Abhängigkeiten
- Parent: KAN-59
- Testdaten und Fehlerszenarien werden mit dem zugehörigen Xray-Testfall abgestimmt.",300197,KAN-59,High
Task,E5-02 E-Mail-Adresse bestätigen – Konto- und Adressoberflächen bauen,"Zugehörige Story: KAN-59 – E5-02 E-Mail-Adresse bestätigen
Priorität der Story: High

Ziel
Persönliche Daten, Lieferadressen, Bestellhistorie und Kontostatus mit Validierung und responsiver Nutzerführung umsetzen.

Vorgehen
1. Bestehende Schnittstellen, Daten und Randbedingungen für „E-Mail-Adresse bestätigen“ prüfen.
2. Die fachliche Regel an der zuständigen Schicht implementieren und gegen ungültige Eingaben absichern.
3. UI, API, Persistenz oder Testdaten so integrieren, dass der Ablauf reproduzierbar bleibt.
4. Erfolgs-, Fehler-, Berechtigungs- und Wiederholungsfall dokumentieren.

Erledigt wenn
- Nutzer sehen und ändern ausschließlich eigene Daten; Änderungen sind nach Reload konsistent.
- Die relevanten Akzeptanzkriterien der Story sind nachweisbar erfüllt.
- Automatisierte oder reproduzierbare Tests sind vorhanden und im Review nachvollziehbar.
- Keine bestehende Funktion außerhalb des Story-Scopes wird unbeabsichtigt verändert.

Abhängigkeiten
- Parent: KAN-59
- Testdaten und Fehlerszenarien werden mit dem zugehörigen Xray-Testfall abgestimmt.",300198,KAN-59,High
Task,E5-02 E-Mail-Adresse bestätigen – Datenschutz- und Lebenszyklusfälle behandeln,"Zugehörige Story: KAN-59 – E5-02 E-Mail-Adresse bestätigen
Priorität der Story: High

Ziel
Export, Löschung, Re-Authentifizierung, abhängige Bestellungen und Benachrichtigungen fachlich klären und implementieren.

Vorgehen
1. Bestehende Schnittstellen, Daten und Randbedingungen für „E-Mail-Adresse bestätigen“ prüfen.
2. Die fachliche Regel an der zuständigen Schicht implementieren und gegen ungültige Eingaben absichern.
3. UI, API, Persistenz oder Testdaten so integrieren, dass der Ablauf reproduzierbar bleibt.
4. Erfolgs-, Fehler-, Berechtigungs- und Wiederholungsfall dokumentieren.

Erledigt wenn
- Datenschutzaktionen sind vollständig, nachvollziehbar und gegen versehentliche Ausführung geschützt.
- Die relevanten Akzeptanzkriterien der Story sind nachweisbar erfüllt.
- Automatisierte oder reproduzierbare Tests sind vorhanden und im Review nachvollziehbar.
- Keine bestehende Funktion außerhalb des Story-Scopes wird unbeabsichtigt verändert.

Abhängigkeiten
- Parent: KAN-59
- Testdaten und Fehlerszenarien werden mit dem zugehörigen Xray-Testfall abgestimmt.",300199,KAN-59,High
Task,E5-02 E-Mail-Adresse bestätigen – Sicherheits- und Regressionstests ergänzen,"Zugehörige Story: KAN-59 – E5-02 E-Mail-Adresse bestätigen
Priorität der Story: High

Ziel
Berechtigungsgrenzen, Sessionablauf, Passwortreset, Kontodaten und wichtige Kaufpfade automatisiert prüfen.

Vorgehen
1. Bestehende Schnittstellen, Daten und Randbedingungen für „E-Mail-Adresse bestätigen“ prüfen.
2. Die fachliche Regel an der zuständigen Schicht implementieren und gegen ungültige Eingaben absichern.
3. UI, API, Persistenz oder Testdaten so integrieren, dass der Ablauf reproduzierbar bleibt.
4. Erfolgs-, Fehler-, Berechtigungs- und Wiederholungsfall dokumentieren.

Erledigt wenn
- Kein Test kann auf fremde Kontodaten zugreifen; kritische Flows sind reproduzierbar abgesichert.
- Die relevanten Akzeptanzkriterien der Story sind nachweisbar erfüllt.
- Automatisierte oder reproduzierbare Tests sind vorhanden und im Review nachvollziehbar.
- Keine bestehende Funktion außerhalb des Story-Scopes wird unbeabsichtigt verändert.

Abhängigkeiten
- Parent: KAN-59
- Testdaten und Fehlerszenarien werden mit dem zugehörigen Xray-Testfall abgestimmt.",300200,KAN-59,High
Task,E5-03 Ein- und ausloggen – Authentifizierung und Kontosicherheit implementieren,"Zugehörige Story: KAN-60 – E5-03 Ein- und ausloggen
Priorität der Story: High

Ziel
Registrierung, Bestätigung, Login, Logout, Passwortreset, Sessions und Rate Limits sicher umsetzen.

Vorgehen
1. Bestehende Schnittstellen, Daten und Randbedingungen für „Ein- und ausloggen“ prüfen.
2. Die fachliche Regel an der zuständigen Schicht implementieren und gegen ungültige Eingaben absichern.
3. UI, API, Persistenz oder Testdaten so integrieren, dass der Ablauf reproduzierbar bleibt.
4. Erfolgs-, Fehler-, Berechtigungs- und Wiederholungsfall dokumentieren.

Erledigt wenn
- Fehlversuche, abgelaufene Tokens und unbestätigte Konten werden sicher und verständlich behandelt.
- Die relevanten Akzeptanzkriterien der Story sind nachweisbar erfüllt.
- Automatisierte oder reproduzierbare Tests sind vorhanden und im Review nachvollziehbar.
- Keine bestehende Funktion außerhalb des Story-Scopes wird unbeabsichtigt verändert.

Abhängigkeiten
- Parent: KAN-60
- Testdaten und Fehlerszenarien werden mit dem zugehörigen Xray-Testfall abgestimmt.",300201,KAN-60,High
Task,E5-03 Ein- und ausloggen – Konto- und Adressoberflächen bauen,"Zugehörige Story: KAN-60 – E5-03 Ein- und ausloggen
Priorität der Story: High

Ziel
Persönliche Daten, Lieferadressen, Bestellhistorie und Kontostatus mit Validierung und responsiver Nutzerführung umsetzen.

Vorgehen
1. Bestehende Schnittstellen, Daten und Randbedingungen für „Ein- und ausloggen“ prüfen.
2. Die fachliche Regel an der zuständigen Schicht implementieren und gegen ungültige Eingaben absichern.
3. UI, API, Persistenz oder Testdaten so integrieren, dass der Ablauf reproduzierbar bleibt.
4. Erfolgs-, Fehler-, Berechtigungs- und Wiederholungsfall dokumentieren.

Erledigt wenn
- Nutzer sehen und ändern ausschließlich eigene Daten; Änderungen sind nach Reload konsistent.
- Die relevanten Akzeptanzkriterien der Story sind nachweisbar erfüllt.
- Automatisierte oder reproduzierbare Tests sind vorhanden und im Review nachvollziehbar.
- Keine bestehende Funktion außerhalb des Story-Scopes wird unbeabsichtigt verändert.

Abhängigkeiten
- Parent: KAN-60
- Testdaten und Fehlerszenarien werden mit dem zugehörigen Xray-Testfall abgestimmt.",300202,KAN-60,High
Task,E5-03 Ein- und ausloggen – Datenschutz- und Lebenszyklusfälle behandeln,"Zugehörige Story: KAN-60 – E5-03 Ein- und ausloggen
Priorität der Story: High

Ziel
Export, Löschung, Re-Authentifizierung, abhängige Bestellungen und Benachrichtigungen fachlich klären und implementieren.

Vorgehen
1. Bestehende Schnittstellen, Daten und Randbedingungen für „Ein- und ausloggen“ prüfen.
2. Die fachliche Regel an der zuständigen Schicht implementieren und gegen ungültige Eingaben absichern.
3. UI, API, Persistenz oder Testdaten so integrieren, dass der Ablauf reproduzierbar bleibt.
4. Erfolgs-, Fehler-, Berechtigungs- und Wiederholungsfall dokumentieren.

Erledigt wenn
- Datenschutzaktionen sind vollständig, nachvollziehbar und gegen versehentliche Ausführung geschützt.
- Die relevanten Akzeptanzkriterien der Story sind nachweisbar erfüllt.
- Automatisierte oder reproduzierbare Tests sind vorhanden und im Review nachvollziehbar.
- Keine bestehende Funktion außerhalb des Story-Scopes wird unbeabsichtigt verändert.

Abhängigkeiten
- Parent: KAN-60
- Testdaten und Fehlerszenarien werden mit dem zugehörigen Xray-Testfall abgestimmt.",300203,KAN-60,High
Task,E5-03 Ein- und ausloggen – Sicherheits- und Regressionstests ergänzen,"Zugehörige Story: KAN-60 – E5-03 Ein- und ausloggen
Priorität der Story: High

Ziel
Berechtigungsgrenzen, Sessionablauf, Passwortreset, Kontodaten und wichtige Kaufpfade automatisiert prüfen.

Vorgehen
1. Bestehende Schnittstellen, Daten und Randbedingungen für „Ein- und ausloggen“ prüfen.
2. Die fachliche Regel an der zuständigen Schicht implementieren und gegen ungültige Eingaben absichern.
3. UI, API, Persistenz oder Testdaten so integrieren, dass der Ablauf reproduzierbar bleibt.
4. Erfolgs-, Fehler-, Berechtigungs- und Wiederholungsfall dokumentieren.

Erledigt wenn
- Kein Test kann auf fremde Kontodaten zugreifen; kritische Flows sind reproduzierbar abgesichert.
- Die relevanten Akzeptanzkriterien der Story sind nachweisbar erfüllt.
- Automatisierte oder reproduzierbare Tests sind vorhanden und im Review nachvollziehbar.
- Keine bestehende Funktion außerhalb des Story-Scopes wird unbeabsichtigt verändert.

Abhängigkeiten
- Parent: KAN-60
- Testdaten und Fehlerszenarien werden mit dem zugehörigen Xray-Testfall abgestimmt.",300204,KAN-60,High
Task,E5-04 Passwort zurücksetzen – Authentifizierung und Kontosicherheit implementieren,"Zugehörige Story: KAN-61 – E5-04 Passwort zurücksetzen
Priorität der Story: High

Ziel
Registrierung, Bestätigung, Login, Logout, Passwortreset, Sessions und Rate Limits sicher umsetzen.

Vorgehen
1. Bestehende Schnittstellen, Daten und Randbedingungen für „Passwort zurücksetzen“ prüfen.
2. Die fachliche Regel an der zuständigen Schicht implementieren und gegen ungültige Eingaben absichern.
3. UI, API, Persistenz oder Testdaten so integrieren, dass der Ablauf reproduzierbar bleibt.
4. Erfolgs-, Fehler-, Berechtigungs- und Wiederholungsfall dokumentieren.

Erledigt wenn
- Fehlversuche, abgelaufene Tokens und unbestätigte Konten werden sicher und verständlich behandelt.
- Die relevanten Akzeptanzkriterien der Story sind nachweisbar erfüllt.
- Automatisierte oder reproduzierbare Tests sind vorhanden und im Review nachvollziehbar.
- Keine bestehende Funktion außerhalb des Story-Scopes wird unbeabsichtigt verändert.

Abhängigkeiten
- Parent: KAN-61
- Testdaten und Fehlerszenarien werden mit dem zugehörigen Xray-Testfall abgestimmt.",300205,KAN-61,High
Task,E5-04 Passwort zurücksetzen – Konto- und Adressoberflächen bauen,"Zugehörige Story: KAN-61 – E5-04 Passwort zurücksetzen
Priorität der Story: High

Ziel
Persönliche Daten, Lieferadressen, Bestellhistorie und Kontostatus mit Validierung und responsiver Nutzerführung umsetzen.

Vorgehen
1. Bestehende Schnittstellen, Daten und Randbedingungen für „Passwort zurücksetzen“ prüfen.
2. Die fachliche Regel an der zuständigen Schicht implementieren und gegen ungültige Eingaben absichern.
3. UI, API, Persistenz oder Testdaten so integrieren, dass der Ablauf reproduzierbar bleibt.
4. Erfolgs-, Fehler-, Berechtigungs- und Wiederholungsfall dokumentieren.

Erledigt wenn
- Nutzer sehen und ändern ausschließlich eigene Daten; Änderungen sind nach Reload konsistent.
- Die relevanten Akzeptanzkriterien der Story sind nachweisbar erfüllt.
- Automatisierte oder reproduzierbare Tests sind vorhanden und im Review nachvollziehbar.
- Keine bestehende Funktion außerhalb des Story-Scopes wird unbeabsichtigt verändert.

Abhängigkeiten
- Parent: KAN-61
- Testdaten und Fehlerszenarien werden mit dem zugehörigen Xray-Testfall abgestimmt.",300206,KAN-61,High
Task,E5-04 Passwort zurücksetzen – Datenschutz- und Lebenszyklusfälle behandeln,"Zugehörige Story: KAN-61 – E5-04 Passwort zurücksetzen
Priorität der Story: High

Ziel
Export, Löschung, Re-Authentifizierung, abhängige Bestellungen und Benachrichtigungen fachlich klären und implementieren.

Vorgehen
1. Bestehende Schnittstellen, Daten und Randbedingungen für „Passwort zurücksetzen“ prüfen.
2. Die fachliche Regel an der zuständigen Schicht implementieren und gegen ungültige Eingaben absichern.
3. UI, API, Persistenz oder Testdaten so integrieren, dass der Ablauf reproduzierbar bleibt.
4. Erfolgs-, Fehler-, Berechtigungs- und Wiederholungsfall dokumentieren.

Erledigt wenn
- Datenschutzaktionen sind vollständig, nachvollziehbar und gegen versehentliche Ausführung geschützt.
- Die relevanten Akzeptanzkriterien der Story sind nachweisbar erfüllt.
- Automatisierte oder reproduzierbare Tests sind vorhanden und im Review nachvollziehbar.
- Keine bestehende Funktion außerhalb des Story-Scopes wird unbeabsichtigt verändert.

Abhängigkeiten
- Parent: KAN-61
- Testdaten und Fehlerszenarien werden mit dem zugehörigen Xray-Testfall abgestimmt.",300207,KAN-61,High
Task,E5-04 Passwort zurücksetzen – Sicherheits- und Regressionstests ergänzen,"Zugehörige Story: KAN-61 – E5-04 Passwort zurücksetzen
Priorität der Story: High

Ziel
Berechtigungsgrenzen, Sessionablauf, Passwortreset, Kontodaten und wichtige Kaufpfade automatisiert prüfen.

Vorgehen
1. Bestehende Schnittstellen, Daten und Randbedingungen für „Passwort zurücksetzen“ prüfen.
2. Die fachliche Regel an der zuständigen Schicht implementieren und gegen ungültige Eingaben absichern.
3. UI, API, Persistenz oder Testdaten so integrieren, dass der Ablauf reproduzierbar bleibt.
4. Erfolgs-, Fehler-, Berechtigungs- und Wiederholungsfall dokumentieren.

Erledigt wenn
- Kein Test kann auf fremde Kontodaten zugreifen; kritische Flows sind reproduzierbar abgesichert.
- Die relevanten Akzeptanzkriterien der Story sind nachweisbar erfüllt.
- Automatisierte oder reproduzierbare Tests sind vorhanden und im Review nachvollziehbar.
- Keine bestehende Funktion außerhalb des Story-Scopes wird unbeabsichtigt verändert.

Abhängigkeiten
- Parent: KAN-61
- Testdaten und Fehlerszenarien werden mit dem zugehörigen Xray-Testfall abgestimmt.",300208,KAN-61,High
Task,E5-05 Persönliche Daten bearbeiten – Authentifizierung und Kontosicherheit implementieren,"Zugehörige Story: KAN-62 – E5-05 Persönliche Daten bearbeiten
Priorität der Story: High

Ziel
Registrierung, Bestätigung, Login, Logout, Passwortreset, Sessions und Rate Limits sicher umsetzen.

Vorgehen
1. Bestehende Schnittstellen, Daten und Randbedingungen für „Persönliche Daten bearbeiten“ prüfen.
2. Die fachliche Regel an der zuständigen Schicht implementieren und gegen ungültige Eingaben absichern.
3. UI, API, Persistenz oder Testdaten so integrieren, dass der Ablauf reproduzierbar bleibt.
4. Erfolgs-, Fehler-, Berechtigungs- und Wiederholungsfall dokumentieren.

Erledigt wenn
- Fehlversuche, abgelaufene Tokens und unbestätigte Konten werden sicher und verständlich behandelt.
- Die relevanten Akzeptanzkriterien der Story sind nachweisbar erfüllt.
- Automatisierte oder reproduzierbare Tests sind vorhanden und im Review nachvollziehbar.
- Keine bestehende Funktion außerhalb des Story-Scopes wird unbeabsichtigt verändert.

Abhängigkeiten
- Parent: KAN-62
- Testdaten und Fehlerszenarien werden mit dem zugehörigen Xray-Testfall abgestimmt.",300209,KAN-62,High
Task,E5-05 Persönliche Daten bearbeiten – Konto- und Adressoberflächen bauen,"Zugehörige Story: KAN-62 – E5-05 Persönliche Daten bearbeiten
Priorität der Story: High

Ziel
Persönliche Daten, Lieferadressen, Bestellhistorie und Kontostatus mit Validierung und responsiver Nutzerführung umsetzen.

Vorgehen
1. Bestehende Schnittstellen, Daten und Randbedingungen für „Persönliche Daten bearbeiten“ prüfen.
2. Die fachliche Regel an der zuständigen Schicht implementieren und gegen ungültige Eingaben absichern.
3. UI, API, Persistenz oder Testdaten so integrieren, dass der Ablauf reproduzierbar bleibt.
4. Erfolgs-, Fehler-, Berechtigungs- und Wiederholungsfall dokumentieren.

Erledigt wenn
- Nutzer sehen und ändern ausschließlich eigene Daten; Änderungen sind nach Reload konsistent.
- Die relevanten Akzeptanzkriterien der Story sind nachweisbar erfüllt.
- Automatisierte oder reproduzierbare Tests sind vorhanden und im Review nachvollziehbar.
- Keine bestehende Funktion außerhalb des Story-Scopes wird unbeabsichtigt verändert.

Abhängigkeiten
- Parent: KAN-62
- Testdaten und Fehlerszenarien werden mit dem zugehörigen Xray-Testfall abgestimmt.",300210,KAN-62,High
Task,E5-05 Persönliche Daten bearbeiten – Datenschutz- und Lebenszyklusfälle behandeln,"Zugehörige Story: KAN-62 – E5-05 Persönliche Daten bearbeiten
Priorität der Story: High

Ziel
Export, Löschung, Re-Authentifizierung, abhängige Bestellungen und Benachrichtigungen fachlich klären und implementieren.

Vorgehen
1. Bestehende Schnittstellen, Daten und Randbedingungen für „Persönliche Daten bearbeiten“ prüfen.
2. Die fachliche Regel an der zuständigen Schicht implementieren und gegen ungültige Eingaben absichern.
3. UI, API, Persistenz oder Testdaten so integrieren, dass der Ablauf reproduzierbar bleibt.
4. Erfolgs-, Fehler-, Berechtigungs- und Wiederholungsfall dokumentieren.

Erledigt wenn
- Datenschutzaktionen sind vollständig, nachvollziehbar und gegen versehentliche Ausführung geschützt.
- Die relevanten Akzeptanzkriterien der Story sind nachweisbar erfüllt.
- Automatisierte oder reproduzierbare Tests sind vorhanden und im Review nachvollziehbar.
- Keine bestehende Funktion außerhalb des Story-Scopes wird unbeabsichtigt verändert.

Abhängigkeiten
- Parent: KAN-62
- Testdaten und Fehlerszenarien werden mit dem zugehörigen Xray-Testfall abgestimmt.",300211,KAN-62,High
Task,E5-05 Persönliche Daten bearbeiten – Sicherheits- und Regressionstests ergänzen,"Zugehörige Story: KAN-62 – E5-05 Persönliche Daten bearbeiten
Priorität der Story: High

Ziel
Berechtigungsgrenzen, Sessionablauf, Passwortreset, Kontodaten und wichtige Kaufpfade automatisiert prüfen.

Vorgehen
1. Bestehende Schnittstellen, Daten und Randbedingungen für „Persönliche Daten bearbeiten“ prüfen.
2. Die fachliche Regel an der zuständigen Schicht implementieren und gegen ungültige Eingaben absichern.
3. UI, API, Persistenz oder Testdaten so integrieren, dass der Ablauf reproduzierbar bleibt.
4. Erfolgs-, Fehler-, Berechtigungs- und Wiederholungsfall dokumentieren.

Erledigt wenn
- Kein Test kann auf fremde Kontodaten zugreifen; kritische Flows sind reproduzierbar abgesichert.
- Die relevanten Akzeptanzkriterien der Story sind nachweisbar erfüllt.
- Automatisierte oder reproduzierbare Tests sind vorhanden und im Review nachvollziehbar.
- Keine bestehende Funktion außerhalb des Story-Scopes wird unbeabsichtigt verändert.

Abhängigkeiten
- Parent: KAN-62
- Testdaten und Fehlerszenarien werden mit dem zugehörigen Xray-Testfall abgestimmt.",300212,KAN-62,High
Task,E5-06 Lieferadressen verwalten – Authentifizierung und Kontosicherheit implementieren,"Zugehörige Story: KAN-63 – E5-06 Lieferadressen verwalten
Priorität der Story: High

Ziel
Registrierung, Bestätigung, Login, Logout, Passwortreset, Sessions und Rate Limits sicher umsetzen.

Vorgehen
1. Bestehende Schnittstellen, Daten und Randbedingungen für „Lieferadressen verwalten“ prüfen.
2. Die fachliche Regel an der zuständigen Schicht implementieren und gegen ungültige Eingaben absichern.
3. UI, API, Persistenz oder Testdaten so integrieren, dass der Ablauf reproduzierbar bleibt.
4. Erfolgs-, Fehler-, Berechtigungs- und Wiederholungsfall dokumentieren.

Erledigt wenn
- Fehlversuche, abgelaufene Tokens und unbestätigte Konten werden sicher und verständlich behandelt.
- Die relevanten Akzeptanzkriterien der Story sind nachweisbar erfüllt.
- Automatisierte oder reproduzierbare Tests sind vorhanden und im Review nachvollziehbar.
- Keine bestehende Funktion außerhalb des Story-Scopes wird unbeabsichtigt verändert.

Abhängigkeiten
- Parent: KAN-63
- Testdaten und Fehlerszenarien werden mit dem zugehörigen Xray-Testfall abgestimmt.",300213,KAN-63,High
Task,E5-06 Lieferadressen verwalten – Konto- und Adressoberflächen bauen,"Zugehörige Story: KAN-63 – E5-06 Lieferadressen verwalten
Priorität der Story: High

Ziel
Persönliche Daten, Lieferadressen, Bestellhistorie und Kontostatus mit Validierung und responsiver Nutzerführung umsetzen.

Vorgehen
1. Bestehende Schnittstellen, Daten und Randbedingungen für „Lieferadressen verwalten“ prüfen.
2. Die fachliche Regel an der zuständigen Schicht implementieren und gegen ungültige Eingaben absichern.
3. UI, API, Persistenz oder Testdaten so integrieren, dass der Ablauf reproduzierbar bleibt.
4. Erfolgs-, Fehler-, Berechtigungs- und Wiederholungsfall dokumentieren.

Erledigt wenn
- Nutzer sehen und ändern ausschließlich eigene Daten; Änderungen sind nach Reload konsistent.
- Die relevanten Akzeptanzkriterien der Story sind nachweisbar erfüllt.
- Automatisierte oder reproduzierbare Tests sind vorhanden und im Review nachvollziehbar.
- Keine bestehende Funktion außerhalb des Story-Scopes wird unbeabsichtigt verändert.

Abhängigkeiten
- Parent: KAN-63
- Testdaten und Fehlerszenarien werden mit dem zugehörigen Xray-Testfall abgestimmt.",300214,KAN-63,High
Task,E5-06 Lieferadressen verwalten – Datenschutz- und Lebenszyklusfälle behandeln,"Zugehörige Story: KAN-63 – E5-06 Lieferadressen verwalten
Priorität der Story: High

Ziel
Export, Löschung, Re-Authentifizierung, abhängige Bestellungen und Benachrichtigungen fachlich klären und implementieren.

Vorgehen
1. Bestehende Schnittstellen, Daten und Randbedingungen für „Lieferadressen verwalten“ prüfen.
2. Die fachliche Regel an der zuständigen Schicht implementieren und gegen ungültige Eingaben absichern.
3. UI, API, Persistenz oder Testdaten so integrieren, dass der Ablauf reproduzierbar bleibt.
4. Erfolgs-, Fehler-, Berechtigungs- und Wiederholungsfall dokumentieren.

Erledigt wenn
- Datenschutzaktionen sind vollständig, nachvollziehbar und gegen versehentliche Ausführung geschützt.
- Die relevanten Akzeptanzkriterien der Story sind nachweisbar erfüllt.
- Automatisierte oder reproduzierbare Tests sind vorhanden und im Review nachvollziehbar.
- Keine bestehende Funktion außerhalb des Story-Scopes wird unbeabsichtigt verändert.

Abhängigkeiten
- Parent: KAN-63
- Testdaten und Fehlerszenarien werden mit dem zugehörigen Xray-Testfall abgestimmt.",300215,KAN-63,High
Task,E5-06 Lieferadressen verwalten – Sicherheits- und Regressionstests ergänzen,"Zugehörige Story: KAN-63 – E5-06 Lieferadressen verwalten
Priorität der Story: High

Ziel
Berechtigungsgrenzen, Sessionablauf, Passwortreset, Kontodaten und wichtige Kaufpfade automatisiert prüfen.

Vorgehen
1. Bestehende Schnittstellen, Daten und Randbedingungen für „Lieferadressen verwalten“ prüfen.
2. Die fachliche Regel an der zuständigen Schicht implementieren und gegen ungültige Eingaben absichern.
3. UI, API, Persistenz oder Testdaten so integrieren, dass der Ablauf reproduzierbar bleibt.
4. Erfolgs-, Fehler-, Berechtigungs- und Wiederholungsfall dokumentieren.

Erledigt wenn
- Kein Test kann auf fremde Kontodaten zugreifen; kritische Flows sind reproduzierbar abgesichert.
- Die relevanten Akzeptanzkriterien der Story sind nachweisbar erfüllt.
- Automatisierte oder reproduzierbare Tests sind vorhanden und im Review nachvollziehbar.
- Keine bestehende Funktion außerhalb des Story-Scopes wird unbeabsichtigt verändert.

Abhängigkeiten
- Parent: KAN-63
- Testdaten und Fehlerszenarien werden mit dem zugehörigen Xray-Testfall abgestimmt.",300216,KAN-63,High
Task,E5-07 Bestellhistorie einsehen – Authentifizierung und Kontosicherheit implementieren,"Zugehörige Story: KAN-64 – E5-07 Bestellhistorie einsehen
Priorität der Story: High

Ziel
Registrierung, Bestätigung, Login, Logout, Passwortreset, Sessions und Rate Limits sicher umsetzen.

Vorgehen
1. Bestehende Schnittstellen, Daten und Randbedingungen für „Bestellhistorie einsehen“ prüfen.
2. Die fachliche Regel an der zuständigen Schicht implementieren und gegen ungültige Eingaben absichern.
3. UI, API, Persistenz oder Testdaten so integrieren, dass der Ablauf reproduzierbar bleibt.
4. Erfolgs-, Fehler-, Berechtigungs- und Wiederholungsfall dokumentieren.

Erledigt wenn
- Fehlversuche, abgelaufene Tokens und unbestätigte Konten werden sicher und verständlich behandelt.
- Die relevanten Akzeptanzkriterien der Story sind nachweisbar erfüllt.
- Automatisierte oder reproduzierbare Tests sind vorhanden und im Review nachvollziehbar.
- Keine bestehende Funktion außerhalb des Story-Scopes wird unbeabsichtigt verändert.

Abhängigkeiten
- Parent: KAN-64
- Testdaten und Fehlerszenarien werden mit dem zugehörigen Xray-Testfall abgestimmt.",300217,KAN-64,High
Task,E5-07 Bestellhistorie einsehen – Konto- und Adressoberflächen bauen,"Zugehörige Story: KAN-64 – E5-07 Bestellhistorie einsehen
Priorität der Story: High

Ziel
Persönliche Daten, Lieferadressen, Bestellhistorie und Kontostatus mit Validierung und responsiver Nutzerführung umsetzen.

Vorgehen
1. Bestehende Schnittstellen, Daten und Randbedingungen für „Bestellhistorie einsehen“ prüfen.
2. Die fachliche Regel an der zuständigen Schicht implementieren und gegen ungültige Eingaben absichern.
3. UI, API, Persistenz oder Testdaten so integrieren, dass der Ablauf reproduzierbar bleibt.
4. Erfolgs-, Fehler-, Berechtigungs- und Wiederholungsfall dokumentieren.

Erledigt wenn
- Nutzer sehen und ändern ausschließlich eigene Daten; Änderungen sind nach Reload konsistent.
- Die relevanten Akzeptanzkriterien der Story sind nachweisbar erfüllt.
- Automatisierte oder reproduzierbare Tests sind vorhanden und im Review nachvollziehbar.
- Keine bestehende Funktion außerhalb des Story-Scopes wird unbeabsichtigt verändert.

Abhängigkeiten
- Parent: KAN-64
- Testdaten und Fehlerszenarien werden mit dem zugehörigen Xray-Testfall abgestimmt.",300218,KAN-64,High
Task,E5-07 Bestellhistorie einsehen – Datenschutz- und Lebenszyklusfälle behandeln,"Zugehörige Story: KAN-64 – E5-07 Bestellhistorie einsehen
Priorität der Story: High

Ziel
Export, Löschung, Re-Authentifizierung, abhängige Bestellungen und Benachrichtigungen fachlich klären und implementieren.

Vorgehen
1. Bestehende Schnittstellen, Daten und Randbedingungen für „Bestellhistorie einsehen“ prüfen.
2. Die fachliche Regel an der zuständigen Schicht implementieren und gegen ungültige Eingaben absichern.
3. UI, API, Persistenz oder Testdaten so integrieren, dass der Ablauf reproduzierbar bleibt.
4. Erfolgs-, Fehler-, Berechtigungs- und Wiederholungsfall dokumentieren.

Erledigt wenn
- Datenschutzaktionen sind vollständig, nachvollziehbar und gegen versehentliche Ausführung geschützt.
- Die relevanten Akzeptanzkriterien der Story sind nachweisbar erfüllt.
- Automatisierte oder reproduzierbare Tests sind vorhanden und im Review nachvollziehbar.
- Keine bestehende Funktion außerhalb des Story-Scopes wird unbeabsichtigt verändert.

Abhängigkeiten
- Parent: KAN-64
- Testdaten und Fehlerszenarien werden mit dem zugehörigen Xray-Testfall abgestimmt.",300219,KAN-64,High
Task,E5-07 Bestellhistorie einsehen – Sicherheits- und Regressionstests ergänzen,"Zugehörige Story: KAN-64 – E5-07 Bestellhistorie einsehen
Priorität der Story: High

Ziel
Berechtigungsgrenzen, Sessionablauf, Passwortreset, Kontodaten und wichtige Kaufpfade automatisiert prüfen.

Vorgehen
1. Bestehende Schnittstellen, Daten und Randbedingungen für „Bestellhistorie einsehen“ prüfen.
2. Die fachliche Regel an der zuständigen Schicht implementieren und gegen ungültige Eingaben absichern.
3. UI, API, Persistenz oder Testdaten so integrieren, dass der Ablauf reproduzierbar bleibt.
4. Erfolgs-, Fehler-, Berechtigungs- und Wiederholungsfall dokumentieren.

Erledigt wenn
- Kein Test kann auf fremde Kontodaten zugreifen; kritische Flows sind reproduzierbar abgesichert.
- Die relevanten Akzeptanzkriterien der Story sind nachweisbar erfüllt.
- Automatisierte oder reproduzierbare Tests sind vorhanden und im Review nachvollziehbar.
- Keine bestehende Funktion außerhalb des Story-Scopes wird unbeabsichtigt verändert.

Abhängigkeiten
- Parent: KAN-64
- Testdaten und Fehlerszenarien werden mit dem zugehörigen Xray-Testfall abgestimmt.",300220,KAN-64,High
Task,E5-08 Bestellstatus verfolgen – Authentifizierung und Kontosicherheit implementieren,"Zugehörige Story: KAN-65 – E5-08 Bestellstatus verfolgen
Priorität der Story: High

Ziel
Registrierung, Bestätigung, Login, Logout, Passwortreset, Sessions und Rate Limits sicher umsetzen.

Vorgehen
1. Bestehende Schnittstellen, Daten und Randbedingungen für „Bestellstatus verfolgen“ prüfen.
2. Die fachliche Regel an der zuständigen Schicht implementieren und gegen ungültige Eingaben absichern.
3. UI, API, Persistenz oder Testdaten so integrieren, dass der Ablauf reproduzierbar bleibt.
4. Erfolgs-, Fehler-, Berechtigungs- und Wiederholungsfall dokumentieren.

Erledigt wenn
- Fehlversuche, abgelaufene Tokens und unbestätigte Konten werden sicher und verständlich behandelt.
- Die relevanten Akzeptanzkriterien der Story sind nachweisbar erfüllt.
- Automatisierte oder reproduzierbare Tests sind vorhanden und im Review nachvollziehbar.
- Keine bestehende Funktion außerhalb des Story-Scopes wird unbeabsichtigt verändert.

Abhängigkeiten
- Parent: KAN-65
- Testdaten und Fehlerszenarien werden mit dem zugehörigen Xray-Testfall abgestimmt.",300221,KAN-65,High
Task,E5-08 Bestellstatus verfolgen – Konto- und Adressoberflächen bauen,"Zugehörige Story: KAN-65 – E5-08 Bestellstatus verfolgen
Priorität der Story: High

Ziel
Persönliche Daten, Lieferadressen, Bestellhistorie und Kontostatus mit Validierung und responsiver Nutzerführung umsetzen.

Vorgehen
1. Bestehende Schnittstellen, Daten und Randbedingungen für „Bestellstatus verfolgen“ prüfen.
2. Die fachliche Regel an der zuständigen Schicht implementieren und gegen ungültige Eingaben absichern.
3. UI, API, Persistenz oder Testdaten so integrieren, dass der Ablauf reproduzierbar bleibt.
4. Erfolgs-, Fehler-, Berechtigungs- und Wiederholungsfall dokumentieren.

Erledigt wenn
- Nutzer sehen und ändern ausschließlich eigene Daten; Änderungen sind nach Reload konsistent.
- Die relevanten Akzeptanzkriterien der Story sind nachweisbar erfüllt.
- Automatisierte oder reproduzierbare Tests sind vorhanden und im Review nachvollziehbar.
- Keine bestehende Funktion außerhalb des Story-Scopes wird unbeabsichtigt verändert.

Abhängigkeiten
- Parent: KAN-65
- Testdaten und Fehlerszenarien werden mit dem zugehörigen Xray-Testfall abgestimmt.",300222,KAN-65,High
Task,E5-08 Bestellstatus verfolgen – Datenschutz- und Lebenszyklusfälle behandeln,"Zugehörige Story: KAN-65 – E5-08 Bestellstatus verfolgen
Priorität der Story: High

Ziel
Export, Löschung, Re-Authentifizierung, abhängige Bestellungen und Benachrichtigungen fachlich klären und implementieren.

Vorgehen
1. Bestehende Schnittstellen, Daten und Randbedingungen für „Bestellstatus verfolgen“ prüfen.
2. Die fachliche Regel an der zuständigen Schicht implementieren und gegen ungültige Eingaben absichern.
3. UI, API, Persistenz oder Testdaten so integrieren, dass der Ablauf reproduzierbar bleibt.
4. Erfolgs-, Fehler-, Berechtigungs- und Wiederholungsfall dokumentieren.

Erledigt wenn
- Datenschutzaktionen sind vollständig, nachvollziehbar und gegen versehentliche Ausführung geschützt.
- Die relevanten Akzeptanzkriterien der Story sind nachweisbar erfüllt.
- Automatisierte oder reproduzierbare Tests sind vorhanden und im Review nachvollziehbar.
- Keine bestehende Funktion außerhalb des Story-Scopes wird unbeabsichtigt verändert.

Abhängigkeiten
- Parent: KAN-65
- Testdaten und Fehlerszenarien werden mit dem zugehörigen Xray-Testfall abgestimmt.",300223,KAN-65,High
Task,E5-08 Bestellstatus verfolgen – Sicherheits- und Regressionstests ergänzen,"Zugehörige Story: KAN-65 – E5-08 Bestellstatus verfolgen
Priorität der Story: High

Ziel
Berechtigungsgrenzen, Sessionablauf, Passwortreset, Kontodaten und wichtige Kaufpfade automatisiert prüfen.

Vorgehen
1. Bestehende Schnittstellen, Daten und Randbedingungen für „Bestellstatus verfolgen“ prüfen.
2. Die fachliche Regel an der zuständigen Schicht implementieren und gegen ungültige Eingaben absichern.
3. UI, API, Persistenz oder Testdaten so integrieren, dass der Ablauf reproduzierbar bleibt.
4. Erfolgs-, Fehler-, Berechtigungs- und Wiederholungsfall dokumentieren.

Erledigt wenn
- Kein Test kann auf fremde Kontodaten zugreifen; kritische Flows sind reproduzierbar abgesichert.
- Die relevanten Akzeptanzkriterien der Story sind nachweisbar erfüllt.
- Automatisierte oder reproduzierbare Tests sind vorhanden und im Review nachvollziehbar.
- Keine bestehende Funktion außerhalb des Story-Scopes wird unbeabsichtigt verändert.

Abhängigkeiten
- Parent: KAN-65
- Testdaten und Fehlerszenarien werden mit dem zugehörigen Xray-Testfall abgestimmt.",300224,KAN-65,High
Task,E5-09 Bestellung erneut zusammenstellen – Authentifizierung und Kontosicherheit implementieren,"Zugehörige Story: KAN-66 – E5-09 Bestellung erneut zusammenstellen
Priorität der Story: Medium

Ziel
Registrierung, Bestätigung, Login, Logout, Passwortreset, Sessions und Rate Limits sicher umsetzen.

Vorgehen
1. Bestehende Schnittstellen, Daten und Randbedingungen für „Bestellung erneut zusammenstellen“ prüfen.
2. Die fachliche Regel an der zuständigen Schicht implementieren und gegen ungültige Eingaben absichern.
3. UI, API, Persistenz oder Testdaten so integrieren, dass der Ablauf reproduzierbar bleibt.
4. Erfolgs-, Fehler-, Berechtigungs- und Wiederholungsfall dokumentieren.

Erledigt wenn
- Fehlversuche, abgelaufene Tokens und unbestätigte Konten werden sicher und verständlich behandelt.
- Die relevanten Akzeptanzkriterien der Story sind nachweisbar erfüllt.
- Automatisierte oder reproduzierbare Tests sind vorhanden und im Review nachvollziehbar.
- Keine bestehende Funktion außerhalb des Story-Scopes wird unbeabsichtigt verändert.

Abhängigkeiten
- Parent: KAN-66
- Testdaten und Fehlerszenarien werden mit dem zugehörigen Xray-Testfall abgestimmt.",300225,KAN-66,Medium
Task,E5-09 Bestellung erneut zusammenstellen – Konto- und Adressoberflächen bauen,"Zugehörige Story: KAN-66 – E5-09 Bestellung erneut zusammenstellen
Priorität der Story: Medium

Ziel
Persönliche Daten, Lieferadressen, Bestellhistorie und Kontostatus mit Validierung und responsiver Nutzerführung umsetzen.

Vorgehen
1. Bestehende Schnittstellen, Daten und Randbedingungen für „Bestellung erneut zusammenstellen“ prüfen.
2. Die fachliche Regel an der zuständigen Schicht implementieren und gegen ungültige Eingaben absichern.
3. UI, API, Persistenz oder Testdaten so integrieren, dass der Ablauf reproduzierbar bleibt.
4. Erfolgs-, Fehler-, Berechtigungs- und Wiederholungsfall dokumentieren.

Erledigt wenn
- Nutzer sehen und ändern ausschließlich eigene Daten; Änderungen sind nach Reload konsistent.
- Die relevanten Akzeptanzkriterien der Story sind nachweisbar erfüllt.
- Automatisierte oder reproduzierbare Tests sind vorhanden und im Review nachvollziehbar.
- Keine bestehende Funktion außerhalb des Story-Scopes wird unbeabsichtigt verändert.

Abhängigkeiten
- Parent: KAN-66
- Testdaten und Fehlerszenarien werden mit dem zugehörigen Xray-Testfall abgestimmt.",300226,KAN-66,Medium
Task,E5-09 Bestellung erneut zusammenstellen – Datenschutz- und Lebenszyklusfälle behandeln,"Zugehörige Story: KAN-66 – E5-09 Bestellung erneut zusammenstellen
Priorität der Story: Medium

Ziel
Export, Löschung, Re-Authentifizierung, abhängige Bestellungen und Benachrichtigungen fachlich klären und implementieren.

Vorgehen
1. Bestehende Schnittstellen, Daten und Randbedingungen für „Bestellung erneut zusammenstellen“ prüfen.
2. Die fachliche Regel an der zuständigen Schicht implementieren und gegen ungültige Eingaben absichern.
3. UI, API, Persistenz oder Testdaten so integrieren, dass der Ablauf reproduzierbar bleibt.
4. Erfolgs-, Fehler-, Berechtigungs- und Wiederholungsfall dokumentieren.

Erledigt wenn
- Datenschutzaktionen sind vollständig, nachvollziehbar und gegen versehentliche Ausführung geschützt.
- Die relevanten Akzeptanzkriterien der Story sind nachweisbar erfüllt.
- Automatisierte oder reproduzierbare Tests sind vorhanden und im Review nachvollziehbar.
- Keine bestehende Funktion außerhalb des Story-Scopes wird unbeabsichtigt verändert.

Abhängigkeiten
- Parent: KAN-66
- Testdaten und Fehlerszenarien werden mit dem zugehörigen Xray-Testfall abgestimmt.",300227,KAN-66,Medium
Task,E5-09 Bestellung erneut zusammenstellen – Sicherheits- und Regressionstests ergänzen,"Zugehörige Story: KAN-66 – E5-09 Bestellung erneut zusammenstellen
Priorität der Story: Medium

Ziel
Berechtigungsgrenzen, Sessionablauf, Passwortreset, Kontodaten und wichtige Kaufpfade automatisiert prüfen.

Vorgehen
1. Bestehende Schnittstellen, Daten und Randbedingungen für „Bestellung erneut zusammenstellen“ prüfen.
2. Die fachliche Regel an der zuständigen Schicht implementieren und gegen ungültige Eingaben absichern.
3. UI, API, Persistenz oder Testdaten so integrieren, dass der Ablauf reproduzierbar bleibt.
4. Erfolgs-, Fehler-, Berechtigungs- und Wiederholungsfall dokumentieren.

Erledigt wenn
- Kein Test kann auf fremde Kontodaten zugreifen; kritische Flows sind reproduzierbar abgesichert.
- Die relevanten Akzeptanzkriterien der Story sind nachweisbar erfüllt.
- Automatisierte oder reproduzierbare Tests sind vorhanden und im Review nachvollziehbar.
- Keine bestehende Funktion außerhalb des Story-Scopes wird unbeabsichtigt verändert.

Abhängigkeiten
- Parent: KAN-66
- Testdaten und Fehlerszenarien werden mit dem zugehörigen Xray-Testfall abgestimmt.",300228,KAN-66,Medium
Task,E5-10 Konto löschen oder Daten exportieren – Authentifizierung und Kontosicherheit implementieren,"Zugehörige Story: KAN-67 – E5-10 Konto löschen oder Daten exportieren
Priorität der Story: Medium

Ziel
Registrierung, Bestätigung, Login, Logout, Passwortreset, Sessions und Rate Limits sicher umsetzen.

Vorgehen
1. Bestehende Schnittstellen, Daten und Randbedingungen für „Konto löschen oder Daten exportieren“ prüfen.
2. Die fachliche Regel an der zuständigen Schicht implementieren und gegen ungültige Eingaben absichern.
3. UI, API, Persistenz oder Testdaten so integrieren, dass der Ablauf reproduzierbar bleibt.
4. Erfolgs-, Fehler-, Berechtigungs- und Wiederholungsfall dokumentieren.

Erledigt wenn
- Fehlversuche, abgelaufene Tokens und unbestätigte Konten werden sicher und verständlich behandelt.
- Die relevanten Akzeptanzkriterien der Story sind nachweisbar erfüllt.
- Automatisierte oder reproduzierbare Tests sind vorhanden und im Review nachvollziehbar.
- Keine bestehende Funktion außerhalb des Story-Scopes wird unbeabsichtigt verändert.

Abhängigkeiten
- Parent: KAN-67
- Testdaten und Fehlerszenarien werden mit dem zugehörigen Xray-Testfall abgestimmt.",300229,KAN-67,Medium
Task,E5-10 Konto löschen oder Daten exportieren – Konto- und Adressoberflächen bauen,"Zugehörige Story: KAN-67 – E5-10 Konto löschen oder Daten exportieren
Priorität der Story: Medium

Ziel
Persönliche Daten, Lieferadressen, Bestellhistorie und Kontostatus mit Validierung und responsiver Nutzerführung umsetzen.

Vorgehen
1. Bestehende Schnittstellen, Daten und Randbedingungen für „Konto löschen oder Daten exportieren“ prüfen.
2. Die fachliche Regel an der zuständigen Schicht implementieren und gegen ungültige Eingaben absichern.
3. UI, API, Persistenz oder Testdaten so integrieren, dass der Ablauf reproduzierbar bleibt.
4. Erfolgs-, Fehler-, Berechtigungs- und Wiederholungsfall dokumentieren.

Erledigt wenn
- Nutzer sehen und ändern ausschließlich eigene Daten; Änderungen sind nach Reload konsistent.
- Die relevanten Akzeptanzkriterien der Story sind nachweisbar erfüllt.
- Automatisierte oder reproduzierbare Tests sind vorhanden und im Review nachvollziehbar.
- Keine bestehende Funktion außerhalb des Story-Scopes wird unbeabsichtigt verändert.

Abhängigkeiten
- Parent: KAN-67
- Testdaten und Fehlerszenarien werden mit dem zugehörigen Xray-Testfall abgestimmt.",300230,KAN-67,Medium
Task,E5-10 Konto löschen oder Daten exportieren – Datenschutz- und Lebenszyklusfälle behandeln,"Zugehörige Story: KAN-67 – E5-10 Konto löschen oder Daten exportieren
Priorität der Story: Medium

Ziel
Export, Löschung, Re-Authentifizierung, abhängige Bestellungen und Benachrichtigungen fachlich klären und implementieren.

Vorgehen
1. Bestehende Schnittstellen, Daten und Randbedingungen für „Konto löschen oder Daten exportieren“ prüfen.
2. Die fachliche Regel an der zuständigen Schicht implementieren und gegen ungültige Eingaben absichern.
3. UI, API, Persistenz oder Testdaten so integrieren, dass der Ablauf reproduzierbar bleibt.
4. Erfolgs-, Fehler-, Berechtigungs- und Wiederholungsfall dokumentieren.

Erledigt wenn
- Datenschutzaktionen sind vollständig, nachvollziehbar und gegen versehentliche Ausführung geschützt.
- Die relevanten Akzeptanzkriterien der Story sind nachweisbar erfüllt.
- Automatisierte oder reproduzierbare Tests sind vorhanden und im Review nachvollziehbar.
- Keine bestehende Funktion außerhalb des Story-Scopes wird unbeabsichtigt verändert.

Abhängigkeiten
- Parent: KAN-67
- Testdaten und Fehlerszenarien werden mit dem zugehörigen Xray-Testfall abgestimmt.",300231,KAN-67,Medium
Task,E5-10 Konto löschen oder Daten exportieren – Sicherheits- und Regressionstests ergänzen,"Zugehörige Story: KAN-67 – E5-10 Konto löschen oder Daten exportieren
Priorität der Story: Medium

Ziel
Berechtigungsgrenzen, Sessionablauf, Passwortreset, Kontodaten und wichtige Kaufpfade automatisiert prüfen.

Vorgehen
1. Bestehende Schnittstellen, Daten und Randbedingungen für „Konto löschen oder Daten exportieren“ prüfen.
2. Die fachliche Regel an der zuständigen Schicht implementieren und gegen ungültige Eingaben absichern.
3. UI, API, Persistenz oder Testdaten so integrieren, dass der Ablauf reproduzierbar bleibt.
4. Erfolgs-, Fehler-, Berechtigungs- und Wiederholungsfall dokumentieren.

Erledigt wenn
- Kein Test kann auf fremde Kontodaten zugreifen; kritische Flows sind reproduzierbar abgesichert.
- Die relevanten Akzeptanzkriterien der Story sind nachweisbar erfüllt.
- Automatisierte oder reproduzierbare Tests sind vorhanden und im Review nachvollziehbar.
- Keine bestehende Funktion außerhalb des Story-Scopes wird unbeabsichtigt verändert.

Abhängigkeiten
- Parent: KAN-67
- Testdaten und Fehlerszenarien werden mit dem zugehörigen Xray-Testfall abgestimmt.",300232,KAN-67,Medium
Task,E6-01 Einzelne Karte anbieten – Verkäuferdomäne und Angebotsstatus modellieren,"Zugehörige Story: KAN-68 – E6-01 Einzelne Karte anbieten
Priorität der Story: Lowest

Ziel
Angebot, Verkäufer, Artikel, Zustandsdaten, Preise, Statusübergänge und Auszahlungsinformationen fachlich definieren.

Vorgehen
1. Bestehende Schnittstellen, Daten und Randbedingungen für „Einzelne Karte anbieten“ prüfen.
2. Die fachliche Regel an der zuständigen Schicht implementieren und gegen ungültige Eingaben absichern.
3. UI, API, Persistenz oder Testdaten so integrieren, dass der Ablauf reproduzierbar bleibt.
4. Erfolgs-, Fehler-, Berechtigungs- und Wiederholungsfall dokumentieren.

Erledigt wenn
- Statuswechsel sind eindeutig, berechtigt und gegen widersprüchliche Übergänge geschützt.
- Die relevanten Akzeptanzkriterien der Story sind nachweisbar erfüllt.
- Automatisierte oder reproduzierbare Tests sind vorhanden und im Review nachvollziehbar.
- Keine bestehende Funktion außerhalb des Story-Scopes wird unbeabsichtigt verändert.

Abhängigkeiten
- Parent: KAN-68
- Testdaten und Fehlerszenarien werden mit dem zugehörigen Xray-Testfall abgestimmt.",300233,KAN-68,Lowest
Task,E6-01 Einzelne Karte anbieten – Einreichungs- und Upload-Workflow bauen,"Zugehörige Story: KAN-68 – E6-01 Einzelne Karte anbieten
Priorität der Story: Lowest

Ziel
Formular, Medien-Upload, Validierung, Entwurfsspeicherung und Fehlerwiederaufnahme für Verkäufer umsetzen.

Vorgehen
1. Bestehende Schnittstellen, Daten und Randbedingungen für „Einzelne Karte anbieten“ prüfen.
2. Die fachliche Regel an der zuständigen Schicht implementieren und gegen ungültige Eingaben absichern.
3. UI, API, Persistenz oder Testdaten so integrieren, dass der Ablauf reproduzierbar bleibt.
4. Erfolgs-, Fehler-, Berechtigungs- und Wiederholungsfall dokumentieren.

Erledigt wenn
- Verkäufer verlieren bei Validierungs- oder Uploadfehlern keine gültigen Daten.
- Die relevanten Akzeptanzkriterien der Story sind nachweisbar erfüllt.
- Automatisierte oder reproduzierbare Tests sind vorhanden und im Review nachvollziehbar.
- Keine bestehende Funktion außerhalb des Story-Scopes wird unbeabsichtigt verändert.

Abhängigkeiten
- Parent: KAN-68
- Testdaten und Fehlerszenarien werden mit dem zugehörigen Xray-Testfall abgestimmt.",300234,KAN-68,Lowest
Task,"E6-01 Einzelne Karte anbieten – Prüfung, Verhandlung und Übergabe implementieren","Zugehörige Story: KAN-68 – E6-01 Einzelne Karte anbieten
Priorität der Story: Lowest

Ziel
Adminprüfung, Preisangebot, Annahme/Ablehnung, Übergabe und Auszahlung mit Benachrichtigungen verbinden.

Vorgehen
1. Bestehende Schnittstellen, Daten und Randbedingungen für „Einzelne Karte anbieten“ prüfen.
2. Die fachliche Regel an der zuständigen Schicht implementieren und gegen ungültige Eingaben absichern.
3. UI, API, Persistenz oder Testdaten so integrieren, dass der Ablauf reproduzierbar bleibt.
4. Erfolgs-, Fehler-, Berechtigungs- und Wiederholungsfall dokumentieren.

Erledigt wenn
- Alle Beteiligten sehen den gleichen Status und die nächsten Verantwortlichkeiten.
- Die relevanten Akzeptanzkriterien der Story sind nachweisbar erfüllt.
- Automatisierte oder reproduzierbare Tests sind vorhanden und im Review nachvollziehbar.
- Keine bestehende Funktion außerhalb des Story-Scopes wird unbeabsichtigt verändert.

Abhängigkeiten
- Parent: KAN-68
- Testdaten und Fehlerszenarien werden mit dem zugehörigen Xray-Testfall abgestimmt.",300235,KAN-68,Lowest
Task,"E6-01 Einzelne Karte anbieten – Berechtigungs-, Abrechnungs- und Workflowtests ergänzen","Zugehörige Story: KAN-68 – E6-01 Einzelne Karte anbieten
Priorität der Story: Lowest

Ziel
Fremdzugriff, Mehrfachaktionen, Mediengrenzen, Statusrennen und Auszahlungsvoraussetzungen testen.

Vorgehen
1. Bestehende Schnittstellen, Daten und Randbedingungen für „Einzelne Karte anbieten“ prüfen.
2. Die fachliche Regel an der zuständigen Schicht implementieren und gegen ungültige Eingaben absichern.
3. UI, API, Persistenz oder Testdaten so integrieren, dass der Ablauf reproduzierbar bleibt.
4. Erfolgs-, Fehler-, Berechtigungs- und Wiederholungsfall dokumentieren.

Erledigt wenn
- Sensible Daten sind geschützt und jeder kritische Übergang ist reproduzierbar geprüft.
- Die relevanten Akzeptanzkriterien der Story sind nachweisbar erfüllt.
- Automatisierte oder reproduzierbare Tests sind vorhanden und im Review nachvollziehbar.
- Keine bestehende Funktion außerhalb des Story-Scopes wird unbeabsichtigt verändert.

Abhängigkeiten
- Parent: KAN-68
- Testdaten und Fehlerszenarien werden mit dem zugehörigen Xray-Testfall abgestimmt.",300236,KAN-68,Lowest
Task,E6-02 Sammlung anbieten – Verkäuferdomäne und Angebotsstatus modellieren,"Zugehörige Story: KAN-69 – E6-02 Sammlung anbieten
Priorität der Story: Lowest

Ziel
Angebot, Verkäufer, Artikel, Zustandsdaten, Preise, Statusübergänge und Auszahlungsinformationen fachlich definieren.

Vorgehen
1. Bestehende Schnittstellen, Daten und Randbedingungen für „Sammlung anbieten“ prüfen.
2. Die fachliche Regel an der zuständigen Schicht implementieren und gegen ungültige Eingaben absichern.
3. UI, API, Persistenz oder Testdaten so integrieren, dass der Ablauf reproduzierbar bleibt.
4. Erfolgs-, Fehler-, Berechtigungs- und Wiederholungsfall dokumentieren.

Erledigt wenn
- Statuswechsel sind eindeutig, berechtigt und gegen widersprüchliche Übergänge geschützt.
- Die relevanten Akzeptanzkriterien der Story sind nachweisbar erfüllt.
- Automatisierte oder reproduzierbare Tests sind vorhanden und im Review nachvollziehbar.
- Keine bestehende Funktion außerhalb des Story-Scopes wird unbeabsichtigt verändert.

Abhängigkeiten
- Parent: KAN-69
- Testdaten und Fehlerszenarien werden mit dem zugehörigen Xray-Testfall abgestimmt.",300237,KAN-69,Lowest
Task,E6-02 Sammlung anbieten – Einreichungs- und Upload-Workflow bauen,"Zugehörige Story: KAN-69 – E6-02 Sammlung anbieten
Priorität der Story: Lowest

Ziel
Formular, Medien-Upload, Validierung, Entwurfsspeicherung und Fehlerwiederaufnahme für Verkäufer umsetzen.

Vorgehen
1. Bestehende Schnittstellen, Daten und Randbedingungen für „Sammlung anbieten“ prüfen.
2. Die fachliche Regel an der zuständigen Schicht implementieren und gegen ungültige Eingaben absichern.
3. UI, API, Persistenz oder Testdaten so integrieren, dass der Ablauf reproduzierbar bleibt.
4. Erfolgs-, Fehler-, Berechtigungs- und Wiederholungsfall dokumentieren.

Erledigt wenn
- Verkäufer verlieren bei Validierungs- oder Uploadfehlern keine gültigen Daten.
- Die relevanten Akzeptanzkriterien der Story sind nachweisbar erfüllt.
- Automatisierte oder reproduzierbare Tests sind vorhanden und im Review nachvollziehbar.
- Keine bestehende Funktion außerhalb des Story-Scopes wird unbeabsichtigt verändert.

Abhängigkeiten
- Parent: KAN-69
- Testdaten und Fehlerszenarien werden mit dem zugehörigen Xray-Testfall abgestimmt.",300238,KAN-69,Lowest
Task,"E6-02 Sammlung anbieten – Prüfung, Verhandlung und Übergabe implementieren","Zugehörige Story: KAN-69 – E6-02 Sammlung anbieten
Priorität der Story: Lowest

Ziel
Adminprüfung, Preisangebot, Annahme/Ablehnung, Übergabe und Auszahlung mit Benachrichtigungen verbinden.

Vorgehen
1. Bestehende Schnittstellen, Daten und Randbedingungen für „Sammlung anbieten“ prüfen.
2. Die fachliche Regel an der zuständigen Schicht implementieren und gegen ungültige Eingaben absichern.
3. UI, API, Persistenz oder Testdaten so integrieren, dass der Ablauf reproduzierbar bleibt.
4. Erfolgs-, Fehler-, Berechtigungs- und Wiederholungsfall dokumentieren.

Erledigt wenn
- Alle Beteiligten sehen den gleichen Status und die nächsten Verantwortlichkeiten.
- Die relevanten Akzeptanzkriterien der Story sind nachweisbar erfüllt.
- Automatisierte oder reproduzierbare Tests sind vorhanden und im Review nachvollziehbar.
- Keine bestehende Funktion außerhalb des Story-Scopes wird unbeabsichtigt verändert.

Abhängigkeiten
- Parent: KAN-69
- Testdaten und Fehlerszenarien werden mit dem zugehörigen Xray-Testfall abgestimmt.",300239,KAN-69,Lowest
Task,"E6-02 Sammlung anbieten – Berechtigungs-, Abrechnungs- und Workflowtests ergänzen","Zugehörige Story: KAN-69 – E6-02 Sammlung anbieten
Priorität der Story: Lowest

Ziel
Fremdzugriff, Mehrfachaktionen, Mediengrenzen, Statusrennen und Auszahlungsvoraussetzungen testen.

Vorgehen
1. Bestehende Schnittstellen, Daten und Randbedingungen für „Sammlung anbieten“ prüfen.
2. Die fachliche Regel an der zuständigen Schicht implementieren und gegen ungültige Eingaben absichern.
3. UI, API, Persistenz oder Testdaten so integrieren, dass der Ablauf reproduzierbar bleibt.
4. Erfolgs-, Fehler-, Berechtigungs- und Wiederholungsfall dokumentieren.

Erledigt wenn
- Sensible Daten sind geschützt und jeder kritische Übergang ist reproduzierbar geprüft.
- Die relevanten Akzeptanzkriterien der Story sind nachweisbar erfüllt.
- Automatisierte oder reproduzierbare Tests sind vorhanden und im Review nachvollziehbar.
- Keine bestehende Funktion außerhalb des Story-Scopes wird unbeabsichtigt verändert.

Abhängigkeiten
- Parent: KAN-69
- Testdaten und Fehlerszenarien werden mit dem zugehörigen Xray-Testfall abgestimmt.",300240,KAN-69,Lowest
Task,E6-03 Verkaufsbilder hochladen – Verkäuferdomäne und Angebotsstatus modellieren,"Zugehörige Story: KAN-70 – E6-03 Verkaufsbilder hochladen
Priorität der Story: Lowest

Ziel
Angebot, Verkäufer, Artikel, Zustandsdaten, Preise, Statusübergänge und Auszahlungsinformationen fachlich definieren.

Vorgehen
1. Bestehende Schnittstellen, Daten und Randbedingungen für „Verkaufsbilder hochladen“ prüfen.
2. Die fachliche Regel an der zuständigen Schicht implementieren und gegen ungültige Eingaben absichern.
3. UI, API, Persistenz oder Testdaten so integrieren, dass der Ablauf reproduzierbar bleibt.
4. Erfolgs-, Fehler-, Berechtigungs- und Wiederholungsfall dokumentieren.

Erledigt wenn
- Statuswechsel sind eindeutig, berechtigt und gegen widersprüchliche Übergänge geschützt.
- Die relevanten Akzeptanzkriterien der Story sind nachweisbar erfüllt.
- Automatisierte oder reproduzierbare Tests sind vorhanden und im Review nachvollziehbar.
- Keine bestehende Funktion außerhalb des Story-Scopes wird unbeabsichtigt verändert.

Abhängigkeiten
- Parent: KAN-70
- Testdaten und Fehlerszenarien werden mit dem zugehörigen Xray-Testfall abgestimmt.",300241,KAN-70,Lowest
Task,E6-03 Verkaufsbilder hochladen – Einreichungs- und Upload-Workflow bauen,"Zugehörige Story: KAN-70 – E6-03 Verkaufsbilder hochladen
Priorität der Story: Lowest

Ziel
Formular, Medien-Upload, Validierung, Entwurfsspeicherung und Fehlerwiederaufnahme für Verkäufer umsetzen.

Vorgehen
1. Bestehende Schnittstellen, Daten und Randbedingungen für „Verkaufsbilder hochladen“ prüfen.
2. Die fachliche Regel an der zuständigen Schicht implementieren und gegen ungültige Eingaben absichern.
3. UI, API, Persistenz oder Testdaten so integrieren, dass der Ablauf reproduzierbar bleibt.
4. Erfolgs-, Fehler-, Berechtigungs- und Wiederholungsfall dokumentieren.

Erledigt wenn
- Verkäufer verlieren bei Validierungs- oder Uploadfehlern keine gültigen Daten.
- Die relevanten Akzeptanzkriterien der Story sind nachweisbar erfüllt.
- Automatisierte oder reproduzierbare Tests sind vorhanden und im Review nachvollziehbar.
- Keine bestehende Funktion außerhalb des Story-Scopes wird unbeabsichtigt verändert.

Abhängigkeiten
- Parent: KAN-70
- Testdaten und Fehlerszenarien werden mit dem zugehörigen Xray-Testfall abgestimmt.",300242,KAN-70,Lowest
Task,"E6-03 Verkaufsbilder hochladen – Prüfung, Verhandlung und Übergabe implementieren","Zugehörige Story: KAN-70 – E6-03 Verkaufsbilder hochladen
Priorität der Story: Lowest

Ziel
Adminprüfung, Preisangebot, Annahme/Ablehnung, Übergabe und Auszahlung mit Benachrichtigungen verbinden.

Vorgehen
1. Bestehende Schnittstellen, Daten und Randbedingungen für „Verkaufsbilder hochladen“ prüfen.
2. Die fachliche Regel an der zuständigen Schicht implementieren und gegen ungültige Eingaben absichern.
3. UI, API, Persistenz oder Testdaten so integrieren, dass der Ablauf reproduzierbar bleibt.
4. Erfolgs-, Fehler-, Berechtigungs- und Wiederholungsfall dokumentieren.

Erledigt wenn
- Alle Beteiligten sehen den gleichen Status und die nächsten Verantwortlichkeiten.
- Die relevanten Akzeptanzkriterien der Story sind nachweisbar erfüllt.
- Automatisierte oder reproduzierbare Tests sind vorhanden und im Review nachvollziehbar.
- Keine bestehende Funktion außerhalb des Story-Scopes wird unbeabsichtigt verändert.

Abhängigkeiten
- Parent: KAN-70
- Testdaten und Fehlerszenarien werden mit dem zugehörigen Xray-Testfall abgestimmt.",300243,KAN-70,Lowest
Task,"E6-03 Verkaufsbilder hochladen – Berechtigungs-, Abrechnungs- und Workflowtests ergänzen","Zugehörige Story: KAN-70 – E6-03 Verkaufsbilder hochladen
Priorität der Story: Lowest

Ziel
Fremdzugriff, Mehrfachaktionen, Mediengrenzen, Statusrennen und Auszahlungsvoraussetzungen testen.

Vorgehen
1. Bestehende Schnittstellen, Daten und Randbedingungen für „Verkaufsbilder hochladen“ prüfen.
2. Die fachliche Regel an der zuständigen Schicht implementieren und gegen ungültige Eingaben absichern.
3. UI, API, Persistenz oder Testdaten so integrieren, dass der Ablauf reproduzierbar bleibt.
4. Erfolgs-, Fehler-, Berechtigungs- und Wiederholungsfall dokumentieren.

Erledigt wenn
- Sensible Daten sind geschützt und jeder kritische Übergang ist reproduzierbar geprüft.
- Die relevanten Akzeptanzkriterien der Story sind nachweisbar erfüllt.
- Automatisierte oder reproduzierbare Tests sind vorhanden und im Review nachvollziehbar.
- Keine bestehende Funktion außerhalb des Story-Scopes wird unbeabsichtigt verändert.

Abhängigkeiten
- Parent: KAN-70
- Testdaten und Fehlerszenarien werden mit dem zugehörigen Xray-Testfall abgestimmt.",300244,KAN-70,Lowest
Task,E6-04 Verkaufsdaten erfassen – Verkäuferdomäne und Angebotsstatus modellieren,"Zugehörige Story: KAN-71 – E6-04 Verkaufsdaten erfassen
Priorität der Story: Lowest

Ziel
Angebot, Verkäufer, Artikel, Zustandsdaten, Preise, Statusübergänge und Auszahlungsinformationen fachlich definieren.

Vorgehen
1. Bestehende Schnittstellen, Daten und Randbedingungen für „Verkaufsdaten erfassen“ prüfen.
2. Die fachliche Regel an der zuständigen Schicht implementieren und gegen ungültige Eingaben absichern.
3. UI, API, Persistenz oder Testdaten so integrieren, dass der Ablauf reproduzierbar bleibt.
4. Erfolgs-, Fehler-, Berechtigungs- und Wiederholungsfall dokumentieren.

Erledigt wenn
- Statuswechsel sind eindeutig, berechtigt und gegen widersprüchliche Übergänge geschützt.
- Die relevanten Akzeptanzkriterien der Story sind nachweisbar erfüllt.
- Automatisierte oder reproduzierbare Tests sind vorhanden und im Review nachvollziehbar.
- Keine bestehende Funktion außerhalb des Story-Scopes wird unbeabsichtigt verändert.

Abhängigkeiten
- Parent: KAN-71
- Testdaten und Fehlerszenarien werden mit dem zugehörigen Xray-Testfall abgestimmt.",300245,KAN-71,Lowest
Task,E6-04 Verkaufsdaten erfassen – Einreichungs- und Upload-Workflow bauen,"Zugehörige Story: KAN-71 – E6-04 Verkaufsdaten erfassen
Priorität der Story: Lowest

Ziel
Formular, Medien-Upload, Validierung, Entwurfsspeicherung und Fehlerwiederaufnahme für Verkäufer umsetzen.

Vorgehen
1. Bestehende Schnittstellen, Daten und Randbedingungen für „Verkaufsdaten erfassen“ prüfen.
2. Die fachliche Regel an der zuständigen Schicht implementieren und gegen ungültige Eingaben absichern.
3. UI, API, Persistenz oder Testdaten so integrieren, dass der Ablauf reproduzierbar bleibt.
4. Erfolgs-, Fehler-, Berechtigungs- und Wiederholungsfall dokumentieren.

Erledigt wenn
- Verkäufer verlieren bei Validierungs- oder Uploadfehlern keine gültigen Daten.
- Die relevanten Akzeptanzkriterien der Story sind nachweisbar erfüllt.
- Automatisierte oder reproduzierbare Tests sind vorhanden und im Review nachvollziehbar.
- Keine bestehende Funktion außerhalb des Story-Scopes wird unbeabsichtigt verändert.

Abhängigkeiten
- Parent: KAN-71
- Testdaten und Fehlerszenarien werden mit dem zugehörigen Xray-Testfall abgestimmt.",300246,KAN-71,Lowest
Task,"E6-04 Verkaufsdaten erfassen – Prüfung, Verhandlung und Übergabe implementieren","Zugehörige Story: KAN-71 – E6-04 Verkaufsdaten erfassen
Priorität der Story: Lowest

Ziel
Adminprüfung, Preisangebot, Annahme/Ablehnung, Übergabe und Auszahlung mit Benachrichtigungen verbinden.

Vorgehen
1. Bestehende Schnittstellen, Daten und Randbedingungen für „Verkaufsdaten erfassen“ prüfen.
2. Die fachliche Regel an der zuständigen Schicht implementieren und gegen ungültige Eingaben absichern.
3. UI, API, Persistenz oder Testdaten so integrieren, dass der Ablauf reproduzierbar bleibt.
4. Erfolgs-, Fehler-, Berechtigungs- und Wiederholungsfall dokumentieren.

Erledigt wenn
- Alle Beteiligten sehen den gleichen Status und die nächsten Verantwortlichkeiten.
- Die relevanten Akzeptanzkriterien der Story sind nachweisbar erfüllt.
- Automatisierte oder reproduzierbare Tests sind vorhanden und im Review nachvollziehbar.
- Keine bestehende Funktion außerhalb des Story-Scopes wird unbeabsichtigt verändert.

Abhängigkeiten
- Parent: KAN-71
- Testdaten und Fehlerszenarien werden mit dem zugehörigen Xray-Testfall abgestimmt.",300247,KAN-71,Lowest
Task,"E6-04 Verkaufsdaten erfassen – Berechtigungs-, Abrechnungs- und Workflowtests ergänzen","Zugehörige Story: KAN-71 – E6-04 Verkaufsdaten erfassen
Priorität der Story: Lowest

Ziel
Fremdzugriff, Mehrfachaktionen, Mediengrenzen, Statusrennen und Auszahlungsvoraussetzungen testen.

Vorgehen
1. Bestehende Schnittstellen, Daten und Randbedingungen für „Verkaufsdaten erfassen“ prüfen.
2. Die fachliche Regel an der zuständigen Schicht implementieren und gegen ungültige Eingaben absichern.
3. UI, API, Persistenz oder Testdaten so integrieren, dass der Ablauf reproduzierbar bleibt.
4. Erfolgs-, Fehler-, Berechtigungs- und Wiederholungsfall dokumentieren.

Erledigt wenn
- Sensible Daten sind geschützt und jeder kritische Übergang ist reproduzierbar geprüft.
- Die relevanten Akzeptanzkriterien der Story sind nachweisbar erfüllt.
- Automatisierte oder reproduzierbare Tests sind vorhanden und im Review nachvollziehbar.
- Keine bestehende Funktion außerhalb des Story-Scopes wird unbeabsichtigt verändert.

Abhängigkeiten
- Parent: KAN-71
- Testdaten und Fehlerszenarien werden mit dem zugehörigen Xray-Testfall abgestimmt.",300248,KAN-71,Lowest
Task,E6-05 Verkaufszustand angeben – Verkäuferdomäne und Angebotsstatus modellieren,"Zugehörige Story: KAN-72 – E6-05 Verkaufszustand angeben
Priorität der Story: Lowest

Ziel
Angebot, Verkäufer, Artikel, Zustandsdaten, Preise, Statusübergänge und Auszahlungsinformationen fachlich definieren.

Vorgehen
1. Bestehende Schnittstellen, Daten und Randbedingungen für „Verkaufszustand angeben“ prüfen.
2. Die fachliche Regel an der zuständigen Schicht implementieren und gegen ungültige Eingaben absichern.
3. UI, API, Persistenz oder Testdaten so integrieren, dass der Ablauf reproduzierbar bleibt.
4. Erfolgs-, Fehler-, Berechtigungs- und Wiederholungsfall dokumentieren.

Erledigt wenn
- Statuswechsel sind eindeutig, berechtigt und gegen widersprüchliche Übergänge geschützt.
- Die relevanten Akzeptanzkriterien der Story sind nachweisbar erfüllt.
- Automatisierte oder reproduzierbare Tests sind vorhanden und im Review nachvollziehbar.
- Keine bestehende Funktion außerhalb des Story-Scopes wird unbeabsichtigt verändert.

Abhängigkeiten
- Parent: KAN-72
- Testdaten und Fehlerszenarien werden mit dem zugehörigen Xray-Testfall abgestimmt.",300249,KAN-72,Lowest
Task,E6-05 Verkaufszustand angeben – Einreichungs- und Upload-Workflow bauen,"Zugehörige Story: KAN-72 – E6-05 Verkaufszustand angeben
Priorität der Story: Lowest

Ziel
Formular, Medien-Upload, Validierung, Entwurfsspeicherung und Fehlerwiederaufnahme für Verkäufer umsetzen.

Vorgehen
1. Bestehende Schnittstellen, Daten und Randbedingungen für „Verkaufszustand angeben“ prüfen.
2. Die fachliche Regel an der zuständigen Schicht implementieren und gegen ungültige Eingaben absichern.
3. UI, API, Persistenz oder Testdaten so integrieren, dass der Ablauf reproduzierbar bleibt.
4. Erfolgs-, Fehler-, Berechtigungs- und Wiederholungsfall dokumentieren.

Erledigt wenn
- Verkäufer verlieren bei Validierungs- oder Uploadfehlern keine gültigen Daten.
- Die relevanten Akzeptanzkriterien der Story sind nachweisbar erfüllt.
- Automatisierte oder reproduzierbare Tests sind vorhanden und im Review nachvollziehbar.
- Keine bestehende Funktion außerhalb des Story-Scopes wird unbeabsichtigt verändert.

Abhängigkeiten
- Parent: KAN-72
- Testdaten und Fehlerszenarien werden mit dem zugehörigen Xray-Testfall abgestimmt.",300250,KAN-72,Lowest
Task,"E6-05 Verkaufszustand angeben – Prüfung, Verhandlung und Übergabe implementieren","Zugehörige Story: KAN-72 – E6-05 Verkaufszustand angeben
Priorität der Story: Lowest

Ziel
Adminprüfung, Preisangebot, Annahme/Ablehnung, Übergabe und Auszahlung mit Benachrichtigungen verbinden.

Vorgehen
1. Bestehende Schnittstellen, Daten und Randbedingungen für „Verkaufszustand angeben“ prüfen.
2. Die fachliche Regel an der zuständigen Schicht implementieren und gegen ungültige Eingaben absichern.
3. UI, API, Persistenz oder Testdaten so integrieren, dass der Ablauf reproduzierbar bleibt.
4. Erfolgs-, Fehler-, Berechtigungs- und Wiederholungsfall dokumentieren.

Erledigt wenn
- Alle Beteiligten sehen den gleichen Status und die nächsten Verantwortlichkeiten.
- Die relevanten Akzeptanzkriterien der Story sind nachweisbar erfüllt.
- Automatisierte oder reproduzierbare Tests sind vorhanden und im Review nachvollziehbar.
- Keine bestehende Funktion außerhalb des Story-Scopes wird unbeabsichtigt verändert.

Abhängigkeiten
- Parent: KAN-72
- Testdaten und Fehlerszenarien werden mit dem zugehörigen Xray-Testfall abgestimmt.",300251,KAN-72,Lowest
Task,"E6-05 Verkaufszustand angeben – Berechtigungs-, Abrechnungs- und Workflowtests ergänzen","Zugehörige Story: KAN-72 – E6-05 Verkaufszustand angeben
Priorität der Story: Lowest

Ziel
Fremdzugriff, Mehrfachaktionen, Mediengrenzen, Statusrennen und Auszahlungsvoraussetzungen testen.

Vorgehen
1. Bestehende Schnittstellen, Daten und Randbedingungen für „Verkaufszustand angeben“ prüfen.
2. Die fachliche Regel an der zuständigen Schicht implementieren und gegen ungültige Eingaben absichern.
3. UI, API, Persistenz oder Testdaten so integrieren, dass der Ablauf reproduzierbar bleibt.
4. Erfolgs-, Fehler-, Berechtigungs- und Wiederholungsfall dokumentieren.

Erledigt wenn
- Sensible Daten sind geschützt und jeder kritische Übergang ist reproduzierbar geprüft.
- Die relevanten Akzeptanzkriterien der Story sind nachweisbar erfüllt.
- Automatisierte oder reproduzierbare Tests sind vorhanden und im Review nachvollziehbar.
- Keine bestehende Funktion außerhalb des Story-Scopes wird unbeabsichtigt verändert.

Abhängigkeiten
- Parent: KAN-72
- Testdaten und Fehlerszenarien werden mit dem zugehörigen Xray-Testfall abgestimmt.",300252,KAN-72,Lowest
Task,E6-06 Preiswunsch angeben – Verkäuferdomäne und Angebotsstatus modellieren,"Zugehörige Story: KAN-73 – E6-06 Preiswunsch angeben
Priorität der Story: Lowest

Ziel
Angebot, Verkäufer, Artikel, Zustandsdaten, Preise, Statusübergänge und Auszahlungsinformationen fachlich definieren.

Vorgehen
1. Bestehende Schnittstellen, Daten und Randbedingungen für „Preiswunsch angeben“ prüfen.
2. Die fachliche Regel an der zuständigen Schicht implementieren und gegen ungültige Eingaben absichern.
3. UI, API, Persistenz oder Testdaten so integrieren, dass der Ablauf reproduzierbar bleibt.
4. Erfolgs-, Fehler-, Berechtigungs- und Wiederholungsfall dokumentieren.

Erledigt wenn
- Statuswechsel sind eindeutig, berechtigt und gegen widersprüchliche Übergänge geschützt.
- Die relevanten Akzeptanzkriterien der Story sind nachweisbar erfüllt.
- Automatisierte oder reproduzierbare Tests sind vorhanden und im Review nachvollziehbar.
- Keine bestehende Funktion außerhalb des Story-Scopes wird unbeabsichtigt verändert.

Abhängigkeiten
- Parent: KAN-73
- Testdaten und Fehlerszenarien werden mit dem zugehörigen Xray-Testfall abgestimmt.",300253,KAN-73,Lowest
Task,E6-06 Preiswunsch angeben – Einreichungs- und Upload-Workflow bauen,"Zugehörige Story: KAN-73 – E6-06 Preiswunsch angeben
Priorität der Story: Lowest

Ziel
Formular, Medien-Upload, Validierung, Entwurfsspeicherung und Fehlerwiederaufnahme für Verkäufer umsetzen.

Vorgehen
1. Bestehende Schnittstellen, Daten und Randbedingungen für „Preiswunsch angeben“ prüfen.
2. Die fachliche Regel an der zuständigen Schicht implementieren und gegen ungültige Eingaben absichern.
3. UI, API, Persistenz oder Testdaten so integrieren, dass der Ablauf reproduzierbar bleibt.
4. Erfolgs-, Fehler-, Berechtigungs- und Wiederholungsfall dokumentieren.

Erledigt wenn
- Verkäufer verlieren bei Validierungs- oder Uploadfehlern keine gültigen Daten.
- Die relevanten Akzeptanzkriterien der Story sind nachweisbar erfüllt.
- Automatisierte oder reproduzierbare Tests sind vorhanden und im Review nachvollziehbar.
- Keine bestehende Funktion außerhalb des Story-Scopes wird unbeabsichtigt verändert.

Abhängigkeiten
- Parent: KAN-73
- Testdaten und Fehlerszenarien werden mit dem zugehörigen Xray-Testfall abgestimmt.",300254,KAN-73,Lowest
Task,"E6-06 Preiswunsch angeben – Prüfung, Verhandlung und Übergabe implementieren","Zugehörige Story: KAN-73 – E6-06 Preiswunsch angeben
Priorität der Story: Lowest

Ziel
Adminprüfung, Preisangebot, Annahme/Ablehnung, Übergabe und Auszahlung mit Benachrichtigungen verbinden.

Vorgehen
1. Bestehende Schnittstellen, Daten und Randbedingungen für „Preiswunsch angeben“ prüfen.
2. Die fachliche Regel an der zuständigen Schicht implementieren und gegen ungültige Eingaben absichern.
3. UI, API, Persistenz oder Testdaten so integrieren, dass der Ablauf reproduzierbar bleibt.
4. Erfolgs-, Fehler-, Berechtigungs- und Wiederholungsfall dokumentieren.

Erledigt wenn
- Alle Beteiligten sehen den gleichen Status und die nächsten Verantwortlichkeiten.
- Die relevanten Akzeptanzkriterien der Story sind nachweisbar erfüllt.
- Automatisierte oder reproduzierbare Tests sind vorhanden und im Review nachvollziehbar.
- Keine bestehende Funktion außerhalb des Story-Scopes wird unbeabsichtigt verändert.

Abhängigkeiten
- Parent: KAN-73
- Testdaten und Fehlerszenarien werden mit dem zugehörigen Xray-Testfall abgestimmt.",300255,KAN-73,Lowest
Task,"E6-06 Preiswunsch angeben – Berechtigungs-, Abrechnungs- und Workflowtests ergänzen","Zugehörige Story: KAN-73 – E6-06 Preiswunsch angeben
Priorität der Story: Lowest

Ziel
Fremdzugriff, Mehrfachaktionen, Mediengrenzen, Statusrennen und Auszahlungsvoraussetzungen testen.

Vorgehen
1. Bestehende Schnittstellen, Daten und Randbedingungen für „Preiswunsch angeben“ prüfen.
2. Die fachliche Regel an der zuständigen Schicht implementieren und gegen ungültige Eingaben absichern.
3. UI, API, Persistenz oder Testdaten so integrieren, dass der Ablauf reproduzierbar bleibt.
4. Erfolgs-, Fehler-, Berechtigungs- und Wiederholungsfall dokumentieren.

Erledigt wenn
- Sensible Daten sind geschützt und jeder kritische Übergang ist reproduzierbar geprüft.
- Die relevanten Akzeptanzkriterien der Story sind nachweisbar erfüllt.
- Automatisierte oder reproduzierbare Tests sind vorhanden und im Review nachvollziehbar.
- Keine bestehende Funktion außerhalb des Story-Scopes wird unbeabsichtigt verändert.

Abhängigkeiten
- Parent: KAN-73
- Testdaten und Fehlerszenarien werden mit dem zugehörigen Xray-Testfall abgestimmt.",300256,KAN-73,Lowest
Task,E6-07 Verkaufsangebot speichern – Verkäuferdomäne und Angebotsstatus modellieren,"Zugehörige Story: KAN-74 – E6-07 Verkaufsangebot speichern
Priorität der Story: Lowest

Ziel
Angebot, Verkäufer, Artikel, Zustandsdaten, Preise, Statusübergänge und Auszahlungsinformationen fachlich definieren.

Vorgehen
1. Bestehende Schnittstellen, Daten und Randbedingungen für „Verkaufsangebot speichern“ prüfen.
2. Die fachliche Regel an der zuständigen Schicht implementieren und gegen ungültige Eingaben absichern.
3. UI, API, Persistenz oder Testdaten so integrieren, dass der Ablauf reproduzierbar bleibt.
4. Erfolgs-, Fehler-, Berechtigungs- und Wiederholungsfall dokumentieren.

Erledigt wenn
- Statuswechsel sind eindeutig, berechtigt und gegen widersprüchliche Übergänge geschützt.
- Die relevanten Akzeptanzkriterien der Story sind nachweisbar erfüllt.
- Automatisierte oder reproduzierbare Tests sind vorhanden und im Review nachvollziehbar.
- Keine bestehende Funktion außerhalb des Story-Scopes wird unbeabsichtigt verändert.

Abhängigkeiten
- Parent: KAN-74
- Testdaten und Fehlerszenarien werden mit dem zugehörigen Xray-Testfall abgestimmt.",300257,KAN-74,Lowest
Task,E6-07 Verkaufsangebot speichern – Einreichungs- und Upload-Workflow bauen,"Zugehörige Story: KAN-74 – E6-07 Verkaufsangebot speichern
Priorität der Story: Lowest

Ziel
Formular, Medien-Upload, Validierung, Entwurfsspeicherung und Fehlerwiederaufnahme für Verkäufer umsetzen.

Vorgehen
1. Bestehende Schnittstellen, Daten und Randbedingungen für „Verkaufsangebot speichern“ prüfen.
2. Die fachliche Regel an der zuständigen Schicht implementieren und gegen ungültige Eingaben absichern.
3. UI, API, Persistenz oder Testdaten so integrieren, dass der Ablauf reproduzierbar bleibt.
4. Erfolgs-, Fehler-, Berechtigungs- und Wiederholungsfall dokumentieren.

Erledigt wenn
- Verkäufer verlieren bei Validierungs- oder Uploadfehlern keine gültigen Daten.
- Die relevanten Akzeptanzkriterien der Story sind nachweisbar erfüllt.
- Automatisierte oder reproduzierbare Tests sind vorhanden und im Review nachvollziehbar.
- Keine bestehende Funktion außerhalb des Story-Scopes wird unbeabsichtigt verändert.

Abhängigkeiten
- Parent: KAN-74
- Testdaten und Fehlerszenarien werden mit dem zugehörigen Xray-Testfall abgestimmt.",300258,KAN-74,Lowest
Task,"E6-07 Verkaufsangebot speichern – Prüfung, Verhandlung und Übergabe implementieren","Zugehörige Story: KAN-74 – E6-07 Verkaufsangebot speichern
Priorität der Story: Lowest

Ziel
Adminprüfung, Preisangebot, Annahme/Ablehnung, Übergabe und Auszahlung mit Benachrichtigungen verbinden.

Vorgehen
1. Bestehende Schnittstellen, Daten und Randbedingungen für „Verkaufsangebot speichern“ prüfen.
2. Die fachliche Regel an der zuständigen Schicht implementieren und gegen ungültige Eingaben absichern.
3. UI, API, Persistenz oder Testdaten so integrieren, dass der Ablauf reproduzierbar bleibt.
4. Erfolgs-, Fehler-, Berechtigungs- und Wiederholungsfall dokumentieren.

Erledigt wenn
- Alle Beteiligten sehen den gleichen Status und die nächsten Verantwortlichkeiten.
- Die relevanten Akzeptanzkriterien der Story sind nachweisbar erfüllt.
- Automatisierte oder reproduzierbare Tests sind vorhanden und im Review nachvollziehbar.
- Keine bestehende Funktion außerhalb des Story-Scopes wird unbeabsichtigt verändert.

Abhängigkeiten
- Parent: KAN-74
- Testdaten und Fehlerszenarien werden mit dem zugehörigen Xray-Testfall abgestimmt.",300259,KAN-74,Lowest
Task,"E6-07 Verkaufsangebot speichern – Berechtigungs-, Abrechnungs- und Workflowtests ergänzen","Zugehörige Story: KAN-74 – E6-07 Verkaufsangebot speichern
Priorität der Story: Lowest

Ziel
Fremdzugriff, Mehrfachaktionen, Mediengrenzen, Statusrennen und Auszahlungsvoraussetzungen testen.

Vorgehen
1. Bestehende Schnittstellen, Daten und Randbedingungen für „Verkaufsangebot speichern“ prüfen.
2. Die fachliche Regel an der zuständigen Schicht implementieren und gegen ungültige Eingaben absichern.
3. UI, API, Persistenz oder Testdaten so integrieren, dass der Ablauf reproduzierbar bleibt.
4. Erfolgs-, Fehler-, Berechtigungs- und Wiederholungsfall dokumentieren.

Erledigt wenn
- Sensible Daten sind geschützt und jeder kritische Übergang ist reproduzierbar geprüft.
- Die relevanten Akzeptanzkriterien der Story sind nachweisbar erfüllt.
- Automatisierte oder reproduzierbare Tests sind vorhanden und im Review nachvollziehbar.
- Keine bestehende Funktion außerhalb des Story-Scopes wird unbeabsichtigt verändert.

Abhängigkeiten
- Parent: KAN-74
- Testdaten und Fehlerszenarien werden mit dem zugehörigen Xray-Testfall abgestimmt.",300260,KAN-74,Lowest
Task,E6-08 Angebotsstatus verfolgen – Verkäuferdomäne und Angebotsstatus modellieren,"Zugehörige Story: KAN-75 – E6-08 Angebotsstatus verfolgen
Priorität der Story: Lowest

Ziel
Angebot, Verkäufer, Artikel, Zustandsdaten, Preise, Statusübergänge und Auszahlungsinformationen fachlich definieren.

Vorgehen
1. Bestehende Schnittstellen, Daten und Randbedingungen für „Angebotsstatus verfolgen“ prüfen.
2. Die fachliche Regel an der zuständigen Schicht implementieren und gegen ungültige Eingaben absichern.
3. UI, API, Persistenz oder Testdaten so integrieren, dass der Ablauf reproduzierbar bleibt.
4. Erfolgs-, Fehler-, Berechtigungs- und Wiederholungsfall dokumentieren.

Erledigt wenn
- Statuswechsel sind eindeutig, berechtigt und gegen widersprüchliche Übergänge geschützt.
- Die relevanten Akzeptanzkriterien der Story sind nachweisbar erfüllt.
- Automatisierte oder reproduzierbare Tests sind vorhanden und im Review nachvollziehbar.
- Keine bestehende Funktion außerhalb des Story-Scopes wird unbeabsichtigt verändert.

Abhängigkeiten
- Parent: KAN-75
- Testdaten und Fehlerszenarien werden mit dem zugehörigen Xray-Testfall abgestimmt.",300261,KAN-75,Lowest
Task,E6-08 Angebotsstatus verfolgen – Einreichungs- und Upload-Workflow bauen,"Zugehörige Story: KAN-75 – E6-08 Angebotsstatus verfolgen
Priorität der Story: Lowest

Ziel
Formular, Medien-Upload, Validierung, Entwurfsspeicherung und Fehlerwiederaufnahme für Verkäufer umsetzen.

Vorgehen
1. Bestehende Schnittstellen, Daten und Randbedingungen für „Angebotsstatus verfolgen“ prüfen.
2. Die fachliche Regel an der zuständigen Schicht implementieren und gegen ungültige Eingaben absichern.
3. UI, API, Persistenz oder Testdaten so integrieren, dass der Ablauf reproduzierbar bleibt.
4. Erfolgs-, Fehler-, Berechtigungs- und Wiederholungsfall dokumentieren.

Erledigt wenn
- Verkäufer verlieren bei Validierungs- oder Uploadfehlern keine gültigen Daten.
- Die relevanten Akzeptanzkriterien der Story sind nachweisbar erfüllt.
- Automatisierte oder reproduzierbare Tests sind vorhanden und im Review nachvollziehbar.
- Keine bestehende Funktion außerhalb des Story-Scopes wird unbeabsichtigt verändert.

Abhängigkeiten
- Parent: KAN-75
- Testdaten und Fehlerszenarien werden mit dem zugehörigen Xray-Testfall abgestimmt.",300262,KAN-75,Lowest
Task,"E6-08 Angebotsstatus verfolgen – Prüfung, Verhandlung und Übergabe implementieren","Zugehörige Story: KAN-75 – E6-08 Angebotsstatus verfolgen
Priorität der Story: Lowest

Ziel
Adminprüfung, Preisangebot, Annahme/Ablehnung, Übergabe und Auszahlung mit Benachrichtigungen verbinden.

Vorgehen
1. Bestehende Schnittstellen, Daten und Randbedingungen für „Angebotsstatus verfolgen“ prüfen.
2. Die fachliche Regel an der zuständigen Schicht implementieren und gegen ungültige Eingaben absichern.
3. UI, API, Persistenz oder Testdaten so integrieren, dass der Ablauf reproduzierbar bleibt.
4. Erfolgs-, Fehler-, Berechtigungs- und Wiederholungsfall dokumentieren.

Erledigt wenn
- Alle Beteiligten sehen den gleichen Status und die nächsten Verantwortlichkeiten.
- Die relevanten Akzeptanzkriterien der Story sind nachweisbar erfüllt.
- Automatisierte oder reproduzierbare Tests sind vorhanden und im Review nachvollziehbar.
- Keine bestehende Funktion außerhalb des Story-Scopes wird unbeabsichtigt verändert.

Abhängigkeiten
- Parent: KAN-75
- Testdaten und Fehlerszenarien werden mit dem zugehörigen Xray-Testfall abgestimmt.",300263,KAN-75,Lowest
Task,"E6-08 Angebotsstatus verfolgen – Berechtigungs-, Abrechnungs- und Workflowtests ergänzen","Zugehörige Story: KAN-75 – E6-08 Angebotsstatus verfolgen
Priorität der Story: Lowest

Ziel
Fremdzugriff, Mehrfachaktionen, Mediengrenzen, Statusrennen und Auszahlungsvoraussetzungen testen.

Vorgehen
1. Bestehende Schnittstellen, Daten und Randbedingungen für „Angebotsstatus verfolgen“ prüfen.
2. Die fachliche Regel an der zuständigen Schicht implementieren und gegen ungültige Eingaben absichern.
3. UI, API, Persistenz oder Testdaten so integrieren, dass der Ablauf reproduzierbar bleibt.
4. Erfolgs-, Fehler-, Berechtigungs- und Wiederholungsfall dokumentieren.

Erledigt wenn
- Sensible Daten sind geschützt und jeder kritische Übergang ist reproduzierbar geprüft.
- Die relevanten Akzeptanzkriterien der Story sind nachweisbar erfüllt.
- Automatisierte oder reproduzierbare Tests sind vorhanden und im Review nachvollziehbar.
- Keine bestehende Funktion außerhalb des Story-Scopes wird unbeabsichtigt verändert.

Abhängigkeiten
- Parent: KAN-75
- Testdaten und Fehlerszenarien werden mit dem zugehörigen Xray-Testfall abgestimmt.",300264,KAN-75,Lowest
Task,E6-09 Verkaufsangebote prüfen – Verkäuferdomäne und Angebotsstatus modellieren,"Zugehörige Story: KAN-76 – E6-09 Verkaufsangebote prüfen
Priorität der Story: Lowest

Ziel
Angebot, Verkäufer, Artikel, Zustandsdaten, Preise, Statusübergänge und Auszahlungsinformationen fachlich definieren.

Vorgehen
1. Bestehende Schnittstellen, Daten und Randbedingungen für „Verkaufsangebote prüfen“ prüfen.
2. Die fachliche Regel an der zuständigen Schicht implementieren und gegen ungültige Eingaben absichern.
3. UI, API, Persistenz oder Testdaten so integrieren, dass der Ablauf reproduzierbar bleibt.
4. Erfolgs-, Fehler-, Berechtigungs- und Wiederholungsfall dokumentieren.

Erledigt wenn
- Statuswechsel sind eindeutig, berechtigt und gegen widersprüchliche Übergänge geschützt.
- Die relevanten Akzeptanzkriterien der Story sind nachweisbar erfüllt.
- Automatisierte oder reproduzierbare Tests sind vorhanden und im Review nachvollziehbar.
- Keine bestehende Funktion außerhalb des Story-Scopes wird unbeabsichtigt verändert.

Abhängigkeiten
- Parent: KAN-76
- Testdaten und Fehlerszenarien werden mit dem zugehörigen Xray-Testfall abgestimmt.",300265,KAN-76,Lowest
Task,E6-09 Verkaufsangebote prüfen – Einreichungs- und Upload-Workflow bauen,"Zugehörige Story: KAN-76 – E6-09 Verkaufsangebote prüfen
Priorität der Story: Lowest

Ziel
Formular, Medien-Upload, Validierung, Entwurfsspeicherung und Fehlerwiederaufnahme für Verkäufer umsetzen.

Vorgehen
1. Bestehende Schnittstellen, Daten und Randbedingungen für „Verkaufsangebote prüfen“ prüfen.
2. Die fachliche Regel an der zuständigen Schicht implementieren und gegen ungültige Eingaben absichern.
3. UI, API, Persistenz oder Testdaten so integrieren, dass der Ablauf reproduzierbar bleibt.
4. Erfolgs-, Fehler-, Berechtigungs- und Wiederholungsfall dokumentieren.

Erledigt wenn
- Verkäufer verlieren bei Validierungs- oder Uploadfehlern keine gültigen Daten.
- Die relevanten Akzeptanzkriterien der Story sind nachweisbar erfüllt.
- Automatisierte oder reproduzierbare Tests sind vorhanden und im Review nachvollziehbar.
- Keine bestehende Funktion außerhalb des Story-Scopes wird unbeabsichtigt verändert.

Abhängigkeiten
- Parent: KAN-76
- Testdaten und Fehlerszenarien werden mit dem zugehörigen Xray-Testfall abgestimmt.",300266,KAN-76,Lowest
Task,"E6-09 Verkaufsangebote prüfen – Prüfung, Verhandlung und Übergabe implementieren","Zugehörige Story: KAN-76 – E6-09 Verkaufsangebote prüfen
Priorität der Story: Lowest

Ziel
Adminprüfung, Preisangebot, Annahme/Ablehnung, Übergabe und Auszahlung mit Benachrichtigungen verbinden.

Vorgehen
1. Bestehende Schnittstellen, Daten und Randbedingungen für „Verkaufsangebote prüfen“ prüfen.
2. Die fachliche Regel an der zuständigen Schicht implementieren und gegen ungültige Eingaben absichern.
3. UI, API, Persistenz oder Testdaten so integrieren, dass der Ablauf reproduzierbar bleibt.
4. Erfolgs-, Fehler-, Berechtigungs- und Wiederholungsfall dokumentieren.

Erledigt wenn
- Alle Beteiligten sehen den gleichen Status und die nächsten Verantwortlichkeiten.
- Die relevanten Akzeptanzkriterien der Story sind nachweisbar erfüllt.
- Automatisierte oder reproduzierbare Tests sind vorhanden und im Review nachvollziehbar.
- Keine bestehende Funktion außerhalb des Story-Scopes wird unbeabsichtigt verändert.

Abhängigkeiten
- Parent: KAN-76
- Testdaten und Fehlerszenarien werden mit dem zugehörigen Xray-Testfall abgestimmt.",300267,KAN-76,Lowest
Task,"E6-09 Verkaufsangebote prüfen – Berechtigungs-, Abrechnungs- und Workflowtests ergänzen","Zugehörige Story: KAN-76 – E6-09 Verkaufsangebote prüfen
Priorität der Story: Lowest

Ziel
Fremdzugriff, Mehrfachaktionen, Mediengrenzen, Statusrennen und Auszahlungsvoraussetzungen testen.

Vorgehen
1. Bestehende Schnittstellen, Daten und Randbedingungen für „Verkaufsangebote prüfen“ prüfen.
2. Die fachliche Regel an der zuständigen Schicht implementieren und gegen ungültige Eingaben absichern.
3. UI, API, Persistenz oder Testdaten so integrieren, dass der Ablauf reproduzierbar bleibt.
4. Erfolgs-, Fehler-, Berechtigungs- und Wiederholungsfall dokumentieren.

Erledigt wenn
- Sensible Daten sind geschützt und jeder kritische Übergang ist reproduzierbar geprüft.
- Die relevanten Akzeptanzkriterien der Story sind nachweisbar erfüllt.
- Automatisierte oder reproduzierbare Tests sind vorhanden und im Review nachvollziehbar.
- Keine bestehende Funktion außerhalb des Story-Scopes wird unbeabsichtigt verändert.

Abhängigkeiten
- Parent: KAN-76
- Testdaten und Fehlerszenarien werden mit dem zugehörigen Xray-Testfall abgestimmt.",300268,KAN-76,Lowest
Task,E6-10 Angebot unterbreiten – Verkäuferdomäne und Angebotsstatus modellieren,"Zugehörige Story: KAN-77 – E6-10 Angebot unterbreiten
Priorität der Story: Lowest

Ziel
Angebot, Verkäufer, Artikel, Zustandsdaten, Preise, Statusübergänge und Auszahlungsinformationen fachlich definieren.

Vorgehen
1. Bestehende Schnittstellen, Daten und Randbedingungen für „Angebot unterbreiten“ prüfen.
2. Die fachliche Regel an der zuständigen Schicht implementieren und gegen ungültige Eingaben absichern.
3. UI, API, Persistenz oder Testdaten so integrieren, dass der Ablauf reproduzierbar bleibt.
4. Erfolgs-, Fehler-, Berechtigungs- und Wiederholungsfall dokumentieren.

Erledigt wenn
- Statuswechsel sind eindeutig, berechtigt und gegen widersprüchliche Übergänge geschützt.
- Die relevanten Akzeptanzkriterien der Story sind nachweisbar erfüllt.
- Automatisierte oder reproduzierbare Tests sind vorhanden und im Review nachvollziehbar.
- Keine bestehende Funktion außerhalb des Story-Scopes wird unbeabsichtigt verändert.

Abhängigkeiten
- Parent: KAN-77
- Testdaten und Fehlerszenarien werden mit dem zugehörigen Xray-Testfall abgestimmt.",300269,KAN-77,Lowest
Task,E6-10 Angebot unterbreiten – Einreichungs- und Upload-Workflow bauen,"Zugehörige Story: KAN-77 – E6-10 Angebot unterbreiten
Priorität der Story: Lowest

Ziel
Formular, Medien-Upload, Validierung, Entwurfsspeicherung und Fehlerwiederaufnahme für Verkäufer umsetzen.

Vorgehen
1. Bestehende Schnittstellen, Daten und Randbedingungen für „Angebot unterbreiten“ prüfen.
2. Die fachliche Regel an der zuständigen Schicht implementieren und gegen ungültige Eingaben absichern.
3. UI, API, Persistenz oder Testdaten so integrieren, dass der Ablauf reproduzierbar bleibt.
4. Erfolgs-, Fehler-, Berechtigungs- und Wiederholungsfall dokumentieren.

Erledigt wenn
- Verkäufer verlieren bei Validierungs- oder Uploadfehlern keine gültigen Daten.
- Die relevanten Akzeptanzkriterien der Story sind nachweisbar erfüllt.
- Automatisierte oder reproduzierbare Tests sind vorhanden und im Review nachvollziehbar.
- Keine bestehende Funktion außerhalb des Story-Scopes wird unbeabsichtigt verändert.

Abhängigkeiten
- Parent: KAN-77
- Testdaten und Fehlerszenarien werden mit dem zugehörigen Xray-Testfall abgestimmt.",300270,KAN-77,Lowest
Task,"E6-10 Angebot unterbreiten – Prüfung, Verhandlung und Übergabe implementieren","Zugehörige Story: KAN-77 – E6-10 Angebot unterbreiten
Priorität der Story: Lowest

Ziel
Adminprüfung, Preisangebot, Annahme/Ablehnung, Übergabe und Auszahlung mit Benachrichtigungen verbinden.

Vorgehen
1. Bestehende Schnittstellen, Daten und Randbedingungen für „Angebot unterbreiten“ prüfen.
2. Die fachliche Regel an der zuständigen Schicht implementieren und gegen ungültige Eingaben absichern.
3. UI, API, Persistenz oder Testdaten so integrieren, dass der Ablauf reproduzierbar bleibt.
4. Erfolgs-, Fehler-, Berechtigungs- und Wiederholungsfall dokumentieren.

Erledigt wenn
- Alle Beteiligten sehen den gleichen Status und die nächsten Verantwortlichkeiten.
- Die relevanten Akzeptanzkriterien der Story sind nachweisbar erfüllt.
- Automatisierte oder reproduzierbare Tests sind vorhanden und im Review nachvollziehbar.
- Keine bestehende Funktion außerhalb des Story-Scopes wird unbeabsichtigt verändert.

Abhängigkeiten
- Parent: KAN-77
- Testdaten und Fehlerszenarien werden mit dem zugehörigen Xray-Testfall abgestimmt.",300271,KAN-77,Lowest
Task,"E6-10 Angebot unterbreiten – Berechtigungs-, Abrechnungs- und Workflowtests ergänzen","Zugehörige Story: KAN-77 – E6-10 Angebot unterbreiten
Priorität der Story: Lowest

Ziel
Fremdzugriff, Mehrfachaktionen, Mediengrenzen, Statusrennen und Auszahlungsvoraussetzungen testen.

Vorgehen
1. Bestehende Schnittstellen, Daten und Randbedingungen für „Angebot unterbreiten“ prüfen.
2. Die fachliche Regel an der zuständigen Schicht implementieren und gegen ungültige Eingaben absichern.
3. UI, API, Persistenz oder Testdaten so integrieren, dass der Ablauf reproduzierbar bleibt.
4. Erfolgs-, Fehler-, Berechtigungs- und Wiederholungsfall dokumentieren.

Erledigt wenn
- Sensible Daten sind geschützt und jeder kritische Übergang ist reproduzierbar geprüft.
- Die relevanten Akzeptanzkriterien der Story sind nachweisbar erfüllt.
- Automatisierte oder reproduzierbare Tests sind vorhanden und im Review nachvollziehbar.
- Keine bestehende Funktion außerhalb des Story-Scopes wird unbeabsichtigt verändert.

Abhängigkeiten
- Parent: KAN-77
- Testdaten und Fehlerszenarien werden mit dem zugehörigen Xray-Testfall abgestimmt.",300272,KAN-77,Lowest
Task,E6-11 Angebot annehmen oder ablehnen – Verkäuferdomäne und Angebotsstatus modellieren,"Zugehörige Story: KAN-78 – E6-11 Angebot annehmen oder ablehnen
Priorität der Story: Lowest

Ziel
Angebot, Verkäufer, Artikel, Zustandsdaten, Preise, Statusübergänge und Auszahlungsinformationen fachlich definieren.

Vorgehen
1. Bestehende Schnittstellen, Daten und Randbedingungen für „Angebot annehmen oder ablehnen“ prüfen.
2. Die fachliche Regel an der zuständigen Schicht implementieren und gegen ungültige Eingaben absichern.
3. UI, API, Persistenz oder Testdaten so integrieren, dass der Ablauf reproduzierbar bleibt.
4. Erfolgs-, Fehler-, Berechtigungs- und Wiederholungsfall dokumentieren.

Erledigt wenn
- Statuswechsel sind eindeutig, berechtigt und gegen widersprüchliche Übergänge geschützt.
- Die relevanten Akzeptanzkriterien der Story sind nachweisbar erfüllt.
- Automatisierte oder reproduzierbare Tests sind vorhanden und im Review nachvollziehbar.
- Keine bestehende Funktion außerhalb des Story-Scopes wird unbeabsichtigt verändert.

Abhängigkeiten
- Parent: KAN-78
- Testdaten und Fehlerszenarien werden mit dem zugehörigen Xray-Testfall abgestimmt.",300273,KAN-78,Lowest
Task,E6-11 Angebot annehmen oder ablehnen – Einreichungs- und Upload-Workflow bauen,"Zugehörige Story: KAN-78 – E6-11 Angebot annehmen oder ablehnen
Priorität der Story: Lowest

Ziel
Formular, Medien-Upload, Validierung, Entwurfsspeicherung und Fehlerwiederaufnahme für Verkäufer umsetzen.

Vorgehen
1. Bestehende Schnittstellen, Daten und Randbedingungen für „Angebot annehmen oder ablehnen“ prüfen.
2. Die fachliche Regel an der zuständigen Schicht implementieren und gegen ungültige Eingaben absichern.
3. UI, API, Persistenz oder Testdaten so integrieren, dass der Ablauf reproduzierbar bleibt.
4. Erfolgs-, Fehler-, Berechtigungs- und Wiederholungsfall dokumentieren.

Erledigt wenn
- Verkäufer verlieren bei Validierungs- oder Uploadfehlern keine gültigen Daten.
- Die relevanten Akzeptanzkriterien der Story sind nachweisbar erfüllt.
- Automatisierte oder reproduzierbare Tests sind vorhanden und im Review nachvollziehbar.
- Keine bestehende Funktion außerhalb des Story-Scopes wird unbeabsichtigt verändert.

Abhängigkeiten
- Parent: KAN-78
- Testdaten und Fehlerszenarien werden mit dem zugehörigen Xray-Testfall abgestimmt.",300274,KAN-78,Lowest
Task,"E6-11 Angebot annehmen oder ablehnen – Prüfung, Verhandlung und Übergabe implementieren","Zugehörige Story: KAN-78 – E6-11 Angebot annehmen oder ablehnen
Priorität der Story: Lowest

Ziel
Adminprüfung, Preisangebot, Annahme/Ablehnung, Übergabe und Auszahlung mit Benachrichtigungen verbinden.

Vorgehen
1. Bestehende Schnittstellen, Daten und Randbedingungen für „Angebot annehmen oder ablehnen“ prüfen.
2. Die fachliche Regel an der zuständigen Schicht implementieren und gegen ungültige Eingaben absichern.
3. UI, API, Persistenz oder Testdaten so integrieren, dass der Ablauf reproduzierbar bleibt.
4. Erfolgs-, Fehler-, Berechtigungs- und Wiederholungsfall dokumentieren.

Erledigt wenn
- Alle Beteiligten sehen den gleichen Status und die nächsten Verantwortlichkeiten.
- Die relevanten Akzeptanzkriterien der Story sind nachweisbar erfüllt.
- Automatisierte oder reproduzierbare Tests sind vorhanden und im Review nachvollziehbar.
- Keine bestehende Funktion außerhalb des Story-Scopes wird unbeabsichtigt verändert.

Abhängigkeiten
- Parent: KAN-78
- Testdaten und Fehlerszenarien werden mit dem zugehörigen Xray-Testfall abgestimmt.",300275,KAN-78,Lowest
Task,"E6-11 Angebot annehmen oder ablehnen – Berechtigungs-, Abrechnungs- und Workflowtests ergänzen","Zugehörige Story: KAN-78 – E6-11 Angebot annehmen oder ablehnen
Priorität der Story: Lowest

Ziel
Fremdzugriff, Mehrfachaktionen, Mediengrenzen, Statusrennen und Auszahlungsvoraussetzungen testen.

Vorgehen
1. Bestehende Schnittstellen, Daten und Randbedingungen für „Angebot annehmen oder ablehnen“ prüfen.
2. Die fachliche Regel an der zuständigen Schicht implementieren und gegen ungültige Eingaben absichern.
3. UI, API, Persistenz oder Testdaten so integrieren, dass der Ablauf reproduzierbar bleibt.
4. Erfolgs-, Fehler-, Berechtigungs- und Wiederholungsfall dokumentieren.

Erledigt wenn
- Sensible Daten sind geschützt und jeder kritische Übergang ist reproduzierbar geprüft.
- Die relevanten Akzeptanzkriterien der Story sind nachweisbar erfüllt.
- Automatisierte oder reproduzierbare Tests sind vorhanden und im Review nachvollziehbar.
- Keine bestehende Funktion außerhalb des Story-Scopes wird unbeabsichtigt verändert.

Abhängigkeiten
- Parent: KAN-78
- Testdaten und Fehlerszenarien werden mit dem zugehörigen Xray-Testfall abgestimmt.",300276,KAN-78,Lowest
Task,E6-12 Übergabe und Auszahlung verstehen – Verkäuferdomäne und Angebotsstatus modellieren,"Zugehörige Story: KAN-79 – E6-12 Übergabe und Auszahlung verstehen
Priorität der Story: Lowest

Ziel
Angebot, Verkäufer, Artikel, Zustandsdaten, Preise, Statusübergänge und Auszahlungsinformationen fachlich definieren.

Vorgehen
1. Bestehende Schnittstellen, Daten und Randbedingungen für „Übergabe und Auszahlung verstehen“ prüfen.
2. Die fachliche Regel an der zuständigen Schicht implementieren und gegen ungültige Eingaben absichern.
3. UI, API, Persistenz oder Testdaten so integrieren, dass der Ablauf reproduzierbar bleibt.
4. Erfolgs-, Fehler-, Berechtigungs- und Wiederholungsfall dokumentieren.

Erledigt wenn
- Statuswechsel sind eindeutig, berechtigt und gegen widersprüchliche Übergänge geschützt.
- Die relevanten Akzeptanzkriterien der Story sind nachweisbar erfüllt.
- Automatisierte oder reproduzierbare Tests sind vorhanden und im Review nachvollziehbar.
- Keine bestehende Funktion außerhalb des Story-Scopes wird unbeabsichtigt verändert.

Abhängigkeiten
- Parent: KAN-79
- Testdaten und Fehlerszenarien werden mit dem zugehörigen Xray-Testfall abgestimmt.",300277,KAN-79,Lowest
Task,E6-12 Übergabe und Auszahlung verstehen – Einreichungs- und Upload-Workflow bauen,"Zugehörige Story: KAN-79 – E6-12 Übergabe und Auszahlung verstehen
Priorität der Story: Lowest

Ziel
Formular, Medien-Upload, Validierung, Entwurfsspeicherung und Fehlerwiederaufnahme für Verkäufer umsetzen.

Vorgehen
1. Bestehende Schnittstellen, Daten und Randbedingungen für „Übergabe und Auszahlung verstehen“ prüfen.
2. Die fachliche Regel an der zuständigen Schicht implementieren und gegen ungültige Eingaben absichern.
3. UI, API, Persistenz oder Testdaten so integrieren, dass der Ablauf reproduzierbar bleibt.
4. Erfolgs-, Fehler-, Berechtigungs- und Wiederholungsfall dokumentieren.

Erledigt wenn
- Verkäufer verlieren bei Validierungs- oder Uploadfehlern keine gültigen Daten.
- Die relevanten Akzeptanzkriterien der Story sind nachweisbar erfüllt.
- Automatisierte oder reproduzierbare Tests sind vorhanden und im Review nachvollziehbar.
- Keine bestehende Funktion außerhalb des Story-Scopes wird unbeabsichtigt verändert.

Abhängigkeiten
- Parent: KAN-79
- Testdaten und Fehlerszenarien werden mit dem zugehörigen Xray-Testfall abgestimmt.",300278,KAN-79,Lowest
Task,"E6-12 Übergabe und Auszahlung verstehen – Prüfung, Verhandlung und Übergabe implementieren","Zugehörige Story: KAN-79 – E6-12 Übergabe und Auszahlung verstehen
Priorität der Story: Lowest

Ziel
Adminprüfung, Preisangebot, Annahme/Ablehnung, Übergabe und Auszahlung mit Benachrichtigungen verbinden.

Vorgehen
1. Bestehende Schnittstellen, Daten und Randbedingungen für „Übergabe und Auszahlung verstehen“ prüfen.
2. Die fachliche Regel an der zuständigen Schicht implementieren und gegen ungültige Eingaben absichern.
3. UI, API, Persistenz oder Testdaten so integrieren, dass der Ablauf reproduzierbar bleibt.
4. Erfolgs-, Fehler-, Berechtigungs- und Wiederholungsfall dokumentieren.

Erledigt wenn
- Alle Beteiligten sehen den gleichen Status und die nächsten Verantwortlichkeiten.
- Die relevanten Akzeptanzkriterien der Story sind nachweisbar erfüllt.
- Automatisierte oder reproduzierbare Tests sind vorhanden und im Review nachvollziehbar.
- Keine bestehende Funktion außerhalb des Story-Scopes wird unbeabsichtigt verändert.

Abhängigkeiten
- Parent: KAN-79
- Testdaten und Fehlerszenarien werden mit dem zugehörigen Xray-Testfall abgestimmt.",300279,KAN-79,Lowest
Task,"E6-12 Übergabe und Auszahlung verstehen – Berechtigungs-, Abrechnungs- und Workflowtests ergänzen","Zugehörige Story: KAN-79 – E6-12 Übergabe und Auszahlung verstehen
Priorität der Story: Lowest

Ziel
Fremdzugriff, Mehrfachaktionen, Mediengrenzen, Statusrennen und Auszahlungsvoraussetzungen testen.

Vorgehen
1. Bestehende Schnittstellen, Daten und Randbedingungen für „Übergabe und Auszahlung verstehen“ prüfen.
2. Die fachliche Regel an der zuständigen Schicht implementieren und gegen ungültige Eingaben absichern.
3. UI, API, Persistenz oder Testdaten so integrieren, dass der Ablauf reproduzierbar bleibt.
4. Erfolgs-, Fehler-, Berechtigungs- und Wiederholungsfall dokumentieren.

Erledigt wenn
- Sensible Daten sind geschützt und jeder kritische Übergang ist reproduzierbar geprüft.
- Die relevanten Akzeptanzkriterien der Story sind nachweisbar erfüllt.
- Automatisierte oder reproduzierbare Tests sind vorhanden und im Review nachvollziehbar.
- Keine bestehende Funktion außerhalb des Story-Scopes wird unbeabsichtigt verändert.

Abhängigkeiten
- Parent: KAN-79
- Testdaten und Fehlerszenarien werden mit dem zugehörigen Xray-Testfall abgestimmt.",300280,KAN-79,Lowest
Task,E7-01 Adminbereich sicher anmelden – Admin-Sicherheitsmodell umsetzen,"Zugehörige Story: KAN-80 – E7-01 Adminbereich sicher anmelden
Priorität der Story: Highest

Ziel
Rollen, Berechtigungen, Session-Schutz, Audit-Anforderungen und sichere Admin-Anmeldung für die Story implementieren.

Vorgehen
1. Bestehende Schnittstellen, Daten und Randbedingungen für „Adminbereich sicher anmelden“ prüfen.
2. Die fachliche Regel an der zuständigen Schicht implementieren und gegen ungültige Eingaben absichern.
3. UI, API, Persistenz oder Testdaten so integrieren, dass der Ablauf reproduzierbar bleibt.
4. Erfolgs-, Fehler-, Berechtigungs- und Wiederholungsfall dokumentieren.

Erledigt wenn
- Nicht berechtigte Zugriffe werden serverseitig abgewiesen und relevante Aktionen protokolliert.
- Die relevanten Akzeptanzkriterien der Story sind nachweisbar erfüllt.
- Automatisierte oder reproduzierbare Tests sind vorhanden und im Review nachvollziehbar.
- Keine bestehende Funktion außerhalb des Story-Scopes wird unbeabsichtigt verändert.

Abhängigkeiten
- Parent: KAN-80
- Testdaten und Fehlerszenarien werden mit dem zugehörigen Xray-Testfall abgestimmt.",300281,KAN-80,Highest
Task,E7-01 Adminbereich sicher anmelden – Administrationsoberfläche und Datenoperationen bauen,"Zugehörige Story: KAN-80 – E7-01 Adminbereich sicher anmelden
Priorität der Story: Highest

Ziel
Listen, Filter, Formulare, Bulk-Aktionen, Bestätigungsdialoge und sichere Mutationen für die Story umsetzen.

Vorgehen
1. Bestehende Schnittstellen, Daten und Randbedingungen für „Adminbereich sicher anmelden“ prüfen.
2. Die fachliche Regel an der zuständigen Schicht implementieren und gegen ungültige Eingaben absichern.
3. UI, API, Persistenz oder Testdaten so integrieren, dass der Ablauf reproduzierbar bleibt.
4. Erfolgs-, Fehler-, Berechtigungs- und Wiederholungsfall dokumentieren.

Erledigt wenn
- Admin-Aktionen sind verständlich, validiert und nach Abschluss direkt nachvollziehbar.
- Die relevanten Akzeptanzkriterien der Story sind nachweisbar erfüllt.
- Automatisierte oder reproduzierbare Tests sind vorhanden und im Review nachvollziehbar.
- Keine bestehende Funktion außerhalb des Story-Scopes wird unbeabsichtigt verändert.

Abhängigkeiten
- Parent: KAN-80
- Testdaten und Fehlerszenarien werden mit dem zugehörigen Xray-Testfall abgestimmt.",300282,KAN-80,Highest
Task,"E7-01 Adminbereich sicher anmelden – Synchronisation, Fehlerpfade und Audit integrieren","Zugehörige Story: KAN-80 – E7-01 Adminbereich sicher anmelden
Priorität der Story: Highest

Ziel
Jobstatus, Wiederholbarkeit, Konfliktbehandlung, Fehleranzeige und Änderungsverlauf für die Story bereitstellen.

Vorgehen
1. Bestehende Schnittstellen, Daten und Randbedingungen für „Adminbereich sicher anmelden“ prüfen.
2. Die fachliche Regel an der zuständigen Schicht implementieren und gegen ungültige Eingaben absichern.
3. UI, API, Persistenz oder Testdaten so integrieren, dass der Ablauf reproduzierbar bleibt.
4. Erfolgs-, Fehler-, Berechtigungs- und Wiederholungsfall dokumentieren.

Erledigt wenn
- Ein fehlerhafter Datensatz blockiert nicht den übrigen Lauf; Ursachen und Änderungen bleiben sichtbar.
- Die relevanten Akzeptanzkriterien der Story sind nachweisbar erfüllt.
- Automatisierte oder reproduzierbare Tests sind vorhanden und im Review nachvollziehbar.
- Keine bestehende Funktion außerhalb des Story-Scopes wird unbeabsichtigt verändert.

Abhängigkeiten
- Parent: KAN-80
- Testdaten und Fehlerszenarien werden mit dem zugehörigen Xray-Testfall abgestimmt.",300283,KAN-80,Highest
Task,E7-01 Adminbereich sicher anmelden – Administrations- und Berechtigungstests ausführen,"Zugehörige Story: KAN-80 – E7-01 Adminbereich sicher anmelden
Priorität der Story: Highest

Ziel
Rollenmatrix, kritische CRUD-Aktionen, Synchronisationsfehler und irreversible Aktionen mit Testdaten prüfen.

Vorgehen
1. Bestehende Schnittstellen, Daten und Randbedingungen für „Adminbereich sicher anmelden“ prüfen.
2. Die fachliche Regel an der zuständigen Schicht implementieren und gegen ungültige Eingaben absichern.
3. UI, API, Persistenz oder Testdaten so integrieren, dass der Ablauf reproduzierbar bleibt.
4. Erfolgs-, Fehler-, Berechtigungs- und Wiederholungsfall dokumentieren.

Erledigt wenn
- Die Rollenmatrix ist dokumentiert und alle kritischen Adminpfade liefern erwartete Ergebnisse.
- Die relevanten Akzeptanzkriterien der Story sind nachweisbar erfüllt.
- Automatisierte oder reproduzierbare Tests sind vorhanden und im Review nachvollziehbar.
- Keine bestehende Funktion außerhalb des Story-Scopes wird unbeabsichtigt verändert.

Abhängigkeiten
- Parent: KAN-80
- Testdaten und Fehlerszenarien werden mit dem zugehörigen Xray-Testfall abgestimmt.",300284,KAN-80,Highest
Task,E7-02 Rollen und Berechtigungen verwalten – Admin-Sicherheitsmodell umsetzen,"Zugehörige Story: KAN-81 – E7-02 Rollen und Berechtigungen verwalten
Priorität der Story: Highest

Ziel
Rollen, Berechtigungen, Session-Schutz, Audit-Anforderungen und sichere Admin-Anmeldung für die Story implementieren.

Vorgehen
1. Bestehende Schnittstellen, Daten und Randbedingungen für „Rollen und Berechtigungen verwalten“ prüfen.
2. Die fachliche Regel an der zuständigen Schicht implementieren und gegen ungültige Eingaben absichern.
3. UI, API, Persistenz oder Testdaten so integrieren, dass der Ablauf reproduzierbar bleibt.
4. Erfolgs-, Fehler-, Berechtigungs- und Wiederholungsfall dokumentieren.

Erledigt wenn
- Nicht berechtigte Zugriffe werden serverseitig abgewiesen und relevante Aktionen protokolliert.
- Die relevanten Akzeptanzkriterien der Story sind nachweisbar erfüllt.
- Automatisierte oder reproduzierbare Tests sind vorhanden und im Review nachvollziehbar.
- Keine bestehende Funktion außerhalb des Story-Scopes wird unbeabsichtigt verändert.

Abhängigkeiten
- Parent: KAN-81
- Testdaten und Fehlerszenarien werden mit dem zugehörigen Xray-Testfall abgestimmt.",300285,KAN-81,Highest
Task,E7-02 Rollen und Berechtigungen verwalten – Administrationsoberfläche und Datenoperationen bauen,"Zugehörige Story: KAN-81 – E7-02 Rollen und Berechtigungen verwalten
Priorität der Story: Highest

Ziel
Listen, Filter, Formulare, Bulk-Aktionen, Bestätigungsdialoge und sichere Mutationen für die Story umsetzen.

Vorgehen
1. Bestehende Schnittstellen, Daten und Randbedingungen für „Rollen und Berechtigungen verwalten“ prüfen.
2. Die fachliche Regel an der zuständigen Schicht implementieren und gegen ungültige Eingaben absichern.
3. UI, API, Persistenz oder Testdaten so integrieren, dass der Ablauf reproduzierbar bleibt.
4. Erfolgs-, Fehler-, Berechtigungs- und Wiederholungsfall dokumentieren.

Erledigt wenn
- Admin-Aktionen sind verständlich, validiert und nach Abschluss direkt nachvollziehbar.
- Die relevanten Akzeptanzkriterien der Story sind nachweisbar erfüllt.
- Automatisierte oder reproduzierbare Tests sind vorhanden und im Review nachvollziehbar.
- Keine bestehende Funktion außerhalb des Story-Scopes wird unbeabsichtigt verändert.

Abhängigkeiten
- Parent: KAN-81
- Testdaten und Fehlerszenarien werden mit dem zugehörigen Xray-Testfall abgestimmt.",300286,KAN-81,Highest
Task,"E7-02 Rollen und Berechtigungen verwalten – Synchronisation, Fehlerpfade und Audit integrieren","Zugehörige Story: KAN-81 – E7-02 Rollen und Berechtigungen verwalten
Priorität der Story: Highest

Ziel
Jobstatus, Wiederholbarkeit, Konfliktbehandlung, Fehleranzeige und Änderungsverlauf für die Story bereitstellen.

Vorgehen
1. Bestehende Schnittstellen, Daten und Randbedingungen für „Rollen und Berechtigungen verwalten“ prüfen.
2. Die fachliche Regel an der zuständigen Schicht implementieren und gegen ungültige Eingaben absichern.
3. UI, API, Persistenz oder Testdaten so integrieren, dass der Ablauf reproduzierbar bleibt.
4. Erfolgs-, Fehler-, Berechtigungs- und Wiederholungsfall dokumentieren.

Erledigt wenn
- Ein fehlerhafter Datensatz blockiert nicht den übrigen Lauf; Ursachen und Änderungen bleiben sichtbar.
- Die relevanten Akzeptanzkriterien der Story sind nachweisbar erfüllt.
- Automatisierte oder reproduzierbare Tests sind vorhanden und im Review nachvollziehbar.
- Keine bestehende Funktion außerhalb des Story-Scopes wird unbeabsichtigt verändert.

Abhängigkeiten
- Parent: KAN-81
- Testdaten und Fehlerszenarien werden mit dem zugehörigen Xray-Testfall abgestimmt.",300287,KAN-81,Highest
Task,E7-02 Rollen und Berechtigungen verwalten – Administrations- und Berechtigungstests ausführen,"Zugehörige Story: KAN-81 – E7-02 Rollen und Berechtigungen verwalten
Priorität der Story: Highest

Ziel
Rollenmatrix, kritische CRUD-Aktionen, Synchronisationsfehler und irreversible Aktionen mit Testdaten prüfen.

Vorgehen
1. Bestehende Schnittstellen, Daten und Randbedingungen für „Rollen und Berechtigungen verwalten“ prüfen.
2. Die fachliche Regel an der zuständigen Schicht implementieren und gegen ungültige Eingaben absichern.
3. UI, API, Persistenz oder Testdaten so integrieren, dass der Ablauf reproduzierbar bleibt.
4. Erfolgs-, Fehler-, Berechtigungs- und Wiederholungsfall dokumentieren.

Erledigt wenn
- Die Rollenmatrix ist dokumentiert und alle kritischen Adminpfade liefern erwartete Ergebnisse.
- Die relevanten Akzeptanzkriterien der Story sind nachweisbar erfüllt.
- Automatisierte oder reproduzierbare Tests sind vorhanden und im Review nachvollziehbar.
- Keine bestehende Funktion außerhalb des Story-Scopes wird unbeabsichtigt verändert.

Abhängigkeiten
- Parent: KAN-81
- Testdaten und Fehlerszenarien werden mit dem zugehörigen Xray-Testfall abgestimmt.",300288,KAN-81,Highest
Task,E7-03 Admin-Dashboard anzeigen – Admin-Sicherheitsmodell umsetzen,"Zugehörige Story: KAN-82 – E7-03 Admin-Dashboard anzeigen
Priorität der Story: Highest

Ziel
Rollen, Berechtigungen, Session-Schutz, Audit-Anforderungen und sichere Admin-Anmeldung für die Story implementieren.

Vorgehen
1. Bestehende Schnittstellen, Daten und Randbedingungen für „Admin-Dashboard anzeigen“ prüfen.
2. Die fachliche Regel an der zuständigen Schicht implementieren und gegen ungültige Eingaben absichern.
3. UI, API, Persistenz oder Testdaten so integrieren, dass der Ablauf reproduzierbar bleibt.
4. Erfolgs-, Fehler-, Berechtigungs- und Wiederholungsfall dokumentieren.

Erledigt wenn
- Nicht berechtigte Zugriffe werden serverseitig abgewiesen und relevante Aktionen protokolliert.
- Die relevanten Akzeptanzkriterien der Story sind nachweisbar erfüllt.
- Automatisierte oder reproduzierbare Tests sind vorhanden und im Review nachvollziehbar.
- Keine bestehende Funktion außerhalb des Story-Scopes wird unbeabsichtigt verändert.

Abhängigkeiten
- Parent: KAN-82
- Testdaten und Fehlerszenarien werden mit dem zugehörigen Xray-Testfall abgestimmt.",300289,KAN-82,Highest
Task,E7-03 Admin-Dashboard anzeigen – Administrationsoberfläche und Datenoperationen bauen,"Zugehörige Story: KAN-82 – E7-03 Admin-Dashboard anzeigen
Priorität der Story: Highest

Ziel
Listen, Filter, Formulare, Bulk-Aktionen, Bestätigungsdialoge und sichere Mutationen für die Story umsetzen.

Vorgehen
1. Bestehende Schnittstellen, Daten und Randbedingungen für „Admin-Dashboard anzeigen“ prüfen.
2. Die fachliche Regel an der zuständigen Schicht implementieren und gegen ungültige Eingaben absichern.
3. UI, API, Persistenz oder Testdaten so integrieren, dass der Ablauf reproduzierbar bleibt.
4. Erfolgs-, Fehler-, Berechtigungs- und Wiederholungsfall dokumentieren.

Erledigt wenn
- Admin-Aktionen sind verständlich, validiert und nach Abschluss direkt nachvollziehbar.
- Die relevanten Akzeptanzkriterien der Story sind nachweisbar erfüllt.
- Automatisierte oder reproduzierbare Tests sind vorhanden und im Review nachvollziehbar.
- Keine bestehende Funktion außerhalb des Story-Scopes wird unbeabsichtigt verändert.

Abhängigkeiten
- Parent: KAN-82
- Testdaten und Fehlerszenarien werden mit dem zugehörigen Xray-Testfall abgestimmt.",300290,KAN-82,Highest
Task,"E7-03 Admin-Dashboard anzeigen – Synchronisation, Fehlerpfade und Audit integrieren","Zugehörige Story: KAN-82 – E7-03 Admin-Dashboard anzeigen
Priorität der Story: Highest

Ziel
Jobstatus, Wiederholbarkeit, Konfliktbehandlung, Fehleranzeige und Änderungsverlauf für die Story bereitstellen.

Vorgehen
1. Bestehende Schnittstellen, Daten und Randbedingungen für „Admin-Dashboard anzeigen“ prüfen.
2. Die fachliche Regel an der zuständigen Schicht implementieren und gegen ungültige Eingaben absichern.
3. UI, API, Persistenz oder Testdaten so integrieren, dass der Ablauf reproduzierbar bleibt.
4. Erfolgs-, Fehler-, Berechtigungs- und Wiederholungsfall dokumentieren.

Erledigt wenn
- Ein fehlerhafter Datensatz blockiert nicht den übrigen Lauf; Ursachen und Änderungen bleiben sichtbar.
- Die relevanten Akzeptanzkriterien der Story sind nachweisbar erfüllt.
- Automatisierte oder reproduzierbare Tests sind vorhanden und im Review nachvollziehbar.
- Keine bestehende Funktion außerhalb des Story-Scopes wird unbeabsichtigt verändert.

Abhängigkeiten
- Parent: KAN-82
- Testdaten und Fehlerszenarien werden mit dem zugehörigen Xray-Testfall abgestimmt.",300291,KAN-82,Highest
Task,E7-03 Admin-Dashboard anzeigen – Administrations- und Berechtigungstests ausführen,"Zugehörige Story: KAN-82 – E7-03 Admin-Dashboard anzeigen
Priorität der Story: Highest

Ziel
Rollenmatrix, kritische CRUD-Aktionen, Synchronisationsfehler und irreversible Aktionen mit Testdaten prüfen.

Vorgehen
1. Bestehende Schnittstellen, Daten und Randbedingungen für „Admin-Dashboard anzeigen“ prüfen.
2. Die fachliche Regel an der zuständigen Schicht implementieren und gegen ungültige Eingaben absichern.
3. UI, API, Persistenz oder Testdaten so integrieren, dass der Ablauf reproduzierbar bleibt.
4. Erfolgs-, Fehler-, Berechtigungs- und Wiederholungsfall dokumentieren.

Erledigt wenn
- Die Rollenmatrix ist dokumentiert und alle kritischen Adminpfade liefern erwartete Ergebnisse.
- Die relevanten Akzeptanzkriterien der Story sind nachweisbar erfüllt.
- Automatisierte oder reproduzierbare Tests sind vorhanden und im Review nachvollziehbar.
- Keine bestehende Funktion außerhalb des Story-Scopes wird unbeabsichtigt verändert.

Abhängigkeiten
- Parent: KAN-82
- Testdaten und Fehlerszenarien werden mit dem zugehörigen Xray-Testfall abgestimmt.",300292,KAN-82,Highest
Task,E7-04 Produkte administrieren – Admin-Sicherheitsmodell umsetzen,"Zugehörige Story: KAN-83 – E7-04 Produkte administrieren
Priorität der Story: Highest

Ziel
Rollen, Berechtigungen, Session-Schutz, Audit-Anforderungen und sichere Admin-Anmeldung für die Story implementieren.

Vorgehen
1. Bestehende Schnittstellen, Daten und Randbedingungen für „Produkte administrieren“ prüfen.
2. Die fachliche Regel an der zuständigen Schicht implementieren und gegen ungültige Eingaben absichern.
3. UI, API, Persistenz oder Testdaten so integrieren, dass der Ablauf reproduzierbar bleibt.
4. Erfolgs-, Fehler-, Berechtigungs- und Wiederholungsfall dokumentieren.

Erledigt wenn
- Nicht berechtigte Zugriffe werden serverseitig abgewiesen und relevante Aktionen protokolliert.
- Die relevanten Akzeptanzkriterien der Story sind nachweisbar erfüllt.
- Automatisierte oder reproduzierbare Tests sind vorhanden und im Review nachvollziehbar.
- Keine bestehende Funktion außerhalb des Story-Scopes wird unbeabsichtigt verändert.

Abhängigkeiten
- Parent: KAN-83
- Testdaten und Fehlerszenarien werden mit dem zugehörigen Xray-Testfall abgestimmt.",300293,KAN-83,Highest
Task,E7-04 Produkte administrieren – Administrationsoberfläche und Datenoperationen bauen,"Zugehörige Story: KAN-83 – E7-04 Produkte administrieren
Priorität der Story: Highest

Ziel
Listen, Filter, Formulare, Bulk-Aktionen, Bestätigungsdialoge und sichere Mutationen für die Story umsetzen.

Vorgehen
1. Bestehende Schnittstellen, Daten und Randbedingungen für „Produkte administrieren“ prüfen.
2. Die fachliche Regel an der zuständigen Schicht implementieren und gegen ungültige Eingaben absichern.
3. UI, API, Persistenz oder Testdaten so integrieren, dass der Ablauf reproduzierbar bleibt.
4. Erfolgs-, Fehler-, Berechtigungs- und Wiederholungsfall dokumentieren.

Erledigt wenn
- Admin-Aktionen sind verständlich, validiert und nach Abschluss direkt nachvollziehbar.
- Die relevanten Akzeptanzkriterien der Story sind nachweisbar erfüllt.
- Automatisierte oder reproduzierbare Tests sind vorhanden und im Review nachvollziehbar.
- Keine bestehende Funktion außerhalb des Story-Scopes wird unbeabsichtigt verändert.

Abhängigkeiten
- Parent: KAN-83
- Testdaten und Fehlerszenarien werden mit dem zugehörigen Xray-Testfall abgestimmt.",300294,KAN-83,Highest
Task,"E7-04 Produkte administrieren – Synchronisation, Fehlerpfade und Audit integrieren","Zugehörige Story: KAN-83 – E7-04 Produkte administrieren
Priorität der Story: Highest

Ziel
Jobstatus, Wiederholbarkeit, Konfliktbehandlung, Fehleranzeige und Änderungsverlauf für die Story bereitstellen.

Vorgehen
1. Bestehende Schnittstellen, Daten und Randbedingungen für „Produkte administrieren“ prüfen.
2. Die fachliche Regel an der zuständigen Schicht implementieren und gegen ungültige Eingaben absichern.
3. UI, API, Persistenz oder Testdaten so integrieren, dass der Ablauf reproduzierbar bleibt.
4. Erfolgs-, Fehler-, Berechtigungs- und Wiederholungsfall dokumentieren.

Erledigt wenn
- Ein fehlerhafter Datensatz blockiert nicht den übrigen Lauf; Ursachen und Änderungen bleiben sichtbar.
- Die relevanten Akzeptanzkriterien der Story sind nachweisbar erfüllt.
- Automatisierte oder reproduzierbare Tests sind vorhanden und im Review nachvollziehbar.
- Keine bestehende Funktion außerhalb des Story-Scopes wird unbeabsichtigt verändert.

Abhängigkeiten
- Parent: KAN-83
- Testdaten und Fehlerszenarien werden mit dem zugehörigen Xray-Testfall abgestimmt.",300295,KAN-83,Highest
Task,E7-04 Produkte administrieren – Administrations- und Berechtigungstests ausführen,"Zugehörige Story: KAN-83 – E7-04 Produkte administrieren
Priorität der Story: Highest

Ziel
Rollenmatrix, kritische CRUD-Aktionen, Synchronisationsfehler und irreversible Aktionen mit Testdaten prüfen.

Vorgehen
1. Bestehende Schnittstellen, Daten und Randbedingungen für „Produkte administrieren“ prüfen.
2. Die fachliche Regel an der zuständigen Schicht implementieren und gegen ungültige Eingaben absichern.
3. UI, API, Persistenz oder Testdaten so integrieren, dass der Ablauf reproduzierbar bleibt.
4. Erfolgs-, Fehler-, Berechtigungs- und Wiederholungsfall dokumentieren.

Erledigt wenn
- Die Rollenmatrix ist dokumentiert und alle kritischen Adminpfade liefern erwartete Ergebnisse.
- Die relevanten Akzeptanzkriterien der Story sind nachweisbar erfüllt.
- Automatisierte oder reproduzierbare Tests sind vorhanden und im Review nachvollziehbar.
- Keine bestehende Funktion außerhalb des Story-Scopes wird unbeabsichtigt verändert.

Abhängigkeiten
- Parent: KAN-83
- Testdaten und Fehlerszenarien werden mit dem zugehörigen Xray-Testfall abgestimmt.",300296,KAN-83,Highest
Task,E7-05 Produktbilder administrieren – Admin-Sicherheitsmodell umsetzen,"Zugehörige Story: KAN-84 – E7-05 Produktbilder administrieren
Priorität der Story: Highest

Ziel
Rollen, Berechtigungen, Session-Schutz, Audit-Anforderungen und sichere Admin-Anmeldung für die Story implementieren.

Vorgehen
1. Bestehende Schnittstellen, Daten und Randbedingungen für „Produktbilder administrieren“ prüfen.
2. Die fachliche Regel an der zuständigen Schicht implementieren und gegen ungültige Eingaben absichern.
3. UI, API, Persistenz oder Testdaten so integrieren, dass der Ablauf reproduzierbar bleibt.
4. Erfolgs-, Fehler-, Berechtigungs- und Wiederholungsfall dokumentieren.

Erledigt wenn
- Nicht berechtigte Zugriffe werden serverseitig abgewiesen und relevante Aktionen protokolliert.
- Die relevanten Akzeptanzkriterien der Story sind nachweisbar erfüllt.
- Automatisierte oder reproduzierbare Tests sind vorhanden und im Review nachvollziehbar.
- Keine bestehende Funktion außerhalb des Story-Scopes wird unbeabsichtigt verändert.

Abhängigkeiten
- Parent: KAN-84
- Testdaten und Fehlerszenarien werden mit dem zugehörigen Xray-Testfall abgestimmt.",300297,KAN-84,Highest
Task,E7-05 Produktbilder administrieren – Administrationsoberfläche und Datenoperationen bauen,"Zugehörige Story: KAN-84 – E7-05 Produktbilder administrieren
Priorität der Story: Highest

Ziel
Listen, Filter, Formulare, Bulk-Aktionen, Bestätigungsdialoge und sichere Mutationen für die Story umsetzen.

Vorgehen
1. Bestehende Schnittstellen, Daten und Randbedingungen für „Produktbilder administrieren“ prüfen.
2. Die fachliche Regel an der zuständigen Schicht implementieren und gegen ungültige Eingaben absichern.
3. UI, API, Persistenz oder Testdaten so integrieren, dass der Ablauf reproduzierbar bleibt.
4. Erfolgs-, Fehler-, Berechtigungs- und Wiederholungsfall dokumentieren.

Erledigt wenn
- Admin-Aktionen sind verständlich, validiert und nach Abschluss direkt nachvollziehbar.
- Die relevanten Akzeptanzkriterien der Story sind nachweisbar erfüllt.
- Automatisierte oder reproduzierbare Tests sind vorhanden und im Review nachvollziehbar.
- Keine bestehende Funktion außerhalb des Story-Scopes wird unbeabsichtigt verändert.

Abhängigkeiten
- Parent: KAN-84
- Testdaten und Fehlerszenarien werden mit dem zugehörigen Xray-Testfall abgestimmt.",300298,KAN-84,Highest
Task,"E7-05 Produktbilder administrieren – Synchronisation, Fehlerpfade und Audit integrieren","Zugehörige Story: KAN-84 – E7-05 Produktbilder administrieren
Priorität der Story: Highest

Ziel
Jobstatus, Wiederholbarkeit, Konfliktbehandlung, Fehleranzeige und Änderungsverlauf für die Story bereitstellen.

Vorgehen
1. Bestehende Schnittstellen, Daten und Randbedingungen für „Produktbilder administrieren“ prüfen.
2. Die fachliche Regel an der zuständigen Schicht implementieren und gegen ungültige Eingaben absichern.
3. UI, API, Persistenz oder Testdaten so integrieren, dass der Ablauf reproduzierbar bleibt.
4. Erfolgs-, Fehler-, Berechtigungs- und Wiederholungsfall dokumentieren.

Erledigt wenn
- Ein fehlerhafter Datensatz blockiert nicht den übrigen Lauf; Ursachen und Änderungen bleiben sichtbar.
- Die relevanten Akzeptanzkriterien der Story sind nachweisbar erfüllt.
- Automatisierte oder reproduzierbare Tests sind vorhanden und im Review nachvollziehbar.
- Keine bestehende Funktion außerhalb des Story-Scopes wird unbeabsichtigt verändert.

Abhängigkeiten
- Parent: KAN-84
- Testdaten und Fehlerszenarien werden mit dem zugehörigen Xray-Testfall abgestimmt.",300299,KAN-84,Highest
Task,E7-05 Produktbilder administrieren – Administrations- und Berechtigungstests ausführen,"Zugehörige Story: KAN-84 – E7-05 Produktbilder administrieren
Priorität der Story: Highest

Ziel
Rollenmatrix, kritische CRUD-Aktionen, Synchronisationsfehler und irreversible Aktionen mit Testdaten prüfen.

Vorgehen
1. Bestehende Schnittstellen, Daten und Randbedingungen für „Produktbilder administrieren“ prüfen.
2. Die fachliche Regel an der zuständigen Schicht implementieren und gegen ungültige Eingaben absichern.
3. UI, API, Persistenz oder Testdaten so integrieren, dass der Ablauf reproduzierbar bleibt.
4. Erfolgs-, Fehler-, Berechtigungs- und Wiederholungsfall dokumentieren.

Erledigt wenn
- Die Rollenmatrix ist dokumentiert und alle kritischen Adminpfade liefern erwartete Ergebnisse.
- Die relevanten Akzeptanzkriterien der Story sind nachweisbar erfüllt.
- Automatisierte oder reproduzierbare Tests sind vorhanden und im Review nachvollziehbar.
- Keine bestehende Funktion außerhalb des Story-Scopes wird unbeabsichtigt verändert.

Abhängigkeiten
- Parent: KAN-84
- Testdaten und Fehlerszenarien werden mit dem zugehörigen Xray-Testfall abgestimmt.",300300,KAN-84,Highest
Task,E7-06 Bestände korrigieren – Admin-Sicherheitsmodell umsetzen,"Zugehörige Story: KAN-85 – E7-06 Bestände korrigieren
Priorität der Story: Highest

Ziel
Rollen, Berechtigungen, Session-Schutz, Audit-Anforderungen und sichere Admin-Anmeldung für die Story implementieren.

Vorgehen
1. Bestehende Schnittstellen, Daten und Randbedingungen für „Bestände korrigieren“ prüfen.
2. Die fachliche Regel an der zuständigen Schicht implementieren und gegen ungültige Eingaben absichern.
3. UI, API, Persistenz oder Testdaten so integrieren, dass der Ablauf reproduzierbar bleibt.
4. Erfolgs-, Fehler-, Berechtigungs- und Wiederholungsfall dokumentieren.

Erledigt wenn
- Nicht berechtigte Zugriffe werden serverseitig abgewiesen und relevante Aktionen protokolliert.
- Die relevanten Akzeptanzkriterien der Story sind nachweisbar erfüllt.
- Automatisierte oder reproduzierbare Tests sind vorhanden und im Review nachvollziehbar.
- Keine bestehende Funktion außerhalb des Story-Scopes wird unbeabsichtigt verändert.

Abhängigkeiten
- Parent: KAN-85
- Testdaten und Fehlerszenarien werden mit dem zugehörigen Xray-Testfall abgestimmt.",300301,KAN-85,Highest
Task,E7-06 Bestände korrigieren – Administrationsoberfläche und Datenoperationen bauen,"Zugehörige Story: KAN-85 – E7-06 Bestände korrigieren
Priorität der Story: Highest

Ziel
Listen, Filter, Formulare, Bulk-Aktionen, Bestätigungsdialoge und sichere Mutationen für die Story umsetzen.

Vorgehen
1. Bestehende Schnittstellen, Daten und Randbedingungen für „Bestände korrigieren“ prüfen.
2. Die fachliche Regel an der zuständigen Schicht implementieren und gegen ungültige Eingaben absichern.
3. UI, API, Persistenz oder Testdaten so integrieren, dass der Ablauf reproduzierbar bleibt.
4. Erfolgs-, Fehler-, Berechtigungs- und Wiederholungsfall dokumentieren.

Erledigt wenn
- Admin-Aktionen sind verständlich, validiert und nach Abschluss direkt nachvollziehbar.
- Die relevanten Akzeptanzkriterien der Story sind nachweisbar erfüllt.
- Automatisierte oder reproduzierbare Tests sind vorhanden und im Review nachvollziehbar.
- Keine bestehende Funktion außerhalb des Story-Scopes wird unbeabsichtigt verändert.

Abhängigkeiten
- Parent: KAN-85
- Testdaten und Fehlerszenarien werden mit dem zugehörigen Xray-Testfall abgestimmt.",300302,KAN-85,Highest
Task,"E7-06 Bestände korrigieren – Synchronisation, Fehlerpfade und Audit integrieren","Zugehörige Story: KAN-85 – E7-06 Bestände korrigieren
Priorität der Story: Highest

Ziel
Jobstatus, Wiederholbarkeit, Konfliktbehandlung, Fehleranzeige und Änderungsverlauf für die Story bereitstellen.

Vorgehen
1. Bestehende Schnittstellen, Daten und Randbedingungen für „Bestände korrigieren“ prüfen.
2. Die fachliche Regel an der zuständigen Schicht implementieren und gegen ungültige Eingaben absichern.
3. UI, API, Persistenz oder Testdaten so integrieren, dass der Ablauf reproduzierbar bleibt.
4. Erfolgs-, Fehler-, Berechtigungs- und Wiederholungsfall dokumentieren.

Erledigt wenn
- Ein fehlerhafter Datensatz blockiert nicht den übrigen Lauf; Ursachen und Änderungen bleiben sichtbar.
- Die relevanten Akzeptanzkriterien der Story sind nachweisbar erfüllt.
- Automatisierte oder reproduzierbare Tests sind vorhanden und im Review nachvollziehbar.
- Keine bestehende Funktion außerhalb des Story-Scopes wird unbeabsichtigt verändert.

Abhängigkeiten
- Parent: KAN-85
- Testdaten und Fehlerszenarien werden mit dem zugehörigen Xray-Testfall abgestimmt.",300303,KAN-85,Highest
Task,E7-06 Bestände korrigieren – Administrations- und Berechtigungstests ausführen,"Zugehörige Story: KAN-85 – E7-06 Bestände korrigieren
Priorität der Story: Highest

Ziel
Rollenmatrix, kritische CRUD-Aktionen, Synchronisationsfehler und irreversible Aktionen mit Testdaten prüfen.

Vorgehen
1. Bestehende Schnittstellen, Daten und Randbedingungen für „Bestände korrigieren“ prüfen.
2. Die fachliche Regel an der zuständigen Schicht implementieren und gegen ungültige Eingaben absichern.
3. UI, API, Persistenz oder Testdaten so integrieren, dass der Ablauf reproduzierbar bleibt.
4. Erfolgs-, Fehler-, Berechtigungs- und Wiederholungsfall dokumentieren.

Erledigt wenn
- Die Rollenmatrix ist dokumentiert und alle kritischen Adminpfade liefern erwartete Ergebnisse.
- Die relevanten Akzeptanzkriterien der Story sind nachweisbar erfüllt.
- Automatisierte oder reproduzierbare Tests sind vorhanden und im Review nachvollziehbar.
- Keine bestehende Funktion außerhalb des Story-Scopes wird unbeabsichtigt verändert.

Abhängigkeiten
- Parent: KAN-85
- Testdaten und Fehlerszenarien werden mit dem zugehörigen Xray-Testfall abgestimmt.",300304,KAN-85,Highest
Task,E7-07 Bestellungen administrieren – Admin-Sicherheitsmodell umsetzen,"Zugehörige Story: KAN-86 – E7-07 Bestellungen administrieren
Priorität der Story: Highest

Ziel
Rollen, Berechtigungen, Session-Schutz, Audit-Anforderungen und sichere Admin-Anmeldung für die Story implementieren.

Vorgehen
1. Bestehende Schnittstellen, Daten und Randbedingungen für „Bestellungen administrieren“ prüfen.
2. Die fachliche Regel an der zuständigen Schicht implementieren und gegen ungültige Eingaben absichern.
3. UI, API, Persistenz oder Testdaten so integrieren, dass der Ablauf reproduzierbar bleibt.
4. Erfolgs-, Fehler-, Berechtigungs- und Wiederholungsfall dokumentieren.

Erledigt wenn
- Nicht berechtigte Zugriffe werden serverseitig abgewiesen und relevante Aktionen protokolliert.
- Die relevanten Akzeptanzkriterien der Story sind nachweisbar erfüllt.
- Automatisierte oder reproduzierbare Tests sind vorhanden und im Review nachvollziehbar.
- Keine bestehende Funktion außerhalb des Story-Scopes wird unbeabsichtigt verändert.

Abhängigkeiten
- Parent: KAN-86
- Testdaten und Fehlerszenarien werden mit dem zugehörigen Xray-Testfall abgestimmt.",300305,KAN-86,Highest
Task,E7-07 Bestellungen administrieren – Administrationsoberfläche und Datenoperationen bauen,"Zugehörige Story: KAN-86 – E7-07 Bestellungen administrieren
Priorität der Story: Highest

Ziel
Listen, Filter, Formulare, Bulk-Aktionen, Bestätigungsdialoge und sichere Mutationen für die Story umsetzen.

Vorgehen
1. Bestehende Schnittstellen, Daten und Randbedingungen für „Bestellungen administrieren“ prüfen.
2. Die fachliche Regel an der zuständigen Schicht implementieren und gegen ungültige Eingaben absichern.
3. UI, API, Persistenz oder Testdaten so integrieren, dass der Ablauf reproduzierbar bleibt.
4. Erfolgs-, Fehler-, Berechtigungs- und Wiederholungsfall dokumentieren.

Erledigt wenn
- Admin-Aktionen sind verständlich, validiert und nach Abschluss direkt nachvollziehbar.
- Die relevanten Akzeptanzkriterien der Story sind nachweisbar erfüllt.
- Automatisierte oder reproduzierbare Tests sind vorhanden und im Review nachvollziehbar.
- Keine bestehende Funktion außerhalb des Story-Scopes wird unbeabsichtigt verändert.

Abhängigkeiten
- Parent: KAN-86
- Testdaten und Fehlerszenarien werden mit dem zugehörigen Xray-Testfall abgestimmt.",300306,KAN-86,Highest
Task,"E7-07 Bestellungen administrieren – Synchronisation, Fehlerpfade und Audit integrieren","Zugehörige Story: KAN-86 – E7-07 Bestellungen administrieren
Priorität der Story: Highest

Ziel
Jobstatus, Wiederholbarkeit, Konfliktbehandlung, Fehleranzeige und Änderungsverlauf für die Story bereitstellen.

Vorgehen
1. Bestehende Schnittstellen, Daten und Randbedingungen für „Bestellungen administrieren“ prüfen.
2. Die fachliche Regel an der zuständigen Schicht implementieren und gegen ungültige Eingaben absichern.
3. UI, API, Persistenz oder Testdaten so integrieren, dass der Ablauf reproduzierbar bleibt.
4. Erfolgs-, Fehler-, Berechtigungs- und Wiederholungsfall dokumentieren.

Erledigt wenn
- Ein fehlerhafter Datensatz blockiert nicht den übrigen Lauf; Ursachen und Änderungen bleiben sichtbar.
- Die relevanten Akzeptanzkriterien der Story sind nachweisbar erfüllt.
- Automatisierte oder reproduzierbare Tests sind vorhanden und im Review nachvollziehbar.
- Keine bestehende Funktion außerhalb des Story-Scopes wird unbeabsichtigt verändert.

Abhängigkeiten
- Parent: KAN-86
- Testdaten und Fehlerszenarien werden mit dem zugehörigen Xray-Testfall abgestimmt.",300307,KAN-86,Highest
Task,E7-07 Bestellungen administrieren – Administrations- und Berechtigungstests ausführen,"Zugehörige Story: KAN-86 – E7-07 Bestellungen administrieren
Priorität der Story: Highest

Ziel
Rollenmatrix, kritische CRUD-Aktionen, Synchronisationsfehler und irreversible Aktionen mit Testdaten prüfen.

Vorgehen
1. Bestehende Schnittstellen, Daten und Randbedingungen für „Bestellungen administrieren“ prüfen.
2. Die fachliche Regel an der zuständigen Schicht implementieren und gegen ungültige Eingaben absichern.
3. UI, API, Persistenz oder Testdaten so integrieren, dass der Ablauf reproduzierbar bleibt.
4. Erfolgs-, Fehler-, Berechtigungs- und Wiederholungsfall dokumentieren.

Erledigt wenn
- Die Rollenmatrix ist dokumentiert und alle kritischen Adminpfade liefern erwartete Ergebnisse.
- Die relevanten Akzeptanzkriterien der Story sind nachweisbar erfüllt.
- Automatisierte oder reproduzierbare Tests sind vorhanden und im Review nachvollziehbar.
- Keine bestehende Funktion außerhalb des Story-Scopes wird unbeabsichtigt verändert.

Abhängigkeiten
- Parent: KAN-86
- Testdaten und Fehlerszenarien werden mit dem zugehörigen Xray-Testfall abgestimmt.",300308,KAN-86,Highest
Task,E7-08 Kundenkonten administrieren – Admin-Sicherheitsmodell umsetzen,"Zugehörige Story: KAN-87 – E7-08 Kundenkonten administrieren
Priorität der Story: Highest

Ziel
Rollen, Berechtigungen, Session-Schutz, Audit-Anforderungen und sichere Admin-Anmeldung für die Story implementieren.

Vorgehen
1. Bestehende Schnittstellen, Daten und Randbedingungen für „Kundenkonten administrieren“ prüfen.
2. Die fachliche Regel an der zuständigen Schicht implementieren und gegen ungültige Eingaben absichern.
3. UI, API, Persistenz oder Testdaten so integrieren, dass der Ablauf reproduzierbar bleibt.
4. Erfolgs-, Fehler-, Berechtigungs- und Wiederholungsfall dokumentieren.

Erledigt wenn
- Nicht berechtigte Zugriffe werden serverseitig abgewiesen und relevante Aktionen protokolliert.
- Die relevanten Akzeptanzkriterien der Story sind nachweisbar erfüllt.
- Automatisierte oder reproduzierbare Tests sind vorhanden und im Review nachvollziehbar.
- Keine bestehende Funktion außerhalb des Story-Scopes wird unbeabsichtigt verändert.

Abhängigkeiten
- Parent: KAN-87
- Testdaten und Fehlerszenarien werden mit dem zugehörigen Xray-Testfall abgestimmt.",300309,KAN-87,Highest
Task,E7-08 Kundenkonten administrieren – Administrationsoberfläche und Datenoperationen bauen,"Zugehörige Story: KAN-87 – E7-08 Kundenkonten administrieren
Priorität der Story: Highest

Ziel
Listen, Filter, Formulare, Bulk-Aktionen, Bestätigungsdialoge und sichere Mutationen für die Story umsetzen.

Vorgehen
1. Bestehende Schnittstellen, Daten und Randbedingungen für „Kundenkonten administrieren“ prüfen.
2. Die fachliche Regel an der zuständigen Schicht implementieren und gegen ungültige Eingaben absichern.
3. UI, API, Persistenz oder Testdaten so integrieren, dass der Ablauf reproduzierbar bleibt.
4. Erfolgs-, Fehler-, Berechtigungs- und Wiederholungsfall dokumentieren.

Erledigt wenn
- Admin-Aktionen sind verständlich, validiert und nach Abschluss direkt nachvollziehbar.
- Die relevanten Akzeptanzkriterien der Story sind nachweisbar erfüllt.
- Automatisierte oder reproduzierbare Tests sind vorhanden und im Review nachvollziehbar.
- Keine bestehende Funktion außerhalb des Story-Scopes wird unbeabsichtigt verändert.

Abhängigkeiten
- Parent: KAN-87
- Testdaten und Fehlerszenarien werden mit dem zugehörigen Xray-Testfall abgestimmt.",300310,KAN-87,Highest
Task,"E7-08 Kundenkonten administrieren – Synchronisation, Fehlerpfade und Audit integrieren","Zugehörige Story: KAN-87 – E7-08 Kundenkonten administrieren
Priorität der Story: Highest

Ziel
Jobstatus, Wiederholbarkeit, Konfliktbehandlung, Fehleranzeige und Änderungsverlauf für die Story bereitstellen.

Vorgehen
1. Bestehende Schnittstellen, Daten und Randbedingungen für „Kundenkonten administrieren“ prüfen.
2. Die fachliche Regel an der zuständigen Schicht implementieren und gegen ungültige Eingaben absichern.
3. UI, API, Persistenz oder Testdaten so integrieren, dass der Ablauf reproduzierbar bleibt.
4. Erfolgs-, Fehler-, Berechtigungs- und Wiederholungsfall dokumentieren.

Erledigt wenn
- Ein fehlerhafter Datensatz blockiert nicht den übrigen Lauf; Ursachen und Änderungen bleiben sichtbar.
- Die relevanten Akzeptanzkriterien der Story sind nachweisbar erfüllt.
- Automatisierte oder reproduzierbare Tests sind vorhanden und im Review nachvollziehbar.
- Keine bestehende Funktion außerhalb des Story-Scopes wird unbeabsichtigt verändert.

Abhängigkeiten
- Parent: KAN-87
- Testdaten und Fehlerszenarien werden mit dem zugehörigen Xray-Testfall abgestimmt.",300311,KAN-87,Highest
Task,E7-08 Kundenkonten administrieren – Administrations- und Berechtigungstests ausführen,"Zugehörige Story: KAN-87 – E7-08 Kundenkonten administrieren
Priorität der Story: Highest

Ziel
Rollenmatrix, kritische CRUD-Aktionen, Synchronisationsfehler und irreversible Aktionen mit Testdaten prüfen.

Vorgehen
1. Bestehende Schnittstellen, Daten und Randbedingungen für „Kundenkonten administrieren“ prüfen.
2. Die fachliche Regel an der zuständigen Schicht implementieren und gegen ungültige Eingaben absichern.
3. UI, API, Persistenz oder Testdaten so integrieren, dass der Ablauf reproduzierbar bleibt.
4. Erfolgs-, Fehler-, Berechtigungs- und Wiederholungsfall dokumentieren.

Erledigt wenn
- Die Rollenmatrix ist dokumentiert und alle kritischen Adminpfade liefern erwartete Ergebnisse.
- Die relevanten Akzeptanzkriterien der Story sind nachweisbar erfüllt.
- Automatisierte oder reproduzierbare Tests sind vorhanden und im Review nachvollziehbar.
- Keine bestehende Funktion außerhalb des Story-Scopes wird unbeabsichtigt verändert.

Abhängigkeiten
- Parent: KAN-87
- Testdaten und Fehlerszenarien werden mit dem zugehörigen Xray-Testfall abgestimmt.",300312,KAN-87,Highest
Task,E7-09 Verkaufsangebote administrieren – Admin-Sicherheitsmodell umsetzen,"Zugehörige Story: KAN-88 – E7-09 Verkaufsangebote administrieren
Priorität der Story: Medium

Ziel
Rollen, Berechtigungen, Session-Schutz, Audit-Anforderungen und sichere Admin-Anmeldung für die Story implementieren.

Vorgehen
1. Bestehende Schnittstellen, Daten und Randbedingungen für „Verkaufsangebote administrieren“ prüfen.
2. Die fachliche Regel an der zuständigen Schicht implementieren und gegen ungültige Eingaben absichern.
3. UI, API, Persistenz oder Testdaten so integrieren, dass der Ablauf reproduzierbar bleibt.
4. Erfolgs-, Fehler-, Berechtigungs- und Wiederholungsfall dokumentieren.

Erledigt wenn
- Nicht berechtigte Zugriffe werden serverseitig abgewiesen und relevante Aktionen protokolliert.
- Die relevanten Akzeptanzkriterien der Story sind nachweisbar erfüllt.
- Automatisierte oder reproduzierbare Tests sind vorhanden und im Review nachvollziehbar.
- Keine bestehende Funktion außerhalb des Story-Scopes wird unbeabsichtigt verändert.

Abhängigkeiten
- Parent: KAN-88
- Testdaten und Fehlerszenarien werden mit dem zugehörigen Xray-Testfall abgestimmt.",300313,KAN-88,Medium
Task,E7-09 Verkaufsangebote administrieren – Administrationsoberfläche und Datenoperationen bauen,"Zugehörige Story: KAN-88 – E7-09 Verkaufsangebote administrieren
Priorität der Story: Medium

Ziel
Listen, Filter, Formulare, Bulk-Aktionen, Bestätigungsdialoge und sichere Mutationen für die Story umsetzen.

Vorgehen
1. Bestehende Schnittstellen, Daten und Randbedingungen für „Verkaufsangebote administrieren“ prüfen.
2. Die fachliche Regel an der zuständigen Schicht implementieren und gegen ungültige Eingaben absichern.
3. UI, API, Persistenz oder Testdaten so integrieren, dass der Ablauf reproduzierbar bleibt.
4. Erfolgs-, Fehler-, Berechtigungs- und Wiederholungsfall dokumentieren.

Erledigt wenn
- Admin-Aktionen sind verständlich, validiert und nach Abschluss direkt nachvollziehbar.
- Die relevanten Akzeptanzkriterien der Story sind nachweisbar erfüllt.
- Automatisierte oder reproduzierbare Tests sind vorhanden und im Review nachvollziehbar.
- Keine bestehende Funktion außerhalb des Story-Scopes wird unbeabsichtigt verändert.

Abhängigkeiten
- Parent: KAN-88
- Testdaten und Fehlerszenarien werden mit dem zugehörigen Xray-Testfall abgestimmt.",300314,KAN-88,Medium
Task,"E7-09 Verkaufsangebote administrieren – Synchronisation, Fehlerpfade und Audit integrieren","Zugehörige Story: KAN-88 – E7-09 Verkaufsangebote administrieren
Priorität der Story: Medium

Ziel
Jobstatus, Wiederholbarkeit, Konfliktbehandlung, Fehleranzeige und Änderungsverlauf für die Story bereitstellen.

Vorgehen
1. Bestehende Schnittstellen, Daten und Randbedingungen für „Verkaufsangebote administrieren“ prüfen.
2. Die fachliche Regel an der zuständigen Schicht implementieren und gegen ungültige Eingaben absichern.
3. UI, API, Persistenz oder Testdaten so integrieren, dass der Ablauf reproduzierbar bleibt.
4. Erfolgs-, Fehler-, Berechtigungs- und Wiederholungsfall dokumentieren.

Erledigt wenn
- Ein fehlerhafter Datensatz blockiert nicht den übrigen Lauf; Ursachen und Änderungen bleiben sichtbar.
- Die relevanten Akzeptanzkriterien der Story sind nachweisbar erfüllt.
- Automatisierte oder reproduzierbare Tests sind vorhanden und im Review nachvollziehbar.
- Keine bestehende Funktion außerhalb des Story-Scopes wird unbeabsichtigt verändert.

Abhängigkeiten
- Parent: KAN-88
- Testdaten und Fehlerszenarien werden mit dem zugehörigen Xray-Testfall abgestimmt.",300315,KAN-88,Medium
Task,E7-09 Verkaufsangebote administrieren – Administrations- und Berechtigungstests ausführen,"Zugehörige Story: KAN-88 – E7-09 Verkaufsangebote administrieren
Priorität der Story: Medium

Ziel
Rollenmatrix, kritische CRUD-Aktionen, Synchronisationsfehler und irreversible Aktionen mit Testdaten prüfen.

Vorgehen
1. Bestehende Schnittstellen, Daten und Randbedingungen für „Verkaufsangebote administrieren“ prüfen.
2. Die fachliche Regel an der zuständigen Schicht implementieren und gegen ungültige Eingaben absichern.
3. UI, API, Persistenz oder Testdaten so integrieren, dass der Ablauf reproduzierbar bleibt.
4. Erfolgs-, Fehler-, Berechtigungs- und Wiederholungsfall dokumentieren.

Erledigt wenn
- Die Rollenmatrix ist dokumentiert und alle kritischen Adminpfade liefern erwartete Ergebnisse.
- Die relevanten Akzeptanzkriterien der Story sind nachweisbar erfüllt.
- Automatisierte oder reproduzierbare Tests sind vorhanden und im Review nachvollziehbar.
- Keine bestehende Funktion außerhalb des Story-Scopes wird unbeabsichtigt verändert.

Abhängigkeiten
- Parent: KAN-88
- Testdaten und Fehlerszenarien werden mit dem zugehörigen Xray-Testfall abgestimmt.",300316,KAN-88,Medium
Task,E7-10 Katalogstammdaten verwalten – Admin-Sicherheitsmodell umsetzen,"Zugehörige Story: KAN-89 – E7-10 Katalogstammdaten verwalten
Priorität der Story: Highest

Ziel
Rollen, Berechtigungen, Session-Schutz, Audit-Anforderungen und sichere Admin-Anmeldung für die Story implementieren.

Vorgehen
1. Bestehende Schnittstellen, Daten und Randbedingungen für „Katalogstammdaten verwalten“ prüfen.
2. Die fachliche Regel an der zuständigen Schicht implementieren und gegen ungültige Eingaben absichern.
3. UI, API, Persistenz oder Testdaten so integrieren, dass der Ablauf reproduzierbar bleibt.
4. Erfolgs-, Fehler-, Berechtigungs- und Wiederholungsfall dokumentieren.

Erledigt wenn
- Nicht berechtigte Zugriffe werden serverseitig abgewiesen und relevante Aktionen protokolliert.
- Die relevanten Akzeptanzkriterien der Story sind nachweisbar erfüllt.
- Automatisierte oder reproduzierbare Tests sind vorhanden und im Review nachvollziehbar.
- Keine bestehende Funktion außerhalb des Story-Scopes wird unbeabsichtigt verändert.

Abhängigkeiten
- Parent: KAN-89
- Testdaten und Fehlerszenarien werden mit dem zugehörigen Xray-Testfall abgestimmt.",300317,KAN-89,Highest
Task,E7-10 Katalogstammdaten verwalten – Administrationsoberfläche und Datenoperationen bauen,"Zugehörige Story: KAN-89 – E7-10 Katalogstammdaten verwalten
Priorität der Story: Highest

Ziel
Listen, Filter, Formulare, Bulk-Aktionen, Bestätigungsdialoge und sichere Mutationen für die Story umsetzen.

Vorgehen
1. Bestehende Schnittstellen, Daten und Randbedingungen für „Katalogstammdaten verwalten“ prüfen.
2. Die fachliche Regel an der zuständigen Schicht implementieren und gegen ungültige Eingaben absichern.
3. UI, API, Persistenz oder Testdaten so integrieren, dass der Ablauf reproduzierbar bleibt.
4. Erfolgs-, Fehler-, Berechtigungs- und Wiederholungsfall dokumentieren.

Erledigt wenn
- Admin-Aktionen sind verständlich, validiert und nach Abschluss direkt nachvollziehbar.
- Die relevanten Akzeptanzkriterien der Story sind nachweisbar erfüllt.
- Automatisierte oder reproduzierbare Tests sind vorhanden und im Review nachvollziehbar.
- Keine bestehende Funktion außerhalb des Story-Scopes wird unbeabsichtigt verändert.

Abhängigkeiten
- Parent: KAN-89
- Testdaten und Fehlerszenarien werden mit dem zugehörigen Xray-Testfall abgestimmt.",300318,KAN-89,Highest
Task,"E7-10 Katalogstammdaten verwalten – Synchronisation, Fehlerpfade und Audit integrieren","Zugehörige Story: KAN-89 – E7-10 Katalogstammdaten verwalten
Priorität der Story: Highest

Ziel
Jobstatus, Wiederholbarkeit, Konfliktbehandlung, Fehleranzeige und Änderungsverlauf für die Story bereitstellen.

Vorgehen
1. Bestehende Schnittstellen, Daten und Randbedingungen für „Katalogstammdaten verwalten“ prüfen.
2. Die fachliche Regel an der zuständigen Schicht implementieren und gegen ungültige Eingaben absichern.
3. UI, API, Persistenz oder Testdaten so integrieren, dass der Ablauf reproduzierbar bleibt.
4. Erfolgs-, Fehler-, Berechtigungs- und Wiederholungsfall dokumentieren.

Erledigt wenn
- Ein fehlerhafter Datensatz blockiert nicht den übrigen Lauf; Ursachen und Änderungen bleiben sichtbar.
- Die relevanten Akzeptanzkriterien der Story sind nachweisbar erfüllt.
- Automatisierte oder reproduzierbare Tests sind vorhanden und im Review nachvollziehbar.
- Keine bestehende Funktion außerhalb des Story-Scopes wird unbeabsichtigt verändert.

Abhängigkeiten
- Parent: KAN-89
- Testdaten und Fehlerszenarien werden mit dem zugehörigen Xray-Testfall abgestimmt.",300319,KAN-89,Highest
Task,E7-10 Katalogstammdaten verwalten – Administrations- und Berechtigungstests ausführen,"Zugehörige Story: KAN-89 – E7-10 Katalogstammdaten verwalten
Priorität der Story: Highest

Ziel
Rollenmatrix, kritische CRUD-Aktionen, Synchronisationsfehler und irreversible Aktionen mit Testdaten prüfen.

Vorgehen
1. Bestehende Schnittstellen, Daten und Randbedingungen für „Katalogstammdaten verwalten“ prüfen.
2. Die fachliche Regel an der zuständigen Schicht implementieren und gegen ungültige Eingaben absichern.
3. UI, API, Persistenz oder Testdaten so integrieren, dass der Ablauf reproduzierbar bleibt.
4. Erfolgs-, Fehler-, Berechtigungs- und Wiederholungsfall dokumentieren.

Erledigt wenn
- Die Rollenmatrix ist dokumentiert und alle kritischen Adminpfade liefern erwartete Ergebnisse.
- Die relevanten Akzeptanzkriterien der Story sind nachweisbar erfüllt.
- Automatisierte oder reproduzierbare Tests sind vorhanden und im Review nachvollziehbar.
- Keine bestehende Funktion außerhalb des Story-Scopes wird unbeabsichtigt verändert.

Abhängigkeiten
- Parent: KAN-89
- Testdaten und Fehlerszenarien werden mit dem zugehörigen Xray-Testfall abgestimmt.",300320,KAN-89,Highest
Task,E7-11 Datenquellen synchronisieren – Admin-Sicherheitsmodell umsetzen,"Zugehörige Story: KAN-90 – E7-11 Datenquellen synchronisieren
Priorität der Story: Highest

Ziel
Rollen, Berechtigungen, Session-Schutz, Audit-Anforderungen und sichere Admin-Anmeldung für die Story implementieren.

Vorgehen
1. Bestehende Schnittstellen, Daten und Randbedingungen für „Datenquellen synchronisieren“ prüfen.
2. Die fachliche Regel an der zuständigen Schicht implementieren und gegen ungültige Eingaben absichern.
3. UI, API, Persistenz oder Testdaten so integrieren, dass der Ablauf reproduzierbar bleibt.
4. Erfolgs-, Fehler-, Berechtigungs- und Wiederholungsfall dokumentieren.

Erledigt wenn
- Nicht berechtigte Zugriffe werden serverseitig abgewiesen und relevante Aktionen protokolliert.
- Die relevanten Akzeptanzkriterien der Story sind nachweisbar erfüllt.
- Automatisierte oder reproduzierbare Tests sind vorhanden und im Review nachvollziehbar.
- Keine bestehende Funktion außerhalb des Story-Scopes wird unbeabsichtigt verändert.

Abhängigkeiten
- Parent: KAN-90
- Testdaten und Fehlerszenarien werden mit dem zugehörigen Xray-Testfall abgestimmt.",300321,KAN-90,Highest
Task,E7-11 Datenquellen synchronisieren – Administrationsoberfläche und Datenoperationen bauen,"Zugehörige Story: KAN-90 – E7-11 Datenquellen synchronisieren
Priorität der Story: Highest

Ziel
Listen, Filter, Formulare, Bulk-Aktionen, Bestätigungsdialoge und sichere Mutationen für die Story umsetzen.

Vorgehen
1. Bestehende Schnittstellen, Daten und Randbedingungen für „Datenquellen synchronisieren“ prüfen.
2. Die fachliche Regel an der zuständigen Schicht implementieren und gegen ungültige Eingaben absichern.
3. UI, API, Persistenz oder Testdaten so integrieren, dass der Ablauf reproduzierbar bleibt.
4. Erfolgs-, Fehler-, Berechtigungs- und Wiederholungsfall dokumentieren.

Erledigt wenn
- Admin-Aktionen sind verständlich, validiert und nach Abschluss direkt nachvollziehbar.
- Die relevanten Akzeptanzkriterien der Story sind nachweisbar erfüllt.
- Automatisierte oder reproduzierbare Tests sind vorhanden und im Review nachvollziehbar.
- Keine bestehende Funktion außerhalb des Story-Scopes wird unbeabsichtigt verändert.

Abhängigkeiten
- Parent: KAN-90
- Testdaten und Fehlerszenarien werden mit dem zugehörigen Xray-Testfall abgestimmt.",300322,KAN-90,Highest
Task,"E7-11 Datenquellen synchronisieren – Synchronisation, Fehlerpfade und Audit integrieren","Zugehörige Story: KAN-90 – E7-11 Datenquellen synchronisieren
Priorität der Story: Highest

Ziel
Jobstatus, Wiederholbarkeit, Konfliktbehandlung, Fehleranzeige und Änderungsverlauf für die Story bereitstellen.

Vorgehen
1. Bestehende Schnittstellen, Daten und Randbedingungen für „Datenquellen synchronisieren“ prüfen.
2. Die fachliche Regel an der zuständigen Schicht implementieren und gegen ungültige Eingaben absichern.
3. UI, API, Persistenz oder Testdaten so integrieren, dass der Ablauf reproduzierbar bleibt.
4. Erfolgs-, Fehler-, Berechtigungs- und Wiederholungsfall dokumentieren.

Erledigt wenn
- Ein fehlerhafter Datensatz blockiert nicht den übrigen Lauf; Ursachen und Änderungen bleiben sichtbar.
- Die relevanten Akzeptanzkriterien der Story sind nachweisbar erfüllt.
- Automatisierte oder reproduzierbare Tests sind vorhanden und im Review nachvollziehbar.
- Keine bestehende Funktion außerhalb des Story-Scopes wird unbeabsichtigt verändert.

Abhängigkeiten
- Parent: KAN-90
- Testdaten und Fehlerszenarien werden mit dem zugehörigen Xray-Testfall abgestimmt.",300323,KAN-90,Highest
Task,E7-11 Datenquellen synchronisieren – Administrations- und Berechtigungstests ausführen,"Zugehörige Story: KAN-90 – E7-11 Datenquellen synchronisieren
Priorität der Story: Highest

Ziel
Rollenmatrix, kritische CRUD-Aktionen, Synchronisationsfehler und irreversible Aktionen mit Testdaten prüfen.

Vorgehen
1. Bestehende Schnittstellen, Daten und Randbedingungen für „Datenquellen synchronisieren“ prüfen.
2. Die fachliche Regel an der zuständigen Schicht implementieren und gegen ungültige Eingaben absichern.
3. UI, API, Persistenz oder Testdaten so integrieren, dass der Ablauf reproduzierbar bleibt.
4. Erfolgs-, Fehler-, Berechtigungs- und Wiederholungsfall dokumentieren.

Erledigt wenn
- Die Rollenmatrix ist dokumentiert und alle kritischen Adminpfade liefern erwartete Ergebnisse.
- Die relevanten Akzeptanzkriterien der Story sind nachweisbar erfüllt.
- Automatisierte oder reproduzierbare Tests sind vorhanden und im Review nachvollziehbar.
- Keine bestehende Funktion außerhalb des Story-Scopes wird unbeabsichtigt verändert.

Abhängigkeiten
- Parent: KAN-90
- Testdaten und Fehlerszenarien werden mit dem zugehörigen Xray-Testfall abgestimmt.",300324,KAN-90,Highest
Task,E7-12 Synchronisationsfehler beheben – Admin-Sicherheitsmodell umsetzen,"Zugehörige Story: KAN-91 – E7-12 Synchronisationsfehler beheben
Priorität der Story: Highest

Ziel
Rollen, Berechtigungen, Session-Schutz, Audit-Anforderungen und sichere Admin-Anmeldung für die Story implementieren.

Vorgehen
1. Bestehende Schnittstellen, Daten und Randbedingungen für „Synchronisationsfehler beheben“ prüfen.
2. Die fachliche Regel an der zuständigen Schicht implementieren und gegen ungültige Eingaben absichern.
3. UI, API, Persistenz oder Testdaten so integrieren, dass der Ablauf reproduzierbar bleibt.
4. Erfolgs-, Fehler-, Berechtigungs- und Wiederholungsfall dokumentieren.

Erledigt wenn
- Nicht berechtigte Zugriffe werden serverseitig abgewiesen und relevante Aktionen protokolliert.
- Die relevanten Akzeptanzkriterien der Story sind nachweisbar erfüllt.
- Automatisierte oder reproduzierbare Tests sind vorhanden und im Review nachvollziehbar.
- Keine bestehende Funktion außerhalb des Story-Scopes wird unbeabsichtigt verändert.

Abhängigkeiten
- Parent: KAN-91
- Testdaten und Fehlerszenarien werden mit dem zugehörigen Xray-Testfall abgestimmt.",300325,KAN-91,Highest
Task,E7-12 Synchronisationsfehler beheben – Administrationsoberfläche und Datenoperationen bauen,"Zugehörige Story: KAN-91 – E7-12 Synchronisationsfehler beheben
Priorität der Story: Highest

Ziel
Listen, Filter, Formulare, Bulk-Aktionen, Bestätigungsdialoge und sichere Mutationen für die Story umsetzen.

Vorgehen
1. Bestehende Schnittstellen, Daten und Randbedingungen für „Synchronisationsfehler beheben“ prüfen.
2. Die fachliche Regel an der zuständigen Schicht implementieren und gegen ungültige Eingaben absichern.
3. UI, API, Persistenz oder Testdaten so integrieren, dass der Ablauf reproduzierbar bleibt.
4. Erfolgs-, Fehler-, Berechtigungs- und Wiederholungsfall dokumentieren.

Erledigt wenn
- Admin-Aktionen sind verständlich, validiert und nach Abschluss direkt nachvollziehbar.
- Die relevanten Akzeptanzkriterien der Story sind nachweisbar erfüllt.
- Automatisierte oder reproduzierbare Tests sind vorhanden und im Review nachvollziehbar.
- Keine bestehende Funktion außerhalb des Story-Scopes wird unbeabsichtigt verändert.

Abhängigkeiten
- Parent: KAN-91
- Testdaten und Fehlerszenarien werden mit dem zugehörigen Xray-Testfall abgestimmt.",300326,KAN-91,Highest
Task,"E7-12 Synchronisationsfehler beheben – Synchronisation, Fehlerpfade und Audit integrieren","Zugehörige Story: KAN-91 – E7-12 Synchronisationsfehler beheben
Priorität der Story: Highest

Ziel
Jobstatus, Wiederholbarkeit, Konfliktbehandlung, Fehleranzeige und Änderungsverlauf für die Story bereitstellen.

Vorgehen
1. Bestehende Schnittstellen, Daten und Randbedingungen für „Synchronisationsfehler beheben“ prüfen.
2. Die fachliche Regel an der zuständigen Schicht implementieren und gegen ungültige Eingaben absichern.
3. UI, API, Persistenz oder Testdaten so integrieren, dass der Ablauf reproduzierbar bleibt.
4. Erfolgs-, Fehler-, Berechtigungs- und Wiederholungsfall dokumentieren.

Erledigt wenn
- Ein fehlerhafter Datensatz blockiert nicht den übrigen Lauf; Ursachen und Änderungen bleiben sichtbar.
- Die relevanten Akzeptanzkriterien der Story sind nachweisbar erfüllt.
- Automatisierte oder reproduzierbare Tests sind vorhanden und im Review nachvollziehbar.
- Keine bestehende Funktion außerhalb des Story-Scopes wird unbeabsichtigt verändert.

Abhängigkeiten
- Parent: KAN-91
- Testdaten und Fehlerszenarien werden mit dem zugehörigen Xray-Testfall abgestimmt.",300327,KAN-91,Highest
Task,E7-12 Synchronisationsfehler beheben – Administrations- und Berechtigungstests ausführen,"Zugehörige Story: KAN-91 – E7-12 Synchronisationsfehler beheben
Priorität der Story: Highest

Ziel
Rollenmatrix, kritische CRUD-Aktionen, Synchronisationsfehler und irreversible Aktionen mit Testdaten prüfen.

Vorgehen
1. Bestehende Schnittstellen, Daten und Randbedingungen für „Synchronisationsfehler beheben“ prüfen.
2. Die fachliche Regel an der zuständigen Schicht implementieren und gegen ungültige Eingaben absichern.
3. UI, API, Persistenz oder Testdaten so integrieren, dass der Ablauf reproduzierbar bleibt.
4. Erfolgs-, Fehler-, Berechtigungs- und Wiederholungsfall dokumentieren.

Erledigt wenn
- Die Rollenmatrix ist dokumentiert und alle kritischen Adminpfade liefern erwartete Ergebnisse.
- Die relevanten Akzeptanzkriterien der Story sind nachweisbar erfüllt.
- Automatisierte oder reproduzierbare Tests sind vorhanden und im Review nachvollziehbar.
- Keine bestehende Funktion außerhalb des Story-Scopes wird unbeabsichtigt verändert.

Abhängigkeiten
- Parent: KAN-91
- Testdaten und Fehlerszenarien werden mit dem zugehörigen Xray-Testfall abgestimmt.",300328,KAN-91,Highest
Task,E7-13 Änderungen nachvollziehen – Admin-Sicherheitsmodell umsetzen,"Zugehörige Story: KAN-92 – E7-13 Änderungen nachvollziehen
Priorität der Story: Highest

Ziel
Rollen, Berechtigungen, Session-Schutz, Audit-Anforderungen und sichere Admin-Anmeldung für die Story implementieren.

Vorgehen
1. Bestehende Schnittstellen, Daten und Randbedingungen für „Änderungen nachvollziehen“ prüfen.
2. Die fachliche Regel an der zuständigen Schicht implementieren und gegen ungültige Eingaben absichern.
3. UI, API, Persistenz oder Testdaten so integrieren, dass der Ablauf reproduzierbar bleibt.
4. Erfolgs-, Fehler-, Berechtigungs- und Wiederholungsfall dokumentieren.

Erledigt wenn
- Nicht berechtigte Zugriffe werden serverseitig abgewiesen und relevante Aktionen protokolliert.
- Die relevanten Akzeptanzkriterien der Story sind nachweisbar erfüllt.
- Automatisierte oder reproduzierbare Tests sind vorhanden und im Review nachvollziehbar.
- Keine bestehende Funktion außerhalb des Story-Scopes wird unbeabsichtigt verändert.

Abhängigkeiten
- Parent: KAN-92
- Testdaten und Fehlerszenarien werden mit dem zugehörigen Xray-Testfall abgestimmt.",300329,KAN-92,Highest
Task,E7-13 Änderungen nachvollziehen – Administrationsoberfläche und Datenoperationen bauen,"Zugehörige Story: KAN-92 – E7-13 Änderungen nachvollziehen
Priorität der Story: Highest

Ziel
Listen, Filter, Formulare, Bulk-Aktionen, Bestätigungsdialoge und sichere Mutationen für die Story umsetzen.

Vorgehen
1. Bestehende Schnittstellen, Daten und Randbedingungen für „Änderungen nachvollziehen“ prüfen.
2. Die fachliche Regel an der zuständigen Schicht implementieren und gegen ungültige Eingaben absichern.
3. UI, API, Persistenz oder Testdaten so integrieren, dass der Ablauf reproduzierbar bleibt.
4. Erfolgs-, Fehler-, Berechtigungs- und Wiederholungsfall dokumentieren.

Erledigt wenn
- Admin-Aktionen sind verständlich, validiert und nach Abschluss direkt nachvollziehbar.
- Die relevanten Akzeptanzkriterien der Story sind nachweisbar erfüllt.
- Automatisierte oder reproduzierbare Tests sind vorhanden und im Review nachvollziehbar.
- Keine bestehende Funktion außerhalb des Story-Scopes wird unbeabsichtigt verändert.

Abhängigkeiten
- Parent: KAN-92
- Testdaten und Fehlerszenarien werden mit dem zugehörigen Xray-Testfall abgestimmt.",300330,KAN-92,Highest
Task,"E7-13 Änderungen nachvollziehen – Synchronisation, Fehlerpfade und Audit integrieren","Zugehörige Story: KAN-92 – E7-13 Änderungen nachvollziehen
Priorität der Story: Highest

Ziel
Jobstatus, Wiederholbarkeit, Konfliktbehandlung, Fehleranzeige und Änderungsverlauf für die Story bereitstellen.

Vorgehen
1. Bestehende Schnittstellen, Daten und Randbedingungen für „Änderungen nachvollziehen“ prüfen.
2. Die fachliche Regel an der zuständigen Schicht implementieren und gegen ungültige Eingaben absichern.
3. UI, API, Persistenz oder Testdaten so integrieren, dass der Ablauf reproduzierbar bleibt.
4. Erfolgs-, Fehler-, Berechtigungs- und Wiederholungsfall dokumentieren.

Erledigt wenn
- Ein fehlerhafter Datensatz blockiert nicht den übrigen Lauf; Ursachen und Änderungen bleiben sichtbar.
- Die relevanten Akzeptanzkriterien der Story sind nachweisbar erfüllt.
- Automatisierte oder reproduzierbare Tests sind vorhanden und im Review nachvollziehbar.
- Keine bestehende Funktion außerhalb des Story-Scopes wird unbeabsichtigt verändert.

Abhängigkeiten
- Parent: KAN-92
- Testdaten und Fehlerszenarien werden mit dem zugehörigen Xray-Testfall abgestimmt.",300331,KAN-92,Highest
Task,E7-13 Änderungen nachvollziehen – Administrations- und Berechtigungstests ausführen,"Zugehörige Story: KAN-92 – E7-13 Änderungen nachvollziehen
Priorität der Story: Highest

Ziel
Rollenmatrix, kritische CRUD-Aktionen, Synchronisationsfehler und irreversible Aktionen mit Testdaten prüfen.

Vorgehen
1. Bestehende Schnittstellen, Daten und Randbedingungen für „Änderungen nachvollziehen“ prüfen.
2. Die fachliche Regel an der zuständigen Schicht implementieren und gegen ungültige Eingaben absichern.
3. UI, API, Persistenz oder Testdaten so integrieren, dass der Ablauf reproduzierbar bleibt.
4. Erfolgs-, Fehler-, Berechtigungs- und Wiederholungsfall dokumentieren.

Erledigt wenn
- Die Rollenmatrix ist dokumentiert und alle kritischen Adminpfade liefern erwartete Ergebnisse.
- Die relevanten Akzeptanzkriterien der Story sind nachweisbar erfüllt.
- Automatisierte oder reproduzierbare Tests sind vorhanden und im Review nachvollziehbar.
- Keine bestehende Funktion außerhalb des Story-Scopes wird unbeabsichtigt verändert.

Abhängigkeiten
- Parent: KAN-92
- Testdaten und Fehlerszenarien werden mit dem zugehörigen Xray-Testfall abgestimmt.",300332,KAN-92,Highest
Task,E8-01 Hauptnavigation verstehen – Designsystem und Komponentenregeln definieren,"Zugehörige Story: KAN-93 – E8-01 Hauptnavigation verstehen
Priorität der Story: High

Ziel
Farben, Typografie, Abstände, Zustände, Icons, Formelemente und responsive Breakpoints als wiederverwendbare Regeln festlegen.

Vorgehen
1. Bestehende Schnittstellen, Daten und Randbedingungen für „Hauptnavigation verstehen“ prüfen.
2. Die fachliche Regel an der zuständigen Schicht implementieren und gegen ungültige Eingaben absichern.
3. UI, API, Persistenz oder Testdaten so integrieren, dass der Ablauf reproduzierbar bleibt.
4. Erfolgs-, Fehler-, Berechtigungs- und Wiederholungsfall dokumentieren.

Erledigt wenn
- Neue Oberflächen verwenden konsistente Tokens und vermeiden lokale Sonderlösungen.
- Die relevanten Akzeptanzkriterien der Story sind nachweisbar erfüllt.
- Automatisierte oder reproduzierbare Tests sind vorhanden und im Review nachvollziehbar.
- Keine bestehende Funktion außerhalb des Story-Scopes wird unbeabsichtigt verändert.

Abhängigkeiten
- Parent: KAN-93
- Testdaten und Fehlerszenarien werden mit dem zugehörigen Xray-Testfall abgestimmt.",300333,KAN-93,High
Task,E8-01 Hauptnavigation verstehen – Responsive Oberflächen umsetzen,"Zugehörige Story: KAN-93 – E8-01 Hauptnavigation verstehen
Priorität der Story: High

Ziel
Navigation, Produktlisten, Detailansichten, Formulare und Checkout für Desktop, Tablet und Smartphone implementieren.

Vorgehen
1. Bestehende Schnittstellen, Daten und Randbedingungen für „Hauptnavigation verstehen“ prüfen.
2. Die fachliche Regel an der zuständigen Schicht implementieren und gegen ungültige Eingaben absichern.
3. UI, API, Persistenz oder Testdaten so integrieren, dass der Ablauf reproduzierbar bleibt.
4. Erfolgs-, Fehler-, Berechtigungs- und Wiederholungsfall dokumentieren.

Erledigt wenn
- Kein horizontaler Überlauf; Inhalte und Aktionen bleiben bei den Zielbreiten nutzbar.
- Die relevanten Akzeptanzkriterien der Story sind nachweisbar erfüllt.
- Automatisierte oder reproduzierbare Tests sind vorhanden und im Review nachvollziehbar.
- Keine bestehende Funktion außerhalb des Story-Scopes wird unbeabsichtigt verändert.

Abhängigkeiten
- Parent: KAN-93
- Testdaten und Fehlerszenarien werden mit dem zugehörigen Xray-Testfall abgestimmt.",300334,KAN-93,High
Task,"E8-01 Hauptnavigation verstehen – Accessibility-, Lade- und Fehlzustände integrieren","Zugehörige Story: KAN-93 – E8-01 Hauptnavigation verstehen
Priorität der Story: High

Ziel
Fokus, Tastatur, Screenreader-Struktur, Loading-Skeletons, Leerzustände, Fehlermeldungen und sichere Kontraste umsetzen.

Vorgehen
1. Bestehende Schnittstellen, Daten und Randbedingungen für „Hauptnavigation verstehen“ prüfen.
2. Die fachliche Regel an der zuständigen Schicht implementieren und gegen ungültige Eingaben absichern.
3. UI, API, Persistenz oder Testdaten so integrieren, dass der Ablauf reproduzierbar bleibt.
4. Erfolgs-, Fehler-, Berechtigungs- und Wiederholungsfall dokumentieren.

Erledigt wenn
- Alle Zustände sind wahrnehmbar, verständlich und ohne Maus bedienbar.
- Die relevanten Akzeptanzkriterien der Story sind nachweisbar erfüllt.
- Automatisierte oder reproduzierbare Tests sind vorhanden und im Review nachvollziehbar.
- Keine bestehende Funktion außerhalb des Story-Scopes wird unbeabsichtigt verändert.

Abhängigkeiten
- Parent: KAN-93
- Testdaten und Fehlerszenarien werden mit dem zugehörigen Xray-Testfall abgestimmt.",300335,KAN-93,High
Task,E8-01 Hauptnavigation verstehen – Visuelle Regression und Bildperformance absichern,"Zugehörige Story: KAN-93 – E8-01 Hauptnavigation verstehen
Priorität der Story: High

Ziel
Referenzansichten, Bildgrößen, Lazy Loading, Layoutstabilität und relevante Browser-/Auflösungskombinationen testen.

Vorgehen
1. Bestehende Schnittstellen, Daten und Randbedingungen für „Hauptnavigation verstehen“ prüfen.
2. Die fachliche Regel an der zuständigen Schicht implementieren und gegen ungültige Eingaben absichern.
3. UI, API, Persistenz oder Testdaten so integrieren, dass der Ablauf reproduzierbar bleibt.
4. Erfolgs-, Fehler-, Berechtigungs- und Wiederholungsfall dokumentieren.

Erledigt wenn
- Darstellung bleibt stabil und Bilder sind scharf, performant und nicht irreführend zugeschnitten.
- Die relevanten Akzeptanzkriterien der Story sind nachweisbar erfüllt.
- Automatisierte oder reproduzierbare Tests sind vorhanden und im Review nachvollziehbar.
- Keine bestehende Funktion außerhalb des Story-Scopes wird unbeabsichtigt verändert.

Abhängigkeiten
- Parent: KAN-93
- Testdaten und Fehlerszenarien werden mit dem zugehörigen Xray-Testfall abgestimmt.",300336,KAN-93,High
Task,E8-02 Globale Shop-Navigation nutzen – Designsystem und Komponentenregeln definieren,"Zugehörige Story: KAN-94 – E8-02 Globale Shop-Navigation nutzen
Priorität der Story: High

Ziel
Farben, Typografie, Abstände, Zustände, Icons, Formelemente und responsive Breakpoints als wiederverwendbare Regeln festlegen.

Vorgehen
1. Bestehende Schnittstellen, Daten und Randbedingungen für „Globale Shop-Navigation nutzen“ prüfen.
2. Die fachliche Regel an der zuständigen Schicht implementieren und gegen ungültige Eingaben absichern.
3. UI, API, Persistenz oder Testdaten so integrieren, dass der Ablauf reproduzierbar bleibt.
4. Erfolgs-, Fehler-, Berechtigungs- und Wiederholungsfall dokumentieren.

Erledigt wenn
- Neue Oberflächen verwenden konsistente Tokens und vermeiden lokale Sonderlösungen.
- Die relevanten Akzeptanzkriterien der Story sind nachweisbar erfüllt.
- Automatisierte oder reproduzierbare Tests sind vorhanden und im Review nachvollziehbar.
- Keine bestehende Funktion außerhalb des Story-Scopes wird unbeabsichtigt verändert.

Abhängigkeiten
- Parent: KAN-94
- Testdaten und Fehlerszenarien werden mit dem zugehörigen Xray-Testfall abgestimmt.",300337,KAN-94,High
Task,E8-02 Globale Shop-Navigation nutzen – Responsive Oberflächen umsetzen,"Zugehörige Story: KAN-94 – E8-02 Globale Shop-Navigation nutzen
Priorität der Story: High

Ziel
Navigation, Produktlisten, Detailansichten, Formulare und Checkout für Desktop, Tablet und Smartphone implementieren.

Vorgehen
1. Bestehende Schnittstellen, Daten und Randbedingungen für „Globale Shop-Navigation nutzen“ prüfen.
2. Die fachliche Regel an der zuständigen Schicht implementieren und gegen ungültige Eingaben absichern.
3. UI, API, Persistenz oder Testdaten so integrieren, dass der Ablauf reproduzierbar bleibt.
4. Erfolgs-, Fehler-, Berechtigungs- und Wiederholungsfall dokumentieren.

Erledigt wenn
- Kein horizontaler Überlauf; Inhalte und Aktionen bleiben bei den Zielbreiten nutzbar.
- Die relevanten Akzeptanzkriterien der Story sind nachweisbar erfüllt.
- Automatisierte oder reproduzierbare Tests sind vorhanden und im Review nachvollziehbar.
- Keine bestehende Funktion außerhalb des Story-Scopes wird unbeabsichtigt verändert.

Abhängigkeiten
- Parent: KAN-94
- Testdaten und Fehlerszenarien werden mit dem zugehörigen Xray-Testfall abgestimmt.",300338,KAN-94,High
Task,"E8-02 Globale Shop-Navigation nutzen – Accessibility-, Lade- und Fehlzustände integrieren","Zugehörige Story: KAN-94 – E8-02 Globale Shop-Navigation nutzen
Priorität der Story: High

Ziel
Fokus, Tastatur, Screenreader-Struktur, Loading-Skeletons, Leerzustände, Fehlermeldungen und sichere Kontraste umsetzen.

Vorgehen
1. Bestehende Schnittstellen, Daten und Randbedingungen für „Globale Shop-Navigation nutzen“ prüfen.
2. Die fachliche Regel an der zuständigen Schicht implementieren und gegen ungültige Eingaben absichern.
3. UI, API, Persistenz oder Testdaten so integrieren, dass der Ablauf reproduzierbar bleibt.
4. Erfolgs-, Fehler-, Berechtigungs- und Wiederholungsfall dokumentieren.

Erledigt wenn
- Alle Zustände sind wahrnehmbar, verständlich und ohne Maus bedienbar.
- Die relevanten Akzeptanzkriterien der Story sind nachweisbar erfüllt.
- Automatisierte oder reproduzierbare Tests sind vorhanden und im Review nachvollziehbar.
- Keine bestehende Funktion außerhalb des Story-Scopes wird unbeabsichtigt verändert.

Abhängigkeiten
- Parent: KAN-94
- Testdaten und Fehlerszenarien werden mit dem zugehörigen Xray-Testfall abgestimmt.",300339,KAN-94,High
Task,E8-02 Globale Shop-Navigation nutzen – Visuelle Regression und Bildperformance absichern,"Zugehörige Story: KAN-94 – E8-02 Globale Shop-Navigation nutzen
Priorität der Story: High

Ziel
Referenzansichten, Bildgrößen, Lazy Loading, Layoutstabilität und relevante Browser-/Auflösungskombinationen testen.

Vorgehen
1. Bestehende Schnittstellen, Daten und Randbedingungen für „Globale Shop-Navigation nutzen“ prüfen.
2. Die fachliche Regel an der zuständigen Schicht implementieren und gegen ungültige Eingaben absichern.
3. UI, API, Persistenz oder Testdaten so integrieren, dass der Ablauf reproduzierbar bleibt.
4. Erfolgs-, Fehler-, Berechtigungs- und Wiederholungsfall dokumentieren.

Erledigt wenn
- Darstellung bleibt stabil und Bilder sind scharf, performant und nicht irreführend zugeschnitten.
- Die relevanten Akzeptanzkriterien der Story sind nachweisbar erfüllt.
- Automatisierte oder reproduzierbare Tests sind vorhanden und im Review nachvollziehbar.
- Keine bestehende Funktion außerhalb des Story-Scopes wird unbeabsichtigt verändert.

Abhängigkeiten
- Parent: KAN-94
- Testdaten und Fehlerszenarien werden mit dem zugehörigen Xray-Testfall abgestimmt.",300340,KAN-94,High
Task,E8-03 Einheitliches Design erleben – Designsystem und Komponentenregeln definieren,"Zugehörige Story: KAN-95 – E8-03 Einheitliches Design erleben
Priorität der Story: High

Ziel
Farben, Typografie, Abstände, Zustände, Icons, Formelemente und responsive Breakpoints als wiederverwendbare Regeln festlegen.

Vorgehen
1. Bestehende Schnittstellen, Daten und Randbedingungen für „Einheitliches Design erleben“ prüfen.
2. Die fachliche Regel an der zuständigen Schicht implementieren und gegen ungültige Eingaben absichern.
3. UI, API, Persistenz oder Testdaten so integrieren, dass der Ablauf reproduzierbar bleibt.
4. Erfolgs-, Fehler-, Berechtigungs- und Wiederholungsfall dokumentieren.

Erledigt wenn
- Neue Oberflächen verwenden konsistente Tokens und vermeiden lokale Sonderlösungen.
- Die relevanten Akzeptanzkriterien der Story sind nachweisbar erfüllt.
- Automatisierte oder reproduzierbare Tests sind vorhanden und im Review nachvollziehbar.
- Keine bestehende Funktion außerhalb des Story-Scopes wird unbeabsichtigt verändert.

Abhängigkeiten
- Parent: KAN-95
- Testdaten und Fehlerszenarien werden mit dem zugehörigen Xray-Testfall abgestimmt.",300341,KAN-95,High
Task,E8-03 Einheitliches Design erleben – Responsive Oberflächen umsetzen,"Zugehörige Story: KAN-95 – E8-03 Einheitliches Design erleben
Priorität der Story: High

Ziel
Navigation, Produktlisten, Detailansichten, Formulare und Checkout für Desktop, Tablet und Smartphone implementieren.

Vorgehen
1. Bestehende Schnittstellen, Daten und Randbedingungen für „Einheitliches Design erleben“ prüfen.
2. Die fachliche Regel an der zuständigen Schicht implementieren und gegen ungültige Eingaben absichern.
3. UI, API, Persistenz oder Testdaten so integrieren, dass der Ablauf reproduzierbar bleibt.
4. Erfolgs-, Fehler-, Berechtigungs- und Wiederholungsfall dokumentieren.

Erledigt wenn
- Kein horizontaler Überlauf; Inhalte und Aktionen bleiben bei den Zielbreiten nutzbar.
- Die relevanten Akzeptanzkriterien der Story sind nachweisbar erfüllt.
- Automatisierte oder reproduzierbare Tests sind vorhanden und im Review nachvollziehbar.
- Keine bestehende Funktion außerhalb des Story-Scopes wird unbeabsichtigt verändert.

Abhängigkeiten
- Parent: KAN-95
- Testdaten und Fehlerszenarien werden mit dem zugehörigen Xray-Testfall abgestimmt.",300342,KAN-95,High
Task,"E8-03 Einheitliches Design erleben – Accessibility-, Lade- und Fehlzustände integrieren","Zugehörige Story: KAN-95 – E8-03 Einheitliches Design erleben
Priorität der Story: High

Ziel
Fokus, Tastatur, Screenreader-Struktur, Loading-Skeletons, Leerzustände, Fehlermeldungen und sichere Kontraste umsetzen.

Vorgehen
1. Bestehende Schnittstellen, Daten und Randbedingungen für „Einheitliches Design erleben“ prüfen.
2. Die fachliche Regel an der zuständigen Schicht implementieren und gegen ungültige Eingaben absichern.
3. UI, API, Persistenz oder Testdaten so integrieren, dass der Ablauf reproduzierbar bleibt.
4. Erfolgs-, Fehler-, Berechtigungs- und Wiederholungsfall dokumentieren.

Erledigt wenn
- Alle Zustände sind wahrnehmbar, verständlich und ohne Maus bedienbar.
- Die relevanten Akzeptanzkriterien der Story sind nachweisbar erfüllt.
- Automatisierte oder reproduzierbare Tests sind vorhanden und im Review nachvollziehbar.
- Keine bestehende Funktion außerhalb des Story-Scopes wird unbeabsichtigt verändert.

Abhängigkeiten
- Parent: KAN-95
- Testdaten und Fehlerszenarien werden mit dem zugehörigen Xray-Testfall abgestimmt.",300343,KAN-95,High
Task,E8-03 Einheitliches Design erleben – Visuelle Regression und Bildperformance absichern,"Zugehörige Story: KAN-95 – E8-03 Einheitliches Design erleben
Priorität der Story: High

Ziel
Referenzansichten, Bildgrößen, Lazy Loading, Layoutstabilität und relevante Browser-/Auflösungskombinationen testen.

Vorgehen
1. Bestehende Schnittstellen, Daten und Randbedingungen für „Einheitliches Design erleben“ prüfen.
2. Die fachliche Regel an der zuständigen Schicht implementieren und gegen ungültige Eingaben absichern.
3. UI, API, Persistenz oder Testdaten so integrieren, dass der Ablauf reproduzierbar bleibt.
4. Erfolgs-, Fehler-, Berechtigungs- und Wiederholungsfall dokumentieren.

Erledigt wenn
- Darstellung bleibt stabil und Bilder sind scharf, performant und nicht irreführend zugeschnitten.
- Die relevanten Akzeptanzkriterien der Story sind nachweisbar erfüllt.
- Automatisierte oder reproduzierbare Tests sind vorhanden und im Review nachvollziehbar.
- Keine bestehende Funktion außerhalb des Story-Scopes wird unbeabsichtigt verändert.

Abhängigkeiten
- Parent: KAN-95
- Testdaten und Fehlerszenarien werden mit dem zugehörigen Xray-Testfall abgestimmt.",300344,KAN-95,High
Task,E8-04 Produktlisten übersichtlich sehen – Designsystem und Komponentenregeln definieren,"Zugehörige Story: KAN-96 – E8-04 Produktlisten übersichtlich sehen
Priorität der Story: High

Ziel
Farben, Typografie, Abstände, Zustände, Icons, Formelemente und responsive Breakpoints als wiederverwendbare Regeln festlegen.

Vorgehen
1. Bestehende Schnittstellen, Daten und Randbedingungen für „Produktlisten übersichtlich sehen“ prüfen.
2. Die fachliche Regel an der zuständigen Schicht implementieren und gegen ungültige Eingaben absichern.
3. UI, API, Persistenz oder Testdaten so integrieren, dass der Ablauf reproduzierbar bleibt.
4. Erfolgs-, Fehler-, Berechtigungs- und Wiederholungsfall dokumentieren.

Erledigt wenn
- Neue Oberflächen verwenden konsistente Tokens und vermeiden lokale Sonderlösungen.
- Die relevanten Akzeptanzkriterien der Story sind nachweisbar erfüllt.
- Automatisierte oder reproduzierbare Tests sind vorhanden und im Review nachvollziehbar.
- Keine bestehende Funktion außerhalb des Story-Scopes wird unbeabsichtigt verändert.

Abhängigkeiten
- Parent: KAN-96
- Testdaten und Fehlerszenarien werden mit dem zugehörigen Xray-Testfall abgestimmt.",300345,KAN-96,High
Task,E8-04 Produktlisten übersichtlich sehen – Responsive Oberflächen umsetzen,"Zugehörige Story: KAN-96 – E8-04 Produktlisten übersichtlich sehen
Priorität der Story: High

Ziel
Navigation, Produktlisten, Detailansichten, Formulare und Checkout für Desktop, Tablet und Smartphone implementieren.

Vorgehen
1. Bestehende Schnittstellen, Daten und Randbedingungen für „Produktlisten übersichtlich sehen“ prüfen.
2. Die fachliche Regel an der zuständigen Schicht implementieren und gegen ungültige Eingaben absichern.
3. UI, API, Persistenz oder Testdaten so integrieren, dass der Ablauf reproduzierbar bleibt.
4. Erfolgs-, Fehler-, Berechtigungs- und Wiederholungsfall dokumentieren.

Erledigt wenn
- Kein horizontaler Überlauf; Inhalte und Aktionen bleiben bei den Zielbreiten nutzbar.
- Die relevanten Akzeptanzkriterien der Story sind nachweisbar erfüllt.
- Automatisierte oder reproduzierbare Tests sind vorhanden und im Review nachvollziehbar.
- Keine bestehende Funktion außerhalb des Story-Scopes wird unbeabsichtigt verändert.

Abhängigkeiten
- Parent: KAN-96
- Testdaten und Fehlerszenarien werden mit dem zugehörigen Xray-Testfall abgestimmt.",300346,KAN-96,High
Task,"E8-04 Produktlisten übersichtlich sehen – Accessibility-, Lade- und Fehlzustände integrieren","Zugehörige Story: KAN-96 – E8-04 Produktlisten übersichtlich sehen
Priorität der Story: High

Ziel
Fokus, Tastatur, Screenreader-Struktur, Loading-Skeletons, Leerzustände, Fehlermeldungen und sichere Kontraste umsetzen.

Vorgehen
1. Bestehende Schnittstellen, Daten und Randbedingungen für „Produktlisten übersichtlich sehen“ prüfen.
2. Die fachliche Regel an der zuständigen Schicht implementieren und gegen ungültige Eingaben absichern.
3. UI, API, Persistenz oder Testdaten so integrieren, dass der Ablauf reproduzierbar bleibt.
4. Erfolgs-, Fehler-, Berechtigungs- und Wiederholungsfall dokumentieren.

Erledigt wenn
- Alle Zustände sind wahrnehmbar, verständlich und ohne Maus bedienbar.
- Die relevanten Akzeptanzkriterien der Story sind nachweisbar erfüllt.
- Automatisierte oder reproduzierbare Tests sind vorhanden und im Review nachvollziehbar.
- Keine bestehende Funktion außerhalb des Story-Scopes wird unbeabsichtigt verändert.

Abhängigkeiten
- Parent: KAN-96
- Testdaten und Fehlerszenarien werden mit dem zugehörigen Xray-Testfall abgestimmt.",300347,KAN-96,High
Task,E8-04 Produktlisten übersichtlich sehen – Visuelle Regression und Bildperformance absichern,"Zugehörige Story: KAN-96 – E8-04 Produktlisten übersichtlich sehen
Priorität der Story: High

Ziel
Referenzansichten, Bildgrößen, Lazy Loading, Layoutstabilität und relevante Browser-/Auflösungskombinationen testen.

Vorgehen
1. Bestehende Schnittstellen, Daten und Randbedingungen für „Produktlisten übersichtlich sehen“ prüfen.
2. Die fachliche Regel an der zuständigen Schicht implementieren und gegen ungültige Eingaben absichern.
3. UI, API, Persistenz oder Testdaten so integrieren, dass der Ablauf reproduzierbar bleibt.
4. Erfolgs-, Fehler-, Berechtigungs- und Wiederholungsfall dokumentieren.

Erledigt wenn
- Darstellung bleibt stabil und Bilder sind scharf, performant und nicht irreführend zugeschnitten.
- Die relevanten Akzeptanzkriterien der Story sind nachweisbar erfüllt.
- Automatisierte oder reproduzierbare Tests sind vorhanden und im Review nachvollziehbar.
- Keine bestehende Funktion außerhalb des Story-Scopes wird unbeabsichtigt verändert.

Abhängigkeiten
- Parent: KAN-96
- Testdaten und Fehlerszenarien werden mit dem zugehörigen Xray-Testfall abgestimmt.",300348,KAN-96,High
Task,E8-05 Produktdetails übersichtlich sehen – Designsystem und Komponentenregeln definieren,"Zugehörige Story: KAN-97 – E8-05 Produktdetails übersichtlich sehen
Priorität der Story: High

Ziel
Farben, Typografie, Abstände, Zustände, Icons, Formelemente und responsive Breakpoints als wiederverwendbare Regeln festlegen.

Vorgehen
1. Bestehende Schnittstellen, Daten und Randbedingungen für „Produktdetails übersichtlich sehen“ prüfen.
2. Die fachliche Regel an der zuständigen Schicht implementieren und gegen ungültige Eingaben absichern.
3. UI, API, Persistenz oder Testdaten so integrieren, dass der Ablauf reproduzierbar bleibt.
4. Erfolgs-, Fehler-, Berechtigungs- und Wiederholungsfall dokumentieren.

Erledigt wenn
- Neue Oberflächen verwenden konsistente Tokens und vermeiden lokale Sonderlösungen.
- Die relevanten Akzeptanzkriterien der Story sind nachweisbar erfüllt.
- Automatisierte oder reproduzierbare Tests sind vorhanden und im Review nachvollziehbar.
- Keine bestehende Funktion außerhalb des Story-Scopes wird unbeabsichtigt verändert.

Abhängigkeiten
- Parent: KAN-97
- Testdaten und Fehlerszenarien werden mit dem zugehörigen Xray-Testfall abgestimmt.",300349,KAN-97,High
Task,E8-05 Produktdetails übersichtlich sehen – Responsive Oberflächen umsetzen,"Zugehörige Story: KAN-97 – E8-05 Produktdetails übersichtlich sehen
Priorität der Story: High

Ziel
Navigation, Produktlisten, Detailansichten, Formulare und Checkout für Desktop, Tablet und Smartphone implementieren.

Vorgehen
1. Bestehende Schnittstellen, Daten und Randbedingungen für „Produktdetails übersichtlich sehen“ prüfen.
2. Die fachliche Regel an der zuständigen Schicht implementieren und gegen ungültige Eingaben absichern.
3. UI, API, Persistenz oder Testdaten so integrieren, dass der Ablauf reproduzierbar bleibt.
4. Erfolgs-, Fehler-, Berechtigungs- und Wiederholungsfall dokumentieren.

Erledigt wenn
- Kein horizontaler Überlauf; Inhalte und Aktionen bleiben bei den Zielbreiten nutzbar.
- Die relevanten Akzeptanzkriterien der Story sind nachweisbar erfüllt.
- Automatisierte oder reproduzierbare Tests sind vorhanden und im Review nachvollziehbar.
- Keine bestehende Funktion außerhalb des Story-Scopes wird unbeabsichtigt verändert.

Abhängigkeiten
- Parent: KAN-97
- Testdaten und Fehlerszenarien werden mit dem zugehörigen Xray-Testfall abgestimmt.",300350,KAN-97,High
Task,"E8-05 Produktdetails übersichtlich sehen – Accessibility-, Lade- und Fehlzustände integrieren","Zugehörige Story: KAN-97 – E8-05 Produktdetails übersichtlich sehen
Priorität der Story: High

Ziel
Fokus, Tastatur, Screenreader-Struktur, Loading-Skeletons, Leerzustände, Fehlermeldungen und sichere Kontraste umsetzen.

Vorgehen
1. Bestehende Schnittstellen, Daten und Randbedingungen für „Produktdetails übersichtlich sehen“ prüfen.
2. Die fachliche Regel an der zuständigen Schicht implementieren und gegen ungültige Eingaben absichern.
3. UI, API, Persistenz oder Testdaten so integrieren, dass der Ablauf reproduzierbar bleibt.
4. Erfolgs-, Fehler-, Berechtigungs- und Wiederholungsfall dokumentieren.

Erledigt wenn
- Alle Zustände sind wahrnehmbar, verständlich und ohne Maus bedienbar.
- Die relevanten Akzeptanzkriterien der Story sind nachweisbar erfüllt.
- Automatisierte oder reproduzierbare Tests sind vorhanden und im Review nachvollziehbar.
- Keine bestehende Funktion außerhalb des Story-Scopes wird unbeabsichtigt verändert.

Abhängigkeiten
- Parent: KAN-97
- Testdaten und Fehlerszenarien werden mit dem zugehörigen Xray-Testfall abgestimmt.",300351,KAN-97,High
Task,E8-05 Produktdetails übersichtlich sehen – Visuelle Regression und Bildperformance absichern,"Zugehörige Story: KAN-97 – E8-05 Produktdetails übersichtlich sehen
Priorität der Story: High

Ziel
Referenzansichten, Bildgrößen, Lazy Loading, Layoutstabilität und relevante Browser-/Auflösungskombinationen testen.

Vorgehen
1. Bestehende Schnittstellen, Daten und Randbedingungen für „Produktdetails übersichtlich sehen“ prüfen.
2. Die fachliche Regel an der zuständigen Schicht implementieren und gegen ungültige Eingaben absichern.
3. UI, API, Persistenz oder Testdaten so integrieren, dass der Ablauf reproduzierbar bleibt.
4. Erfolgs-, Fehler-, Berechtigungs- und Wiederholungsfall dokumentieren.

Erledigt wenn
- Darstellung bleibt stabil und Bilder sind scharf, performant und nicht irreführend zugeschnitten.
- Die relevanten Akzeptanzkriterien der Story sind nachweisbar erfüllt.
- Automatisierte oder reproduzierbare Tests sind vorhanden und im Review nachvollziehbar.
- Keine bestehende Funktion außerhalb des Story-Scopes wird unbeabsichtigt verändert.

Abhängigkeiten
- Parent: KAN-97
- Testdaten und Fehlerszenarien werden mit dem zugehörigen Xray-Testfall abgestimmt.",300352,KAN-97,High
Task,E8-06 Shop responsiv nutzen – Designsystem und Komponentenregeln definieren,"Zugehörige Story: KAN-98 – E8-06 Shop responsiv nutzen
Priorität der Story: High

Ziel
Farben, Typografie, Abstände, Zustände, Icons, Formelemente und responsive Breakpoints als wiederverwendbare Regeln festlegen.

Vorgehen
1. Bestehende Schnittstellen, Daten und Randbedingungen für „Shop responsiv nutzen“ prüfen.
2. Die fachliche Regel an der zuständigen Schicht implementieren und gegen ungültige Eingaben absichern.
3. UI, API, Persistenz oder Testdaten so integrieren, dass der Ablauf reproduzierbar bleibt.
4. Erfolgs-, Fehler-, Berechtigungs- und Wiederholungsfall dokumentieren.

Erledigt wenn
- Neue Oberflächen verwenden konsistente Tokens und vermeiden lokale Sonderlösungen.
- Die relevanten Akzeptanzkriterien der Story sind nachweisbar erfüllt.
- Automatisierte oder reproduzierbare Tests sind vorhanden und im Review nachvollziehbar.
- Keine bestehende Funktion außerhalb des Story-Scopes wird unbeabsichtigt verändert.

Abhängigkeiten
- Parent: KAN-98
- Testdaten und Fehlerszenarien werden mit dem zugehörigen Xray-Testfall abgestimmt.",300353,KAN-98,High
Task,E8-06 Shop responsiv nutzen – Responsive Oberflächen umsetzen,"Zugehörige Story: KAN-98 – E8-06 Shop responsiv nutzen
Priorität der Story: High

Ziel
Navigation, Produktlisten, Detailansichten, Formulare und Checkout für Desktop, Tablet und Smartphone implementieren.

Vorgehen
1. Bestehende Schnittstellen, Daten und Randbedingungen für „Shop responsiv nutzen“ prüfen.
2. Die fachliche Regel an der zuständigen Schicht implementieren und gegen ungültige Eingaben absichern.
3. UI, API, Persistenz oder Testdaten so integrieren, dass der Ablauf reproduzierbar bleibt.
4. Erfolgs-, Fehler-, Berechtigungs- und Wiederholungsfall dokumentieren.

Erledigt wenn
- Kein horizontaler Überlauf; Inhalte und Aktionen bleiben bei den Zielbreiten nutzbar.
- Die relevanten Akzeptanzkriterien der Story sind nachweisbar erfüllt.
- Automatisierte oder reproduzierbare Tests sind vorhanden und im Review nachvollziehbar.
- Keine bestehende Funktion außerhalb des Story-Scopes wird unbeabsichtigt verändert.

Abhängigkeiten
- Parent: KAN-98
- Testdaten und Fehlerszenarien werden mit dem zugehörigen Xray-Testfall abgestimmt.",300354,KAN-98,High
Task,"E8-06 Shop responsiv nutzen – Accessibility-, Lade- und Fehlzustände integrieren","Zugehörige Story: KAN-98 – E8-06 Shop responsiv nutzen
Priorität der Story: High

Ziel
Fokus, Tastatur, Screenreader-Struktur, Loading-Skeletons, Leerzustände, Fehlermeldungen und sichere Kontraste umsetzen.

Vorgehen
1. Bestehende Schnittstellen, Daten und Randbedingungen für „Shop responsiv nutzen“ prüfen.
2. Die fachliche Regel an der zuständigen Schicht implementieren und gegen ungültige Eingaben absichern.
3. UI, API, Persistenz oder Testdaten so integrieren, dass der Ablauf reproduzierbar bleibt.
4. Erfolgs-, Fehler-, Berechtigungs- und Wiederholungsfall dokumentieren.

Erledigt wenn
- Alle Zustände sind wahrnehmbar, verständlich und ohne Maus bedienbar.
- Die relevanten Akzeptanzkriterien der Story sind nachweisbar erfüllt.
- Automatisierte oder reproduzierbare Tests sind vorhanden und im Review nachvollziehbar.
- Keine bestehende Funktion außerhalb des Story-Scopes wird unbeabsichtigt verändert.

Abhängigkeiten
- Parent: KAN-98
- Testdaten und Fehlerszenarien werden mit dem zugehörigen Xray-Testfall abgestimmt.",300355,KAN-98,High
Task,E8-06 Shop responsiv nutzen – Visuelle Regression und Bildperformance absichern,"Zugehörige Story: KAN-98 – E8-06 Shop responsiv nutzen
Priorität der Story: High

Ziel
Referenzansichten, Bildgrößen, Lazy Loading, Layoutstabilität und relevante Browser-/Auflösungskombinationen testen.

Vorgehen
1. Bestehende Schnittstellen, Daten und Randbedingungen für „Shop responsiv nutzen“ prüfen.
2. Die fachliche Regel an der zuständigen Schicht implementieren und gegen ungültige Eingaben absichern.
3. UI, API, Persistenz oder Testdaten so integrieren, dass der Ablauf reproduzierbar bleibt.
4. Erfolgs-, Fehler-, Berechtigungs- und Wiederholungsfall dokumentieren.

Erledigt wenn
- Darstellung bleibt stabil und Bilder sind scharf, performant und nicht irreführend zugeschnitten.
- Die relevanten Akzeptanzkriterien der Story sind nachweisbar erfüllt.
- Automatisierte oder reproduzierbare Tests sind vorhanden und im Review nachvollziehbar.
- Keine bestehende Funktion außerhalb des Story-Scopes wird unbeabsichtigt verändert.

Abhängigkeiten
- Parent: KAN-98
- Testdaten und Fehlerszenarien werden mit dem zugehörigen Xray-Testfall abgestimmt.",300356,KAN-98,High
Task,E8-07 Konsistente Formulare nutzen – Designsystem und Komponentenregeln definieren,"Zugehörige Story: KAN-99 – E8-07 Konsistente Formulare nutzen
Priorität der Story: High

Ziel
Farben, Typografie, Abstände, Zustände, Icons, Formelemente und responsive Breakpoints als wiederverwendbare Regeln festlegen.

Vorgehen
1. Bestehende Schnittstellen, Daten und Randbedingungen für „Konsistente Formulare nutzen“ prüfen.
2. Die fachliche Regel an der zuständigen Schicht implementieren und gegen ungültige Eingaben absichern.
3. UI, API, Persistenz oder Testdaten so integrieren, dass der Ablauf reproduzierbar bleibt.
4. Erfolgs-, Fehler-, Berechtigungs- und Wiederholungsfall dokumentieren.

Erledigt wenn
- Neue Oberflächen verwenden konsistente Tokens und vermeiden lokale Sonderlösungen.
- Die relevanten Akzeptanzkriterien der Story sind nachweisbar erfüllt.
- Automatisierte oder reproduzierbare Tests sind vorhanden und im Review nachvollziehbar.
- Keine bestehende Funktion außerhalb des Story-Scopes wird unbeabsichtigt verändert.

Abhängigkeiten
- Parent: KAN-99
- Testdaten und Fehlerszenarien werden mit dem zugehörigen Xray-Testfall abgestimmt.",300357,KAN-99,High
Task,E8-07 Konsistente Formulare nutzen – Responsive Oberflächen umsetzen,"Zugehörige Story: KAN-99 – E8-07 Konsistente Formulare nutzen
Priorität der Story: High

Ziel
Navigation, Produktlisten, Detailansichten, Formulare und Checkout für Desktop, Tablet und Smartphone implementieren.

Vorgehen
1. Bestehende Schnittstellen, Daten und Randbedingungen für „Konsistente Formulare nutzen“ prüfen.
2. Die fachliche Regel an der zuständigen Schicht implementieren und gegen ungültige Eingaben absichern.
3. UI, API, Persistenz oder Testdaten so integrieren, dass der Ablauf reproduzierbar bleibt.
4. Erfolgs-, Fehler-, Berechtigungs- und Wiederholungsfall dokumentieren.

Erledigt wenn
- Kein horizontaler Überlauf; Inhalte und Aktionen bleiben bei den Zielbreiten nutzbar.
- Die relevanten Akzeptanzkriterien der Story sind nachweisbar erfüllt.
- Automatisierte oder reproduzierbare Tests sind vorhanden und im Review nachvollziehbar.
- Keine bestehende Funktion außerhalb des Story-Scopes wird unbeabsichtigt verändert.

Abhängigkeiten
- Parent: KAN-99
- Testdaten und Fehlerszenarien werden mit dem zugehörigen Xray-Testfall abgestimmt.",300358,KAN-99,High
Task,"E8-07 Konsistente Formulare nutzen – Accessibility-, Lade- und Fehlzustände integrieren","Zugehörige Story: KAN-99 – E8-07 Konsistente Formulare nutzen
Priorität der Story: High

Ziel
Fokus, Tastatur, Screenreader-Struktur, Loading-Skeletons, Leerzustände, Fehlermeldungen und sichere Kontraste umsetzen.

Vorgehen
1. Bestehende Schnittstellen, Daten und Randbedingungen für „Konsistente Formulare nutzen“ prüfen.
2. Die fachliche Regel an der zuständigen Schicht implementieren und gegen ungültige Eingaben absichern.
3. UI, API, Persistenz oder Testdaten so integrieren, dass der Ablauf reproduzierbar bleibt.
4. Erfolgs-, Fehler-, Berechtigungs- und Wiederholungsfall dokumentieren.

Erledigt wenn
- Alle Zustände sind wahrnehmbar, verständlich und ohne Maus bedienbar.
- Die relevanten Akzeptanzkriterien der Story sind nachweisbar erfüllt.
- Automatisierte oder reproduzierbare Tests sind vorhanden und im Review nachvollziehbar.
- Keine bestehende Funktion außerhalb des Story-Scopes wird unbeabsichtigt verändert.

Abhängigkeiten
- Parent: KAN-99
- Testdaten und Fehlerszenarien werden mit dem zugehörigen Xray-Testfall abgestimmt.",300359,KAN-99,High
Task,E8-07 Konsistente Formulare nutzen – Visuelle Regression und Bildperformance absichern,"Zugehörige Story: KAN-99 – E8-07 Konsistente Formulare nutzen
Priorität der Story: High

Ziel
Referenzansichten, Bildgrößen, Lazy Loading, Layoutstabilität und relevante Browser-/Auflösungskombinationen testen.

Vorgehen
1. Bestehende Schnittstellen, Daten und Randbedingungen für „Konsistente Formulare nutzen“ prüfen.
2. Die fachliche Regel an der zuständigen Schicht implementieren und gegen ungültige Eingaben absichern.
3. UI, API, Persistenz oder Testdaten so integrieren, dass der Ablauf reproduzierbar bleibt.
4. Erfolgs-, Fehler-, Berechtigungs- und Wiederholungsfall dokumentieren.

Erledigt wenn
- Darstellung bleibt stabil und Bilder sind scharf, performant und nicht irreführend zugeschnitten.
- Die relevanten Akzeptanzkriterien der Story sind nachweisbar erfüllt.
- Automatisierte oder reproduzierbare Tests sind vorhanden und im Review nachvollziehbar.
- Keine bestehende Funktion außerhalb des Story-Scopes wird unbeabsichtigt verändert.

Abhängigkeiten
- Parent: KAN-99
- Testdaten und Fehlerszenarien werden mit dem zugehörigen Xray-Testfall abgestimmt.",300360,KAN-99,High
Task,E8-08 Ladezustände erkennen – Designsystem und Komponentenregeln definieren,"Zugehörige Story: KAN-100 – E8-08 Ladezustände erkennen
Priorität der Story: High

Ziel
Farben, Typografie, Abstände, Zustände, Icons, Formelemente und responsive Breakpoints als wiederverwendbare Regeln festlegen.

Vorgehen
1. Bestehende Schnittstellen, Daten und Randbedingungen für „Ladezustände erkennen“ prüfen.
2. Die fachliche Regel an der zuständigen Schicht implementieren und gegen ungültige Eingaben absichern.
3. UI, API, Persistenz oder Testdaten so integrieren, dass der Ablauf reproduzierbar bleibt.
4. Erfolgs-, Fehler-, Berechtigungs- und Wiederholungsfall dokumentieren.

Erledigt wenn
- Neue Oberflächen verwenden konsistente Tokens und vermeiden lokale Sonderlösungen.
- Die relevanten Akzeptanzkriterien der Story sind nachweisbar erfüllt.
- Automatisierte oder reproduzierbare Tests sind vorhanden und im Review nachvollziehbar.
- Keine bestehende Funktion außerhalb des Story-Scopes wird unbeabsichtigt verändert.

Abhängigkeiten
- Parent: KAN-100
- Testdaten und Fehlerszenarien werden mit dem zugehörigen Xray-Testfall abgestimmt.",300361,KAN-100,High
Task,E8-08 Ladezustände erkennen – Responsive Oberflächen umsetzen,"Zugehörige Story: KAN-100 – E8-08 Ladezustände erkennen
Priorität der Story: High

Ziel
Navigation, Produktlisten, Detailansichten, Formulare und Checkout für Desktop, Tablet und Smartphone implementieren.

Vorgehen
1. Bestehende Schnittstellen, Daten und Randbedingungen für „Ladezustände erkennen“ prüfen.
2. Die fachliche Regel an der zuständigen Schicht implementieren und gegen ungültige Eingaben absichern.
3. UI, API, Persistenz oder Testdaten so integrieren, dass der Ablauf reproduzierbar bleibt.
4. Erfolgs-, Fehler-, Berechtigungs- und Wiederholungsfall dokumentieren.

Erledigt wenn
- Kein horizontaler Überlauf; Inhalte und Aktionen bleiben bei den Zielbreiten nutzbar.
- Die relevanten Akzeptanzkriterien der Story sind nachweisbar erfüllt.
- Automatisierte oder reproduzierbare Tests sind vorhanden und im Review nachvollziehbar.
- Keine bestehende Funktion außerhalb des Story-Scopes wird unbeabsichtigt verändert.

Abhängigkeiten
- Parent: KAN-100
- Testdaten und Fehlerszenarien werden mit dem zugehörigen Xray-Testfall abgestimmt.",300362,KAN-100,High
Task,"E8-08 Ladezustände erkennen – Accessibility-, Lade- und Fehlzustände integrieren","Zugehörige Story: KAN-100 – E8-08 Ladezustände erkennen
Priorität der Story: High

Ziel
Fokus, Tastatur, Screenreader-Struktur, Loading-Skeletons, Leerzustände, Fehlermeldungen und sichere Kontraste umsetzen.

Vorgehen
1. Bestehende Schnittstellen, Daten und Randbedingungen für „Ladezustände erkennen“ prüfen.
2. Die fachliche Regel an der zuständigen Schicht implementieren und gegen ungültige Eingaben absichern.
3. UI, API, Persistenz oder Testdaten so integrieren, dass der Ablauf reproduzierbar bleibt.
4. Erfolgs-, Fehler-, Berechtigungs- und Wiederholungsfall dokumentieren.

Erledigt wenn
- Alle Zustände sind wahrnehmbar, verständlich und ohne Maus bedienbar.
- Die relevanten Akzeptanzkriterien der Story sind nachweisbar erfüllt.
- Automatisierte oder reproduzierbare Tests sind vorhanden und im Review nachvollziehbar.
- Keine bestehende Funktion außerhalb des Story-Scopes wird unbeabsichtigt verändert.

Abhängigkeiten
- Parent: KAN-100
- Testdaten und Fehlerszenarien werden mit dem zugehörigen Xray-Testfall abgestimmt.",300363,KAN-100,High
Task,E8-08 Ladezustände erkennen – Visuelle Regression und Bildperformance absichern,"Zugehörige Story: KAN-100 – E8-08 Ladezustände erkennen
Priorität der Story: High

Ziel
Referenzansichten, Bildgrößen, Lazy Loading, Layoutstabilität und relevante Browser-/Auflösungskombinationen testen.

Vorgehen
1. Bestehende Schnittstellen, Daten und Randbedingungen für „Ladezustände erkennen“ prüfen.
2. Die fachliche Regel an der zuständigen Schicht implementieren und gegen ungültige Eingaben absichern.
3. UI, API, Persistenz oder Testdaten so integrieren, dass der Ablauf reproduzierbar bleibt.
4. Erfolgs-, Fehler-, Berechtigungs- und Wiederholungsfall dokumentieren.

Erledigt wenn
- Darstellung bleibt stabil und Bilder sind scharf, performant und nicht irreführend zugeschnitten.
- Die relevanten Akzeptanzkriterien der Story sind nachweisbar erfüllt.
- Automatisierte oder reproduzierbare Tests sind vorhanden und im Review nachvollziehbar.
- Keine bestehende Funktion außerhalb des Story-Scopes wird unbeabsichtigt verändert.

Abhängigkeiten
- Parent: KAN-100
- Testdaten und Fehlerszenarien werden mit dem zugehörigen Xray-Testfall abgestimmt.",300364,KAN-100,High
Task,E8-09 Fehler- und Leerzustände verstehen – Designsystem und Komponentenregeln definieren,"Zugehörige Story: KAN-101 – E8-09 Fehler- und Leerzustände verstehen
Priorität der Story: High

Ziel
Farben, Typografie, Abstände, Zustände, Icons, Formelemente und responsive Breakpoints als wiederverwendbare Regeln festlegen.

Vorgehen
1. Bestehende Schnittstellen, Daten und Randbedingungen für „Fehler- und Leerzustände verstehen“ prüfen.
2. Die fachliche Regel an der zuständigen Schicht implementieren und gegen ungültige Eingaben absichern.
3. UI, API, Persistenz oder Testdaten so integrieren, dass der Ablauf reproduzierbar bleibt.
4. Erfolgs-, Fehler-, Berechtigungs- und Wiederholungsfall dokumentieren.

Erledigt wenn
- Neue Oberflächen verwenden konsistente Tokens und vermeiden lokale Sonderlösungen.
- Die relevanten Akzeptanzkriterien der Story sind nachweisbar erfüllt.
- Automatisierte oder reproduzierbare Tests sind vorhanden und im Review nachvollziehbar.
- Keine bestehende Funktion außerhalb des Story-Scopes wird unbeabsichtigt verändert.

Abhängigkeiten
- Parent: KAN-101
- Testdaten und Fehlerszenarien werden mit dem zugehörigen Xray-Testfall abgestimmt.",300365,KAN-101,High
Task,E8-09 Fehler- und Leerzustände verstehen – Responsive Oberflächen umsetzen,"Zugehörige Story: KAN-101 – E8-09 Fehler- und Leerzustände verstehen
Priorität der Story: High

Ziel
Navigation, Produktlisten, Detailansichten, Formulare und Checkout für Desktop, Tablet und Smartphone implementieren.

Vorgehen
1. Bestehende Schnittstellen, Daten und Randbedingungen für „Fehler- und Leerzustände verstehen“ prüfen.
2. Die fachliche Regel an der zuständigen Schicht implementieren und gegen ungültige Eingaben absichern.
3. UI, API, Persistenz oder Testdaten so integrieren, dass der Ablauf reproduzierbar bleibt.
4. Erfolgs-, Fehler-, Berechtigungs- und Wiederholungsfall dokumentieren.

Erledigt wenn
- Kein horizontaler Überlauf; Inhalte und Aktionen bleiben bei den Zielbreiten nutzbar.
- Die relevanten Akzeptanzkriterien der Story sind nachweisbar erfüllt.
- Automatisierte oder reproduzierbare Tests sind vorhanden und im Review nachvollziehbar.
- Keine bestehende Funktion außerhalb des Story-Scopes wird unbeabsichtigt verändert.

Abhängigkeiten
- Parent: KAN-101
- Testdaten und Fehlerszenarien werden mit dem zugehörigen Xray-Testfall abgestimmt.",300366,KAN-101,High
Task,"E8-09 Fehler- und Leerzustände verstehen – Accessibility-, Lade- und Fehlzustände integrieren","Zugehörige Story: KAN-101 – E8-09 Fehler- und Leerzustände verstehen
Priorität der Story: High

Ziel
Fokus, Tastatur, Screenreader-Struktur, Loading-Skeletons, Leerzustände, Fehlermeldungen und sichere Kontraste umsetzen.

Vorgehen
1. Bestehende Schnittstellen, Daten und Randbedingungen für „Fehler- und Leerzustände verstehen“ prüfen.
2. Die fachliche Regel an der zuständigen Schicht implementieren und gegen ungültige Eingaben absichern.
3. UI, API, Persistenz oder Testdaten so integrieren, dass der Ablauf reproduzierbar bleibt.
4. Erfolgs-, Fehler-, Berechtigungs- und Wiederholungsfall dokumentieren.

Erledigt wenn
- Alle Zustände sind wahrnehmbar, verständlich und ohne Maus bedienbar.
- Die relevanten Akzeptanzkriterien der Story sind nachweisbar erfüllt.
- Automatisierte oder reproduzierbare Tests sind vorhanden und im Review nachvollziehbar.
- Keine bestehende Funktion außerhalb des Story-Scopes wird unbeabsichtigt verändert.

Abhängigkeiten
- Parent: KAN-101
- Testdaten und Fehlerszenarien werden mit dem zugehörigen Xray-Testfall abgestimmt.",300367,KAN-101,High
Task,E8-09 Fehler- und Leerzustände verstehen – Visuelle Regression und Bildperformance absichern,"Zugehörige Story: KAN-101 – E8-09 Fehler- und Leerzustände verstehen
Priorität der Story: High

Ziel
Referenzansichten, Bildgrößen, Lazy Loading, Layoutstabilität und relevante Browser-/Auflösungskombinationen testen.

Vorgehen
1. Bestehende Schnittstellen, Daten und Randbedingungen für „Fehler- und Leerzustände verstehen“ prüfen.
2. Die fachliche Regel an der zuständigen Schicht implementieren und gegen ungültige Eingaben absichern.
3. UI, API, Persistenz oder Testdaten so integrieren, dass der Ablauf reproduzierbar bleibt.
4. Erfolgs-, Fehler-, Berechtigungs- und Wiederholungsfall dokumentieren.

Erledigt wenn
- Darstellung bleibt stabil und Bilder sind scharf, performant und nicht irreführend zugeschnitten.
- Die relevanten Akzeptanzkriterien der Story sind nachweisbar erfüllt.
- Automatisierte oder reproduzierbare Tests sind vorhanden und im Review nachvollziehbar.
- Keine bestehende Funktion außerhalb des Story-Scopes wird unbeabsichtigt verändert.

Abhängigkeiten
- Parent: KAN-101
- Testdaten und Fehlerszenarien werden mit dem zugehörigen Xray-Testfall abgestimmt.",300368,KAN-101,High
Task,E8-10 Shop per Tastatur bedienen – Designsystem und Komponentenregeln definieren,"Zugehörige Story: KAN-102 – E8-10 Shop per Tastatur bedienen
Priorität der Story: High

Ziel
Farben, Typografie, Abstände, Zustände, Icons, Formelemente und responsive Breakpoints als wiederverwendbare Regeln festlegen.

Vorgehen
1. Bestehende Schnittstellen, Daten und Randbedingungen für „Shop per Tastatur bedienen“ prüfen.
2. Die fachliche Regel an der zuständigen Schicht implementieren und gegen ungültige Eingaben absichern.
3. UI, API, Persistenz oder Testdaten so integrieren, dass der Ablauf reproduzierbar bleibt.
4. Erfolgs-, Fehler-, Berechtigungs- und Wiederholungsfall dokumentieren.

Erledigt wenn
- Neue Oberflächen verwenden konsistente Tokens und vermeiden lokale Sonderlösungen.
- Die relevanten Akzeptanzkriterien der Story sind nachweisbar erfüllt.
- Automatisierte oder reproduzierbare Tests sind vorhanden und im Review nachvollziehbar.
- Keine bestehende Funktion außerhalb des Story-Scopes wird unbeabsichtigt verändert.

Abhängigkeiten
- Parent: KAN-102
- Testdaten und Fehlerszenarien werden mit dem zugehörigen Xray-Testfall abgestimmt.",300369,KAN-102,High
Task,E8-10 Shop per Tastatur bedienen – Responsive Oberflächen umsetzen,"Zugehörige Story: KAN-102 – E8-10 Shop per Tastatur bedienen
Priorität der Story: High

Ziel
Navigation, Produktlisten, Detailansichten, Formulare und Checkout für Desktop, Tablet und Smartphone implementieren.

Vorgehen
1. Bestehende Schnittstellen, Daten und Randbedingungen für „Shop per Tastatur bedienen“ prüfen.
2. Die fachliche Regel an der zuständigen Schicht implementieren und gegen ungültige Eingaben absichern.
3. UI, API, Persistenz oder Testdaten so integrieren, dass der Ablauf reproduzierbar bleibt.
4. Erfolgs-, Fehler-, Berechtigungs- und Wiederholungsfall dokumentieren.

Erledigt wenn
- Kein horizontaler Überlauf; Inhalte und Aktionen bleiben bei den Zielbreiten nutzbar.
- Die relevanten Akzeptanzkriterien der Story sind nachweisbar erfüllt.
- Automatisierte oder reproduzierbare Tests sind vorhanden und im Review nachvollziehbar.
- Keine bestehende Funktion außerhalb des Story-Scopes wird unbeabsichtigt verändert.

Abhängigkeiten
- Parent: KAN-102
- Testdaten und Fehlerszenarien werden mit dem zugehörigen Xray-Testfall abgestimmt.",300370,KAN-102,High
Task,"E8-10 Shop per Tastatur bedienen – Accessibility-, Lade- und Fehlzustände integrieren","Zugehörige Story: KAN-102 – E8-10 Shop per Tastatur bedienen
Priorität der Story: High

Ziel
Fokus, Tastatur, Screenreader-Struktur, Loading-Skeletons, Leerzustände, Fehlermeldungen und sichere Kontraste umsetzen.

Vorgehen
1. Bestehende Schnittstellen, Daten und Randbedingungen für „Shop per Tastatur bedienen“ prüfen.
2. Die fachliche Regel an der zuständigen Schicht implementieren und gegen ungültige Eingaben absichern.
3. UI, API, Persistenz oder Testdaten so integrieren, dass der Ablauf reproduzierbar bleibt.
4. Erfolgs-, Fehler-, Berechtigungs- und Wiederholungsfall dokumentieren.

Erledigt wenn
- Alle Zustände sind wahrnehmbar, verständlich und ohne Maus bedienbar.
- Die relevanten Akzeptanzkriterien der Story sind nachweisbar erfüllt.
- Automatisierte oder reproduzierbare Tests sind vorhanden und im Review nachvollziehbar.
- Keine bestehende Funktion außerhalb des Story-Scopes wird unbeabsichtigt verändert.

Abhängigkeiten
- Parent: KAN-102
- Testdaten und Fehlerszenarien werden mit dem zugehörigen Xray-Testfall abgestimmt.",300371,KAN-102,High
Task,E8-10 Shop per Tastatur bedienen – Visuelle Regression und Bildperformance absichern,"Zugehörige Story: KAN-102 – E8-10 Shop per Tastatur bedienen
Priorität der Story: High

Ziel
Referenzansichten, Bildgrößen, Lazy Loading, Layoutstabilität und relevante Browser-/Auflösungskombinationen testen.

Vorgehen
1. Bestehende Schnittstellen, Daten und Randbedingungen für „Shop per Tastatur bedienen“ prüfen.
2. Die fachliche Regel an der zuständigen Schicht implementieren und gegen ungültige Eingaben absichern.
3. UI, API, Persistenz oder Testdaten so integrieren, dass der Ablauf reproduzierbar bleibt.
4. Erfolgs-, Fehler-, Berechtigungs- und Wiederholungsfall dokumentieren.

Erledigt wenn
- Darstellung bleibt stabil und Bilder sind scharf, performant und nicht irreführend zugeschnitten.
- Die relevanten Akzeptanzkriterien der Story sind nachweisbar erfüllt.
- Automatisierte oder reproduzierbare Tests sind vorhanden und im Review nachvollziehbar.
- Keine bestehende Funktion außerhalb des Story-Scopes wird unbeabsichtigt verändert.

Abhängigkeiten
- Parent: KAN-102
- Testdaten und Fehlerszenarien werden mit dem zugehörigen Xray-Testfall abgestimmt.",300372,KAN-102,High
Task,E8-11 Shop mit Screenreader nutzen – Designsystem und Komponentenregeln definieren,"Zugehörige Story: KAN-103 – E8-11 Shop mit Screenreader nutzen
Priorität der Story: High

Ziel
Farben, Typografie, Abstände, Zustände, Icons, Formelemente und responsive Breakpoints als wiederverwendbare Regeln festlegen.

Vorgehen
1. Bestehende Schnittstellen, Daten und Randbedingungen für „Shop mit Screenreader nutzen“ prüfen.
2. Die fachliche Regel an der zuständigen Schicht implementieren und gegen ungültige Eingaben absichern.
3. UI, API, Persistenz oder Testdaten so integrieren, dass der Ablauf reproduzierbar bleibt.
4. Erfolgs-, Fehler-, Berechtigungs- und Wiederholungsfall dokumentieren.

Erledigt wenn
- Neue Oberflächen verwenden konsistente Tokens und vermeiden lokale Sonderlösungen.
- Die relevanten Akzeptanzkriterien der Story sind nachweisbar erfüllt.
- Automatisierte oder reproduzierbare Tests sind vorhanden und im Review nachvollziehbar.
- Keine bestehende Funktion außerhalb des Story-Scopes wird unbeabsichtigt verändert.

Abhängigkeiten
- Parent: KAN-103
- Testdaten und Fehlerszenarien werden mit dem zugehörigen Xray-Testfall abgestimmt.",300373,KAN-103,High
Task,E8-11 Shop mit Screenreader nutzen – Responsive Oberflächen umsetzen,"Zugehörige Story: KAN-103 – E8-11 Shop mit Screenreader nutzen
Priorität der Story: High

Ziel
Navigation, Produktlisten, Detailansichten, Formulare und Checkout für Desktop, Tablet und Smartphone implementieren.

Vorgehen
1. Bestehende Schnittstellen, Daten und Randbedingungen für „Shop mit Screenreader nutzen“ prüfen.
2. Die fachliche Regel an der zuständigen Schicht implementieren und gegen ungültige Eingaben absichern.
3. UI, API, Persistenz oder Testdaten so integrieren, dass der Ablauf reproduzierbar bleibt.
4. Erfolgs-, Fehler-, Berechtigungs- und Wiederholungsfall dokumentieren.

Erledigt wenn
- Kein horizontaler Überlauf; Inhalte und Aktionen bleiben bei den Zielbreiten nutzbar.
- Die relevanten Akzeptanzkriterien der Story sind nachweisbar erfüllt.
- Automatisierte oder reproduzierbare Tests sind vorhanden und im Review nachvollziehbar.
- Keine bestehende Funktion außerhalb des Story-Scopes wird unbeabsichtigt verändert.

Abhängigkeiten
- Parent: KAN-103
- Testdaten und Fehlerszenarien werden mit dem zugehörigen Xray-Testfall abgestimmt.",300374,KAN-103,High
Task,"E8-11 Shop mit Screenreader nutzen – Accessibility-, Lade- und Fehlzustände integrieren","Zugehörige Story: KAN-103 – E8-11 Shop mit Screenreader nutzen
Priorität der Story: High

Ziel
Fokus, Tastatur, Screenreader-Struktur, Loading-Skeletons, Leerzustände, Fehlermeldungen und sichere Kontraste umsetzen.

Vorgehen
1. Bestehende Schnittstellen, Daten und Randbedingungen für „Shop mit Screenreader nutzen“ prüfen.
2. Die fachliche Regel an der zuständigen Schicht implementieren und gegen ungültige Eingaben absichern.
3. UI, API, Persistenz oder Testdaten so integrieren, dass der Ablauf reproduzierbar bleibt.
4. Erfolgs-, Fehler-, Berechtigungs- und Wiederholungsfall dokumentieren.

Erledigt wenn
- Alle Zustände sind wahrnehmbar, verständlich und ohne Maus bedienbar.
- Die relevanten Akzeptanzkriterien der Story sind nachweisbar erfüllt.
- Automatisierte oder reproduzierbare Tests sind vorhanden und im Review nachvollziehbar.
- Keine bestehende Funktion außerhalb des Story-Scopes wird unbeabsichtigt verändert.

Abhängigkeiten
- Parent: KAN-103
- Testdaten und Fehlerszenarien werden mit dem zugehörigen Xray-Testfall abgestimmt.",300375,KAN-103,High
Task,E8-11 Shop mit Screenreader nutzen – Visuelle Regression und Bildperformance absichern,"Zugehörige Story: KAN-103 – E8-11 Shop mit Screenreader nutzen
Priorität der Story: High

Ziel
Referenzansichten, Bildgrößen, Lazy Loading, Layoutstabilität und relevante Browser-/Auflösungskombinationen testen.

Vorgehen
1. Bestehende Schnittstellen, Daten und Randbedingungen für „Shop mit Screenreader nutzen“ prüfen.
2. Die fachliche Regel an der zuständigen Schicht implementieren und gegen ungültige Eingaben absichern.
3. UI, API, Persistenz oder Testdaten so integrieren, dass der Ablauf reproduzierbar bleibt.
4. Erfolgs-, Fehler-, Berechtigungs- und Wiederholungsfall dokumentieren.

Erledigt wenn
- Darstellung bleibt stabil und Bilder sind scharf, performant und nicht irreführend zugeschnitten.
- Die relevanten Akzeptanzkriterien der Story sind nachweisbar erfüllt.
- Automatisierte oder reproduzierbare Tests sind vorhanden und im Review nachvollziehbar.
- Keine bestehende Funktion außerhalb des Story-Scopes wird unbeabsichtigt verändert.

Abhängigkeiten
- Parent: KAN-103
- Testdaten und Fehlerszenarien werden mit dem zugehörigen Xray-Testfall abgestimmt.",300376,KAN-103,High
Task,E8-12 Fokus- und Aktivzustände sehen – Designsystem und Komponentenregeln definieren,"Zugehörige Story: KAN-104 – E8-12 Fokus- und Aktivzustände sehen
Priorität der Story: High

Ziel
Farben, Typografie, Abstände, Zustände, Icons, Formelemente und responsive Breakpoints als wiederverwendbare Regeln festlegen.

Vorgehen
1. Bestehende Schnittstellen, Daten und Randbedingungen für „Fokus- und Aktivzustände sehen“ prüfen.
2. Die fachliche Regel an der zuständigen Schicht implementieren und gegen ungültige Eingaben absichern.
3. UI, API, Persistenz oder Testdaten so integrieren, dass der Ablauf reproduzierbar bleibt.
4. Erfolgs-, Fehler-, Berechtigungs- und Wiederholungsfall dokumentieren.

Erledigt wenn
- Neue Oberflächen verwenden konsistente Tokens und vermeiden lokale Sonderlösungen.
- Die relevanten Akzeptanzkriterien der Story sind nachweisbar erfüllt.
- Automatisierte oder reproduzierbare Tests sind vorhanden und im Review nachvollziehbar.
- Keine bestehende Funktion außerhalb des Story-Scopes wird unbeabsichtigt verändert.

Abhängigkeiten
- Parent: KAN-104
- Testdaten und Fehlerszenarien werden mit dem zugehörigen Xray-Testfall abgestimmt.",300377,KAN-104,High
Task,E8-12 Fokus- und Aktivzustände sehen – Responsive Oberflächen umsetzen,"Zugehörige Story: KAN-104 – E8-12 Fokus- und Aktivzustände sehen
Priorität der Story: High

Ziel
Navigation, Produktlisten, Detailansichten, Formulare und Checkout für Desktop, Tablet und Smartphone implementieren.

Vorgehen
1. Bestehende Schnittstellen, Daten und Randbedingungen für „Fokus- und Aktivzustände sehen“ prüfen.
2. Die fachliche Regel an der zuständigen Schicht implementieren und gegen ungültige Eingaben absichern.
3. UI, API, Persistenz oder Testdaten so integrieren, dass der Ablauf reproduzierbar bleibt.
4. Erfolgs-, Fehler-, Berechtigungs- und Wiederholungsfall dokumentieren.

Erledigt wenn
- Kein horizontaler Überlauf; Inhalte und Aktionen bleiben bei den Zielbreiten nutzbar.
- Die relevanten Akzeptanzkriterien der Story sind nachweisbar erfüllt.
- Automatisierte oder reproduzierbare Tests sind vorhanden und im Review nachvollziehbar.
- Keine bestehende Funktion außerhalb des Story-Scopes wird unbeabsichtigt verändert.

Abhängigkeiten
- Parent: KAN-104
- Testdaten und Fehlerszenarien werden mit dem zugehörigen Xray-Testfall abgestimmt.",300378,KAN-104,High
Task,"E8-12 Fokus- und Aktivzustände sehen – Accessibility-, Lade- und Fehlzustände integrieren","Zugehörige Story: KAN-104 – E8-12 Fokus- und Aktivzustände sehen
Priorität der Story: High

Ziel
Fokus, Tastatur, Screenreader-Struktur, Loading-Skeletons, Leerzustände, Fehlermeldungen und sichere Kontraste umsetzen.

Vorgehen
1. Bestehende Schnittstellen, Daten und Randbedingungen für „Fokus- und Aktivzustände sehen“ prüfen.
2. Die fachliche Regel an der zuständigen Schicht implementieren und gegen ungültige Eingaben absichern.
3. UI, API, Persistenz oder Testdaten so integrieren, dass der Ablauf reproduzierbar bleibt.
4. Erfolgs-, Fehler-, Berechtigungs- und Wiederholungsfall dokumentieren.

Erledigt wenn
- Alle Zustände sind wahrnehmbar, verständlich und ohne Maus bedienbar.
- Die relevanten Akzeptanzkriterien der Story sind nachweisbar erfüllt.
- Automatisierte oder reproduzierbare Tests sind vorhanden und im Review nachvollziehbar.
- Keine bestehende Funktion außerhalb des Story-Scopes wird unbeabsichtigt verändert.

Abhängigkeiten
- Parent: KAN-104
- Testdaten und Fehlerszenarien werden mit dem zugehörigen Xray-Testfall abgestimmt.",300379,KAN-104,High
Task,E8-12 Fokus- und Aktivzustände sehen – Visuelle Regression und Bildperformance absichern,"Zugehörige Story: KAN-104 – E8-12 Fokus- und Aktivzustände sehen
Priorität der Story: High

Ziel
Referenzansichten, Bildgrößen, Lazy Loading, Layoutstabilität und relevante Browser-/Auflösungskombinationen testen.

Vorgehen
1. Bestehende Schnittstellen, Daten und Randbedingungen für „Fokus- und Aktivzustände sehen“ prüfen.
2. Die fachliche Regel an der zuständigen Schicht implementieren und gegen ungültige Eingaben absichern.
3. UI, API, Persistenz oder Testdaten so integrieren, dass der Ablauf reproduzierbar bleibt.
4. Erfolgs-, Fehler-, Berechtigungs- und Wiederholungsfall dokumentieren.

Erledigt wenn
- Darstellung bleibt stabil und Bilder sind scharf, performant und nicht irreführend zugeschnitten.
- Die relevanten Akzeptanzkriterien der Story sind nachweisbar erfüllt.
- Automatisierte oder reproduzierbare Tests sind vorhanden und im Review nachvollziehbar.
- Keine bestehende Funktion außerhalb des Story-Scopes wird unbeabsichtigt verändert.

Abhängigkeiten
- Parent: KAN-104
- Testdaten und Fehlerszenarien werden mit dem zugehörigen Xray-Testfall abgestimmt.",300380,KAN-104,High
Task,E8-13 Optimierte Produktbilder erhalten – Designsystem und Komponentenregeln definieren,"Zugehörige Story: KAN-105 – E8-13 Optimierte Produktbilder erhalten
Priorität der Story: High

Ziel
Farben, Typografie, Abstände, Zustände, Icons, Formelemente und responsive Breakpoints als wiederverwendbare Regeln festlegen.

Vorgehen
1. Bestehende Schnittstellen, Daten und Randbedingungen für „Optimierte Produktbilder erhalten“ prüfen.
2. Die fachliche Regel an der zuständigen Schicht implementieren und gegen ungültige Eingaben absichern.
3. UI, API, Persistenz oder Testdaten so integrieren, dass der Ablauf reproduzierbar bleibt.
4. Erfolgs-, Fehler-, Berechtigungs- und Wiederholungsfall dokumentieren.

Erledigt wenn
- Neue Oberflächen verwenden konsistente Tokens und vermeiden lokale Sonderlösungen.
- Die relevanten Akzeptanzkriterien der Story sind nachweisbar erfüllt.
- Automatisierte oder reproduzierbare Tests sind vorhanden und im Review nachvollziehbar.
- Keine bestehende Funktion außerhalb des Story-Scopes wird unbeabsichtigt verändert.

Abhängigkeiten
- Parent: KAN-105
- Testdaten und Fehlerszenarien werden mit dem zugehörigen Xray-Testfall abgestimmt.",300381,KAN-105,High
Task,E8-13 Optimierte Produktbilder erhalten – Responsive Oberflächen umsetzen,"Zugehörige Story: KAN-105 – E8-13 Optimierte Produktbilder erhalten
Priorität der Story: High

Ziel
Navigation, Produktlisten, Detailansichten, Formulare und Checkout für Desktop, Tablet und Smartphone implementieren.

Vorgehen
1. Bestehende Schnittstellen, Daten und Randbedingungen für „Optimierte Produktbilder erhalten“ prüfen.
2. Die fachliche Regel an der zuständigen Schicht implementieren und gegen ungültige Eingaben absichern.
3. UI, API, Persistenz oder Testdaten so integrieren, dass der Ablauf reproduzierbar bleibt.
4. Erfolgs-, Fehler-, Berechtigungs- und Wiederholungsfall dokumentieren.

Erledigt wenn
- Kein horizontaler Überlauf; Inhalte und Aktionen bleiben bei den Zielbreiten nutzbar.
- Die relevanten Akzeptanzkriterien der Story sind nachweisbar erfüllt.
- Automatisierte oder reproduzierbare Tests sind vorhanden und im Review nachvollziehbar.
- Keine bestehende Funktion außerhalb des Story-Scopes wird unbeabsichtigt verändert.

Abhängigkeiten
- Parent: KAN-105
- Testdaten und Fehlerszenarien werden mit dem zugehörigen Xray-Testfall abgestimmt.",300382,KAN-105,High
Task,"E8-13 Optimierte Produktbilder erhalten – Accessibility-, Lade- und Fehlzustände integrieren","Zugehörige Story: KAN-105 – E8-13 Optimierte Produktbilder erhalten
Priorität der Story: High

Ziel
Fokus, Tastatur, Screenreader-Struktur, Loading-Skeletons, Leerzustände, Fehlermeldungen und sichere Kontraste umsetzen.

Vorgehen
1. Bestehende Schnittstellen, Daten und Randbedingungen für „Optimierte Produktbilder erhalten“ prüfen.
2. Die fachliche Regel an der zuständigen Schicht implementieren und gegen ungültige Eingaben absichern.
3. UI, API, Persistenz oder Testdaten so integrieren, dass der Ablauf reproduzierbar bleibt.
4. Erfolgs-, Fehler-, Berechtigungs- und Wiederholungsfall dokumentieren.

Erledigt wenn
- Alle Zustände sind wahrnehmbar, verständlich und ohne Maus bedienbar.
- Die relevanten Akzeptanzkriterien der Story sind nachweisbar erfüllt.
- Automatisierte oder reproduzierbare Tests sind vorhanden und im Review nachvollziehbar.
- Keine bestehende Funktion außerhalb des Story-Scopes wird unbeabsichtigt verändert.

Abhängigkeiten
- Parent: KAN-105
- Testdaten und Fehlerszenarien werden mit dem zugehörigen Xray-Testfall abgestimmt.",300383,KAN-105,High
Task,E8-13 Optimierte Produktbilder erhalten – Visuelle Regression und Bildperformance absichern,"Zugehörige Story: KAN-105 – E8-13 Optimierte Produktbilder erhalten
Priorität der Story: High

Ziel
Referenzansichten, Bildgrößen, Lazy Loading, Layoutstabilität und relevante Browser-/Auflösungskombinationen testen.

Vorgehen
1. Bestehende Schnittstellen, Daten und Randbedingungen für „Optimierte Produktbilder erhalten“ prüfen.
2. Die fachliche Regel an der zuständigen Schicht implementieren und gegen ungültige Eingaben absichern.
3. UI, API, Persistenz oder Testdaten so integrieren, dass der Ablauf reproduzierbar bleibt.
4. Erfolgs-, Fehler-, Berechtigungs- und Wiederholungsfall dokumentieren.

Erledigt wenn
- Darstellung bleibt stabil und Bilder sind scharf, performant und nicht irreführend zugeschnitten.
- Die relevanten Akzeptanzkriterien der Story sind nachweisbar erfüllt.
- Automatisierte oder reproduzierbare Tests sind vorhanden und im Review nachvollziehbar.
- Keine bestehende Funktion außerhalb des Story-Scopes wird unbeabsichtigt verändert.

Abhängigkeiten
- Parent: KAN-105
- Testdaten und Fehlerszenarien werden mit dem zugehörigen Xray-Testfall abgestimmt.",300384,KAN-105,High
Task,E8-14 Auflösungsunabhängiges Design erleben – Designsystem und Komponentenregeln definieren,"Zugehörige Story: KAN-106 – E8-14 Auflösungsunabhängiges Design erleben
Priorität der Story: High

Ziel
Farben, Typografie, Abstände, Zustände, Icons, Formelemente und responsive Breakpoints als wiederverwendbare Regeln festlegen.

Vorgehen
1. Bestehende Schnittstellen, Daten und Randbedingungen für „Auflösungsunabhängiges Design erleben“ prüfen.
2. Die fachliche Regel an der zuständigen Schicht implementieren und gegen ungültige Eingaben absichern.
3. UI, API, Persistenz oder Testdaten so integrieren, dass der Ablauf reproduzierbar bleibt.
4. Erfolgs-, Fehler-, Berechtigungs- und Wiederholungsfall dokumentieren.

Erledigt wenn
- Neue Oberflächen verwenden konsistente Tokens und vermeiden lokale Sonderlösungen.
- Die relevanten Akzeptanzkriterien der Story sind nachweisbar erfüllt.
- Automatisierte oder reproduzierbare Tests sind vorhanden und im Review nachvollziehbar.
- Keine bestehende Funktion außerhalb des Story-Scopes wird unbeabsichtigt verändert.

Abhängigkeiten
- Parent: KAN-106
- Testdaten und Fehlerszenarien werden mit dem zugehörigen Xray-Testfall abgestimmt.",300385,KAN-106,High
Task,E8-14 Auflösungsunabhängiges Design erleben – Responsive Oberflächen umsetzen,"Zugehörige Story: KAN-106 – E8-14 Auflösungsunabhängiges Design erleben
Priorität der Story: High

Ziel
Navigation, Produktlisten, Detailansichten, Formulare und Checkout für Desktop, Tablet und Smartphone implementieren.

Vorgehen
1. Bestehende Schnittstellen, Daten und Randbedingungen für „Auflösungsunabhängiges Design erleben“ prüfen.
2. Die fachliche Regel an der zuständigen Schicht implementieren und gegen ungültige Eingaben absichern.
3. UI, API, Persistenz oder Testdaten so integrieren, dass der Ablauf reproduzierbar bleibt.
4. Erfolgs-, Fehler-, Berechtigungs- und Wiederholungsfall dokumentieren.

Erledigt wenn
- Kein horizontaler Überlauf; Inhalte und Aktionen bleiben bei den Zielbreiten nutzbar.
- Die relevanten Akzeptanzkriterien der Story sind nachweisbar erfüllt.
- Automatisierte oder reproduzierbare Tests sind vorhanden und im Review nachvollziehbar.
- Keine bestehende Funktion außerhalb des Story-Scopes wird unbeabsichtigt verändert.

Abhängigkeiten
- Parent: KAN-106
- Testdaten und Fehlerszenarien werden mit dem zugehörigen Xray-Testfall abgestimmt.",300386,KAN-106,High
Task,"E8-14 Auflösungsunabhängiges Design erleben – Accessibility-, Lade- und Fehlzustände integrieren","Zugehörige Story: KAN-106 – E8-14 Auflösungsunabhängiges Design erleben
Priorität der Story: High

Ziel
Fokus, Tastatur, Screenreader-Struktur, Loading-Skeletons, Leerzustände, Fehlermeldungen und sichere Kontraste umsetzen.

Vorgehen
1. Bestehende Schnittstellen, Daten und Randbedingungen für „Auflösungsunabhängiges Design erleben“ prüfen.
2. Die fachliche Regel an der zuständigen Schicht implementieren und gegen ungültige Eingaben absichern.
3. UI, API, Persistenz oder Testdaten so integrieren, dass der Ablauf reproduzierbar bleibt.
4. Erfolgs-, Fehler-, Berechtigungs- und Wiederholungsfall dokumentieren.

Erledigt wenn
- Alle Zustände sind wahrnehmbar, verständlich und ohne Maus bedienbar.
- Die relevanten Akzeptanzkriterien der Story sind nachweisbar erfüllt.
- Automatisierte oder reproduzierbare Tests sind vorhanden und im Review nachvollziehbar.
- Keine bestehende Funktion außerhalb des Story-Scopes wird unbeabsichtigt verändert.

Abhängigkeiten
- Parent: KAN-106
- Testdaten und Fehlerszenarien werden mit dem zugehörigen Xray-Testfall abgestimmt.",300387,KAN-106,High
Task,E8-14 Auflösungsunabhängiges Design erleben – Visuelle Regression und Bildperformance absichern,"Zugehörige Story: KAN-106 – E8-14 Auflösungsunabhängiges Design erleben
Priorität der Story: High

Ziel
Referenzansichten, Bildgrößen, Lazy Loading, Layoutstabilität und relevante Browser-/Auflösungskombinationen testen.

Vorgehen
1. Bestehende Schnittstellen, Daten und Randbedingungen für „Auflösungsunabhängiges Design erleben“ prüfen.
2. Die fachliche Regel an der zuständigen Schicht implementieren und gegen ungültige Eingaben absichern.
3. UI, API, Persistenz oder Testdaten so integrieren, dass der Ablauf reproduzierbar bleibt.
4. Erfolgs-, Fehler-, Berechtigungs- und Wiederholungsfall dokumentieren.

Erledigt wenn
- Darstellung bleibt stabil und Bilder sind scharf, performant und nicht irreführend zugeschnitten.
- Die relevanten Akzeptanzkriterien der Story sind nachweisbar erfüllt.
- Automatisierte oder reproduzierbare Tests sind vorhanden und im Review nachvollziehbar.
- Keine bestehende Funktion außerhalb des Story-Scopes wird unbeabsichtigt verändert.

Abhängigkeiten
- Parent: KAN-106
- Testdaten und Fehlerszenarien werden mit dem zugehörigen Xray-Testfall abgestimmt.",300388,KAN-106,High
Task,E9-01 Akzeptanzkriterien vereinheitlichen – Xray-Repository und Testfallstandard einrichten,"Zugehörige Story: KAN-107 – E9-01 Akzeptanzkriterien vereinheitlichen
Priorität der Story: High

Ziel
Ordner, Benennung, Vorbedingungen, Testdaten, Schritte, erwartete Ergebnisse und Belegregeln als Teamstandard festlegen.

Vorgehen
1. Bestehende Schnittstellen, Daten und Randbedingungen für „Akzeptanzkriterien vereinheitlichen“ prüfen.
2. Die fachliche Regel an der zuständigen Schicht implementieren und gegen ungültige Eingaben absichern.
3. UI, API, Persistenz oder Testdaten so integrieren, dass der Ablauf reproduzierbar bleibt.
4. Erfolgs-, Fehler-, Berechtigungs- und Wiederholungsfall dokumentieren.

Erledigt wenn
- Neue Tests sind einheitlich aufgebaut und ohne Rückfragen ausführbar.
- Die relevanten Akzeptanzkriterien der Story sind nachweisbar erfüllt.
- Automatisierte oder reproduzierbare Tests sind vorhanden und im Review nachvollziehbar.
- Keine bestehende Funktion außerhalb des Story-Scopes wird unbeabsichtigt verändert.

Abhängigkeiten
- Parent: KAN-107
- Testdaten und Fehlerszenarien werden mit dem zugehörigen Xray-Testfall abgestimmt.",300389,KAN-107,High
Task,E9-01 Akzeptanzkriterien vereinheitlichen – Traceability und Testplanung implementieren,"Zugehörige Story: KAN-107 – E9-01 Akzeptanzkriterien vereinheitlichen
Priorität der Story: High

Ziel
Stories, Tests, Test Sets, Test Plan und Test Execution sinnvoll verknüpfen und Namenskonventionen anwenden.

Vorgehen
1. Bestehende Schnittstellen, Daten und Randbedingungen für „Akzeptanzkriterien vereinheitlichen“ prüfen.
2. Die fachliche Regel an der zuständigen Schicht implementieren und gegen ungültige Eingaben absichern.
3. UI, API, Persistenz oder Testdaten so integrieren, dass der Ablauf reproduzierbar bleibt.
4. Erfolgs-, Fehler-, Berechtigungs- und Wiederholungsfall dokumentieren.

Erledigt wenn
- Abdeckung ist pro Epic und Release nachvollziehbar; fehlende Links werden sichtbar.
- Die relevanten Akzeptanzkriterien der Story sind nachweisbar erfüllt.
- Automatisierte oder reproduzierbare Tests sind vorhanden und im Review nachvollziehbar.
- Keine bestehende Funktion außerhalb des Story-Scopes wird unbeabsichtigt verändert.

Abhängigkeiten
- Parent: KAN-107
- Testdaten und Fehlerszenarien werden mit dem zugehörigen Xray-Testfall abgestimmt.",300390,KAN-107,High
Task,"E9-01 Akzeptanzkriterien vereinheitlichen – Ausführung, Evidenz und Fehlerprozess definieren","Zugehörige Story: KAN-107 – E9-01 Akzeptanzkriterien vereinheitlichen
Priorität der Story: High

Ziel
Testergebnisse, Screenshots/Logs, Wiederholungen, fehlgeschlagene Schritte und Bug-Eröffnung mit Mindestinformationen festlegen.

Vorgehen
1. Bestehende Schnittstellen, Daten und Randbedingungen für „Akzeptanzkriterien vereinheitlichen“ prüfen.
2. Die fachliche Regel an der zuständigen Schicht implementieren und gegen ungültige Eingaben absichern.
3. UI, API, Persistenz oder Testdaten so integrieren, dass der Ablauf reproduzierbar bleibt.
4. Erfolgs-, Fehler-, Berechtigungs- und Wiederholungsfall dokumentieren.

Erledigt wenn
- Ein Dritter kann einen Fehlschlag reproduzieren und die Ursache vom Testlauf bis zum Bug verfolgen.
- Die relevanten Akzeptanzkriterien der Story sind nachweisbar erfüllt.
- Automatisierte oder reproduzierbare Tests sind vorhanden und im Review nachvollziehbar.
- Keine bestehende Funktion außerhalb des Story-Scopes wird unbeabsichtigt verändert.

Abhängigkeiten
- Parent: KAN-107
- Testdaten und Fehlerszenarien werden mit dem zugehörigen Xray-Testfall abgestimmt.",300391,KAN-107,High
Task,E9-01 Akzeptanzkriterien vereinheitlichen – Regression und Release-Abnahme verifizieren,"Zugehörige Story: KAN-107 – E9-01 Akzeptanzkriterien vereinheitlichen
Priorität der Story: High

Ziel
Browser-/Gerätematrix, Regressionstestsuite, Abnahmekriterien und Coverage-Reports für den MVP einrichten.

Vorgehen
1. Bestehende Schnittstellen, Daten und Randbedingungen für „Akzeptanzkriterien vereinheitlichen“ prüfen.
2. Die fachliche Regel an der zuständigen Schicht implementieren und gegen ungültige Eingaben absichern.
3. UI, API, Persistenz oder Testdaten so integrieren, dass der Ablauf reproduzierbar bleibt.
4. Erfolgs-, Fehler-, Berechtigungs- und Wiederholungsfall dokumentieren.

Erledigt wenn
- Ein Release kann anhand klarer Kriterien freigegeben oder begründet zurückgestellt werden.
- Die relevanten Akzeptanzkriterien der Story sind nachweisbar erfüllt.
- Automatisierte oder reproduzierbare Tests sind vorhanden und im Review nachvollziehbar.
- Keine bestehende Funktion außerhalb des Story-Scopes wird unbeabsichtigt verändert.

Abhängigkeiten
- Parent: KAN-107
- Testdaten und Fehlerszenarien werden mit dem zugehörigen Xray-Testfall abgestimmt.",300392,KAN-107,High
Task,E9-02 Xray-Testrepository strukturieren – Xray-Repository und Testfallstandard einrichten,"Zugehörige Story: KAN-108 – E9-02 Xray-Testrepository strukturieren
Priorität der Story: High

Ziel
Ordner, Benennung, Vorbedingungen, Testdaten, Schritte, erwartete Ergebnisse und Belegregeln als Teamstandard festlegen.

Vorgehen
1. Bestehende Schnittstellen, Daten und Randbedingungen für „Xray-Testrepository strukturieren“ prüfen.
2. Die fachliche Regel an der zuständigen Schicht implementieren und gegen ungültige Eingaben absichern.
3. UI, API, Persistenz oder Testdaten so integrieren, dass der Ablauf reproduzierbar bleibt.
4. Erfolgs-, Fehler-, Berechtigungs- und Wiederholungsfall dokumentieren.

Erledigt wenn
- Neue Tests sind einheitlich aufgebaut und ohne Rückfragen ausführbar.
- Die relevanten Akzeptanzkriterien der Story sind nachweisbar erfüllt.
- Automatisierte oder reproduzierbare Tests sind vorhanden und im Review nachvollziehbar.
- Keine bestehende Funktion außerhalb des Story-Scopes wird unbeabsichtigt verändert.

Abhängigkeiten
- Parent: KAN-108
- Testdaten und Fehlerszenarien werden mit dem zugehörigen Xray-Testfall abgestimmt.",300393,KAN-108,High
Task,E9-02 Xray-Testrepository strukturieren – Traceability und Testplanung implementieren,"Zugehörige Story: KAN-108 – E9-02 Xray-Testrepository strukturieren
Priorität der Story: High

Ziel
Stories, Tests, Test Sets, Test Plan und Test Execution sinnvoll verknüpfen und Namenskonventionen anwenden.

Vorgehen
1. Bestehende Schnittstellen, Daten und Randbedingungen für „Xray-Testrepository strukturieren“ prüfen.
2. Die fachliche Regel an der zuständigen Schicht implementieren und gegen ungültige Eingaben absichern.
3. UI, API, Persistenz oder Testdaten so integrieren, dass der Ablauf reproduzierbar bleibt.
4. Erfolgs-, Fehler-, Berechtigungs- und Wiederholungsfall dokumentieren.

Erledigt wenn
- Abdeckung ist pro Epic und Release nachvollziehbar; fehlende Links werden sichtbar.
- Die relevanten Akzeptanzkriterien der Story sind nachweisbar erfüllt.
- Automatisierte oder reproduzierbare Tests sind vorhanden und im Review nachvollziehbar.
- Keine bestehende Funktion außerhalb des Story-Scopes wird unbeabsichtigt verändert.

Abhängigkeiten
- Parent: KAN-108
- Testdaten und Fehlerszenarien werden mit dem zugehörigen Xray-Testfall abgestimmt.",300394,KAN-108,High
Task,"E9-02 Xray-Testrepository strukturieren – Ausführung, Evidenz und Fehlerprozess definieren","Zugehörige Story: KAN-108 – E9-02 Xray-Testrepository strukturieren
Priorität der Story: High

Ziel
Testergebnisse, Screenshots/Logs, Wiederholungen, fehlgeschlagene Schritte und Bug-Eröffnung mit Mindestinformationen festlegen.

Vorgehen
1. Bestehende Schnittstellen, Daten und Randbedingungen für „Xray-Testrepository strukturieren“ prüfen.
2. Die fachliche Regel an der zuständigen Schicht implementieren und gegen ungültige Eingaben absichern.
3. UI, API, Persistenz oder Testdaten so integrieren, dass der Ablauf reproduzierbar bleibt.
4. Erfolgs-, Fehler-, Berechtigungs- und Wiederholungsfall dokumentieren.

Erledigt wenn
- Ein Dritter kann einen Fehlschlag reproduzieren und die Ursache vom Testlauf bis zum Bug verfolgen.
- Die relevanten Akzeptanzkriterien der Story sind nachweisbar erfüllt.
- Automatisierte oder reproduzierbare Tests sind vorhanden und im Review nachvollziehbar.
- Keine bestehende Funktion außerhalb des Story-Scopes wird unbeabsichtigt verändert.

Abhängigkeiten
- Parent: KAN-108
- Testdaten und Fehlerszenarien werden mit dem zugehörigen Xray-Testfall abgestimmt.",300395,KAN-108,High
Task,E9-02 Xray-Testrepository strukturieren – Regression und Release-Abnahme verifizieren,"Zugehörige Story: KAN-108 – E9-02 Xray-Testrepository strukturieren
Priorität der Story: High

Ziel
Browser-/Gerätematrix, Regressionstestsuite, Abnahmekriterien und Coverage-Reports für den MVP einrichten.

Vorgehen
1. Bestehende Schnittstellen, Daten und Randbedingungen für „Xray-Testrepository strukturieren“ prüfen.
2. Die fachliche Regel an der zuständigen Schicht implementieren und gegen ungültige Eingaben absichern.
3. UI, API, Persistenz oder Testdaten so integrieren, dass der Ablauf reproduzierbar bleibt.
4. Erfolgs-, Fehler-, Berechtigungs- und Wiederholungsfall dokumentieren.

Erledigt wenn
- Ein Release kann anhand klarer Kriterien freigegeben oder begründet zurückgestellt werden.
- Die relevanten Akzeptanzkriterien der Story sind nachweisbar erfüllt.
- Automatisierte oder reproduzierbare Tests sind vorhanden und im Review nachvollziehbar.
- Keine bestehende Funktion außerhalb des Story-Scopes wird unbeabsichtigt verändert.

Abhängigkeiten
- Parent: KAN-108
- Testdaten und Fehlerszenarien werden mit dem zugehörigen Xray-Testfall abgestimmt.",300396,KAN-108,High
Task,E9-03 Testfall-Template verwenden – Xray-Repository und Testfallstandard einrichten,"Zugehörige Story: KAN-109 – E9-03 Testfall-Template verwenden
Priorität der Story: High

Ziel
Ordner, Benennung, Vorbedingungen, Testdaten, Schritte, erwartete Ergebnisse und Belegregeln als Teamstandard festlegen.

Vorgehen
1. Bestehende Schnittstellen, Daten und Randbedingungen für „Testfall-Template verwenden“ prüfen.
2. Die fachliche Regel an der zuständigen Schicht implementieren und gegen ungültige Eingaben absichern.
3. UI, API, Persistenz oder Testdaten so integrieren, dass der Ablauf reproduzierbar bleibt.
4. Erfolgs-, Fehler-, Berechtigungs- und Wiederholungsfall dokumentieren.

Erledigt wenn
- Neue Tests sind einheitlich aufgebaut und ohne Rückfragen ausführbar.
- Die relevanten Akzeptanzkriterien der Story sind nachweisbar erfüllt.
- Automatisierte oder reproduzierbare Tests sind vorhanden und im Review nachvollziehbar.
- Keine bestehende Funktion außerhalb des Story-Scopes wird unbeabsichtigt verändert.

Abhängigkeiten
- Parent: KAN-109
- Testdaten und Fehlerszenarien werden mit dem zugehörigen Xray-Testfall abgestimmt.",300397,KAN-109,High
Task,E9-03 Testfall-Template verwenden – Traceability und Testplanung implementieren,"Zugehörige Story: KAN-109 – E9-03 Testfall-Template verwenden
Priorität der Story: High

Ziel
Stories, Tests, Test Sets, Test Plan und Test Execution sinnvoll verknüpfen und Namenskonventionen anwenden.

Vorgehen
1. Bestehende Schnittstellen, Daten und Randbedingungen für „Testfall-Template verwenden“ prüfen.
2. Die fachliche Regel an der zuständigen Schicht implementieren und gegen ungültige Eingaben absichern.
3. UI, API, Persistenz oder Testdaten so integrieren, dass der Ablauf reproduzierbar bleibt.
4. Erfolgs-, Fehler-, Berechtigungs- und Wiederholungsfall dokumentieren.

Erledigt wenn
- Abdeckung ist pro Epic und Release nachvollziehbar; fehlende Links werden sichtbar.
- Die relevanten Akzeptanzkriterien der Story sind nachweisbar erfüllt.
- Automatisierte oder reproduzierbare Tests sind vorhanden und im Review nachvollziehbar.
- Keine bestehende Funktion außerhalb des Story-Scopes wird unbeabsichtigt verändert.

Abhängigkeiten
- Parent: KAN-109
- Testdaten und Fehlerszenarien werden mit dem zugehörigen Xray-Testfall abgestimmt.",300398,KAN-109,High
Task,"E9-03 Testfall-Template verwenden – Ausführung, Evidenz und Fehlerprozess definieren","Zugehörige Story: KAN-109 – E9-03 Testfall-Template verwenden
Priorität der Story: High

Ziel
Testergebnisse, Screenshots/Logs, Wiederholungen, fehlgeschlagene Schritte und Bug-Eröffnung mit Mindestinformationen festlegen.

Vorgehen
1. Bestehende Schnittstellen, Daten und Randbedingungen für „Testfall-Template verwenden“ prüfen.
2. Die fachliche Regel an der zuständigen Schicht implementieren und gegen ungültige Eingaben absichern.
3. UI, API, Persistenz oder Testdaten so integrieren, dass der Ablauf reproduzierbar bleibt.
4. Erfolgs-, Fehler-, Berechtigungs- und Wiederholungsfall dokumentieren.

Erledigt wenn
- Ein Dritter kann einen Fehlschlag reproduzieren und die Ursache vom Testlauf bis zum Bug verfolgen.
- Die relevanten Akzeptanzkriterien der Story sind nachweisbar erfüllt.
- Automatisierte oder reproduzierbare Tests sind vorhanden und im Review nachvollziehbar.
- Keine bestehende Funktion außerhalb des Story-Scopes wird unbeabsichtigt verändert.

Abhängigkeiten
- Parent: KAN-109
- Testdaten und Fehlerszenarien werden mit dem zugehörigen Xray-Testfall abgestimmt.",300399,KAN-109,High
Task,E9-03 Testfall-Template verwenden – Regression und Release-Abnahme verifizieren,"Zugehörige Story: KAN-109 – E9-03 Testfall-Template verwenden
Priorität der Story: High

Ziel
Browser-/Gerätematrix, Regressionstestsuite, Abnahmekriterien und Coverage-Reports für den MVP einrichten.

Vorgehen
1. Bestehende Schnittstellen, Daten und Randbedingungen für „Testfall-Template verwenden“ prüfen.
2. Die fachliche Regel an der zuständigen Schicht implementieren und gegen ungültige Eingaben absichern.
3. UI, API, Persistenz oder Testdaten so integrieren, dass der Ablauf reproduzierbar bleibt.
4. Erfolgs-, Fehler-, Berechtigungs- und Wiederholungsfall dokumentieren.

Erledigt wenn
- Ein Release kann anhand klarer Kriterien freigegeben oder begründet zurückgestellt werden.
- Die relevanten Akzeptanzkriterien der Story sind nachweisbar erfüllt.
- Automatisierte oder reproduzierbare Tests sind vorhanden und im Review nachvollziehbar.
- Keine bestehende Funktion außerhalb des Story-Scopes wird unbeabsichtigt verändert.

Abhängigkeiten
- Parent: KAN-109
- Testdaten und Fehlerszenarien werden mit dem zugehörigen Xray-Testfall abgestimmt.",300400,KAN-109,High
Task,E9-04 Testvorbedingungen definieren – Xray-Repository und Testfallstandard einrichten,"Zugehörige Story: KAN-110 – E9-04 Testvorbedingungen definieren
Priorität der Story: High

Ziel
Ordner, Benennung, Vorbedingungen, Testdaten, Schritte, erwartete Ergebnisse und Belegregeln als Teamstandard festlegen.

Vorgehen
1. Bestehende Schnittstellen, Daten und Randbedingungen für „Testvorbedingungen definieren“ prüfen.
2. Die fachliche Regel an der zuständigen Schicht implementieren und gegen ungültige Eingaben absichern.
3. UI, API, Persistenz oder Testdaten so integrieren, dass der Ablauf reproduzierbar bleibt.
4. Erfolgs-, Fehler-, Berechtigungs- und Wiederholungsfall dokumentieren.

Erledigt wenn
- Neue Tests sind einheitlich aufgebaut und ohne Rückfragen ausführbar.
- Die relevanten Akzeptanzkriterien der Story sind nachweisbar erfüllt.
- Automatisierte oder reproduzierbare Tests sind vorhanden und im Review nachvollziehbar.
- Keine bestehende Funktion außerhalb des Story-Scopes wird unbeabsichtigt verändert.

Abhängigkeiten
- Parent: KAN-110
- Testdaten und Fehlerszenarien werden mit dem zugehörigen Xray-Testfall abgestimmt.",300401,KAN-110,High
Task,E9-04 Testvorbedingungen definieren – Traceability und Testplanung implementieren,"Zugehörige Story: KAN-110 – E9-04 Testvorbedingungen definieren
Priorität der Story: High

Ziel
Stories, Tests, Test Sets, Test Plan und Test Execution sinnvoll verknüpfen und Namenskonventionen anwenden.

Vorgehen
1. Bestehende Schnittstellen, Daten und Randbedingungen für „Testvorbedingungen definieren“ prüfen.
2. Die fachliche Regel an der zuständigen Schicht implementieren und gegen ungültige Eingaben absichern.
3. UI, API, Persistenz oder Testdaten so integrieren, dass der Ablauf reproduzierbar bleibt.
4. Erfolgs-, Fehler-, Berechtigungs- und Wiederholungsfall dokumentieren.

Erledigt wenn
- Abdeckung ist pro Epic und Release nachvollziehbar; fehlende Links werden sichtbar.
- Die relevanten Akzeptanzkriterien der Story sind nachweisbar erfüllt.
- Automatisierte oder reproduzierbare Tests sind vorhanden und im Review nachvollziehbar.
- Keine bestehende Funktion außerhalb des Story-Scopes wird unbeabsichtigt verändert.

Abhängigkeiten
- Parent: KAN-110
- Testdaten und Fehlerszenarien werden mit dem zugehörigen Xray-Testfall abgestimmt.",300402,KAN-110,High
Task,"E9-04 Testvorbedingungen definieren – Ausführung, Evidenz und Fehlerprozess definieren","Zugehörige Story: KAN-110 – E9-04 Testvorbedingungen definieren
Priorität der Story: High

Ziel
Testergebnisse, Screenshots/Logs, Wiederholungen, fehlgeschlagene Schritte und Bug-Eröffnung mit Mindestinformationen festlegen.

Vorgehen
1. Bestehende Schnittstellen, Daten und Randbedingungen für „Testvorbedingungen definieren“ prüfen.
2. Die fachliche Regel an der zuständigen Schicht implementieren und gegen ungültige Eingaben absichern.
3. UI, API, Persistenz oder Testdaten so integrieren, dass der Ablauf reproduzierbar bleibt.
4. Erfolgs-, Fehler-, Berechtigungs- und Wiederholungsfall dokumentieren.

Erledigt wenn
- Ein Dritter kann einen Fehlschlag reproduzieren und die Ursache vom Testlauf bis zum Bug verfolgen.
- Die relevanten Akzeptanzkriterien der Story sind nachweisbar erfüllt.
- Automatisierte oder reproduzierbare Tests sind vorhanden und im Review nachvollziehbar.
- Keine bestehende Funktion außerhalb des Story-Scopes wird unbeabsichtigt verändert.

Abhängigkeiten
- Parent: KAN-110
- Testdaten und Fehlerszenarien werden mit dem zugehörigen Xray-Testfall abgestimmt.",300403,KAN-110,High
Task,E9-04 Testvorbedingungen definieren – Regression und Release-Abnahme verifizieren,"Zugehörige Story: KAN-110 – E9-04 Testvorbedingungen definieren
Priorität der Story: High

Ziel
Browser-/Gerätematrix, Regressionstestsuite, Abnahmekriterien und Coverage-Reports für den MVP einrichten.

Vorgehen
1. Bestehende Schnittstellen, Daten und Randbedingungen für „Testvorbedingungen definieren“ prüfen.
2. Die fachliche Regel an der zuständigen Schicht implementieren und gegen ungültige Eingaben absichern.
3. UI, API, Persistenz oder Testdaten so integrieren, dass der Ablauf reproduzierbar bleibt.
4. Erfolgs-, Fehler-, Berechtigungs- und Wiederholungsfall dokumentieren.

Erledigt wenn
- Ein Release kann anhand klarer Kriterien freigegeben oder begründet zurückgestellt werden.
- Die relevanten Akzeptanzkriterien der Story sind nachweisbar erfüllt.
- Automatisierte oder reproduzierbare Tests sind vorhanden und im Review nachvollziehbar.
- Keine bestehende Funktion außerhalb des Story-Scopes wird unbeabsichtigt verändert.

Abhängigkeiten
- Parent: KAN-110
- Testdaten und Fehlerszenarien werden mit dem zugehörigen Xray-Testfall abgestimmt.",300404,KAN-110,High
Task,E9-05 Tests zu Test Sets bündeln – Xray-Repository und Testfallstandard einrichten,"Zugehörige Story: KAN-111 – E9-05 Tests zu Test Sets bündeln
Priorität der Story: High

Ziel
Ordner, Benennung, Vorbedingungen, Testdaten, Schritte, erwartete Ergebnisse und Belegregeln als Teamstandard festlegen.

Vorgehen
1. Bestehende Schnittstellen, Daten und Randbedingungen für „Tests zu Test Sets bündeln“ prüfen.
2. Die fachliche Regel an der zuständigen Schicht implementieren und gegen ungültige Eingaben absichern.
3. UI, API, Persistenz oder Testdaten so integrieren, dass der Ablauf reproduzierbar bleibt.
4. Erfolgs-, Fehler-, Berechtigungs- und Wiederholungsfall dokumentieren.

Erledigt wenn
- Neue Tests sind einheitlich aufgebaut und ohne Rückfragen ausführbar.
- Die relevanten Akzeptanzkriterien der Story sind nachweisbar erfüllt.
- Automatisierte oder reproduzierbare Tests sind vorhanden und im Review nachvollziehbar.
- Keine bestehende Funktion außerhalb des Story-Scopes wird unbeabsichtigt verändert.

Abhängigkeiten
- Parent: KAN-111
- Testdaten und Fehlerszenarien werden mit dem zugehörigen Xray-Testfall abgestimmt.",300405,KAN-111,High
Task,E9-05 Tests zu Test Sets bündeln – Traceability und Testplanung implementieren,"Zugehörige Story: KAN-111 – E9-05 Tests zu Test Sets bündeln
Priorität der Story: High

Ziel
Stories, Tests, Test Sets, Test Plan und Test Execution sinnvoll verknüpfen und Namenskonventionen anwenden.

Vorgehen
1. Bestehende Schnittstellen, Daten und Randbedingungen für „Tests zu Test Sets bündeln“ prüfen.
2. Die fachliche Regel an der zuständigen Schicht implementieren und gegen ungültige Eingaben absichern.
3. UI, API, Persistenz oder Testdaten so integrieren, dass der Ablauf reproduzierbar bleibt.
4. Erfolgs-, Fehler-, Berechtigungs- und Wiederholungsfall dokumentieren.

Erledigt wenn
- Abdeckung ist pro Epic und Release nachvollziehbar; fehlende Links werden sichtbar.
- Die relevanten Akzeptanzkriterien der Story sind nachweisbar erfüllt.
- Automatisierte oder reproduzierbare Tests sind vorhanden und im Review nachvollziehbar.
- Keine bestehende Funktion außerhalb des Story-Scopes wird unbeabsichtigt verändert.

Abhängigkeiten
- Parent: KAN-111
- Testdaten und Fehlerszenarien werden mit dem zugehörigen Xray-Testfall abgestimmt.",300406,KAN-111,High
Task,"E9-05 Tests zu Test Sets bündeln – Ausführung, Evidenz und Fehlerprozess definieren","Zugehörige Story: KAN-111 – E9-05 Tests zu Test Sets bündeln
Priorität der Story: High

Ziel
Testergebnisse, Screenshots/Logs, Wiederholungen, fehlgeschlagene Schritte und Bug-Eröffnung mit Mindestinformationen festlegen.

Vorgehen
1. Bestehende Schnittstellen, Daten und Randbedingungen für „Tests zu Test Sets bündeln“ prüfen.
2. Die fachliche Regel an der zuständigen Schicht implementieren und gegen ungültige Eingaben absichern.
3. UI, API, Persistenz oder Testdaten so integrieren, dass der Ablauf reproduzierbar bleibt.
4. Erfolgs-, Fehler-, Berechtigungs- und Wiederholungsfall dokumentieren.

Erledigt wenn
- Ein Dritter kann einen Fehlschlag reproduzieren und die Ursache vom Testlauf bis zum Bug verfolgen.
- Die relevanten Akzeptanzkriterien der Story sind nachweisbar erfüllt.
- Automatisierte oder reproduzierbare Tests sind vorhanden und im Review nachvollziehbar.
- Keine bestehende Funktion außerhalb des Story-Scopes wird unbeabsichtigt verändert.

Abhängigkeiten
- Parent: KAN-111
- Testdaten und Fehlerszenarien werden mit dem zugehörigen Xray-Testfall abgestimmt.",300407,KAN-111,High
Task,E9-05 Tests zu Test Sets bündeln – Regression und Release-Abnahme verifizieren,"Zugehörige Story: KAN-111 – E9-05 Tests zu Test Sets bündeln
Priorität der Story: High

Ziel
Browser-/Gerätematrix, Regressionstestsuite, Abnahmekriterien und Coverage-Reports für den MVP einrichten.

Vorgehen
1. Bestehende Schnittstellen, Daten und Randbedingungen für „Tests zu Test Sets bündeln“ prüfen.
2. Die fachliche Regel an der zuständigen Schicht implementieren und gegen ungültige Eingaben absichern.
3. UI, API, Persistenz oder Testdaten so integrieren, dass der Ablauf reproduzierbar bleibt.
4. Erfolgs-, Fehler-, Berechtigungs- und Wiederholungsfall dokumentieren.

Erledigt wenn
- Ein Release kann anhand klarer Kriterien freigegeben oder begründet zurückgestellt werden.
- Die relevanten Akzeptanzkriterien der Story sind nachweisbar erfüllt.
- Automatisierte oder reproduzierbare Tests sind vorhanden und im Review nachvollziehbar.
- Keine bestehende Funktion außerhalb des Story-Scopes wird unbeabsichtigt verändert.

Abhängigkeiten
- Parent: KAN-111
- Testdaten und Fehlerszenarien werden mit dem zugehörigen Xray-Testfall abgestimmt.",300408,KAN-111,High
Task,E9-06 Testpläne für Releases erstellen – Xray-Repository und Testfallstandard einrichten,"Zugehörige Story: KAN-112 – E9-06 Testpläne für Releases erstellen
Priorität der Story: High

Ziel
Ordner, Benennung, Vorbedingungen, Testdaten, Schritte, erwartete Ergebnisse und Belegregeln als Teamstandard festlegen.

Vorgehen
1. Bestehende Schnittstellen, Daten und Randbedingungen für „Testpläne für Releases erstellen“ prüfen.
2. Die fachliche Regel an der zuständigen Schicht implementieren und gegen ungültige Eingaben absichern.
3. UI, API, Persistenz oder Testdaten so integrieren, dass der Ablauf reproduzierbar bleibt.
4. Erfolgs-, Fehler-, Berechtigungs- und Wiederholungsfall dokumentieren.

Erledigt wenn
- Neue Tests sind einheitlich aufgebaut und ohne Rückfragen ausführbar.
- Die relevanten Akzeptanzkriterien der Story sind nachweisbar erfüllt.
- Automatisierte oder reproduzierbare Tests sind vorhanden und im Review nachvollziehbar.
- Keine bestehende Funktion außerhalb des Story-Scopes wird unbeabsichtigt verändert.

Abhängigkeiten
- Parent: KAN-112
- Testdaten und Fehlerszenarien werden mit dem zugehörigen Xray-Testfall abgestimmt.",300409,KAN-112,High
Task,E9-06 Testpläne für Releases erstellen – Traceability und Testplanung implementieren,"Zugehörige Story: KAN-112 – E9-06 Testpläne für Releases erstellen
Priorität der Story: High

Ziel
Stories, Tests, Test Sets, Test Plan und Test Execution sinnvoll verknüpfen und Namenskonventionen anwenden.

Vorgehen
1. Bestehende Schnittstellen, Daten und Randbedingungen für „Testpläne für Releases erstellen“ prüfen.
2. Die fachliche Regel an der zuständigen Schicht implementieren und gegen ungültige Eingaben absichern.
3. UI, API, Persistenz oder Testdaten so integrieren, dass der Ablauf reproduzierbar bleibt.
4. Erfolgs-, Fehler-, Berechtigungs- und Wiederholungsfall dokumentieren.

Erledigt wenn
- Abdeckung ist pro Epic und Release nachvollziehbar; fehlende Links werden sichtbar.
- Die relevanten Akzeptanzkriterien der Story sind nachweisbar erfüllt.
- Automatisierte oder reproduzierbare Tests sind vorhanden und im Review nachvollziehbar.
- Keine bestehende Funktion außerhalb des Story-Scopes wird unbeabsichtigt verändert.

Abhängigkeiten
- Parent: KAN-112
- Testdaten und Fehlerszenarien werden mit dem zugehörigen Xray-Testfall abgestimmt.",300410,KAN-112,High
Task,"E9-06 Testpläne für Releases erstellen – Ausführung, Evidenz und Fehlerprozess definieren","Zugehörige Story: KAN-112 – E9-06 Testpläne für Releases erstellen
Priorität der Story: High

Ziel
Testergebnisse, Screenshots/Logs, Wiederholungen, fehlgeschlagene Schritte und Bug-Eröffnung mit Mindestinformationen festlegen.

Vorgehen
1. Bestehende Schnittstellen, Daten und Randbedingungen für „Testpläne für Releases erstellen“ prüfen.
2. Die fachliche Regel an der zuständigen Schicht implementieren und gegen ungültige Eingaben absichern.
3. UI, API, Persistenz oder Testdaten so integrieren, dass der Ablauf reproduzierbar bleibt.
4. Erfolgs-, Fehler-, Berechtigungs- und Wiederholungsfall dokumentieren.

Erledigt wenn
- Ein Dritter kann einen Fehlschlag reproduzieren und die Ursache vom Testlauf bis zum Bug verfolgen.
- Die relevanten Akzeptanzkriterien der Story sind nachweisbar erfüllt.
- Automatisierte oder reproduzierbare Tests sind vorhanden und im Review nachvollziehbar.
- Keine bestehende Funktion außerhalb des Story-Scopes wird unbeabsichtigt verändert.

Abhängigkeiten
- Parent: KAN-112
- Testdaten und Fehlerszenarien werden mit dem zugehörigen Xray-Testfall abgestimmt.",300411,KAN-112,High
Task,E9-06 Testpläne für Releases erstellen – Regression und Release-Abnahme verifizieren,"Zugehörige Story: KAN-112 – E9-06 Testpläne für Releases erstellen
Priorität der Story: High

Ziel
Browser-/Gerätematrix, Regressionstestsuite, Abnahmekriterien und Coverage-Reports für den MVP einrichten.

Vorgehen
1. Bestehende Schnittstellen, Daten und Randbedingungen für „Testpläne für Releases erstellen“ prüfen.
2. Die fachliche Regel an der zuständigen Schicht implementieren und gegen ungültige Eingaben absichern.
3. UI, API, Persistenz oder Testdaten so integrieren, dass der Ablauf reproduzierbar bleibt.
4. Erfolgs-, Fehler-, Berechtigungs- und Wiederholungsfall dokumentieren.

Erledigt wenn
- Ein Release kann anhand klarer Kriterien freigegeben oder begründet zurückgestellt werden.
- Die relevanten Akzeptanzkriterien der Story sind nachweisbar erfüllt.
- Automatisierte oder reproduzierbare Tests sind vorhanden und im Review nachvollziehbar.
- Keine bestehende Funktion außerhalb des Story-Scopes wird unbeabsichtigt verändert.

Abhängigkeiten
- Parent: KAN-112
- Testdaten und Fehlerszenarien werden mit dem zugehörigen Xray-Testfall abgestimmt.",300412,KAN-112,High
Task,E9-07 Testausführungen starten – Xray-Repository und Testfallstandard einrichten,"Zugehörige Story: KAN-113 – E9-07 Testausführungen starten
Priorität der Story: High

Ziel
Ordner, Benennung, Vorbedingungen, Testdaten, Schritte, erwartete Ergebnisse und Belegregeln als Teamstandard festlegen.

Vorgehen
1. Bestehende Schnittstellen, Daten und Randbedingungen für „Testausführungen starten“ prüfen.
2. Die fachliche Regel an der zuständigen Schicht implementieren und gegen ungültige Eingaben absichern.
3. UI, API, Persistenz oder Testdaten so integrieren, dass der Ablauf reproduzierbar bleibt.
4. Erfolgs-, Fehler-, Berechtigungs- und Wiederholungsfall dokumentieren.

Erledigt wenn
- Neue Tests sind einheitlich aufgebaut und ohne Rückfragen ausführbar.
- Die relevanten Akzeptanzkriterien der Story sind nachweisbar erfüllt.
- Automatisierte oder reproduzierbare Tests sind vorhanden und im Review nachvollziehbar.
- Keine bestehende Funktion außerhalb des Story-Scopes wird unbeabsichtigt verändert.

Abhängigkeiten
- Parent: KAN-113
- Testdaten und Fehlerszenarien werden mit dem zugehörigen Xray-Testfall abgestimmt.",300413,KAN-113,High
Task,E9-07 Testausführungen starten – Traceability und Testplanung implementieren,"Zugehörige Story: KAN-113 – E9-07 Testausführungen starten
Priorität der Story: High

Ziel
Stories, Tests, Test Sets, Test Plan und Test Execution sinnvoll verknüpfen und Namenskonventionen anwenden.

Vorgehen
1. Bestehende Schnittstellen, Daten und Randbedingungen für „Testausführungen starten“ prüfen.
2. Die fachliche Regel an der zuständigen Schicht implementieren und gegen ungültige Eingaben absichern.
3. UI, API, Persistenz oder Testdaten so integrieren, dass der Ablauf reproduzierbar bleibt.
4. Erfolgs-, Fehler-, Berechtigungs- und Wiederholungsfall dokumentieren.

Erledigt wenn
- Abdeckung ist pro Epic und Release nachvollziehbar; fehlende Links werden sichtbar.
- Die relevanten Akzeptanzkriterien der Story sind nachweisbar erfüllt.
- Automatisierte oder reproduzierbare Tests sind vorhanden und im Review nachvollziehbar.
- Keine bestehende Funktion außerhalb des Story-Scopes wird unbeabsichtigt verändert.

Abhängigkeiten
- Parent: KAN-113
- Testdaten und Fehlerszenarien werden mit dem zugehörigen Xray-Testfall abgestimmt.",300414,KAN-113,High
Task,"E9-07 Testausführungen starten – Ausführung, Evidenz und Fehlerprozess definieren","Zugehörige Story: KAN-113 – E9-07 Testausführungen starten
Priorität der Story: High

Ziel
Testergebnisse, Screenshots/Logs, Wiederholungen, fehlgeschlagene Schritte und Bug-Eröffnung mit Mindestinformationen festlegen.

Vorgehen
1. Bestehende Schnittstellen, Daten und Randbedingungen für „Testausführungen starten“ prüfen.
2. Die fachliche Regel an der zuständigen Schicht implementieren und gegen ungültige Eingaben absichern.
3. UI, API, Persistenz oder Testdaten so integrieren, dass der Ablauf reproduzierbar bleibt.
4. Erfolgs-, Fehler-, Berechtigungs- und Wiederholungsfall dokumentieren.

Erledigt wenn
- Ein Dritter kann einen Fehlschlag reproduzieren und die Ursache vom Testlauf bis zum Bug verfolgen.
- Die relevanten Akzeptanzkriterien der Story sind nachweisbar erfüllt.
- Automatisierte oder reproduzierbare Tests sind vorhanden und im Review nachvollziehbar.
- Keine bestehende Funktion außerhalb des Story-Scopes wird unbeabsichtigt verändert.

Abhängigkeiten
- Parent: KAN-113
- Testdaten und Fehlerszenarien werden mit dem zugehörigen Xray-Testfall abgestimmt.",300415,KAN-113,High
Task,E9-07 Testausführungen starten – Regression und Release-Abnahme verifizieren,"Zugehörige Story: KAN-113 – E9-07 Testausführungen starten
Priorität der Story: High

Ziel
Browser-/Gerätematrix, Regressionstestsuite, Abnahmekriterien und Coverage-Reports für den MVP einrichten.

Vorgehen
1. Bestehende Schnittstellen, Daten und Randbedingungen für „Testausführungen starten“ prüfen.
2. Die fachliche Regel an der zuständigen Schicht implementieren und gegen ungültige Eingaben absichern.
3. UI, API, Persistenz oder Testdaten so integrieren, dass der Ablauf reproduzierbar bleibt.
4. Erfolgs-, Fehler-, Berechtigungs- und Wiederholungsfall dokumentieren.

Erledigt wenn
- Ein Release kann anhand klarer Kriterien freigegeben oder begründet zurückgestellt werden.
- Die relevanten Akzeptanzkriterien der Story sind nachweisbar erfüllt.
- Automatisierte oder reproduzierbare Tests sind vorhanden und im Review nachvollziehbar.
- Keine bestehende Funktion außerhalb des Story-Scopes wird unbeabsichtigt verändert.

Abhängigkeiten
- Parent: KAN-113
- Testdaten und Fehlerszenarien werden mit dem zugehörigen Xray-Testfall abgestimmt.",300416,KAN-113,High
Task,E9-08 Tests mit Stories verknüpfen – Xray-Repository und Testfallstandard einrichten,"Zugehörige Story: KAN-114 – E9-08 Tests mit Stories verknüpfen
Priorität der Story: High

Ziel
Ordner, Benennung, Vorbedingungen, Testdaten, Schritte, erwartete Ergebnisse und Belegregeln als Teamstandard festlegen.

Vorgehen
1. Bestehende Schnittstellen, Daten und Randbedingungen für „Tests mit Stories verknüpfen“ prüfen.
2. Die fachliche Regel an der zuständigen Schicht implementieren und gegen ungültige Eingaben absichern.
3. UI, API, Persistenz oder Testdaten so integrieren, dass der Ablauf reproduzierbar bleibt.
4. Erfolgs-, Fehler-, Berechtigungs- und Wiederholungsfall dokumentieren.

Erledigt wenn
- Neue Tests sind einheitlich aufgebaut und ohne Rückfragen ausführbar.
- Die relevanten Akzeptanzkriterien der Story sind nachweisbar erfüllt.
- Automatisierte oder reproduzierbare Tests sind vorhanden und im Review nachvollziehbar.
- Keine bestehende Funktion außerhalb des Story-Scopes wird unbeabsichtigt verändert.

Abhängigkeiten
- Parent: KAN-114
- Testdaten und Fehlerszenarien werden mit dem zugehörigen Xray-Testfall abgestimmt.",300417,KAN-114,High
Task,E9-08 Tests mit Stories verknüpfen – Traceability und Testplanung implementieren,"Zugehörige Story: KAN-114 – E9-08 Tests mit Stories verknüpfen
Priorität der Story: High

Ziel
Stories, Tests, Test Sets, Test Plan und Test Execution sinnvoll verknüpfen und Namenskonventionen anwenden.

Vorgehen
1. Bestehende Schnittstellen, Daten und Randbedingungen für „Tests mit Stories verknüpfen“ prüfen.
2. Die fachliche Regel an der zuständigen Schicht implementieren und gegen ungültige Eingaben absichern.
3. UI, API, Persistenz oder Testdaten so integrieren, dass der Ablauf reproduzierbar bleibt.
4. Erfolgs-, Fehler-, Berechtigungs- und Wiederholungsfall dokumentieren.

Erledigt wenn
- Abdeckung ist pro Epic und Release nachvollziehbar; fehlende Links werden sichtbar.
- Die relevanten Akzeptanzkriterien der Story sind nachweisbar erfüllt.
- Automatisierte oder reproduzierbare Tests sind vorhanden und im Review nachvollziehbar.
- Keine bestehende Funktion außerhalb des Story-Scopes wird unbeabsichtigt verändert.

Abhängigkeiten
- Parent: KAN-114
- Testdaten und Fehlerszenarien werden mit dem zugehörigen Xray-Testfall abgestimmt.",300418,KAN-114,High
Task,"E9-08 Tests mit Stories verknüpfen – Ausführung, Evidenz und Fehlerprozess definieren","Zugehörige Story: KAN-114 – E9-08 Tests mit Stories verknüpfen
Priorität der Story: High

Ziel
Testergebnisse, Screenshots/Logs, Wiederholungen, fehlgeschlagene Schritte und Bug-Eröffnung mit Mindestinformationen festlegen.

Vorgehen
1. Bestehende Schnittstellen, Daten und Randbedingungen für „Tests mit Stories verknüpfen“ prüfen.
2. Die fachliche Regel an der zuständigen Schicht implementieren und gegen ungültige Eingaben absichern.
3. UI, API, Persistenz oder Testdaten so integrieren, dass der Ablauf reproduzierbar bleibt.
4. Erfolgs-, Fehler-, Berechtigungs- und Wiederholungsfall dokumentieren.

Erledigt wenn
- Ein Dritter kann einen Fehlschlag reproduzieren und die Ursache vom Testlauf bis zum Bug verfolgen.
- Die relevanten Akzeptanzkriterien der Story sind nachweisbar erfüllt.
- Automatisierte oder reproduzierbare Tests sind vorhanden und im Review nachvollziehbar.
- Keine bestehende Funktion außerhalb des Story-Scopes wird unbeabsichtigt verändert.

Abhängigkeiten
- Parent: KAN-114
- Testdaten und Fehlerszenarien werden mit dem zugehörigen Xray-Testfall abgestimmt.",300419,KAN-114,High
Task,E9-08 Tests mit Stories verknüpfen – Regression und Release-Abnahme verifizieren,"Zugehörige Story: KAN-114 – E9-08 Tests mit Stories verknüpfen
Priorität der Story: High

Ziel
Browser-/Gerätematrix, Regressionstestsuite, Abnahmekriterien und Coverage-Reports für den MVP einrichten.

Vorgehen
1. Bestehende Schnittstellen, Daten und Randbedingungen für „Tests mit Stories verknüpfen“ prüfen.
2. Die fachliche Regel an der zuständigen Schicht implementieren und gegen ungültige Eingaben absichern.
3. UI, API, Persistenz oder Testdaten so integrieren, dass der Ablauf reproduzierbar bleibt.
4. Erfolgs-, Fehler-, Berechtigungs- und Wiederholungsfall dokumentieren.

Erledigt wenn
- Ein Release kann anhand klarer Kriterien freigegeben oder begründet zurückgestellt werden.
- Die relevanten Akzeptanzkriterien der Story sind nachweisbar erfüllt.
- Automatisierte oder reproduzierbare Tests sind vorhanden und im Review nachvollziehbar.
- Keine bestehende Funktion außerhalb des Story-Scopes wird unbeabsichtigt verändert.

Abhängigkeiten
- Parent: KAN-114
- Testdaten und Fehlerszenarien werden mit dem zugehörigen Xray-Testfall abgestimmt.",300420,KAN-114,High
Task,E9-09 Regressionstestsuite pflegen – Xray-Repository und Testfallstandard einrichten,"Zugehörige Story: KAN-115 – E9-09 Regressionstestsuite pflegen
Priorität der Story: High

Ziel
Ordner, Benennung, Vorbedingungen, Testdaten, Schritte, erwartete Ergebnisse und Belegregeln als Teamstandard festlegen.

Vorgehen
1. Bestehende Schnittstellen, Daten und Randbedingungen für „Regressionstestsuite pflegen“ prüfen.
2. Die fachliche Regel an der zuständigen Schicht implementieren und gegen ungültige Eingaben absichern.
3. UI, API, Persistenz oder Testdaten so integrieren, dass der Ablauf reproduzierbar bleibt.
4. Erfolgs-, Fehler-, Berechtigungs- und Wiederholungsfall dokumentieren.

Erledigt wenn
- Neue Tests sind einheitlich aufgebaut und ohne Rückfragen ausführbar.
- Die relevanten Akzeptanzkriterien der Story sind nachweisbar erfüllt.
- Automatisierte oder reproduzierbare Tests sind vorhanden und im Review nachvollziehbar.
- Keine bestehende Funktion außerhalb des Story-Scopes wird unbeabsichtigt verändert.

Abhängigkeiten
- Parent: KAN-115
- Testdaten und Fehlerszenarien werden mit dem zugehörigen Xray-Testfall abgestimmt.",300421,KAN-115,High
Task,E9-09 Regressionstestsuite pflegen – Traceability und Testplanung implementieren,"Zugehörige Story: KAN-115 – E9-09 Regressionstestsuite pflegen
Priorität der Story: High

Ziel
Stories, Tests, Test Sets, Test Plan und Test Execution sinnvoll verknüpfen und Namenskonventionen anwenden.

Vorgehen
1. Bestehende Schnittstellen, Daten und Randbedingungen für „Regressionstestsuite pflegen“ prüfen.
2. Die fachliche Regel an der zuständigen Schicht implementieren und gegen ungültige Eingaben absichern.
3. UI, API, Persistenz oder Testdaten so integrieren, dass der Ablauf reproduzierbar bleibt.
4. Erfolgs-, Fehler-, Berechtigungs- und Wiederholungsfall dokumentieren.

Erledigt wenn
- Abdeckung ist pro Epic und Release nachvollziehbar; fehlende Links werden sichtbar.
- Die relevanten Akzeptanzkriterien der Story sind nachweisbar erfüllt.
- Automatisierte oder reproduzierbare Tests sind vorhanden und im Review nachvollziehbar.
- Keine bestehende Funktion außerhalb des Story-Scopes wird unbeabsichtigt verändert.

Abhängigkeiten
- Parent: KAN-115
- Testdaten und Fehlerszenarien werden mit dem zugehörigen Xray-Testfall abgestimmt.",300422,KAN-115,High
Task,"E9-09 Regressionstestsuite pflegen – Ausführung, Evidenz und Fehlerprozess definieren","Zugehörige Story: KAN-115 – E9-09 Regressionstestsuite pflegen
Priorität der Story: High

Ziel
Testergebnisse, Screenshots/Logs, Wiederholungen, fehlgeschlagene Schritte und Bug-Eröffnung mit Mindestinformationen festlegen.

Vorgehen
1. Bestehende Schnittstellen, Daten und Randbedingungen für „Regressionstestsuite pflegen“ prüfen.
2. Die fachliche Regel an der zuständigen Schicht implementieren und gegen ungültige Eingaben absichern.
3. UI, API, Persistenz oder Testdaten so integrieren, dass der Ablauf reproduzierbar bleibt.
4. Erfolgs-, Fehler-, Berechtigungs- und Wiederholungsfall dokumentieren.

Erledigt wenn
- Ein Dritter kann einen Fehlschlag reproduzieren und die Ursache vom Testlauf bis zum Bug verfolgen.
- Die relevanten Akzeptanzkriterien der Story sind nachweisbar erfüllt.
- Automatisierte oder reproduzierbare Tests sind vorhanden und im Review nachvollziehbar.
- Keine bestehende Funktion außerhalb des Story-Scopes wird unbeabsichtigt verändert.

Abhängigkeiten
- Parent: KAN-115
- Testdaten und Fehlerszenarien werden mit dem zugehörigen Xray-Testfall abgestimmt.",300423,KAN-115,High
Task,E9-09 Regressionstestsuite pflegen – Regression und Release-Abnahme verifizieren,"Zugehörige Story: KAN-115 – E9-09 Regressionstestsuite pflegen
Priorität der Story: High

Ziel
Browser-/Gerätematrix, Regressionstestsuite, Abnahmekriterien und Coverage-Reports für den MVP einrichten.

Vorgehen
1. Bestehende Schnittstellen, Daten und Randbedingungen für „Regressionstestsuite pflegen“ prüfen.
2. Die fachliche Regel an der zuständigen Schicht implementieren und gegen ungültige Eingaben absichern.
3. UI, API, Persistenz oder Testdaten so integrieren, dass der Ablauf reproduzierbar bleibt.
4. Erfolgs-, Fehler-, Berechtigungs- und Wiederholungsfall dokumentieren.

Erledigt wenn
- Ein Release kann anhand klarer Kriterien freigegeben oder begründet zurückgestellt werden.
- Die relevanten Akzeptanzkriterien der Story sind nachweisbar erfüllt.
- Automatisierte oder reproduzierbare Tests sind vorhanden und im Review nachvollziehbar.
- Keine bestehende Funktion außerhalb des Story-Scopes wird unbeabsichtigt verändert.

Abhängigkeiten
- Parent: KAN-115
- Testdaten und Fehlerszenarien werden mit dem zugehörigen Xray-Testfall abgestimmt.",300424,KAN-115,High
Task,E9-10 Browser- und Gerätetests durchführen – Xray-Repository und Testfallstandard einrichten,"Zugehörige Story: KAN-116 – E9-10 Browser- und Gerätetests durchführen
Priorität der Story: High

Ziel
Ordner, Benennung, Vorbedingungen, Testdaten, Schritte, erwartete Ergebnisse und Belegregeln als Teamstandard festlegen.

Vorgehen
1. Bestehende Schnittstellen, Daten und Randbedingungen für „Browser- und Gerätetests durchführen“ prüfen.
2. Die fachliche Regel an der zuständigen Schicht implementieren und gegen ungültige Eingaben absichern.
3. UI, API, Persistenz oder Testdaten so integrieren, dass der Ablauf reproduzierbar bleibt.
4. Erfolgs-, Fehler-, Berechtigungs- und Wiederholungsfall dokumentieren.

Erledigt wenn
- Neue Tests sind einheitlich aufgebaut und ohne Rückfragen ausführbar.
- Die relevanten Akzeptanzkriterien der Story sind nachweisbar erfüllt.
- Automatisierte oder reproduzierbare Tests sind vorhanden und im Review nachvollziehbar.
- Keine bestehende Funktion außerhalb des Story-Scopes wird unbeabsichtigt verändert.

Abhängigkeiten
- Parent: KAN-116
- Testdaten und Fehlerszenarien werden mit dem zugehörigen Xray-Testfall abgestimmt.",300425,KAN-116,High
Task,E9-10 Browser- und Gerätetests durchführen – Traceability und Testplanung implementieren,"Zugehörige Story: KAN-116 – E9-10 Browser- und Gerätetests durchführen
Priorität der Story: High

Ziel
Stories, Tests, Test Sets, Test Plan und Test Execution sinnvoll verknüpfen und Namenskonventionen anwenden.

Vorgehen
1. Bestehende Schnittstellen, Daten und Randbedingungen für „Browser- und Gerätetests durchführen“ prüfen.
2. Die fachliche Regel an der zuständigen Schicht implementieren und gegen ungültige Eingaben absichern.
3. UI, API, Persistenz oder Testdaten so integrieren, dass der Ablauf reproduzierbar bleibt.
4. Erfolgs-, Fehler-, Berechtigungs- und Wiederholungsfall dokumentieren.

Erledigt wenn
- Abdeckung ist pro Epic und Release nachvollziehbar; fehlende Links werden sichtbar.
- Die relevanten Akzeptanzkriterien der Story sind nachweisbar erfüllt.
- Automatisierte oder reproduzierbare Tests sind vorhanden und im Review nachvollziehbar.
- Keine bestehende Funktion außerhalb des Story-Scopes wird unbeabsichtigt verändert.

Abhängigkeiten
- Parent: KAN-116
- Testdaten und Fehlerszenarien werden mit dem zugehörigen Xray-Testfall abgestimmt.",300426,KAN-116,High
Task,"E9-10 Browser- und Gerätetests durchführen – Ausführung, Evidenz und Fehlerprozess definieren","Zugehörige Story: KAN-116 – E9-10 Browser- und Gerätetests durchführen
Priorität der Story: High

Ziel
Testergebnisse, Screenshots/Logs, Wiederholungen, fehlgeschlagene Schritte und Bug-Eröffnung mit Mindestinformationen festlegen.

Vorgehen
1. Bestehende Schnittstellen, Daten und Randbedingungen für „Browser- und Gerätetests durchführen“ prüfen.
2. Die fachliche Regel an der zuständigen Schicht implementieren und gegen ungültige Eingaben absichern.
3. UI, API, Persistenz oder Testdaten so integrieren, dass der Ablauf reproduzierbar bleibt.
4. Erfolgs-, Fehler-, Berechtigungs- und Wiederholungsfall dokumentieren.

Erledigt wenn
- Ein Dritter kann einen Fehlschlag reproduzieren und die Ursache vom Testlauf bis zum Bug verfolgen.
- Die relevanten Akzeptanzkriterien der Story sind nachweisbar erfüllt.
- Automatisierte oder reproduzierbare Tests sind vorhanden und im Review nachvollziehbar.
- Keine bestehende Funktion außerhalb des Story-Scopes wird unbeabsichtigt verändert.

Abhängigkeiten
- Parent: KAN-116
- Testdaten und Fehlerszenarien werden mit dem zugehörigen Xray-Testfall abgestimmt.",300427,KAN-116,High
Task,E9-10 Browser- und Gerätetests durchführen – Regression und Release-Abnahme verifizieren,"Zugehörige Story: KAN-116 – E9-10 Browser- und Gerätetests durchführen
Priorität der Story: High

Ziel
Browser-/Gerätematrix, Regressionstestsuite, Abnahmekriterien und Coverage-Reports für den MVP einrichten.

Vorgehen
1. Bestehende Schnittstellen, Daten und Randbedingungen für „Browser- und Gerätetests durchführen“ prüfen.
2. Die fachliche Regel an der zuständigen Schicht implementieren und gegen ungültige Eingaben absichern.
3. UI, API, Persistenz oder Testdaten so integrieren, dass der Ablauf reproduzierbar bleibt.
4. Erfolgs-, Fehler-, Berechtigungs- und Wiederholungsfall dokumentieren.

Erledigt wenn
- Ein Release kann anhand klarer Kriterien freigegeben oder begründet zurückgestellt werden.
- Die relevanten Akzeptanzkriterien der Story sind nachweisbar erfüllt.
- Automatisierte oder reproduzierbare Tests sind vorhanden und im Review nachvollziehbar.
- Keine bestehende Funktion außerhalb des Story-Scopes wird unbeabsichtigt verändert.

Abhängigkeiten
- Parent: KAN-116
- Testdaten und Fehlerszenarien werden mit dem zugehörigen Xray-Testfall abgestimmt.",300428,KAN-116,High
Task,E9-11 Testergebnisse dokumentieren – Xray-Repository und Testfallstandard einrichten,"Zugehörige Story: KAN-117 – E9-11 Testergebnisse dokumentieren
Priorität der Story: High

Ziel
Ordner, Benennung, Vorbedingungen, Testdaten, Schritte, erwartete Ergebnisse und Belegregeln als Teamstandard festlegen.

Vorgehen
1. Bestehende Schnittstellen, Daten und Randbedingungen für „Testergebnisse dokumentieren“ prüfen.
2. Die fachliche Regel an der zuständigen Schicht implementieren und gegen ungültige Eingaben absichern.
3. UI, API, Persistenz oder Testdaten so integrieren, dass der Ablauf reproduzierbar bleibt.
4. Erfolgs-, Fehler-, Berechtigungs- und Wiederholungsfall dokumentieren.

Erledigt wenn
- Neue Tests sind einheitlich aufgebaut und ohne Rückfragen ausführbar.
- Die relevanten Akzeptanzkriterien der Story sind nachweisbar erfüllt.
- Automatisierte oder reproduzierbare Tests sind vorhanden und im Review nachvollziehbar.
- Keine bestehende Funktion außerhalb des Story-Scopes wird unbeabsichtigt verändert.

Abhängigkeiten
- Parent: KAN-117
- Testdaten und Fehlerszenarien werden mit dem zugehörigen Xray-Testfall abgestimmt.",300429,KAN-117,High
Task,E9-11 Testergebnisse dokumentieren – Traceability und Testplanung implementieren,"Zugehörige Story: KAN-117 – E9-11 Testergebnisse dokumentieren
Priorität der Story: High

Ziel
Stories, Tests, Test Sets, Test Plan und Test Execution sinnvoll verknüpfen und Namenskonventionen anwenden.

Vorgehen
1. Bestehende Schnittstellen, Daten und Randbedingungen für „Testergebnisse dokumentieren“ prüfen.
2. Die fachliche Regel an der zuständigen Schicht implementieren und gegen ungültige Eingaben absichern.
3. UI, API, Persistenz oder Testdaten so integrieren, dass der Ablauf reproduzierbar bleibt.
4. Erfolgs-, Fehler-, Berechtigungs- und Wiederholungsfall dokumentieren.

Erledigt wenn
- Abdeckung ist pro Epic und Release nachvollziehbar; fehlende Links werden sichtbar.
- Die relevanten Akzeptanzkriterien der Story sind nachweisbar erfüllt.
- Automatisierte oder reproduzierbare Tests sind vorhanden und im Review nachvollziehbar.
- Keine bestehende Funktion außerhalb des Story-Scopes wird unbeabsichtigt verändert.

Abhängigkeiten
- Parent: KAN-117
- Testdaten und Fehlerszenarien werden mit dem zugehörigen Xray-Testfall abgestimmt.",300430,KAN-117,High
Task,"E9-11 Testergebnisse dokumentieren – Ausführung, Evidenz und Fehlerprozess definieren","Zugehörige Story: KAN-117 – E9-11 Testergebnisse dokumentieren
Priorität der Story: High

Ziel
Testergebnisse, Screenshots/Logs, Wiederholungen, fehlgeschlagene Schritte und Bug-Eröffnung mit Mindestinformationen festlegen.

Vorgehen
1. Bestehende Schnittstellen, Daten und Randbedingungen für „Testergebnisse dokumentieren“ prüfen.
2. Die fachliche Regel an der zuständigen Schicht implementieren und gegen ungültige Eingaben absichern.
3. UI, API, Persistenz oder Testdaten so integrieren, dass der Ablauf reproduzierbar bleibt.
4. Erfolgs-, Fehler-, Berechtigungs- und Wiederholungsfall dokumentieren.

Erledigt wenn
- Ein Dritter kann einen Fehlschlag reproduzieren und die Ursache vom Testlauf bis zum Bug verfolgen.
- Die relevanten Akzeptanzkriterien der Story sind nachweisbar erfüllt.
- Automatisierte oder reproduzierbare Tests sind vorhanden und im Review nachvollziehbar.
- Keine bestehende Funktion außerhalb des Story-Scopes wird unbeabsichtigt verändert.

Abhängigkeiten
- Parent: KAN-117
- Testdaten und Fehlerszenarien werden mit dem zugehörigen Xray-Testfall abgestimmt.",300431,KAN-117,High
Task,E9-11 Testergebnisse dokumentieren – Regression und Release-Abnahme verifizieren,"Zugehörige Story: KAN-117 – E9-11 Testergebnisse dokumentieren
Priorität der Story: High

Ziel
Browser-/Gerätematrix, Regressionstestsuite, Abnahmekriterien und Coverage-Reports für den MVP einrichten.

Vorgehen
1. Bestehende Schnittstellen, Daten und Randbedingungen für „Testergebnisse dokumentieren“ prüfen.
2. Die fachliche Regel an der zuständigen Schicht implementieren und gegen ungültige Eingaben absichern.
3. UI, API, Persistenz oder Testdaten so integrieren, dass der Ablauf reproduzierbar bleibt.
4. Erfolgs-, Fehler-, Berechtigungs- und Wiederholungsfall dokumentieren.

Erledigt wenn
- Ein Release kann anhand klarer Kriterien freigegeben oder begründet zurückgestellt werden.
- Die relevanten Akzeptanzkriterien der Story sind nachweisbar erfüllt.
- Automatisierte oder reproduzierbare Tests sind vorhanden und im Review nachvollziehbar.
- Keine bestehende Funktion außerhalb des Story-Scopes wird unbeabsichtigt verändert.

Abhängigkeiten
- Parent: KAN-117
- Testdaten und Fehlerszenarien werden mit dem zugehörigen Xray-Testfall abgestimmt.",300432,KAN-117,High
Task,E9-12 Fehler aus Tests erfassen – Xray-Repository und Testfallstandard einrichten,"Zugehörige Story: KAN-118 – E9-12 Fehler aus Tests erfassen
Priorität der Story: High

Ziel
Ordner, Benennung, Vorbedingungen, Testdaten, Schritte, erwartete Ergebnisse und Belegregeln als Teamstandard festlegen.

Vorgehen
1. Bestehende Schnittstellen, Daten und Randbedingungen für „Fehler aus Tests erfassen“ prüfen.
2. Die fachliche Regel an der zuständigen Schicht implementieren und gegen ungültige Eingaben absichern.
3. UI, API, Persistenz oder Testdaten so integrieren, dass der Ablauf reproduzierbar bleibt.
4. Erfolgs-, Fehler-, Berechtigungs- und Wiederholungsfall dokumentieren.

Erledigt wenn
- Neue Tests sind einheitlich aufgebaut und ohne Rückfragen ausführbar.
- Die relevanten Akzeptanzkriterien der Story sind nachweisbar erfüllt.
- Automatisierte oder reproduzierbare Tests sind vorhanden und im Review nachvollziehbar.
- Keine bestehende Funktion außerhalb des Story-Scopes wird unbeabsichtigt verändert.

Abhängigkeiten
- Parent: KAN-118
- Testdaten und Fehlerszenarien werden mit dem zugehörigen Xray-Testfall abgestimmt.",300433,KAN-118,High
Task,E9-12 Fehler aus Tests erfassen – Traceability und Testplanung implementieren,"Zugehörige Story: KAN-118 – E9-12 Fehler aus Tests erfassen
Priorität der Story: High

Ziel
Stories, Tests, Test Sets, Test Plan und Test Execution sinnvoll verknüpfen und Namenskonventionen anwenden.

Vorgehen
1. Bestehende Schnittstellen, Daten und Randbedingungen für „Fehler aus Tests erfassen“ prüfen.
2. Die fachliche Regel an der zuständigen Schicht implementieren und gegen ungültige Eingaben absichern.
3. UI, API, Persistenz oder Testdaten so integrieren, dass der Ablauf reproduzierbar bleibt.
4. Erfolgs-, Fehler-, Berechtigungs- und Wiederholungsfall dokumentieren.

Erledigt wenn
- Abdeckung ist pro Epic und Release nachvollziehbar; fehlende Links werden sichtbar.
- Die relevanten Akzeptanzkriterien der Story sind nachweisbar erfüllt.
- Automatisierte oder reproduzierbare Tests sind vorhanden und im Review nachvollziehbar.
- Keine bestehende Funktion außerhalb des Story-Scopes wird unbeabsichtigt verändert.

Abhängigkeiten
- Parent: KAN-118
- Testdaten und Fehlerszenarien werden mit dem zugehörigen Xray-Testfall abgestimmt.",300434,KAN-118,High
Task,"E9-12 Fehler aus Tests erfassen – Ausführung, Evidenz und Fehlerprozess definieren","Zugehörige Story: KAN-118 – E9-12 Fehler aus Tests erfassen
Priorität der Story: High

Ziel
Testergebnisse, Screenshots/Logs, Wiederholungen, fehlgeschlagene Schritte und Bug-Eröffnung mit Mindestinformationen festlegen.

Vorgehen
1. Bestehende Schnittstellen, Daten und Randbedingungen für „Fehler aus Tests erfassen“ prüfen.
2. Die fachliche Regel an der zuständigen Schicht implementieren und gegen ungültige Eingaben absichern.
3. UI, API, Persistenz oder Testdaten so integrieren, dass der Ablauf reproduzierbar bleibt.
4. Erfolgs-, Fehler-, Berechtigungs- und Wiederholungsfall dokumentieren.

Erledigt wenn
- Ein Dritter kann einen Fehlschlag reproduzieren und die Ursache vom Testlauf bis zum Bug verfolgen.
- Die relevanten Akzeptanzkriterien der Story sind nachweisbar erfüllt.
- Automatisierte oder reproduzierbare Tests sind vorhanden und im Review nachvollziehbar.
- Keine bestehende Funktion außerhalb des Story-Scopes wird unbeabsichtigt verändert.

Abhängigkeiten
- Parent: KAN-118
- Testdaten und Fehlerszenarien werden mit dem zugehörigen Xray-Testfall abgestimmt.",300435,KAN-118,High
Task,E9-12 Fehler aus Tests erfassen – Regression und Release-Abnahme verifizieren,"Zugehörige Story: KAN-118 – E9-12 Fehler aus Tests erfassen
Priorität der Story: High

Ziel
Browser-/Gerätematrix, Regressionstestsuite, Abnahmekriterien und Coverage-Reports für den MVP einrichten.

Vorgehen
1. Bestehende Schnittstellen, Daten und Randbedingungen für „Fehler aus Tests erfassen“ prüfen.
2. Die fachliche Regel an der zuständigen Schicht implementieren und gegen ungültige Eingaben absichern.
3. UI, API, Persistenz oder Testdaten so integrieren, dass der Ablauf reproduzierbar bleibt.
4. Erfolgs-, Fehler-, Berechtigungs- und Wiederholungsfall dokumentieren.

Erledigt wenn
- Ein Release kann anhand klarer Kriterien freigegeben oder begründet zurückgestellt werden.
- Die relevanten Akzeptanzkriterien der Story sind nachweisbar erfüllt.
- Automatisierte oder reproduzierbare Tests sind vorhanden und im Review nachvollziehbar.
- Keine bestehende Funktion außerhalb des Story-Scopes wird unbeabsichtigt verändert.

Abhängigkeiten
- Parent: KAN-118
- Testdaten und Fehlerszenarien werden mit dem zugehörigen Xray-Testfall abgestimmt.",300436,KAN-118,High
Task,E9-13 Testabdeckung sehen – Xray-Repository und Testfallstandard einrichten,"Zugehörige Story: KAN-119 – E9-13 Testabdeckung sehen
Priorität der Story: High

Ziel
Ordner, Benennung, Vorbedingungen, Testdaten, Schritte, erwartete Ergebnisse und Belegregeln als Teamstandard festlegen.

Vorgehen
1. Bestehende Schnittstellen, Daten und Randbedingungen für „Testabdeckung sehen“ prüfen.
2. Die fachliche Regel an der zuständigen Schicht implementieren und gegen ungültige Eingaben absichern.
3. UI, API, Persistenz oder Testdaten so integrieren, dass der Ablauf reproduzierbar bleibt.
4. Erfolgs-, Fehler-, Berechtigungs- und Wiederholungsfall dokumentieren.

Erledigt wenn
- Neue Tests sind einheitlich aufgebaut und ohne Rückfragen ausführbar.
- Die relevanten Akzeptanzkriterien der Story sind nachweisbar erfüllt.
- Automatisierte oder reproduzierbare Tests sind vorhanden und im Review nachvollziehbar.
- Keine bestehende Funktion außerhalb des Story-Scopes wird unbeabsichtigt verändert.

Abhängigkeiten
- Parent: KAN-119
- Testdaten und Fehlerszenarien werden mit dem zugehörigen Xray-Testfall abgestimmt.",300437,KAN-119,High
Task,E9-13 Testabdeckung sehen – Traceability und Testplanung implementieren,"Zugehörige Story: KAN-119 – E9-13 Testabdeckung sehen
Priorität der Story: High

Ziel
Stories, Tests, Test Sets, Test Plan und Test Execution sinnvoll verknüpfen und Namenskonventionen anwenden.

Vorgehen
1. Bestehende Schnittstellen, Daten und Randbedingungen für „Testabdeckung sehen“ prüfen.
2. Die fachliche Regel an der zuständigen Schicht implementieren und gegen ungültige Eingaben absichern.
3. UI, API, Persistenz oder Testdaten so integrieren, dass der Ablauf reproduzierbar bleibt.
4. Erfolgs-, Fehler-, Berechtigungs- und Wiederholungsfall dokumentieren.

Erledigt wenn
- Abdeckung ist pro Epic und Release nachvollziehbar; fehlende Links werden sichtbar.
- Die relevanten Akzeptanzkriterien der Story sind nachweisbar erfüllt.
- Automatisierte oder reproduzierbare Tests sind vorhanden und im Review nachvollziehbar.
- Keine bestehende Funktion außerhalb des Story-Scopes wird unbeabsichtigt verändert.

Abhängigkeiten
- Parent: KAN-119
- Testdaten und Fehlerszenarien werden mit dem zugehörigen Xray-Testfall abgestimmt.",300438,KAN-119,High
Task,"E9-13 Testabdeckung sehen – Ausführung, Evidenz und Fehlerprozess definieren","Zugehörige Story: KAN-119 – E9-13 Testabdeckung sehen
Priorität der Story: High

Ziel
Testergebnisse, Screenshots/Logs, Wiederholungen, fehlgeschlagene Schritte und Bug-Eröffnung mit Mindestinformationen festlegen.

Vorgehen
1. Bestehende Schnittstellen, Daten und Randbedingungen für „Testabdeckung sehen“ prüfen.
2. Die fachliche Regel an der zuständigen Schicht implementieren und gegen ungültige Eingaben absichern.
3. UI, API, Persistenz oder Testdaten so integrieren, dass der Ablauf reproduzierbar bleibt.
4. Erfolgs-, Fehler-, Berechtigungs- und Wiederholungsfall dokumentieren.

Erledigt wenn
- Ein Dritter kann einen Fehlschlag reproduzieren und die Ursache vom Testlauf bis zum Bug verfolgen.
- Die relevanten Akzeptanzkriterien der Story sind nachweisbar erfüllt.
- Automatisierte oder reproduzierbare Tests sind vorhanden und im Review nachvollziehbar.
- Keine bestehende Funktion außerhalb des Story-Scopes wird unbeabsichtigt verändert.

Abhängigkeiten
- Parent: KAN-119
- Testdaten und Fehlerszenarien werden mit dem zugehörigen Xray-Testfall abgestimmt.",300439,KAN-119,High
Task,E9-13 Testabdeckung sehen – Regression und Release-Abnahme verifizieren,"Zugehörige Story: KAN-119 – E9-13 Testabdeckung sehen
Priorität der Story: High

Ziel
Browser-/Gerätematrix, Regressionstestsuite, Abnahmekriterien und Coverage-Reports für den MVP einrichten.

Vorgehen
1. Bestehende Schnittstellen, Daten und Randbedingungen für „Testabdeckung sehen“ prüfen.
2. Die fachliche Regel an der zuständigen Schicht implementieren und gegen ungültige Eingaben absichern.
3. UI, API, Persistenz oder Testdaten so integrieren, dass der Ablauf reproduzierbar bleibt.
4. Erfolgs-, Fehler-, Berechtigungs- und Wiederholungsfall dokumentieren.

Erledigt wenn
- Ein Release kann anhand klarer Kriterien freigegeben oder begründet zurückgestellt werden.
- Die relevanten Akzeptanzkriterien der Story sind nachweisbar erfüllt.
- Automatisierte oder reproduzierbare Tests sind vorhanden und im Review nachvollziehbar.
- Keine bestehende Funktion außerhalb des Story-Scopes wird unbeabsichtigt verändert.

Abhängigkeiten
- Parent: KAN-119
- Testdaten und Fehlerszenarien werden mit dem zugehörigen Xray-Testfall abgestimmt.",300440,KAN-119,High
Task,E9-14 Release-Abnahmekriterien definieren – Xray-Repository und Testfallstandard einrichten,"Zugehörige Story: KAN-120 – E9-14 Release-Abnahmekriterien definieren
Priorität der Story: High

Ziel
Ordner, Benennung, Vorbedingungen, Testdaten, Schritte, erwartete Ergebnisse und Belegregeln als Teamstandard festlegen.

Vorgehen
1. Bestehende Schnittstellen, Daten und Randbedingungen für „Release-Abnahmekriterien definieren“ prüfen.
2. Die fachliche Regel an der zuständigen Schicht implementieren und gegen ungültige Eingaben absichern.
3. UI, API, Persistenz oder Testdaten so integrieren, dass der Ablauf reproduzierbar bleibt.
4. Erfolgs-, Fehler-, Berechtigungs- und Wiederholungsfall dokumentieren.

Erledigt wenn
- Neue Tests sind einheitlich aufgebaut und ohne Rückfragen ausführbar.
- Die relevanten Akzeptanzkriterien der Story sind nachweisbar erfüllt.
- Automatisierte oder reproduzierbare Tests sind vorhanden und im Review nachvollziehbar.
- Keine bestehende Funktion außerhalb des Story-Scopes wird unbeabsichtigt verändert.

Abhängigkeiten
- Parent: KAN-120
- Testdaten und Fehlerszenarien werden mit dem zugehörigen Xray-Testfall abgestimmt.",300441,KAN-120,High
Task,E9-14 Release-Abnahmekriterien definieren – Traceability und Testplanung implementieren,"Zugehörige Story: KAN-120 – E9-14 Release-Abnahmekriterien definieren
Priorität der Story: High

Ziel
Stories, Tests, Test Sets, Test Plan und Test Execution sinnvoll verknüpfen und Namenskonventionen anwenden.

Vorgehen
1. Bestehende Schnittstellen, Daten und Randbedingungen für „Release-Abnahmekriterien definieren“ prüfen.
2. Die fachliche Regel an der zuständigen Schicht implementieren und gegen ungültige Eingaben absichern.
3. UI, API, Persistenz oder Testdaten so integrieren, dass der Ablauf reproduzierbar bleibt.
4. Erfolgs-, Fehler-, Berechtigungs- und Wiederholungsfall dokumentieren.

Erledigt wenn
- Abdeckung ist pro Epic und Release nachvollziehbar; fehlende Links werden sichtbar.
- Die relevanten Akzeptanzkriterien der Story sind nachweisbar erfüllt.
- Automatisierte oder reproduzierbare Tests sind vorhanden und im Review nachvollziehbar.
- Keine bestehende Funktion außerhalb des Story-Scopes wird unbeabsichtigt verändert.

Abhängigkeiten
- Parent: KAN-120
- Testdaten und Fehlerszenarien werden mit dem zugehörigen Xray-Testfall abgestimmt.",300442,KAN-120,High
Task,"E9-14 Release-Abnahmekriterien definieren – Ausführung, Evidenz und Fehlerprozess definieren","Zugehörige Story: KAN-120 – E9-14 Release-Abnahmekriterien definieren
Priorität der Story: High

Ziel
Testergebnisse, Screenshots/Logs, Wiederholungen, fehlgeschlagene Schritte und Bug-Eröffnung mit Mindestinformationen festlegen.

Vorgehen
1. Bestehende Schnittstellen, Daten und Randbedingungen für „Release-Abnahmekriterien definieren“ prüfen.
2. Die fachliche Regel an der zuständigen Schicht implementieren und gegen ungültige Eingaben absichern.
3. UI, API, Persistenz oder Testdaten so integrieren, dass der Ablauf reproduzierbar bleibt.
4. Erfolgs-, Fehler-, Berechtigungs- und Wiederholungsfall dokumentieren.

Erledigt wenn
- Ein Dritter kann einen Fehlschlag reproduzieren und die Ursache vom Testlauf bis zum Bug verfolgen.
- Die relevanten Akzeptanzkriterien der Story sind nachweisbar erfüllt.
- Automatisierte oder reproduzierbare Tests sind vorhanden und im Review nachvollziehbar.
- Keine bestehende Funktion außerhalb des Story-Scopes wird unbeabsichtigt verändert.

Abhängigkeiten
- Parent: KAN-120
- Testdaten und Fehlerszenarien werden mit dem zugehörigen Xray-Testfall abgestimmt.",300443,KAN-120,High
Task,E9-14 Release-Abnahmekriterien definieren – Regression und Release-Abnahme verifizieren,"Zugehörige Story: KAN-120 – E9-14 Release-Abnahmekriterien definieren
Priorität der Story: High

Ziel
Browser-/Gerätematrix, Regressionstestsuite, Abnahmekriterien und Coverage-Reports für den MVP einrichten.

Vorgehen
1. Bestehende Schnittstellen, Daten und Randbedingungen für „Release-Abnahmekriterien definieren“ prüfen.
2. Die fachliche Regel an der zuständigen Schicht implementieren und gegen ungültige Eingaben absichern.
3. UI, API, Persistenz oder Testdaten so integrieren, dass der Ablauf reproduzierbar bleibt.
4. Erfolgs-, Fehler-, Berechtigungs- und Wiederholungsfall dokumentieren.

Erledigt wenn
- Ein Release kann anhand klarer Kriterien freigegeben oder begründet zurückgestellt werden.
- Die relevanten Akzeptanzkriterien der Story sind nachweisbar erfüllt.
- Automatisierte oder reproduzierbare Tests sind vorhanden und im Review nachvollziehbar.
- Keine bestehende Funktion außerhalb des Story-Scopes wird unbeabsichtigt verändert.

Abhängigkeiten
- Parent: KAN-120
- Testdaten und Fehlerszenarien werden mit dem zugehörigen Xray-Testfall abgestimmt.",300444,KAN-120,High
